:020000040800F2
:10000000B8660020AD010008053F0008052C000877
:10001000E13D0008C5100008E57700080000000079
:10002000000000000000000000000000BF01000808
:10003000C710000800000000C3010008BD580008F8
:10004000C7010008C7010008C7010008C701000870
:10005000C7010008C7010008C7010008C701000860
:1000600099190008C7010008C7010008C701000866
:10007000C7010008C7010008C7010008C701000840
:10008000C7010008C7010008C7010008C701000830
:10009000C7010008C7010008C7010008C701000820
:1000A000C7010008C7010008C7010008C701000810
:1000B000C7010008C7010008C7010008C701000800
:1000C000C7010008C7010008C7010008C7010008F0
:1000D000C7010008C7010008B16B0008096C0008DF
:1000E000C7010008C7010008C7010008C7010008D0
:1000F000C7010008C7010008C7010008C7010008C0
:10010000C7010008C7010008C7010008C7010008AF
:10011000916B0008C7010008BD630008C701000813
:10012000C7010008C7010008C7010008C70100088F
:10013000C7010008C7010008C7010008C70100087F
:10014000C7010008C7010008C7010008C70100086F
:10015000C7010008C7010008C7010008C70100085F
:10016000C7010008C7010008C7010008C70100084F
:10017000C7010008C7010008C7010008C70100083F
:10018000C7010008C7010008C7010008C70100082F
:10019000C7010008C7010008DFF80CD000F05CFBC5
:1001A0000048004765870008B86600200648804779
:1001B00006480047FEE7FEE7FEE7FEE7FEE7FEE74C
:1001C000FEE7FEE7FEE7FEE7C158000899010008D8
:1001D0000649074A0868504343F239021044086050
:1001E0004008704701490860704700007000002017
:1001F0006D4EC64140EA01039B0703D009E008C9E0
:10020000121F08C0042AFAD203E011F8013B00F8DB
:10021000013B521EF9D27047D2B201E000F8012B27
:10022000491EFBD270470022F6E710B513460A4676
:1002300004461946FFF7F0FF204610BD421E12F893
:10024000013F002BFBD111F8013B02F8013B002BD1
:10025000F9D1704730B505462A460B4612F8010B16
:1002600013F8014B08B1A042F8D01CB1002802D00D
:100270006D1CF1E7284630BD421C10F8011B002917
:10028000FBD1801A704770B5064607F01DFB046865
:1002900005460A220021304600F002F92C6070BDAC
:1002A0002DE9FE4F81EA030404F0004421F00041EF
:1002B00000944FF0000B23F0004350EA01045ED09D
:1002C00052EA03045BD0C3F30A54C1F30A552C4429
:1002D000A4F2F3340194A0FB0254C1F3130141F4DE
:1002E0008011C3F3130343F4801301FB024400FBAA
:1002F000034E840A970A44EA815447EA8357A4FBD1
:10030000076802958D0A05FB07854FEA932C04FBCD
:100310000C542705029D4FEA065847EA1637B5EBFD
:1003200008056EEB070C870E920E47EA811742EA2A
:100330008312A7FB0201B6EB0B0164EB00042B0D4B
:1003400043EA0C335E1844EB1C50DA465146E7FB97
:100350000201C5F313044FEA0B3343EA14534FEA87
:100360000432019C43EA0603A4F10C040294009CAD
:10037000CDE900B400F0DBF803B0BDE8F08F002059
:100380000146F9E70EB5C10F80EAE0700844CA07DC
:10039000002140F233438DE80E000A460B4600F080
:1003A000C6F803B000BD0EB540F233410291002102
:1003B000CDE900110A460B4600F0B9F803B000BDC4
:1003C000C1F30A5210B5C1F3130140F2FF3341F4F7
:1003D00080119A4201DA002010BD40F233439A4264
:1003E000A2F2334203DC524200F04AF810BD9040C2
:1003F00010BD30B50B46014600202022012409E043
:1004000021FA02F59D4205D303FA02F5491B04FACD
:1004100002F52844151EA2F10102F1DC30BD2DE9E0
:10042000F05F0546002092469B4688460646814678
:1004300040241BE0284641464746224600F020F86B
:1004400053465A46C01A914110D3114618462246C7
:1004500000F014FA2D1A67EB01084F4622460120DE
:10046000002100F00BFA17EB00094E41201EA4F109
:100470000104DFDC484631462A464346BDE8F09F8A
:10048000202A04DB203A21FA02F00021704721FAE9
:1004900002F3D040C2F12002914008431946704750
:1004A0002DE9F04791460F4680460446002614F891
:1004B000015B2DB100F004FA0068405DC007F6D181
:1004C0002B2D02D02D2D18D0641E4A4639462046C9
:1004D00000F0FAF927B13968A14201D1C7F80080CC
:1004E00071054FF002040BD54042002803DD07F0F0
:1004F000EBF90460A007BDE8F08746F48066E4E706
:100500000028F8DA07F0E0F904606FF00040F2E745
:1005100010B5141E73F1000408DA401C41F100010B
:1005200092185B411A4301D120F0010010BD2DE962
:10053000F04D92469B4611B1B1FA81F202E0B0FA59
:1005400080F22032904600F099F904460F4640EAC6
:100550000A0041EA0B0153465A46084313D011469C
:1005600053EA010019D0C8F140025046FFF788FF56
:1005700005460E4650465946424600F07FF908436C
:1005800005D0012004E020463946BDE8F08D00206A
:10059000054346EAE0762C4337430A986305E40AAC
:1005A000A0EB08000022FD0A44EA47540A3002D5B5
:1005B00000200146E9E7010510196941DDE9084518
:1005C00000196941BDE8F04DA2E72DE9FE4F8046D4
:1005D00081EA0300C00F0C46009021F0004123F097
:1005E0000045B8EB0200A94105D24046214690469D
:1005F0001C460B46024623F00040104347D0270D0F
:10060000C7F30A00C3F30A510290401A0190402830
:100610006BDAC3F3130040F4801B0098924620B1BC
:100620000023D2EB030A63EB0B0B01985946C0F190
:100630004002504600F022F906460D465046594603
:10064000019A00F02AF910EB08006141002487EAC2
:10065000115284EAE7731A4340D0009A62B3019AB8
:10066000012A4FEA075215DC001B61EB02014FF033
:10067000004202EA0752CDE90042001C41F5801118
:1006800032462B46FFF753FF03B0BDE8F08F4046DC
:100690002146F9E7001B61EB0201001C41F58013C4
:1006A00000185B412018A2F5001747EB030140EA50
:1006B000D570B6196D4111E06D084FEA360645EA6E
:1006C000C0754FEA0752001B61EB0201001C41F5A7
:1006D000801149084FEA30000019514132462B463B
:1006E00003B0BDE8F04FFFF713BF009801224000B0
:1006F0000023D0EB020263EBE073009821464FEA3F
:10070000E074B8EB000061EB0401E9E783F000431B
:100710005BE781F0004158E72DE9F04D81EA0304E1
:1007200004F0004B21F0004514464FF0000A23F07E
:10073000004150EA050220D054EA01021DD0C5F361
:100740000A570246C5F31303C1F31300C1F30A5657
:1007500040F4801543F48013A7EB0608101BD6461F
:1007600008F2FD3873EB050002D308F1010801E03F
:1007700092185B41B8F1000F03DA00200146BDE892
:10078000F08D00204FF48011064684460EE0171BC2
:1007900073EB050705D3121B63EB050306434CEA15
:1007A000010C49084FEA300092185B4150EA0107FA
:1007B000EDD152EA030012D082EA040083EA050177
:1007C000084305D0101BAB4106D20122002306E0EE
:1007D00000224FF0004302E06FF0010253101AEBC9
:1007E00006004CEB085110EB0A0041EB0B01BDE891
:1007F000F04DFFF78DBEC1F30A52C1F3130140F271
:10080000FF3341F480119A4202DA0020014670471A
:1008100040F233439A42A2F2334202DC5242FFF7E3
:100820002FBE00F02BB8000030B5041E71F100049B
:1008300004DB4FF00044404264EB0101141E73F1ED
:10084000000405DB1C464FF00043524263EB0403F7
:10085000994208BF904230BD064C074D06E0E06863
:1008600040F0010394E8070098471034AC42F6D3F7
:10087000FFF796FC80B10008A0B10008202A04DB35
:10088000203A00FA02F1002070479140C2F12003A3
:1008900020FA03F3194390407047202A06DBCB1758
:1008A000203A41FA02F043EAE07306E041FA02F32B
:1008B000D040C2F120029140084319467047000021
:1008C000004870475CB000082DE9F05F8246007870
:1008D000002715468B460AF10104B946302801D09D
:1008E0009DB113E014F8010B0127782803D0582894
:1008F00001D045B10AE00DB1102D07D10027102518
:1009000014F8010B02E0082500E00A250026B04695
:100910000EE005FB080005FB06F1012701EB104680
:100920001FFA80F8B6F5803F00D3B94614F8010BE2
:10093000294600F018F80028EBDABBF1000F05D0CB
:100940000FB1641E00E05446CBF80040B9F1000F2F
:1009500006D006F0B9FF02210160C81EBDE8F09F75
:1009600048EA0640FAE73A2800D2303820F0200260
:10097000412A01D3A2F13700884201D34FF0FF3062
:1009800070470000F8B54FF40050ADF80000102596
:100990000E4E8DF8035001248DF802406946304612
:1009A00001F056FE2103ADF800108DF803508DF8CC
:1009B00002406946304601F04BFE6103304602F0CA
:1009C0005BF82103304602F057F8F8BD000C0140F7
:1009D00070B5C0F307110E2202EAD10200F00F0039
:1009E00001F00F0142F0A00440EA011502F04CFBB7
:1009F00004F0FE0002F00AFB02F094FB284602F02D
:100A000005FB02F08FFB02F03FFB44F0010002F017
:100A1000FDFA02F087FB002002F07AFA044602F0A9
:100A20005DFB44F6206007F02BFC204670BD70B5DE
:100A300002460E46C0F307100E2101EAD00102F073
:100A40000F0200F00F0041F0A00442EA001502F08E
:100A50001BFB204602F0DAFA02F064FB284602F0A3
:100A6000D5FA02F05FFB304602F0D0FA02F05AFBF2
:100A700002F034FBBDE8704044F6206007F000BC93
:100A800070B51D4C0025E07A10B1012813D010E09C
:100A90002079401C207103F01FFA0C2117A006F0EA
:100AA00085FE64216570194A0F2006F0C7FE0120FB
:100AB000E072002070BD03F003FA002808BF70BD8B
:100AC000134E306803F07EFD01461248326801F093
:100AD000BFF911490F48FFF7BDFB00281EBFE572A3
:100AE000012070BD20790A2898BFE572E1D92571EF
:100AF000E572022070BD00005400002041542B51CB
:100B0000494143543D310D0A00000000F93E000800
:100B100050000020B0100020A45700080146064AEB
:100B200009780020135C994208BF7047401CC0B28E
:100B30000A28F7D370470000348800082DE9F00137
:100B40004FF0000C002A88BF154C24D911F81C6006
:100B5000002314F80380464504BF1D072D0E5B1CBF
:100B6000DBB2102BF5D301EB4C060023767814F89A
:100B70000380464508BF03F00F075B1CDBB2102B58
:100B8000F5D345EA070300F80C300CF101031FFA16
:100B900083FC9445DAD3BDE8F001500870470000AB
:100BA0003488000838B5044600200090042C18BF93
:100BB000082C54D00C2C18BF102C50D0142C18BF5B
:100BC000182C4CD01C2C18BF202C48D0242C18BF1B
:100BD000282C44D0402C18BF442C40D0482C18BF9F
:100BE0004C2C3CD0502C18BF542C38D0582C18BF4B
:100BF0005C2C34D0602C18BF642C30D0682C18BF0B
:100C00006C2C2CD0702C18BF742C28D0782C18BFCA
:100C10007C2C24D0802C18BF842C20D0882C18BF8A
:100C20008C2C1CD0902C18BF942C18D0982C18BF4A
:100C30009C2C14D0A02C18BFA42C10D0A82C18BF0A
:100C4000AC2C0CD0B02C18BFB42C08D0B82C18BFCA
:100C5000BC2C04D0C62205A112A007F097FA04F11B
:100C6000804000F5D8400090008838BD2E2E5C668C
:100C700069726D776172655C6E3332673435785FA7
:100C80007374645F7065726970685F6472697665B9
:100C9000725C7372635C6E3332673435785F626B9B
:100CA000702E630049535F424B505F4441542842C9
:100CB0004B505F444154290038B5044600200D468E
:100CC0000090042C18BF082C54D00C2C18BF102CEA
:100CD00050D0142C18BF182C4CD01C2C18BF202C12
:100CE00048D0242C18BF282C44D0402C18BF442CAA
:100CF00040D0482C18BF4C2C3CD0502C18BF542C42
:100D000038D0582C18BF5C2C34D0602C18BF642C01
:100D100030D0682C18BF6C2C2CD0702C18BF742CC1
:100D200028D0782C18BF7C2C24D0802C18BF842C81
:100D300020D0882C18BF8C2C1CD0902C18BF942C41
:100D400018D0982C18BF9C2C14D0A02C18BFA42C01
:100D500010D0A82C18BFAC2C0CD0B02C18BFB42CC1
:100D600008D0B82C18BFBC2C04D0B32205A113A006
:100D700007F00CFA04F1804000F5D84000900560BF
:100D800038BD00002E2E5C6669726D776172655CFD
:100D90006E3332673435785F7374645F706572697F
:100DA00070685F6472697665725C7372635C6E33DF
:100DB00032673435785F626B702E630049535F424F
:100DC0004B505F44415428424B505F4441542900EA
:100DD0002DE9F041504C8188A1808179A171B0F852
:100DE00001102180C178A170B0F807102181417AEB
:100DF000A1724189A181017BA173B0F80D102182FC
:100E0000C17BA174018AA182817CA175B0F8131005
:100E10002183407DA0766068FFF7C5FA9FED401BF7
:100E200053EC112BFFF73CFAFFF7CAFA04F11C054B
:100E300087B22F802068FFF7B6FA9FED3B1B53EC7B
:100E4000112BFFF72DFAFFF7BBFA002668601E286A
:100E500098BF6E60E068B0F5000F03DBC043401C34
:100E6000C0F31600FFF78EFA9FED311B53EC112BE8
:100E7000FFF716FAFFF7A4FA80B200EE100A2881F5
:100E80002F4BB8EE401A00EE107AB8EE400AC1EED1
:100E9000000A95ED010AB8EE401A80EE810ADFEDF6
:100EA000260A20EE200ADFED250A20EE200ABCEEFD
:100EB000C00A10EE100A2874206959680844586066
:100EC00019469A68C968904203D3821A1144D960BE
:100ED00006E06FF07F4CACEB020202441144D96093
:100EE000C3E901600D2938BFBDE8F08100EE101A9A
:100EF000E9689FED141AB8EE400A20EE010A20EED0
:100F0000200ABCEEC00A10EE100A0844E860DE6059
:100F1000BDE8F04100F066BFD00B002000000000EB
:100F20009FE74A621B81103FCD2D44350B4E903F09
:100F300056B7DD7835487A3F0000C84200007A4451
:100F400040000020EDF8433A08B507A00068009083
:100F500006480178012918BF08BD0021017002214F
:100F6000684606F08DFB08BD58AA0000400000202E
:100F7000084808B50068009007480178012905D1A4
:100F8000002101700221684606F07AFBBDE80840A6
:100F900006F092BB680F00084000002038B5022020
:100FA000ADF8000010208DF803000120104C8DF8E2
:100FB00002006946204601F04BFB0221204601F069
:100FC000F1FC0221204601F057FD4FF4FA7007F0C2
:100FD0004BF90221204601F0E5FC40F6B83007F05D
:100FE00043F9044A40F6B831042006F027FC38BD26
:100FF000000801408D55000838B507F093F906F058
:1010000003FC0124ADF8004010258DF803508DF845
:1010100002406946214801F01BFB214A1E210220A3
:1010200006F00CFC03F0B6FA07F072FA07F0ACF920
:1010300007F02CFA02F067FF04F00AFBFFF7AEFF9F
:1010400007F040FB2003ADF800008DF80350154D6C
:101050008DF802406946284601F0FAFA2103284635
:1010600001F0A0FCADF8004004218DF803106946A2
:10107000284601F0EDFA04F0C3FD04F0C3FA03F0D2
:1010800053FDFFF77FFC00F035FE02F085FB07F013
:10109000CBFABDE8384005F085B9000000100140EA
:1010A000C918000800080140054910B50120487022
:1010B00002F032FCFFF75CFFBDE8104007F000BB18
:1010C0002A000020FEE7704770B584B000254CF27E
:1010D000186428B301281CBF04B070BD1026CDE9E8
:1010E00000464FF61F0300220C21E820029504F071
:1010F00085FFCDE900464FF61F0301220C21F820A1
:10110000029504F07BFFCDE900464FF61F03022253
:101110000C214FF48470029504F070FF04B070BD90
:101120001820CDE90040002303A20C210295E820FD
:1011300005F0DCF804B070BD202020200000000085
:1011400070B5002484B020254CF21866E8B101285F
:101150001CBF04B070BD012002F0C6FB0096CDE9B3
:1011600001544FF478431422C021E02004F046FFDC
:101170000096CDE901544FF478430F22C0214FF47B
:10118000807004F03BFF04B070BD002002F0ACFBA7
:101190000096CDE901544FF4FC631522C021E020F4
:1011A00004F02CFF0096CDE901544FF4FC630F22AC
:1011B000C0214FF4807004F021FF04B070BD70B501
:1011C000002484B020254CF21866E0B101281CBF31
:1011D00004B070BD012002F093FB0096CDE90154EC
:1011E0004FF4FC6311224021E02004F007FF009639
:1011F000CDE9015440214FF4FC631322880004F030
:10120000FDFE04B070BD002002F07AFB0096CDE92F
:1012100001544FF4784312224021E02004F0EEFE06
:101220000096CDE9015440214FF478431322880001
:1012300004F0E4FE04B070BD70B5002484B0202535
:101240004CF21866E0B101281CBF04B070BD01204B
:1012500002F090FB0096CDE901544FF4FC630B22A1
:10126000C021582004F0CAFE0096CDE901544FF485
:10127000FC630C22C021782004F0C0FE04B070BDD5
:10128000002002F077FB0096CDE901544FF478433B
:101290000D22C021582004F0B1FE0096CDE9015482
:1012A0004FF478430E22C021782004F0A7FE04B04A
:1012B00070BD000000000000F0B5754A18252DED46
:1012C000028B87B05078734F401CC0B20024724923
:1012D00050704CF21866072880F0D480DFE800F0E8
:1012E000D204273845535B00CDE9004602953A8881
:1012F00004230821002004F09FFFCDE90046029559
:10130000BA78022308213C2004F096FFCDE900467C
:101310000295FA7802230821602004F08DFFCDE9C0
:101320000046029501230821FA79CC2025E0CDE979
:10133000004602953A7902230821842004F07CFFBC
:10134000CDE900460295022308217A79A82014E00D
:10135000CDE9004602950A8804234021582004F074
:101360006BFF07B0BDEC028BF0BDCDE900460295E6
:101370008888052382B260210BE004F05DFF07B08E
:10138000BDEC028BF0BDCDE9004602950A8906232B
:1013900080215820F1E7C868002866D03F49A1FBAA
:1013A000002149096FF01802514310EB81019FEDB4
:1013B0003C8B24D03C49A1FB0021C908494201EBE8
:1013C000810110EB410135D0FEF7EDFF53EC182BF6
:1013D000FEF766FF41EC100B34A153EC102B03A871
:1013E00006F05EFA0096CDE90154002303AAA0217D
:1013F000642004F07BFF07B0BDEC028BF0BDFEF76C
:10140000D2FF53EC182BFEF74BFF41EC100B29A138
:1014100053EC102B03A806F043FA0096CDE90154D3
:10142000002303AAA021642004F060FF07B0BDECF4
:10143000028BF0BDFEF7B7FF53EC182BFEF730FF21
:1014400041EC100B1DA153EC102B03A806F028FA59
:101450000096CDE90154002303AAA021642004F0E2
:1014600045FF07B0BDEC028BF0BD0096CDE90154FD
:10147000002314A2A021642004F038FF07B0BDECC3
:10148000028BF0BD547007B0BDEC028BF0BD0000C4
:101490006B00002036000020EC0B00201F85EB5174
:1014A000FCA9F1D24D62503FCDCCCCCC252E336679
:1014B00000000000252E316600000000252E326657
:1014C00000000000300000002DE9F0412DED028BFE
:1014D00086B04CF218640021F0234FF4A072084645
:1014E000009404F066FB4FF47840302300904FF4F2
:1014F000A0721946002004F0FDFA0025DC4FCDE96A
:101500000054182602963A8804230821284604F03D
:1015100093FECDE900460023D6A208213020029593
:1015200004F0E4FECDE900540296BA7802230821C3
:101530003C2004F081FECDE900460023CDA2082125
:101540005420029504F0D2FECDE900540296FA78B8
:1015500002230821602004F06FFECDE900540296BA
:101560003A7902230821842004F066FECDE9004682
:101570000023C1A208219C20029504F0B7FECDE90A
:10158000005402967A7902230821A82004F054FE20
:10159000CDE900540296FA7901230821CC2004F009
:1015A0004BFE0120FFF790FDCDE900460023B3A2DA
:1015B00008214FF49170029504F098FE2027002333
:1015C000CDE900471A4640211846029504F016FD61
:1015D000CDE900470023012240212020029504F09C
:1015E0000DFDCDE9004640210023A3A20846029547
:1015F00004F07CFEDFF88882CDE900540296B8F84A
:10160000002004234021582004F016FECDE90046B6
:1016100000239CA24021A020029504F067FECDE9A2
:1016200000474FF4784312224021E020029504F055
:10163000E5FCCDE9004740214FF4784313228800B0
:10164000029504F0DBFC0023CDE900471A46602137
:101650001846029504F0D2FCCDE90047002302228F
:1016600060212020029504F0C9FCCDE9004600234A
:1016700081A260214020029504F038FECDE900549B
:101680000296B8F80400052382B26021582004F0C5
:10169000D3FDCDE9004600237BA26021AC2002955A
:1016A00004F024FECDE900470023032280211846E0
:1016B000029504F0A3FCCDE9004700230422802119
:1016C0002020029504F09AFCCDE9004600236AA28E
:1016D00080214020029504F009FECDE900540296D5
:1016E000B8F8082006238021582004F0A5FDCDE994
:1016F0000046002365A28021D020029504F0F6FD6B
:10170000CDE9004700230722A0211846029504F0E6
:1017100075FCCDE9004700230822A0212020029576
:1017200004F06CFCCDE90046002353A2A021402028
:10173000029504F0DBFDD8F80C0000285CD0544979
:10174000A1FB00214909F243514310EB81019FEDB8
:10175000528B21D05249A1FB0021C908494201EB1B
:10176000810110EB41012FD0FEF71DFE53EC182B29
:10177000FEF796FD41EC100B4AA153EC102B03A889
:1017800006F08EF8CDE90046002303AAA0216420CC
:10179000029504F0ABFD38E0FEF705FE53EC182B84
:1017A000FEF77EFD41EC100B40A153EC102B03A87B
:1017B00006F076F8CDE90046002303AAA0216420B4
:1017C000029504F093FD20E0FEF7EDFD53EC182B9D
:1017D000FEF766FD41EC100B36A153EC102B03A86D
:1017E00006F05EF8CDE90046002303AAA02164209C
:1017F000029504F07BFD08E0CDE9004600232FA20E
:10180000A0216420029504F071FDCDE9004600237B
:101810002BA2A0214FF48070029504F067FDCDE962
:10182000004700230922C0211846029504F0E6FB78
:10183000CDE9004700230A22C0212020029504F0B0
:10184000DDFBCDE9004600230BA2C021402002951C
:1018500004F04CFD0120FFF7EFFC0020FFF770FCC7
:1018600006B0BDEC028BBDE8F08100000000000076
:10187000360000202F0000003A000000344700002E
:10188000EC0B0020560000006D41000057000000E6
:101890001F85EB5100000000FCA9F1D24D62503FC2
:1018A000CDCCCCCC252E336600000000252E316631
:1018B00000000000252E326600000000300000000D
:1018C0004B572F480000000010B5174CE07868B166
:1018D0002179164800294FF0010102D001F0CCF81F
:1018E00001E001F05FF82079C043207120890021D8
:1018F000B0F57A7F28BF21810CD2401C0004000C77
:10190000208107D0A0F54072E73A02BF6078002836
:10191000E17000E06170AFF24F021E21BDE810409F
:10192000022005F08BBF00002A00002000100140BB
:1019300070B504460025FFF74BF845EA0065601CCA
:1019400080B2FFF745F845EA0045A01C80B2FFF7DA
:101950003FF845EA0025E01C80B2FFF739F828433C
:1019600070BD70B50C460546090EFFF760F8681C9F
:1019700080B2C4F30741FFF75AF8A81C80B2C4F341
:101980000721FFF754F8E81CE1B2BDE8704080B2CF
:10199000FFF74DB8FFF74BB810B5042000F044F83E
:1019A000002808BF10BD06F039FEBDE81040042035
:1019B000AFF3008010B50446800D00D12CB940F281
:1019C000011203A111A006F0E1FB1648046010BD4E
:1019D0002E2E5C6669726D776172655C6E3332675C
:1019E0003435785F7374645F7065726970685F64C2
:1019F00072697665725C7372635C6E33326734351C
:101A0000785F657874692E630000000049535F4574
:101A10005854495F4C494E4528455854495F4C69D4
:101A20006E6529001404014070B5002504460128A4
:101A300018BF022C3AD0042C18BF082C36D0102C1A
:101A400018BF202C32D0402C18BF802C2ED0B4F5DB
:101A5000807F18BFB4F5007F28D0B4F5806F18BF21
:101A6000B4F5006F22D0B4F5805F18BFB4F5005F05
:101A70001CD0B4F5804F18BFB4F5004F16D0B4F5A4
:101A8000803F18BFB4F5003F10D0B4F5802F18BFC9
:101A9000B4F5002F0AD0B4F5801F18BFB4F5001FAD
:101AA00004D0EB2207A116A006F070FB1B480068CB
:101AB0001B492040096821421CBF002801252846F7
:101AC00070BD00002E2E5C6669726D776172655C78
:101AD0006E3332673435785F7374645F7065726932
:101AE00070685F6472697665725C7372635C6E3392
:101AF00032673435785F657874692E6300000000C2
:101B000049535F4745545F455854495F4C494E45DA
:101B100028455854495F4C696E652900000401400E
:101B20001404014010B504460079002818BF0428A9
:101B300004D073222FA13EA006F028FB607908286C
:101B40001CBF0C28102804D074222AA143A006F040
:101B50001DFB2068810D00D120B9752225A14BA065
:101B600006F014FBA079002818BF012804D07622C3
:101B700020A151A006F00AFBA1795C48002930D0D1
:101B80000168226891430160001D01682268914349
:101B90000160207900F1804000F582300168226800
:101BA00011430160524908682268904308600A1D89
:101BB00010682368984310606079102808D000F1FD
:101BC000804000F58230016822681143016010BD39
:101BD000086823681843086010682168084310608B
:101BE00010BD207900F1804000F582300168226844
:101BF0009143EBE72E2E5C6669726D776172655CCE
:101C00006E3332673435785F7374645F7065726900
:101C100070685F6472697665725C7372635C6E3360
:101C200032673435785F657874692E630000000090
:101C300049535F455854495F4D4F444528455854D2
:101C4000495F496E69745374727563742D3E4558CB
:101C500054495F4D6F6465290000000049535F459A
:101C60005854495F545249474745522845585449AA
:101C70005F496E69745374727563742D3E45585490
:101C8000495F5472696767657229000049535F456F
:101C90005854495F4C494E4528455854495F496E50
:101CA00069745374727563742D3E455854495F4C82
:101CB000696E65290000000049535F46554E435444
:101CC000494F4E414C5F535441544528455854495F
:101CD0005F496E69745374727563742D3E45585430
:101CE000495F4C696E65436D642900000004014042
:101CF0000804014038B500246D462046FEF768FE12
:101D00002855601CC4B2042CF7D39DF80000184C71
:101D1000A12804BF9DF80100582807D19DF80200B2
:101D2000592804BF9DF80300A2280FD0A12100204C
:101D3000FEF77DFE58210120FEF779FE5921022091
:101D4000FEF775FEA2210320FEF771FE00218F2011
:101D5000FFF707FE8F20FFF7EBFDE0608F20FFF716
:101D6000E7FDE06000F046F800F004F838BD000040
:101D7000EC0B002070B50420FEF72AFE184C2070F2
:101D80000520FEF725FE607006200025FEF720FEE8
:101D900045EA00250720FEF71BFE28436080082047
:101DA0000025FEF715FE45EA00250920FEF710FE86
:101DB0002843A0800A20FFF7BBFDA0600E20FFF79C
:101DC000B7FDE0601220FEF703FE20741320FEF73B
:101DD000FFFD60742078BDE8704003F0E3BB0000B5
:101DE000840000200248C1688F20FFF7BABD0000C0
:101DF000EC0B002010B504200121FEF718FE052091
:101E00000021FEF714FE06200121FEF710FE0E2130
:101E10000720FEF70CFE08200021FEF708FEB42183
:101E20000920FEF704FE09490A20FFF79AFD44F253
:101E3000C0410E20FFF795FD12201E21FEF7F7FD91
:101E40001320BDE810405021FEF7F1BD803801009D
:101E50000023002998BF7047F0B40026D2E902C4DD
:101E6000644508BF34460BD01468556814F80C401C
:101E70000CF1010C9CFBF5F705FB17CCC2F808C070
:101E8000C4545B1C8B42E9D3F0BC704770B50C4660
:101E9000050018BF012D0ED0022D18BF032D0AD04A
:101EA000042D1CBF052D062D05D040F247321FA181
:101EB0002DA006F06BF9002C18BF012C21D0022CAC
:101EC00018BF032C1DD0042C18BF052C19D0062CCC
:101ED00018BF072C15D0082C18BF092C11D00A2CBC
:101EE00018BF0B2C0DD00C2C18BF0D2C09D00E2CAC
:101EF00018BF0F2C05D04FF452720CA124A006F08D
:101F000045F9A007010F0F2000FA01F224F00300A9
:101F100000F1804000F58030836823EA020282608D
:101F2000826805FA01F11143816070BD2E2E5C6656
:101F300069726D776172655C6E3332673435785FD4
:101F40007374645F7065726970685F6472697665E6
:101F5000725C7372635C6E3332673435785F6770BE
:101F6000696F2E630000000049535F4750494F5F7F
:101F7000455854495F504F52545F534F5552434553
:101F800028506F7274536F757263652900000000EA
:101F900049535F4750494F5F50494E5F534F555229
:101FA00043452850696E536F7572636529000000C0
:101FB00070B50D460446012818BF022C00F0E081E0
:101FC000042C18BF082C00F0DB81A4F5A0101038F9
:101FD0001CBFA4F5A010B0F1300000F0D181A4F531
:101FE000B01040381CBFA4F5B010B0F1C00000F034
:101FF000C781A4F5C010B0F580701CBFA4F5C01057
:10200000B0F5007000F0BC81A4F5C010B0F54070D0
:102010001CBFA4F5C010B0F5023000F0B181A4F5EA
:10202000C010B0F5033018BFB4F5805F00F0A88190
:10203000B4F5E91F18BFB4F5EA1F00F0A181B4F5AB
:10204000EB1F18BFB4F5004F00F09A816FF4001039
:10205000C4421CBFA4F50010B0F1020000F0908152
:10206000A4F50010001F1CBFA4F50010B0F108007B
:1020700000F08681A4F5001010381CBFA4F54010B4
:10208000B0F5807000F07C81A4F54010B0F50070D0
:102090001CBFA4F54010B0F5806000F07181FB48D2
:1020A00084421CBF6FF08040C44200F06981F84850
:1020B00084421CBFF748844200F06281F6488442A3
:1020C0001CBFF648844200F05B81F54884421CBF87
:1020D000F448844200F05481F34884421CBFF34822
:1020E000844200F04D81F24884421CBFF148844292
:1020F00000F04681F04884421CBFF048844200F062
:102100003F81A4F18040B0F5F2101CBFA4F18040E3
:10211000B0F5F41000F03481A4F18040B0F5F61071
:102120001CBFE748844200F02B81E64884421CBF74
:10213000E548844200F02481A4F18040B0F1907021
:102140001CBFE248844200F01B81E14884421CBF6E
:10215000A4F18040B0F1846000F01281DD48844237
:102160001CBFDD48844200F00B81DC4884421CBF68
:10217000DB48844200F00481DA4884421CBFDA481C
:10218000844200F0FD80D94884421CBFD848844274
:1021900000F0F680D74884421CBFD748844200F044
:1021A000EF80D64884421CBFD548844200F0E880C6
:1021B000D44884421CBFD448844200F0E180A4F19A
:1021C0008040B0F579101CBFA4F18040B0F57B10C1
:1021D0007ED0CE4884421CBFCD48844278D0CD48C2
:1021E00084421CBFCC48844272D0CC4884421CBF7D
:1021F000CB4884426CD0CB4884421CBFCA4884423E
:1022000066D0CA4884421CBFC948844260D0C948CD
:1022100084421CBFC84884425AD0C84884421CBF6C
:10222000C748844254D0C74884421CBFA4F1005020
:10223000B0F580504CD0A4F10050B0F580401CBFE8
:10224000A4F10050B0F5004042D0BF4884421CBF0A
:10225000BE4884423CD0BE4884421CBFBD48844234
:1022600036D0BD4884421CBFBC48844230D0BC48F4
:1022700084421CBFBB4884422AD0BB4884421CBF56
:10228000BA4884427CD0A4F5001080381CBFA4F565
:10229000B010B0F1800073D0A4F1815080381CBF21
:1022A000A4F18150B0F140006AD0A4F181502038EF
:1022B0001CBFA4F18150B0F1100061D0A4F1815095
:1022C00008381CBFA4F18150B0F1040058D000E0E0
:1022D00056E0A4F18150801E1CBF6FF08150C442B3
:1022E0004ED0A4F18050B0F500401CBFA4F1805046
:1022F000B0F5804044D0A4F18050B0F5005018BF34
:10230000B4F1102F3CD0A4F18050B0F500601CBF98
:10231000A4F18050B0F5806032D0A4F18050B0F5C7
:1023200000701CBFA4F18050B0F5807028D0A4F1DB
:10233000805080381CBFA4F18050B0F140001FD005
:10234000A4F1805020381CBFA4F18050B0F11000DF
:1023500016D0A4F1805008381CBFA4F18050B0F111
:1023600004000DD0A4F18050801E1CBF6FF080507F
:10237000C44205D040F27A227DA18CA005F006FF70
:10238000002D18BF012D05D040F27B2278A18DA031
:1023900005F0FCFE924A14F0004F18BFD0691ED021
:1023A00090491FFA84FC04EA0106C4F340510B0172
:1023B000A1B29940B6F5401F21D014F4801F24D05B
:1023C00014F4001F4FF00303C4F3034603FA06F3AB
:1023D00018BF1B04984314F0E04F52D11EE114F0D3
:1023E000804F18BF106ADBD114F0005F18BF506A2D
:1023F000D6D114F0805F14BF906A5068D0E753685C
:1024000020F0706023F07063FAE014F0807F25D034
:1024100014F0040F1AD014F0007F20EA01000ED04F
:1024200035B1536843F0010343F070635360F8E043
:10243000516821F0010141F070615160F2E0536890
:1024400023F0010343F070635360E9E04CF0040CA7
:102450000CFA03F39843002DEAD0E2E714F0806F02
:1024600011D014F0080F0FD014F0007F20EA010003
:102470000BD03DB1536843F0080343F070635360E1
:10248000CFE0CDE0B0E0C5E0BCE0B4E00004008007
:10249000020011400600114020001440300014409A
:1024A00040001640C00016400002184000031840CB
:1024B00000041A40000C1A4000101C4000301C4060
:1024C0000100304002003040030030400400204151
:1024D0000400204308002044080020461000344037
:1024E0002000344030003440400036408000364008
:1024F000C0003640000238400003384000043A4033
:10250000000C3A4000103C4000303C4001001020DC
:1025100002001020030010200400122008001220E6
:102520000C0012201000142030001420400016204F
:10253000C0001620000118200002182000031820F7
:1025400000041A20000C1A20010020200200202084
:102550000400202008002020100034203000342007
:1025600040002020800020200001202000022020A8
:102570002E2E5C6669726D776172655C6E333267B0
:102580003435785F7374645F7065726970685F6416
:1025900072697665725C7372635C6E333267343570
:1025A000785F6770696F2E630000000049535F47D2
:1025B00050494F5F52454D415028526D7050696EE1
:1025C0002900000049535F46554E4354494F4E4140
:1025D0004C5F535441544528436D6429000000006A
:1025E0000000014000003070516821F0080141F006
:1025F0007061516016E0536823F0080343F0706384
:1026000053600DE04CF0080C0CFA03F39843002DD6
:10261000EAD02FE7884314F0E04F01D140F070601A
:1026200005B1084314F0004F1CBFD06170BD14F019
:10263000804F1CBF106270BD14F0005F1CBF506261
:1026400070BD14F0805F14BF9062506070BD0000D8
:102650002DE9F04104460026A0F180400D46B0F57A
:1026600084301CBFA4F18040B0F586301CD0A4F1AA
:102670008040B0F588301CBFA4F18040B0F58A30AE
:1026800012D0A4F18040B0F58C301FBFA4F180407F
:10269000B0F58E30A4F18040B0F5903004D0BE2269
:1026A0003FA14EA005F072FDE878002818BF04286D
:1026B00010D0282818BF48280CD0142818BF10287C
:1026C00008D01C2818BF182804D0BF2234A14AA063
:1026D00005F05CFD288820B9C02231A151A005F089
:1026E00055FDE87800F00F0710F0100F0FD0A87814
:1026F000002818BF022808D0012818BF032804D0DA
:10270000C72227A150A005F041FDA87807432878EB
:102710004FF00F0C10F0FF0F4FF0010318BF2168AE
:1027200019D02A8803FA06F0024082420FD1B20083
:102730000CFA02F821EA080107FA02F21143EA78DA
:10274000282A08BF606102D0482A08BF2061761C91
:10275000082EE6D321602888FF2886BF6268002003
:10276000BDE8F08100F108012E8803FA01F10E4066
:102770008E420FD186000CFA06F822EA080207FA08
:1027800006F63243EE78282E08BF6161EE78482EB7
:1027900008BF2161401C0828E4D36260BDE8F081D5
:1027A0002E2E5C6669726D776172655C6E3332677E
:1027B0003435785F7374645F7065726970685F64E4
:1027C00072697665725C7372635C6E33326734353E
:1027D000785F6770696F2E630000000049535F47A0
:1027E00050494F5F414C4C5F504552495048284733
:1027F00050494F782900000049535F4750494F5FC7
:102800004D4F4445284750494F5F496E6974537492
:10281000727563742D3E4750494F5F4D6F64652953
:102820000000000049535F4750494F5F50494E2810
:102830004750494F5F496E69745374727563742DC4
:102840003E50696E2900000049535F4750494F5F71
:102850005350454544284750494F5F496E6974536A
:1028600074727563742D3E4750494F5F53706565B0
:102870006429000070B505460026A0F180400C4692
:10288000B0F584301CBFA5F18040B0F586301DD076
:10289000A5F18040B0F588301CBFA5F18040B0F5AF
:1028A0008A3013D0A5F18040B0F58C301FBFA5F160
:1028B0008040B0F58E30A5F18040B0F5903005D065
:1028C00040F229121BA12AA005F060FC012C18BFC0
:1028D000022C28D0042C18BF082C24D0102C18BF90
:1028E000202C20D0402C18BF802C1CD0B4F5807F29
:1028F00018BFB4F5007F16D0B4F5806F18BFB4F5DB
:10290000006F10D0B4F5805F18BFB4F5005F0AD037
:10291000B4F5804F18BF052C05D04FF4957205A172
:102920001AA005F033FCA868204218BF01263046E3
:1029300070BD00002E2E5C6669726D776172655CF9
:102940006E3332673435785F7374645F70657269B3
:1029500070685F6472697665725C7372635C6E3313
:1029600032673435785F6770696F2E63000000004E
:1029700049535F4750494F5F414C4C5F5045524966
:102980005048284750494F782900000049535F4775
:1029900045545F4750494F5F50494E2850696E2952
:1029A0000000000070B50446A0F180400D46B0F56F
:1029B00084301CBFA4F18040B0F586301DD0A4F156
:1029C0008040B0F588301CBFA4F18040B0F58A305B
:1029D00013D0A4F18040B0F58C301FBFA4F180402B
:1029E000B0F58E30A4F18040B0F5903005D04FF4B2
:1029F000C57206A114A005F0C9FB2DB940F28B12D7
:102A000002A118A005F0C2FB656170BD2E2E5C66A8
:102A100069726D776172655C6E3332673435785FE9
:102A20007374645F7065726970685F6472697665FB
:102A3000725C7372635C6E3332673435785F6770D3
:102A4000696F2E630000000049535F4750494F5F94
:102A5000414C4C5F504552495048284750494F78A7
:102A60002900000049535F4750494F5F50494E28A5
:102A700050696E290000000070B50446A0F1804046
:102A80000D46B0F584301CBFA4F18040B0F586300F
:102A90001DD0A4F18040B0F588301CBFA4F1804067
:102AA000B0F58A3013D0A4F18040B0F58C301FBF50
:102AB000A4F18040B0F58E30A4F18040B0F59030A4
:102AC00005D040F2731206A114A005F05FFB2DB9EA
:102AD0004FF4BA7202A118A005F058FB256170BD31
:102AE0002E2E5C6669726D776172655C6E3332673B
:102AF0003435785F7374645F7065726970685F64A1
:102B000072697665725C7372635C6E3332673435FA
:102B1000785F6770696F2E630000000049535F475C
:102B200050494F5F414C4C5F5045524950482847EF
:102B300050494F782900000049535F4750494F5F83
:102B400050494E2850696E290000000010B582B02F
:102B50006946002002F062FA01A9002002F0F8F9AB
:102B6000DFF898C09DF800008CF804009DF8010083
:102B70008CF805009DF802008CF806009DF8051001
:102B80008CF802109DF806308CF803309DF8072071
:102B9000012902F5FA60ACF8000018BF022904D13F
:102BA00001F10C00C1B202F2CF704A1C02EB4202EA
:102BB00040F2676412FB04F203EB410100EB523276
:102BC00011444AF2D73202FB002201EB9001A1EB43
:102BD00092514FF4C872B0FBF2F00144084B084622
:102BE0000022C3FB01208210A2EBE070A0EBC0002A
:102BF0000844401C8CF8070002B010BD36000020CD
:102C00009324499201A004F03BFEFBE7766F6964D0
:102C100020486172644661756C745F48616E646CD3
:102C2000657228766F6964290D0A000070B50F4C33
:102C3000A078002808BF70BD0025A57000F030F80E
:102C40002078401CC0B220700A2838BF70BD2570A3
:102C5000BFF34F8F06480168064A01F4E061114353
:102C60000160BFF34F8F00BFFDE700006D00002043
:102C70000CED00E00400FA05044901208870AFF271
:102C800007024EF660210A2004F0D8BD6D00002036
:102C9000024A4EF660210A2004F0D0BD792C0008CB
:102CA00070B59CB04B4A4CA10EA804F0F9FD4FF44E
:102CB0007A7005F069FD060004BF1CB070BD0020ED
:102CC000307048A13046FDF7B9FA474D2878012801
:102CD0000CBF46A246A247A101A804F0E1FD01A94C
:102CE0003046FDF7ABFA687801280CBF3FA240A23E
:102CF00046A101A804F0D4FD01A93046FDF79EFAD3
:102D0000484C49A101A8228804F0CAFD01A9304617
:102D1000FDF794FA4AA101A8626804F0C1FD01A977
:102D20003046FDF78BFA22894BA101A804F0B8FDCB
:102D300001A93046FDF782FA227C4DA101A804F0DA
:102D4000AFFD01A93046FDF779FA4FA101A8E2686D
:102D500004F0A6FD01A93046FDF770FA6A8850A17B
:102D600001A804F09DFD01A93046FDF767FAAA8885
:102D700052A101A804F094FD01A93046FDF75EFAC6
:102D800055A101A8AA6804F08BFD01A93046FDF702
:102D900055FA58A101A8EA6804F082FD01A930465D
:102DA000FDF74CFA59A13046FDF748FA3046FDF7D9
:102DB00063FA84B20EA8FDF75FFA82B233460EA919
:102DC0000120009402F0F0FC304605F077FA1CB0C8
:102DD00070BD0000040000207374617475732F25AA
:102DE000730000005B000000840000206F6E000094
:102DF0006F6666007B20226B223A224F6E222C22C5
:102E000076223A222573227D2C0000007B20226B43
:102E1000223A224C6F636B222C2276223A222573AF
:102E2000227D2C00EC0B00207B20226B223A2256C4
:102E3000222C2276223A222564227D2C00000000DA
:102E40007B20226B223A2243222C2276223A222510
:102E500064227D2C000000007B20226B223A22504D
:102E6000222C2276223A222564227D2C00000000AA
:102E70007B20226B223A225066222C2276223A2292
:102E80002564227D2C0000007B20226B223A224503
:102E9000222C2276223A222564227D2C000000007A
:102EA0007B20226B223A224F76657256222C2276A4
:102EB000223A222564227D2C000000007B20226B18
:102EC000223A22556E64657256222C2276223A22CC
:102ED0002564227D2C0000007B20226B223A224FA9
:102EE00076657243222C2276223A222564227D2C9A
:102EF000000000007B20226B223A224F7665725040
:102F0000222C2276223A222564227D005D000000D8
:102F10002DE9F84380464FF48057ADF80070042047
:102F2000394E8DF80300002469463046FFF790FBC8
:102F300000254FF400513046FFF734FD022005F024
:102F40009FF94FF400513046FFF796FD6006040EDE
:102F50004FF480513046FFF78DFC00281CBF601CE9
:102F6000C4B2012005F08CF9681CC5B2082DE0D36D
:102F700010254FF00109B8F1000F4FF40051304611
:102F800020D0FFF70FFDADF800708DF803508DF8DD
:102F9000029069463046FFF75BFB29023046FFF797
:102FA00001FD022005F06CF969023046FFF764FD6F
:102FB000022005F065F969023046FFF7F3FC204670
:102FC000BDE8F883FFF7EEFCADF800708DF8035014
:102FD0008DF8029069463046FFF73AFB4FF4805176
:102FE0003046FFF749FD022005F04AF94FF4005141
:102FF0003046FFF741FD022005F042F94FF4005141
:103000003046FFF7CFFCDAE7000C0140F8B5054683
:103010004FF48050ADF8000010208DF8030001201F
:10302000184E8DF8020069463046FFF711FB711407
:103030003046FFF7B7FC002415F0800F4FF48051A5
:10304000304602D0FFF718FD01E0FFF7ABFC680641
:10305000050E022005F014F94FF400513046FFF739
:103060000BFD022005F00CF94FF400513046FFF73C
:1030700099FC022005F004F9601CC4B2082CDBD3D3
:10308000F8BD0000000C014038B54FF48050ADF899
:10309000000010208DF8030001200F4C8DF8020075
:1030A00069462046FFF7D4FAA1142046FFF7E4FC56
:1030B00061142046FFF7E0FC022005F0E1F8A114BE
:1030C0002046FFF76FFC022005F0DAF86114204675
:1030D000BDE83840FFF766BC000C014038B54FF43E
:1030E0008050ADF8000010208DF8030001200C4C3A
:1030F0008DF8020069462046FFF7AAFAA11420467F
:10310000FFF750FC61142046FFF7B6FC022005F0E3
:10311000B7F8A1142046BDE83840FFF7ADBC000069
:10312000000C0140F8B54FF48056ADF80060042063
:10313000264D8DF80300002469462846FFF788FADB
:10314000A9142846FFF798FC012005F099F86914A6
:103150002846FFF791FC012005F092F8A9142846B3
:10316000FFF788FB50B3601CC4B2FA2C1FD9ADF82E
:10317000006010208DF8030001208DF802006946E0
:103180002846FFF765FA4FF480512846FFF70AFCFE
:103190004FF400512846FFF76FFC022005F070F84D
:1031A0004FF480512846FFF767FC0120F8BD4FF42B
:1031B00080512846FFF75EFB0028D4D14FF4005120
:1031C0002846FFF7EFFB0020F8BD0000000C01408F
:1031D00010B4C268D0F804C0531C93FBFCF40CFB81
:1031E0001433D0F808C0634504BF10BC70470368AF
:1031F0009954C1684268491C91FBF2F302FB131118
:10320000C16010BC704700002DE9F04F584E83B0EC
:103210000027307B10B1012813D09EE07079401C4C
:10322000707100F059FE0A2152A004F0BFFA4FF469
:103230007A717770524A0F2004F000FB012030733E
:103240008BE000F03DFE002804BF03B0BDE8F08F26
:103250004C4C206801F0B6F901464B482268FEF755
:10326000F7FD4AA14848FCF7F5FF002871D000F1AE
:1032700008040930FDF752FC05462046FDF74EFCD8
:1032800000EB800005EB400000F5FA68201DE41C0F
:10329000FDF744FC05462046FDF740FC00EB8000AE
:1032A00005EB4000C0B20290201DE41CFDF736FC87
:1032B00005462046FDF732FC00EB800005EB4000A0
:1032C00000F0FF0933A13048FCF7C4FF00283BD0D1
:1032D000441C7771801CFDF721FC05462046FDF754
:1032E0001DFC00EB800005EB4000C0B210282CBF95
:1032F00010380830C5B204F1040B5846E41CFDF741
:103300000DFC82462046FDF709FC00EB80000AEB2D
:10331000400000F0FF0A5846FDF700FC83462046B7
:10332000FDF7FCFB00EB80000BEB4000C0B2CDE9E9
:1033300000A02B464A464046029902F05BFA3773DA
:1033400003B00120BDE8F08F70790A2804D108E0AD
:10335000FFE770790A2804D0377303B00020BDE876
:10336000F08F7771377303B00220BDE8F08F000053
:103370005400002041542B43434C4B3F0D0A0000A6
:10338000F93E000850000020B01000202B43434CB1
:103390004B3A00002C0000002DE9F047B44E002409
:1033A000DFF8D092B07BADF5C56D25464FF0010832
:1033B0002746092880F05481DFE800F005121A2C16
:1033C0008E96ACFCFB00F078012807BFF770042054
:1033D00086F80E800DF5C56D18BFBDE8F08794E046
:1033E00064217770A44A0F2004F028FA02208CE0B0
:1033F00000F066FD00286ED000F06EFD11219FA048
:1034000004F0D4F9642177709B4A0F2004F016FA77
:1034100003207AE000F054FD002877D0D9F80000AE
:1034200001F0D0F801469A48D9F80020FEF710FDC7
:1034300098A19748FCF70EFF002800F0118198A191
:103440009348FCF707FF1030044601782C2903D07D
:1034500010F8011F2C29FBD1001BA0F10108C82185
:103460006846FCF7E0FE424621466846FCF7C2FE8D
:1034700004EB08008EA1FCF7EDFE002800F0F080C0
:10348000841C81780DF5C1602C2907D014F8011B2C
:103490004155691C8DB221782C29F7D14755FCF78D
:1034A000F2FE0546C8216846FCF7BDFE2A46611CAF
:1034B0006846FCF79FFE1A2D07D0A9B20122684684
:1034C00000F090FCB77300F0CBB81A2100226846D8
:1034D00000F088FCF6E719E064217770664A0F2057
:1034E00004F0ACF9052010E000F0EAFC00280DD053
:1034F00000F0F2FC08216FA004F058F96421777005
:103500005D4A0F2004F09AF90620B0730DF5C56DE1
:10351000BDE8F08700F0D4FC002804BF0DF5C56DB0
:10352000BDE8F087D9F8000001F04CF80146584892
:10353000D9F80020FEF78CFC61A15548FCF78AFE03
:1035400028B310F8061F2C2904D010F8011F641CA2
:103550002C29FAD1DFF870817125A0EB040A08F557
:103560002379012C02D0022C12D02EE05046FDF718
:10357000D5FAA5EB4000C2B254A10DF2DC5004F024
:103580008FF99DF8DC0588F88C0289F801701CE041
:103590000AF10100FDF7C2FA04465046FDF7BEFAF3
:1035A00000EB800004EB4000A5EB4000C2B247A155
:1035B00001E041E00CE00DF2DC5004F071F9BDF8DF
:1035C000DC05A8F88C0289F802700720B0739DE72B
:1035D0000E213FA004F0EAF8318A414804F0E6F8F1
:1035E000022133A004F0E2F806213EA004F0DEF848
:1035F000728A36A10DF5BC6004F052F90DF5BC607D
:10360000FCF73AFE81B20DF5BC6004F0CFF8022160
:1036100032A004F0CBF8718A344804F0C7F80321D3
:1036200033A004F0C3F8F770C8217770124A0F2056
:1036300004F004F9082068E700F042FC00283FF499
:1036400065AFD9F8000000F0BDFF01461048D9F879
:103650000020FEF7FDFB27A10D48FCF7FBFD08B19C
:10366000B77353E786F80080B770B7734EE7000072
:103670005400002050000020F93E000841542B4D1A
:10368000515454524541443D302C310D0A00000044
:10369000B01000202B4D515454524541443A000083
:1036A0002B4D515454524541443A20302C302C007B
:1036B000222C000041542B4353510D0A00000000FE
:1036C0002B4353513A2000000014002025640000D1
:1036D00041542B4D5154545055423D302C22000042
:1036E000000C0020302C302C302C0000C80C0020A6
:1036F000220D0A004F4B00002DE9F041214C224FD2
:103700000025A07920B101281FD0022831D02DE05A
:103710001E4EA570306800F055FF01461C48326807
:10372000FEF796FB00F0D8FB4FF400413846FFF758
:10373000A3F94FF4FA716570164A0F2004F07EF871
:103740000120A0710020BDE8F08100F0B9FB68B154
:103750004FF400413846FFF725F942F210716570C9
:103760000C4A0F2004F06AF80220A0710020BDE886
:10377000F08100F0A5FB00281CBFA5710120BDE869
:10378000F08100005400002000080140500000209B
:10379000B0100020F93E000838B54FF40040ADF8F5
:1037A000000010208DF803000120064C8DF8020067
:1037B00069462046FEF74CFF4FF400412046FFF7D4
:1037C0005BF938BD00080140464810B5C07B0B28A6
:1037D00028BF10BDDFE800F00618263446545E0FFF
:1037E000680F7A00FFF788FF002808BF10BD012886
:1037F00002D0022804D010BD3A490120C87310BD80
:1038000038490020C87310BD00F074FD002808BFBF
:1038100010BD012802D00228F2D010BD314802218B
:10382000C17310BD00F016FD002808BF10BD0128AF
:1038300002D00228E4D010BD2A490320C87310BD6D
:1038400000F0B8FC002808BF10BD012806D00228EF
:1038500018BF10BD00212348C17310BD21490420A9
:10386000C87310BDFFF7D0FC002808BF10BD0128A9
:1038700002D00228C4D010BD1A490820C87310BD58
:1038800001F044FF002808BF10BD0128F4D0022831
:10389000B6D010BDFDF7F4F8002808BF10BD012810
:1038A000EAD00228ACD010BD00F07CF8002808BF98
:1038B00010BD012802D00228A2D010BDFFF7F0F9F8
:1038C00008480A21C1730121817010BD05480178A3
:1038D000012902D100210170C173BDE81040FFF73A
:1038E0005BBD000054000020010004484FF01001AF
:1038F00001D0FFF757B8FFF7BFB800000010014034
:10390000010004484FF0800101D0FFF74BB8FFF7EA
:10391000B3B8000000080140144A10B51078144CE8
:1039200001280CD1002010709178491CC9B2917007
:1039300001290FD0907020212046FFF733F804F0C2
:10394000E5FC00284FF0800120460AD0BDE8104079
:10395000FFF728B8FFF7FAF820212046FFF78CF888
:10396000EDE7BDE81040FFF787B800002A0000200F
:1039700000080140010004484FF0010101D0FFF7A9
:1039800011B8FFF779B80000000C0140044901208C
:103990000870AFF207024FF47A7103F04FBF0000D6
:1039A0002A00002010B5CC4896B0407B0C2834D2B9
:1039B000DFE800F0061A364862748EE6FDFCFBFA7A
:1039C00000F08AFA1921C5A003F0F0FEC24C0020D5
:1039D0004FF4FA616070C84A0F2003F02FFF0120F6
:1039E000607316B0002010BD00F06AFA002804BF12
:1039F00016B010BDC14C206800F0E4FD0146C0487F
:103A00002268FEF725FABFA1BD48FCF723FC002879
:103A100000F05B81B0490220487316B0002010BD51
:103A200000F05AFA1821B8A003F0C0FEAA4C0020FA
:103A30004FF4FA616070B04A0F2003F0FFFE0320DC
:103A40006073EAE700F03CFA002804BF16B010BD2E
:103A5000AA4C206800F0B6FD0146A9482268FEF78E
:103A6000F7F9A8A1A648FCF7F5FB002800F02D8186
:103A7000994904204873D0E700F02EFA1D21A9A02F
:103A800003F094FE944C00204FF4FA6160709A4A5F
:103A90000F2003F0D3FE052000F0F1B800F010FA7B
:103AA000002804BF16B010BD944C206800F08AFDB9
:103AB000014693482268FEF7CBF992A19048FCF7A3
:103AC000C9FB002800F00181834906204873A4E760
:103AD00000F002FA0F219BA003F068FEC621B82077
:103AE000CDE90001EA2331229AA102A803F0D8FE11
:103AF00002A8FCF7C1FB81B202A803F057FE42F610
:103B0000483298A102A803F0CBFE02A8FCF7B4FB50
:103B100081B202A803F04AFE022193A003F046FE00
:103B200092494FF46162087910FB02F24879897971
:103B3000C0EB001002EB80000844FCF753FBFCF7DD
:103B400047FB024687A10CA803F0AAFE0CA8FCF7CD
:103B500093FB81B20CA803F029FE022184A003F09C
:103B600025FE4321834803F021FE5B4C002044F6F0
:103B700020616070604A0F2003F060FE07207EE045
:103B800000F09EF9002804BF16B010BD5B4C206801
:103B900000F018FD01465A482268FEF759F976A14F
:103BA0005748FCF757FB03E06BE048E027E005E0EF
:103BB00000287DD04849082048732EE700F08CF992
:103BC000162173A003F0F2FD774A78A102A803F052
:103BD00067FE02A8FCF750FB81B202A803F0E6FDE5
:103BE000052173A003F0E2FD3B4C002042F210716E
:103BF0006070414A0F2003F021FE09203FE000F0F1
:103C00005FF9002804BF16B010BD3C4C206800F0DE
:103C1000D9FC01463A482268FEF71AF939A138481A
:103C2000FCF718FB044664A13548FCF713FB002C95
:103C300018BF002849D028490A204873EDE600F053
:103C40004BF91B215FA003F0B1FD574A57A102A811
:103C500003F026FE02A8FCF70FFB81B202A803F0D6
:103C6000A5FD052152A003F0A1FD1B4C002042F24E
:103C700010716070204A0F2003F0E0FD0B2060738C
:103C8000CBE600F01DF9002804BF16B010BD1B4C98
:103C9000206800F097FC014619482268FEF7D8F822
:103CA00018A11748FCF7D6FA044643A1144800E0CF
:103CB0000BE0FCF7CFFA002C18BF002805D006490E
:103CC0000020487316B0012010BD0349002048733E
:103CD00016B0022010BD00005400002041542B4DAE
:103CE0005154544346473D22636163686564222C06
:103CF000302C310D0A000000F93E00085000002071
:103D0000B01000204F4B000041542B4D51545443F0
:103D100046473D22636C65616E222C302C310D0AC2
:103D20000000000041542B4D5154544346473D225E
:103D30006B656570616C697665222C302C36300DB0
:103D40000A00000041542B4D515454434F4E4E3DF8
:103D5000302C220025642E25642E25642E25642215
:103D60002C000000256400002C22000036000020FA
:103D7000222C00003CB100082B4D515454555243A5
:103D80003A2022636F6E6E222C302C30000000002F
:103D900041542B4D5154545355423D302C22636FA6
:103DA0006E74726F6C2F00000400002025730000F9
:103DB000222C300D0A0000002B4D51545453554213
:103DC0003A20300041542B4D5154545355423D300C
:103DD0002C227374617475735F7265706C792F0037
:103DE000FEE700002DE9F04704460025314E9CB067
:103DF0000F4601209AB1012A1CBF1CB0BDE8F08714
:103E000070700120FDF7DBF935703A4621462A48EB
:103E1000FCF794FE294908801CB0BDE8F08770705B
:103E20000120FDF7CCF93570206802908DF80C5018
:103E300002A8FCF728FA1FFA80FAB4F80500ADF8DA
:103E400008008DF80A5002A8FCF71DFA00F0FF09DF
:103E50002089ADF808008DF80A5002A8FCF713FA83
:103E600000F0FF08B4F80B00ADF808008DF80A5018
:103E700002A8FCF708FAC7B2E089ADF808008DF88F
:103E80000A5002A8FCF7FFF9C6B2B4F81100ADF869
:103E900008008DF80A5002A8FCF7F5F9C0B2CDE988
:103EA00000603B4642464946504601F0A3FC1CB028
:103EB000BDE8F0876D00002098000020340000204D
:103EC00004494878002808BF7047012000224A7042
:103ED00070470000540000200020054A014611549C
:103EE000401C80B2B0F57A7FF9D3024881827047D6
:103EF000B010002054000020014901204870704794
:103F000054000020704738B535208DF8000001249A
:103F10008DF8014000258DF802508DF80340684669
:103F200000F032F826208DF800008DF801408DF861
:103F300002508DF80340684600F026F827208DF8DF
:103F400000008DF801408DF802508DF8034068465E
:103F500000F01AF834208DF800008DF801508DF82B
:103F600002508DF80340684600F00EF808208DF8E6
:103F700000008DF801508DF802408DF8034068462E
:103F800000F002F838BD000070B50446C0780F2577
:103F9000002818BF012804D07D2223A12FA004F0FF
:103FA000F5F86078102804D37E221FA13A4804F067
:103FB000EDF8A078102804D37F221BA1374804F025
:103FC000E5F8E078012210B335480068637800F422
:103FD000E060C0F5E060000AC0F1040103FA01F1FD
:103FE000A37825FA00F0184008432178000101F178
:103FF000E02181F80004207800F01F0102FA01F1AD
:104000004009800000F1E020C0F8001170BD207868
:1040100000F01F0102FA01F14009800000F1E020E8
:10402000C0F8801170BD00002E2E5C6669726D773D
:104030006172655C6E3332673435785F7374645FC8
:104040007065726970685F6472697665725C7372BC
:10405000635C6D6973632E630000000049535F4623
:10406000554E4354494F4E414C5F5354415445289B
:104070004E5649435F496E69745374727563742D6B
:104080003E4E5649435F4952514368616E6E656CBE
:10409000436D642900000000A4B0000860B000086F
:1040A0000CED00E010B50446B0F5E06F18BFB4F5B4
:1040B000C06F0CD0B4F5A06F1CBFB4F5806FB4F521
:1040C000407F04D06C2205A111A004F05FF81B49C9
:1040D00044F0FD7040F08060086010BD2E2E5C66DC
:1040E00069726D776172655C6E3332673435785F03
:1040F0007374645F7065726970685F647269766515
:10410000725C7372635C6D6973632E630000000000
:1041100049535F4E5649435F5052494F5249545993
:104120005F47524F5550284E5649435F5072696F52
:104130007269747947726F75702900000CED00E0A8
:1041400010B5040018BF012C04D0862203A111A0D1
:1041500004F01CF81648046210BD00002E2E5C66A8
:1041600069726D776172655C6E3332673435785F82
:104170007374645F7065726970685F647269766594
:10418000725C7372635C6E3332673435785F70775C
:10419000722E630049535F46554E4354494F4E417A
:1041A0004C5F535441544528436D6429000000007E
:1041B00000000E4270B51D4C0025607A10B1012838
:1041C00013D010E02079401C2071FFF785FE0B21F1
:1041D00017A003F0EBFA64216570184A0F2003F072
:1041E0002DFB01206072002070BDFFF769FE0028E2
:1041F00008BF70BD124E306800F0E4F90146114866
:104200003268FDF725FE10A10E48FCF723F818B11F
:1042100065722571012070BD2079B42898BF657240
:10422000E1D925716572022070BD000054000020A4
:1042300041542B43474154543F0D0A00F93E0008B6
:1042400050000020B01000202B43474154543A2026
:104250003100000070B51D4C0025207A10B10128F6
:1042600013D010E02079401C2071FFF735FE0B21A0
:1042700017A003F09BFA64216570184A0F2003F021
:10428000DDFA01202072002070BDFFF719FE002822
:1042900008BF70BD124E306800F094F90146114815
:1042A0003268FDF7D5FD10A10E48FBF7D3FF18B11A
:1042B00025722571012070BD2079B42898BF257220
:1042C000E1D925712572022070BD00005400002044
:1042D00041542B43455245473F0D0A00F93E000823
:1042E00050000020B01000202B43455245473A2093
:1042F000302C31008B4810B5C0790B283BD2DFE859
:1043000000F006223C495163748C9CCCDD00864C45
:10431000206800F057F9014684482268FDF798FDAF
:10432000FFF7DAFD042182A003F040FA7D4C002063
:104330004FF4FA616070804A0F2003F07FFA012089
:10434000E071002010BDFFF7BBFD002808BF10BDC5
:10435000754C206800F036F9014674482268FDF774
:1043600077FD76A17148FBF775FF002800F0D48037
:104370006C490220C871002010BD6A4C00204FF427
:10438000FA6160706C4A0F2003F058FA0320E07164
:10439000002010BDFFF794FD0028ECD061490420F7
:1043A000C871E8E7FFF798FD062165A003F0FEF964
:1043B0005C4C0020642160705F4A0F2003F03EFADD
:1043C0000520E071002010BDFFF786FD0A215EA0E8
:1043D00003F0ECF9534C002064216070564A0F2022
:1043E00003F02CFA0620E071C5E7FFF769FD00280D
:1043F00008BF10BD4C4C206800F0E4F801464B4863
:104400002268FDF725FD53A14848FBF723FF00284C
:104410007ED044490720C871ADE7FFF75DFD0B2151
:1044200050A003F0C3F93F4C002064216070424A61
:104430000F2003F003FA08203EE0FFF741FD0028BB
:1044400008BF10BD384C206800F0BCF80146374862
:104450002268FDF7FDFC46A13448FBF7FBFE00286F
:104460005AD04549D0F80720C1F89122D0F80B2046
:10447000C1F89522D0F80F20C1F89922B0F8132086
:10448000A1F89D22407D81F89F0201F52371002053
:10449000087524490920C8716DE7FFF71DFD0A2141
:1044A00036A003F083F91F4C002064216070224A7B
:1044B0000F2003F0C3F90A20E0715CE7FFF700FD6D
:1044C000002808BF10BD184C206800F07BF801469A
:1044D00016482268FDF7BCFC2BA11448FBF7BAFE76
:1044E000B0B125498268C1F8A122C268C1F8A522ED
:1044F0000269C1F8A9224269C1F8AD228069C1F8F8
:10450000B10201F52371002081F82900054900E07E
:1045100002E0C871012010BD02490020C8710220CC
:1045200010BD00005400002050000020B0100020FA
:1045300041540D0A00000000F93E00084F4B0000F6
:10454000415445300D0A000041542B4350494E3F21
:104550000D0A00002B4350494E3A20524541445920
:104560000000000041542B4347534E3D310D0A00DB
:104570002B4347534E3A20000014002041542B494E
:10458000434349440D0A00002B49434349443A2020
:104590000000000070B5102004F0F6F804004FF0A1
:1045A000000508BF2C4607D040F2DD50606004F0E3
:1045B000EBF8E560A56020600148046070BD000074
:1045C000500000200146D1E90220801A44BF49680A
:1045D0000844704710B504001CBF012C042C05D002
:1045E00040F203320AA118A003F0D0FD1B480021BD
:1045F00080F8201080F82010012C08BF012103D082
:10460000042C0CBF052110BD80F8201010BD000047
:104610002E2E5C6669726D776172655C6E333267EF
:104620003435785F7374645F7065726970685F6455
:1046300072697665725C7372635C6E3332673435AF
:10464000785F7263632E630049535F5243435F4C4C
:104650005345285243435F4C534529000010024004
:1046600010B5040018BFB4F5806F0DD0B4F5A06F7D
:104670001CBFB4F5C06FB4F5E06F05D040F2C312B3
:1046800005A113A003F082FD1849486820F4E060FA
:104690002043486010BD00002E2E5C6669726D7765
:1046A0006172655C6E3332673435785F7374645F52
:1046B0007065726970685F6472697665725C737246
:1046C000635C6E3332673435785F7263632E6300E8
:1046D00049535F5243435F48434C4B5F444956281C
:1046E0005243435F48434C4B2900000000100240F6
:1046F00010B50446B0F5807F1CBFB4F5007FB4F55B
:10470000407F05D040F2333206A114A003F03EFDF5
:104710001B48016A21F440710162016A2143016270
:1047200010BD00002E2E5C6669726D776172655C4B
:104730006E3332673435785F7374645F70657269A5
:1047400070685F6472697665725C7372635C6E3305
:1047500032673435785F7263632E630049535F526A
:1047600043435F525443434C4B5F5352432852439D
:10477000435F525443434C4B536F7572636529003A
:104780000010024070B504460E480D46044200D1A8
:104790002CB940F2FE320CA119A003F0F7FC214E17
:1047A000002D04BFF069A04309D0012D05D040F2CF
:1047B000FF3205A11CA003F0E9FCF0692043F06181
:1047C00070BD0000003301412E2E5C6669726D776A
:1047D0006172655C6E3332673435785F7374645F21
:1047E0007065726970685F6472697665725C737215
:1047F000635C6E3332673435785F7263632E6300B7
:1048000049535F5243435F415042315F50455249E3
:104810005048285243435F4150423150657269709D
:10482000682900000010024049535F46554E43542A
:10483000494F4E414C5F535441544528436D6429C0
:104840000000000070B504460E480D46044200D139
:104850002CB940F2DF320CA119A003F097FC214ED5
:10486000002D04BFB069A04309D0012D05D04FF43D
:10487000787205A11CA003F089FCB0692043B061E7
:1048800070BD00000286E0FF2E2E5C6669726D77B7
:104890006172655C6E3332673435785F7374645F60
:1048A0007065726970685F6472697665725C737254
:1048B000635C6E3332673435785F7263632E6300F6
:1048C00049535F5243435F415042325F5045524922
:1048D0005048285243435F415042325065726970DC
:1048E000682900000010024049535F46554E43546A
:1048F000494F4E414C5F535441544528436D642900
:104900000000000010B5040018BF012C05D04FF4C2
:10491000517203A110A003F039FC1648046010BDC9
:104920002E2E5C6669726D776172655C6E333267DC
:104930003435785F7374645F7065726970685F6442
:1049400072697665725C7372635C6E33326734359C
:10495000785F7263632E630049535F46554E43543C
:10496000494F4E414C5F535441544528436D64298F
:10497000000000003C044242324B30B45968324AD5
:1049800011405A6811F0006F02F480320CBF4FF0F2
:10499000020C6FF4F77C0CEB9141002A04BF2B4A08
:1049A000514306D05A6812F4003F14BF274A284AE0
:1049B00051435A68DFF898C012F00C0218BF042A5D
:1049C00003D0082A08BF016001D0C0F800C05A68AF
:1049D0004FF00F0C1F4D0CEA1212D0F800C0AA5C69
:1049E0002CFA02F24260D3F804C0072404EA1C2C1B
:1049F00015F80CC022FA0CFCC0F808C0D3F804C0AB
:104A000004EADC2C15F80CC022FA0CFCC0F80CC02F
:104A1000D3F82CC005F110040CF00F0C14F80CC0E6
:104A2000B2FBFCF24261DA6A1F2303EA121202F0BF
:104A30000F0204F1100333F81220B1FBF2F101610F
:104A400030BC70470010024000003C0800093D00E7
:104A500000127A00F487000870B50025044621286A
:104A600018BF312C21D0392C18BF412C1DD0612CFE
:104A700018BF732C19D0742C18BF752C15D0772C37
:104A800018BF792C11D07A2C18BF7B2C0DD07C2C20
:104A900018BF7D2C09D07E2C18BF7F2C05D040F28A
:104AA000E3420CA119A003F071FB60091D49012824
:104AB00008BF086803D002280CBF086A486A04F0DF
:104AC0001F01012202FA01F1014218BF0125284607
:104AD00070BD00002E2E5C6669726D776172655C38
:104AE0006E3332673435785F7374645F70657269F2
:104AF00070685F6472697665725C7372635C6E3352
:104B000032673435785F7263632E630049535F52B6
:104B100043435F464C4147285243435F464C41471D
:104B2000290000000010024038B503F06DFC4FF47E
:104B30000060ADF8000010208DF803000120064C45
:104B40008DF8020069462046FDF782FDE1142046FB
:104B5000FDF728FF38BD00000008014002F0E2BD6B
:104B600000210A2805D3491C0A38C0B2C9B20A2854
:104B7000F9D2090740EA11607047000070B50026BD
:104B8000674D0C4600282AD0012805D04FF4E37267
:104B900064A172A003F0FAFA286810F0400F00F048
:104BA0007F802078010901EB810100F00F0000EB0C
:104BB0004100C0B2401E0B2805D94FF4EE7259A136
:104BC0006DA003F0E3FAE078002818BF402800F059
:104BD000798040F2DD1253A16EA000F071B8286810
:104BE00010F0400F13D02078401E0B2805D94FF449
:104BF000E6724CA16FA003F0C9FAE078002818BF54
:104C000040280ED040F2CD1246A162A007E0E67027
:104C10002078172805D94FF4E97242A16FA003F05C
:104C2000B5FA60783B2805D94FF4EA723DA175A02A
:104C300003F0ACFAA0783B2805D940F2D51239A18F
:104C40007AA003F0A3FA2078FFF78AFF06046078C1
:104C5000FFF786FF46EA0026A078FFF781FFE1789C
:104C6000304340EA01437B4CCA202060532020603F
:104C700000F04CF970B178487849184008607848DD
:104C8000016821F080010160286810F0200F08BF42
:104C900000F056FCFF202060BDE8704000F050BCE2
:104CA000E6702078010901EB810100F00F0000EBB4
:104CB0004100C0B2172805D94FF4F17219A169A0BB
:104CC00003F064FA6078010901EB810100F00F0044
:104CD00000EB4100C0B23B2805D94FF4F27211A19C
:104CE0006EA003F053FAA078010901EB810100F0F6
:104CF0000F0000EB4100C0B23B2805D940F2E5129D
:104D000008A174A003F042FAA0782178E27840EA82
:104D100001406178090241EA024140EA0103A2E749
:104D2000082800402E2E5C6669726D776172655CA2
:104D30006E3332673435785F7374645F706572699F
:104D400070685F6472697665725C7372635C6E33FF
:104D500032673435785F7274632E630049535F5253
:104D600054435F464F524D4154285254435F466F5F
:104D7000726D61742900000049535F5254435F31E2
:104D800032484F555228746D707265676973746547
:104D90007229000049535F5254435F483132285210
:104DA00054435F54696D655374727563742D3E4846
:104DB0003132290049535F5254435F3132484F55D5
:104DC00052285254435F54696D655374727563740D
:104DD0002D3E486F757273290000000049535F52E1
:104DE00054435F3234484F5552285254435F5469FC
:104DF0006D655374727563742D3E486F75727329B7
:104E00000000000049535F5254435F4D494E5554D2
:104E10004553285254435F54696D655374727563EA
:104E2000742D3E4D696E75746573290049535F5248
:104E300054435F5345434F4E4453285254435F54A9
:104E4000696D655374727563742D3E5365636F6E3F
:104E500064732900242800407F7F7F0000280040E1
:104E60000C28004049535F5254435F3234484F5539
:104E700052285254435F42636432546F42797465DE
:104E8000285254435F54696D655374727563742D71
:104E90003E486F75727329290000000049535F5224
:104EA00054435F4D494E55544553285254435F4235
:104EB000636432546F42797465285254435F546975
:104EC0006D655374727563742D3E4D696E757465AE
:104ED0007329290049535F5254435F5345434F4E52
:104EE0004453285254435F42636432546F4279748E
:104EF00065285254435F54696D65537472756374C9
:104F00002D3E5365636F6E647329290081B00F498C
:104F100000200090086810F0400F04BF8020086057
:104F200010D10868009A00F04000521C0092B2F5BF
:104F3000005F01D00028F4D0086810F0400004BFE2
:104F400001B07047012001B0704700000C280040FC
:104F500070B50C46050018BF012D05D04FF437720F
:104F600018A126A003F012F92B48006820F0C00118
:104F700021F07F410B0CC1F30422E37001F03F00EC
:104F80006270A070C1F342312170002D18BF70BD56
:104F9000190901EB810103F00F0303EB4101E170FB
:104FA000110901EB810102F00F0202EB4101617076
:104FB000010901EB810100F00F0000EB4100A0703E
:104FC00070BD00002E2E5C6669726D776172655C43
:104FD0006E3332673435785F7374645F70657269FD
:104FE00070685F6472697665725C7372635C6E335D
:104FF00032673435785F7274632E630049535F52B1
:1050000054435F464F524D4154285254435F466FBC
:10501000726D6174290000000428004070B50C46D0
:10502000050018BF012D05D040F23D2218A126A091
:1050300003F0ACF82B4800682B494FF0400C0140BE
:10504000C1F30542C1F30623227001F07F006370B3
:10505000A0700CEA1141E170002D18BF70BD11095C
:1050600001EB810102F00F0202EB410121701909ED
:1050700001EB810103F00F0202EB410161700109B4
:1050800001EB810100F00F0000EB4100A07070BD4A
:105090002E2E5C6669726D776172655C6E33326765
:1050A0003435785F7374645F7065726970685F64CB
:1050B00072697665725C7372635C6E333267343525
:1050C000785F7274632E630049535F5254435F46A6
:1050D0004F524D4154285254435F466F726D617474
:1050E00029000000002800407F7F7F0070B5054642
:1050F000002600683446402818BF002804D0C72284
:105100001EA12CA003F042F868687F2804D9C822A9
:105110001AA135A003F03AF8A868B0F5004F04D3FF
:10512000C92216A13EA003F031F84B4BCA201860EB
:1051300053201860FFF7EAFEB0B14848016821F03B
:105140004001016001682A68114301604448A96870
:1051500001600168AA8841EA02410160001F0168FC
:1051600021F0800101600126FF20186040F2FF203D
:10517000641C8442FCD3304670BD00002E2E5C6659
:1051800069726D776172655C6E3332673435785F52
:105190007374645F7065726970685F647269766564
:1051A000725C7372635C6E3332673435785F72742D
:1051B000632E630049535F5254435F484F55525F1B
:1051C000464F524D4154285254435F496E697453BF
:1051D00074727563742D3E5254435F486F75724606
:1051E0006F726D617429000049535F5254435F50E0
:1051F00052454449565F4153594E434828525443FF
:105200005F496E69745374727563742D3E525443D2
:105210005F4173796E636850726564697629000036
:1052200049535F5254435F5052454449565F535966
:105230004E4348285254435F496E697453747275E3
:1052400063742D3E5254435F53796E6368507265A8
:1052500064697629000000002428004008280040E6
:105260001028004070B50C46050000F05F80012D4D
:1052700005D040F2722256A163A002F087FFE078C9
:10528000010901EB810100F00F0000EB4100C0B209
:10529000632805D94FF420724DA162A002F076FF79
:1052A0006078010901EB810100F00F0000EB410083
:1052B000C0B2401E0B2805D940F2822244A166A04C
:1052C00002F064FFA078010901EB810100F00F00FA
:1052D00000EB4100C0B2401E1E2805D94FF42172D8
:1052E0003BA164A002F052FF2178012918BF0229D6
:1052F0000ED0032918BF04290AD005291CBF06298E
:10530000072905D040F2862231A161A002F03EFFBC
:10531000002D2FD0A078E178227840EA0140617812
:10532000090241EA423140EA010333E0607810F0BB
:10533000100F03D020F010000A306070E07863286E
:1053400005D940F27A2222A15BA002F01FFF60780B
:10535000401E0B2805D940F27B221DA15FA002F060
:1053600015FFA078401E1E28BED94FF41F7218A149
:1053700063A0B7E7E078FFF7F3FB05046078FFF779
:10538000EFFB45EA0025A078FFF7EAFB21782843E8
:1053900040EA4133634CCA20206053202060FFF76D
:1053A000B5FD78B1604823F0C00101605F48016835
:1053B00021F080010160001F006810F0200F08BF7D
:1053C00000F0BEF8FF202060BDE8704000F0B8B8E3
:1053D0002E2E5C6669726D776172655C6E33326722
:1053E0003435785F7374645F7065726970685F6488
:1053F00072697665725C7372635C6E3332673435E2
:10540000785F7274632E630049535F5254435F4662
:105410004F524D4154285254435F466F726D617430
:105420002900000049535F5254435F5945415228B7
:105430005254435F42636432546F42797465285218
:1054400054435F446174655374727563742D3E599F
:10545000656172292900000049535F5254435F4D32
:105460004F4E544828746D70726567697374657225
:105470002900000049535F5254435F44415445287A
:10548000746D70726567697374657229000000003D
:1054900049535F5254435F5745454B444159285245
:1054A00054435F446174655374727563742D3E5741
:1054B00065656B446179290049535F5254435F59D4
:1054C000454152285254435F446174655374727568
:1054D00063742D3E596561722900000049535F5283
:1054E00054435F4D4F4E5448285254435F446174B7
:1054F000655374727563742D3E4D6F6E7468290028
:1055000049535F5254435F44415445285254435FCA
:10551000446174655374727563742D3E446174659F
:105520002900000024280040042800400C280040E6
:10553000002101607F214160FF21816070470000F0
:1055400081B000200F4B0090CA20186053201860D3
:105550000D49086820F0200008600868009A00F0F3
:105560002000521C0092B2F5004F01D00028F4D068
:10557000086810F0200018BF0120FF21196001B059
:1055800070470000242800400C28004004490120F6
:105590000870AFF207024FF47A71042002F04EB99E
:1055A0004000002010B5164C10B101280ED01AE0B2
:1055B0004FF400412046FDF75FFA4FF4804120464A
:1055C000FDF7F0F9142002F04FFE0CE04FF480419B
:1055D0002046FDF751FA4FF400412046FDF7E2F96D
:1055E000142002F041FE4FF400412046FDF7DAF9A5
:1055F0002046BDE810404FF48041FDF7D3B90000CC
:10560000000C0140F8B54FF40040ADF80000102543
:105610000E4E8DF8035003248DF802406946304643
:10562000FDF716F8E9023046FDF726FAA902ADF8B3
:1056300000108DF803508DF8024069463046FDF7A2
:1056400007F8A9023046FDF717FAF8BD000C014033
:1056500010B5012186B00807FFF794F80121C806AC
:10566000FFF790F80120FEF76BFD0420FBF79AFA94
:10567000A0F5A061053904BF06B010BD4FF48070DD
:10568000FFF736F80120FEF7A5FF4120FFF7E4F908
:105690000028FAD00120FFF735F97F200190FF2084
:1056A0000024029000946846FFF742FF6846FFF727
:1056B0001DFD014611A002F0E3F819208DF813003A
:1056C00001208DF811008DF8120003208DF80D4097
:1056D0008DF810008DF80E408DF80C4004A90020C4
:1056E000FFF7C0FD03A90020FFF748FA40F205517B
:1056F0000420FBF7E1FA06B010BD0000525443B39A
:10570000F5CABCBBAF25640D0A00000070B51D4C86
:105710000025A07A10B1012813D010E02079401C98
:105720002071FEF7D9FB0E2117A002F03FF864218B
:105730006570194A0F2002F081F80120A072002044
:1057400070BDFEF7BDFB002808BF70BD134E30686A
:10575000FEF738FF014612483268FCF779FB11A1C9
:105760000F48FAF777FD00281EBFA572012070BD13
:1057700020790A2898BFA572E1D92571A572022067
:1057800070BD00005400002041542B434741435456
:105790003D312C310D0A0000F93E00085000002078
:1057A000B01000204F4B00002DE9F0410E4E069D39
:1057B0008846F0701F4614463282C8210B48FAF71B
:1057C00032FD224641460948FAF714FD2C467582FF
:1057D0004FF47A710648FAF726FD22463946BDE8AD
:1057E000F0410348FAF706BD54000020000C0020E9
:1057F000C80C002070B582B0A0F5FA60C0B2DDE937
:1058000006458DF803008DF801101E468DF8022024
:1058100002F0D4FC8DF804608DF800008DF805408E
:105820008DF8065069460020FFF71CFD01A90020F5
:10583000FFF7A4F902B070BD042808D010F1050FDD
:1058400008BF7047CF2205A111A002F09FBC4FF006
:10585000E020016941F00401016170472E2E5C6671
:1058600069726D776172655C6E3332673435785F6B
:105870007374645F7065726970685F64726976657D
:10588000725C7372635C6D6973632E630000000069
:1058900049535F5359535449434B5F434C4B5F53F8
:1058A0004F55524345285379735469636B5F434C9A
:1058B0004B536F757263652900000000704700004C
:1058C0004B4883B0016841F47001016049480168A8
:1058D00041F001010160426847491140416001689F
:1058E00021F4102121F080710160016821F48021F0
:1058F0000160416821F47F0121F0006141600021D5
:10590000C16201634FF41F028260C26942F080529B
:10591000C2613A4AD36843F00103D360C26922F0FE
:105920008052C261364A136843F0900313600091BD
:105930008DF804100291016841F480310160016822
:10594000C1F340418DF804100299491C02919DF861
:10595000041019B90299B1F5004FF0D10168C1F3F3
:1059600040418DF804109DF8041000293BD01168C7
:1059700021F007011160116841F0030111604168D5
:105980004160416841F400514160416841F4A061C7
:105990004160416821F47C1121F00061416041685F
:1059A00041F4803141F4003141F0026100914160E5
:1059B000016841F080710160016811F0007FFBD047
:1059C000416821F003014160416841F002014160FA
:1059D000416801F00C010829FAD10A494FF0006032
:1059E000086003B07047094907480860F5E7000000
:1059F00088ED00E00010024000C0FFF80070004099
:105A00000020024008ED00E000127A0000000020B3
:105A100003490020087010210248FDF72DB800004E
:105A20003E000020000C0140074910B5012008701D
:105A300010210648FCF7B6FFBDE81040044A4EF6B8
:105A40006021112001F0FABE3E000020000C014050
:105A5000115A00082DE9F047DFF894900D460746EB
:105A60001C4616464FF02A084FF480714846FCF752
:105A700099FF404600F060FC4FF480714846FCF707
:105A8000FBFF380A00F058FCF8B200F055FC300A71
:105A900000F052FCF0B200F04FFC2B264FF4807166
:105AA0004846FCF77FFF304600F046FC4FF480711B
:105AB0004846FCF7E1FF280A00F03EFCE8B200F09F
:105AC0003BFC200A00F038FCE0B200F035FC2C244E
:105AD0004FF480714846FCF765FF204600F02CFC2F
:105AE0004846BDE8F0474FF48071FCF7C5BF0000A1
:105AF000000C01402DE9F04F0026A2EB00085F1AD0
:105B000085B0354682468946B8F1000FC8BF0120EE
:105B100007DC0FBF00204FF0FF30C8F100080190F4
:105B200000D10190002FC8BF012006DC0FBF00206C
:105B30004FF0FF307F42009000D10090B845CCBFBD
:105B400044463C464FF0000B601C03900028DCBF2D
:105B500005B0BDE8F08F0E98000A02901FFA8AF097
:105B60001FFA89F1DDF838C00B460246CDF810C0A7
:105B7000FFF770FF029800F0DFFBDDF810C00CF0BB
:105B8000FF0000F0D9FB46443D44A64202DD0198E7
:105B9000361B8244A54202DD00982D1B81440BF187
:105BA00001001FFA80FB03988345D7DB05B0BDE8F1
:105BB000F08F2DE9F04781469846581E83B217466C
:105BC000501E82B20D464846089EFFF743FF4545EA
:105BD00034BF4FEA162ABDE8F0874C46B94509D2D2
:105BE000504600F0A9FBF0B200F0A6FB601C84B2A6
:105BF000BC42F5D3681C85B24545EED3BDE8F087BD
:105C0000F8B54FF47C70ADF8000010208DF803005B
:105C10000320F64E8DF8020069463046FCF718FD69
:105C200001210920FEF70EFE0121F148FCF7C0F921
:105C300071153046FCF7B6FE6423002246F2A81127
:105C4000491EFDD1521C9A42F8D34FF400713046E0
:105C5000FCF712FF6423002246F2A811491EFDD171
:105C6000521C9A42F8D3E3490120087010213046B3
:105C7000FCF798FEE04A4EF66021112001F0DEFDAF
:105C80006420002246F2A811491EFDD1521C824216
:105C9000F8D3002436254FF480713046FCF782FE9D
:105CA000284600F049FB4FF480713046FCF7E4FED3
:105CB000602000F041FB3A254FF480713046FCF73C
:105CC00071FE284600F038FB4FF480713046FCF737
:105CD000D3FE052000F030FBB2254FF48071304632
:105CE000FCF760FE284600F027FB4FF48071304639
:105CF000FCF7C2FE0C2000F01FFB0C2000F01CFB88
:105D0000002000F019FB332000F016FB332000F0D8
:105D100013FBB7254FF480713046FCF743FE28464D
:105D200000F00AFB4FF480713046FCF7A5FE3520E9
:105D300000F002FBBB254FF480713046FCF732FEC9
:105D4000284600F0F9FA4FF480713046FCF794FED3
:105D5000192000F0F1FAC0254FF480713046FCF7AD
:105D600021FE284600F0E8FA4FF480713046FCF737
:105D700083FE2C2000F0E0FAC2254FF480713046FB
:105D8000FCF710FE284600F0D7FA4FF48071304639
:105D9000FCF772FE012000F0CFFAC3254FF48071AA
:105DA0003046FCF7FFFD284600F0C6FA4FF480713C
:105DB0003046FCF761FE122000F0BEFAC4254FF415
:105DC00080713046FCF7EEFD284600F0B5FA4FF43E
:105DD00080713046FCF750FE202000F0ADFAC62559
:105DE0004FF480713046FCF7DDFD284600F0A4FA40
:105DF0004FF480713046FCF73FFE0F2000F09CFA14
:105E0000D0254FF480713046FCF7CCFD284600F0D9
:105E100093FA4FF480713046FCF72EFEA42000F078
:105E20008BFAA12000F088FAE0254FF4807130460B
:105E3000FCF7B8FD284600F07FFA4FF48071304639
:105E4000FCF71AFED02000F077FA042000F074FA74
:105E50000D2000F071FA112000F06EFA132000F00E
:105E60006BFA2B2000F068FA3F2000F065FA54200E
:105E700000F062FA4C2000F05FFA182000F05CFAA3
:105E80000D2000F059FA0B2000F056FA1F2000F008
:105E900053FA232000F050FAE1254FF48071304688
:105EA000FCF780FD284600F047FA4FF48071304639
:105EB000FCF7E2FDD02000F03FFA042000F03CFAAD
:105EC0000C2000F039FA112000F036FA132000F00F
:105ED00033FA2C2000F030FA3F2000F02DFA442055
:105EE00000F02AFA512000F027FA2F2000F024FABF
:105EF0001F2000F021FA1F2000F01EFA202000F0E1
:105F00001BFA232000F018FA21254FF48071304647
:105F1000FCF748FD284600F00FFA4FF48071304638
:105F2000FCF7AAFD11254FF480713046FCF73AFDCD
:105F3000284600F001FA4FF480713046FCF79CFDD2
:105F400029254FF480713046FCF72CFD284600F0DF
:105F5000F3F94FF480713046FCF78EFD2A254FF49B
:105F600080713046FCF71EFD284600F0E5F94FF43D
:105F700080713046FCF780FD002000F0DDF9002044
:105F800000F0DAF9002000F0D7F9EF2000F0D4F9A2
:105F90002B254FF480713046FCF704FD284600F0B5
:105FA000CBF94FF480713046FCF766FD002000F01D
:105FB000C3F9002000F0C0F9002000F0BDF9C520B1
:105FC00000F0BAF92C254FF480713046FCF7EAFC5A
:105FD000284600F0B1F94FF480713046FCF74CFDD3
:105FE000601CC4B2022CFFF455AEF8BD000C014099
:105FF000000230003E000020115A00082DE9FF4F3A
:1060000085B00746DDF84C800C468B4618F007003B
:1060100018BF012000EBD80000FB08F04FF000098A
:10602000009000289CBF09B0BDE8F08F2D4800EB20
:10603000421004902C4800EBC21003900898000A0C
:1060400002901298000A0190B8F1100F08BF04984E
:1060500006D0B8F1200F0EBF039809B0BDE8F08F4D
:1060600010F80950002615F0800F0FD023463A464D
:1060700019461046DDF820A0FFF7ECFC029800F06E
:106080005BF90AF0FF0000F057F90EE023463A46AC
:1060900019461046DDF848A0FFF7DCFC019800F037
:1060A0004BF90AF0FF0000F047F94FF6FF7000EAE5
:1060B0004505601C84B2A4EB0B00404503D1781C5D
:1060C0005C4687B203E0701C86B2082ECBD309F180
:1060D00001001FFA80F900988145B5D309B0BDE8E9
:1060E000F08F000078AF000878A400082DE9FF4F7A
:1060F00089B00546DDF85CA000264FEA5A090190F8
:106100009B4619F0070018BF012000EBD90000FBE7
:106110000AF00290A2F12000C4B20A980A995044F1
:10612000401E83B205EB0900401E82B22846FFF7ED
:1061300091FC02984FF0000800289CBF0DB0BDE80C
:10614000F08F3A4904EB440001EB80010791384994
:1061500001EB04110691374901EB001005901698E8
:10616000000A04904FEA1B200090BAF10C0F04BF04
:10617000079810F808700DD0BAF1100F08BF0698F4
:1061800006D0BAF1180F0EBF05980DB0BDE8F08F1C
:1061900010F808700024189800284FF0010000FA49
:1061A00004F000EA070019D060B10A992A460B46AC
:1061B0001046FFF74FFC009800F0BEF80BF0FF0010
:1061C00000F0BAF8681C85B20198281A48451FD11A
:1061D0000A98019D401C80B20A901DE028B10098E9
:1061E00000F0AAF80BF0FF0006E016980390049860
:1061F00000F0A2F80398C0B200F09EF8701CC6B27E
:10620000B6FBF9F009FB1060002808BF002603D098
:10621000601CC4B2082CBED308F101001FFA80F83C
:1062200002988045A1D30DB0BDE8F08F44880008E6
:10623000B88C0008A89200082DE9FF4F83B04FF0FA
:106240000008DDE911961D0082464FEA56074446D4
:1062500012BFA5F1010B07B0BDE8F08F0A23281B80
:10626000401EC2B20121501EC0B203D35943401E8A
:10627000C0B2FBD20598B0FBF1F01B49A1FB002195
:10628000C908494201EB810100EB4100B8F1000F60
:1062900006D15C4504DA002818BF4FF0010814D07D
:1062A0000021CDF800903030CDE90161C2B204FB8D
:1062B00007A080B2109B0499FFF718FF601CC4B2BE
:1062C000AC42CBD307B0BDE8F08F0020CDF80090F2
:1062D000CDE9016004FB07A080B22022109B049945
:1062E000FFF704FFEAE70000CDCCCCCC2DE9F04766
:1062F00084B00646DDE90D571078DDF83080994608
:1063000014468A46002804BF04B0BDE8F087CDF8E3
:106310000080CDE9015722784B4651463046FFF7C1
:10632000E5FE06EB550086B214F8010F0028EED109
:1063300004B0BDE8F087000070B5134E054620217B
:106340003046FCF72FFB002440213046FCF72AFBA7
:1063500015F0800F4FF08001304602D0FCF78CFB27
:1063600001E0FCF71FFB40213046FCF785FB680687
:10637000050E601CC4B2082CE6D33046BDE8704060
:106380002021FCF779BB0000000C01400448017893
:10639000012918BF704700210170FAF78DBF000076
:1063A0006B000020044901200870AFF207024FF48F
:1063B000FA71062001F042BA6B00002010B5084CBB
:1063C0000121204600F038FA002808BF10BD012145
:1063D000204600F007F8BDE8104001F039BA00008F
:1063E0000010004070B50446A0F180400D46B0F5A5
:1063F000963018BFB4F1804F23D0A4F18040B0F59F
:1064000080601CBFA4F18040B0F5006019D0A4F1F9
:106410008040B0F540601CBFA4F18040B0F58050D2
:106420000FD0A4F18040B0F5A0501CBFA4F1804073
:10643000B0F59A3005D040F6224209A116A001F02D
:10644000A5FE15F47F4F00D12DB940F6234204A1DB
:1064500017A001F09BFE2069A843206170BD0000D9
:106460002E2E5C6669726D776172655C6E33326781
:106470003435785F7374645F7065726970685F64E7
:1064800072697665725C7372635C6E333267343541
:10649000785F74696D2E6300497354696D416C6C4B
:1064A0004D6F64756C652854494D782900000000D3
:1064B000497354696D496E742854494D5F49542994
:1064C0000000000070B50446A0F1804016460D465D
:1064D000B0F5963018BFB4F1804F23D0A4F18040BE
:1064E000B0F580601CBFA4F18040B0F5006019D009
:1064F000A4F18040B0F540601CBFA4F18040B0F52D
:1065000080500FD0A4F18040B0F5A0501CBFA4F182
:106510008040B0F59A3005D04FF47B720FA11DA0DA
:1065200001F034FE15F47F4F00D12DB940F2ED3269
:106530000AA11EA001F02AFE002E04BFA089A843D4
:1065400009D0012E05D040F2EE3204A11CA001F0CA
:106550001DFEA0892843A08170BD00002E2E5C6620
:1065600069726D776172655C6E3332673435785F5E
:106570007374645F7065726970685F647269766570
:10658000725C7372635C6E3332673435785F746942
:106590006D2E6300497354696D416C6C4D6F647569
:1065A0006C652854494D78290000000049735469EE
:1065B0006D496E742854494D5F495429000000000C
:1065C00049535F46554E4354494F4E414C5F5354D7
:1065D00041544528436D64290000000070B504460D
:1065E000A0F1804015460E46B0F5963018BFB4F1C4
:1065F000804F23D0A4F18040B0F580601CBFA4F18F
:106600008040B0F5006019D0A4F18040B0F5406042
:106610001CBFA4F18040B0F580500FD0A4F18040A1
:10662000B0F5A0501CBFA4F18040B0F59A3005D061
:1066300040F2195208A116A001F0A8FD002D18BFC4
:10664000012D05D040F21A5203A117A001F09EFDC2
:106650002685A58270BD00002E2E5C6669726D775E
:106660006172655C6E3332673435785F7374645F72
:106670007065726970685F6472697665725C737266
:10668000635C6E3332673435785F74696D2E6300F6
:10669000497354696D416C6C4D6F64756C65285419
:1066A000494D782900000000497354696D507363A7
:1066B00052656C6F61644D6F64652854494D5F503D
:1066C000534352656C6F61644D6F6465290000002F
:1066D000F8B51A4E41F63F70F0804FF4A060FDF718
:1066E000BFFF01211020FEF74DF836208DF8000085
:1066F00003258DF8015000248DF8024001208DF80B
:1067000003006846FDF740FC0D48042185800180A8
:10671000C48044800B4C0146204600F00FF9012252
:10672000F1882046FFF75AFF012211462046FFF765
:10673000C9FE0121204600F007F8F8BD2A0000201C
:106740008C0200200010004070B50446A0F180408B
:106750000D46B0F5963018BFB4F1804F23D0A4F1A8
:106760008040B0F580601CBFA4F18040B0F50060AF
:1067700019D0A4F18040B0F540601CBFA4F1804066
:10678000B0F580500FD0A4F18040B0F5A0501CBFF0
:10679000A4F18040B0F59A3005D040F2AF320BA1A1
:1067A00018A001F0F3FC002D04BF206820F00100C8
:1067B0000AD0012D05D04FF46C7204A117A001F08E
:1067C000E5FC206840F00100206070BD2E2E5C6664
:1067D00069726D776172655C6E3332673435785FEC
:1067E0007374645F7065726970685F6472697665FE
:1067F000725C7372635C6E3332673435785F7469D0
:106800006D2E6300497354696D416C6C4D6F6475F6
:106810006C652854494D78290000000049535F46B3
:10682000554E4354494F4E414C5F535441544528B3
:10683000436D64290000000070B505460026A0F1F4
:1068400080400C46B0F5963018BFB5F1804F23D08C
:10685000A5F18040B0F580601CBFA5F18040B0F587
:10686000006019D0A5F18040B0F540601CBFA5F1D3
:106870008040B0F580500FD0A5F18040B0F5A05019
:106880001CBFA5F18040B0F59A3005D040F6FC322F
:1068900011A11FA001F07AFC012C18BF022C11D00D
:1068A000042C18BF082C0DD0102C18BF202C09D098
:1068B000402C18BF802C05D040F6FD3206A11AA04E
:1068C00001F064FC2869A989204201EA04011CBF87
:1068D00000290126304670BD2E2E5C6669726D77E8
:1068E0006172655C6E3332673435785F7374645FF0
:1068F0007065726970685F6472697665725C7372E4
:10690000635C6E3332673435785F74696D2E630073
:10691000497354696D416C6C4D6F64756C65285496
:10692000494D782900000000497354696D4765742A
:10693000496E742854494D5F495429002DE9F05F90
:10694000DFF888A1DFF888B1DFF88881DFF8889167
:10695000624F634E0D460446504518BFB4F1804F58
:1069600013D0BC4218BFB4420FD04C4518BF5C4591
:106970000BD0A4F18040B0F5A05018BF444504D01E
:10698000BD2258A165A001F001FC6888002818BF4D
:10699000102809D020281CBF4028602804D0BE221F
:1069A00050A164A001F0F2FBE88800281CBFB0F5FC
:1069B000807FB0F5007F04D0BF224AA169A001F01A
:1069C000E5FB2068544518BF444508D0B4F1804F1A
:1069D00018BFBC4203D0B44218BF4C4503D16988EC
:1069E00020F0700008435C451CBFA4F18041B1F564
:1069F000A05103D0E98820F4407008432060A888A3
:106A0000A08528882085544512BF4445287A2086D1
:106A10000120A0822068544518BF444508D0B4F135
:106A2000804F18BFBC4203D0B44218BF4C4509D1B7
:106A3000697A002914BF40F4006020F40060B4F1CA
:106A4000804F04D0BC421CBFB4424C4510D1A97A3F
:106A5000002914BF40F4805020F48050E97A0029C6
:106A600014BF40F4005020F40050B4F1804F03D024
:106A7000BC4218BFB44206D1297B002914BF40F4A0
:106A8000804020F48040544518BF444505D0B4F1FF
:106A9000804F1CBFBC42B44206D1697B002914BFA1
:106AA00040F4004020F4004020606068B4F1804F62
:106AB00018BFB44206D1A97B002914BF40F48070EE
:106AC00020F480706060BDE8F09F0000002C014061
:106AD0000010004000340140000C00400004004061
:106AE000000800402E2E5C6669726D776172655CED
:106AF0006E3332673435785F7374645F70657269C2
:106B000070685F6472697665725C7372635C6E3321
:106B100032673435785F74696D2E63004973546948
:106B20006D416C6C4D6F64756C652854494D7829C6
:106B300000000000497354696D436E744D6F6465C5
:106B40002854494D5F54696D6542617365496E69AA
:106B5000745374727563742D3E436E744D6F646527
:106B600029000000497354696D436C6B44697628B1
:106B700054494D5F54696D6542617365496E69742E
:106B80005374727563742D3E436C6B4469762900AF
:106B900010B5054800F0ACFCC1B204480068BDE87F
:106BA0001040FCF715BB0000004C004050000020D6
:106BB00070B5114D40F22551284600F04BFA10B146
:106BC0000E4C207820B12846BDE8704000F090BC03
:106BD000284600F08DFC6188094A88546088401C72
:106BE0006080032000F020FEBDE870403221054A9D
:106BF000032000F023BE0000004400407E07002078
:106C000082070020E977000870B5114D40F2255148
:106C1000284600F01FFA10B10E4C207820B128460B
:106C2000BDE8704000F064BC284600F061FC61885B
:106C3000094A88546088401C6080052000F0F4FDFB
:106C4000BDE870403221054A052000F0F7BD000084
:106C5000004800402C03002030030020F977000892
:106C60002DE9F047DFF8FC80DFF8FC90DFF8FCA0AE
:106C700016460D460446404518BF4C451AD05445AB
:106C80001CBFA4F18040B0F5984013D0A4F180401F
:106C9000B0F5A0401FBFA4F18040B0F5A830A4F12A
:106CA0008040B0F5AA3005D040F27F1230A13FA05D
:106CB00001F06CFA40F66A17282D1CBFA5F5E060BC
:106CC000B0F127001BD0A5F5C06026381CBFA5F584
:106CD000A060B0F1250012D0A5F5806024381CBF5B
:106CE000A5F50060B0F1460009D0BD4218BF602D87
:106CF00005D04FF4C0721EA133A001F047FA002E58
:106D000018BF012E05D040F2811219A135A001F063
:106D10003DFABD420AD144451CBF4C45544505D0FF
:106D200040F2851212A136A001F030FA05F01F01E1
:106D30000122C5F3421002FA01F1012808BF04F153
:106D40000C0005D002280CBF04F1100004F114005F
:106D5000002E026814BF114322EA01010160BDE860
:106D6000F087000000380140004400400048004027
:106D70002E2E5C6669726D776172655C6E33326768
:106D80003435785F7374645F7065726970685F64CE
:106D900072697665725C7372635C6E333267343528
:106DA000785F75736172742E6300000049535F55FC
:106DB000534152545F414C4C5F5045524950482812
:106DC000555341525478290049535F555341525409
:106DD0005F4346475F494E542855534152545F49DB
:106DE0004E54290049535F46554E4354494F4E4136
:106DF0004C5F535441544528436D64290000000002
:106E000049535F55534152545F3132335F504552BD
:106E100049504828555341525478290070B50446CA
:106E2000A0F180400D46B0F59C301CBFA4F180401D
:106E3000B0F588401DD0A4F18040B0F590401CBF53
:106E4000A4F18040B0F5984013D0A4F18040B0F593
:106E5000A0401FBFA4F18040B0F5A830A4F180404D
:106E6000B0F5AA3005D040F259120BA119A001F0DB
:106E70008DF9002D04BFA08920F400500AD0012D07
:106E800005D04FF4AD7204A119A001F07FF9A089DB
:106E900040F40050A08170BD2E2E5C6669726D7743
:106EA0006172655C6E3332673435785F7374645F2A
:106EB0007065726970685F6472697665725C73721E
:106EC000635C6E3332673435785F75736172742E2C
:106ED0006300000049535F55534152545F414C4C8D
:106EE0005F50455249504828555341525478290023
:106EF00049535F46554E4354494F4E414C5F53549E
:106F000041544528436D6429000000002DE9F047F5
:106F1000294F0026DFF8A480DFF8A4900C46054630
:106F2000B84218BF45451AD04D451CBFA5F1804059
:106F3000B0F5984013D0A5F18040B0F5A0401FBF38
:106F4000A5F18040B0F5A830A5F18040B0F5AA3099
:106F500005D040F219321BA129A001F017F9012C2C
:106F600018BF802C20D0402C18BF202C1CD0102CF7
:106F700018BFB4F5807F17D0B4F5007F09D0082C76
:106F80001CBF042C022C0FD040F21A320DA123A0FA
:106F900008E0BD421CBF45454D4505D040F21E32BC
:106FA00008A125A001F0F2F82888204218BF012688
:106FB0003046BDE8F0870000003801400044004042
:106FC000004800402E2E5C6669726D776172655CC8
:106FD0006E3332673435785F7374645F70657269DD
:106FE00070685F6472697665725C7372635C6E333D
:106FF00032673435785F75736172742E63000000F8
:1070000049535F55534152545F414C4C5F50455278
:1070100049504828555341525478290049535F55E7
:10702000534152545F464C41472855534152545F97
:10703000464C41472900000049535F555341525483
:107040005F3132335F5045524950482855534152C1
:10705000547829002DE9F047DFF8F4800026DFF8A6
:10706000F490DFF8F4A00C460546404518BF4D45A6
:107070001AD055451CBFA5F18040B0F5984013D0FB
:10708000A5F18040B0F5A0401FBFA5F18040B0F54C
:10709000A830A5F18040B0F5AA3005D040F26B329F
:1070A0002EA13DA001F072F8282C34D0A4F5E060A8
:1070B00040F66A1727381CBFA4F5C060B0F126005F
:1070C0001CD0A4F5A06025381CBFA4F58060B0F1E9
:1070D000240013D0A4F50060463818BFBC420DD080
:1070E000B4F5587F1CBFB4F5187FB4F5B07F12D04B
:1070F0004FF45B7219A12FA001F048F8BC420AD1ED
:1071000045451CBF4D45554505D04FF45C7213A154
:107110002FA001F03BF804F01F000122C4F342113C
:1071200002FA00F0012904BFA989084004D002290D
:107130000CBF298AA98A0840210A02FA01F12A888B
:10714000114000281CBF002901263046BDE8F08709
:107150000038014000440040004800402E2E5C668C
:1071600069726D776172655C6E3332673435785F52
:107170007374645F7065726970685F647269766564
:10718000725C7372635C6E3332673435785F75732B
:107190006172742E6300000049535F55534152548D
:1071A0005F414C4C5F50455249504828555341521D
:1071B0005478290049535F55534152545F47455411
:1071C0005F494E542855534152545F494E5429004B
:1071D00049535F55534152545F3132335F504552EA
:1071E0004950482855534152547829002DE9F04719
:1071F000604EDFF88491DFF884A1614FDFF884816D
:1072000086B00D460446B04218BF4C4513D05445D5
:107210001CBFA4F18040B0F598400CD0A4F1804090
:10722000B0F5A0401CBFBC42444504D0C42256A1C6
:1072300064A000F0ABFF28686949401E884204D36F
:10724000C52251A167A000F0A1FFA888002818BF9F
:10725000B0F5805F04D0C6224BA16EA000F096FF6F
:10726000E888002818BFB0F5805F0AD0B0F5005F4D
:1072700018BFB0F5405F04D0C72243A172A000F050
:1072800085FF288900281CBFB0F5806FB0F5C06F5E
:1072900004D0C8223CA178A000F078FF688930F0C3
:1072A0000C0100D120B9C92237A17EA000F06EFFE9
:1072B000A889002818D0B0F5807F1CBFB0F5007FEA
:1072C000B0F5407F06D0CA222FA1804800F05EFFB3
:1072D000A88948B1B4421CBF4C45544504D0CE22C5
:1072E00029A17BA000F052FF208A4CF6FF710840D4
:1072F000E98808432082A0894EF6F3110840A98846
:107300002A8911436A8910430843A081A08A4FF655
:10731000FF410840A9890843A0826846FDF72CFB7D
:10732000B44218BFBC4203D0444518BF029800D1F4
:1073300003986E4A00EBC00101EB001029686FF062
:10734000180C8900B0FBF1F0A2FB003149090901DA
:107350000B0903FB0CF300EB8300322303EB00105B
:10736000A2FB0020C0F343100843208106B0BDE813
:10737000F087000000380140004400400048004011
:1073800000500140005401402E2E5C6669726D77FA
:107390006172655C6E3332673435785F7374645F35
:1073A0007065726970685F6472697665725C737229
:1073B000635C6E3332673435785F75736172742E37
:1073C0006300000049535F55534152545F414C4C98
:1073D0005F5045524950482855534152547829002E
:1073E00020AA440049535F55534152545F424155CE
:1073F00044524154452855534152545F496E697473
:107400005374727563742D3E426175645261746584
:107410002900000049535F55534152545F574F5262
:10742000445F4C454E4754482855534152545F4998
:107430006E69745374727563742D3E576F72644C29
:10744000656E67746829000049535F555341525473
:107450005F53544F50424954532855534152545F3F
:10746000496E69745374727563742D3E53746F70F2
:10747000426974732900000049535F5553415254C7
:107480005F5041524954592855534152545F496EF7
:1074900069745374727563742D3E506172697479A6
:1074A0002900000049535F55534152545F4D4F44EA
:1074B000452855534152545F496E6974537472752F
:1074C00063742D3E4D6F646529000000F4B0000820
:1074D00049535F55534152545F3132335F504552E7
:1074E0004950482855534152547829001F85EB5183
:1074F00010B50446A0F18040B0F59C301CBFA4F14B
:107500008040B0F588401DD0A4F18040B0F5904097
:107510001CBFA4F18040B0F5984013D0A4F1804086
:10752000B0F5A0401FBFA4F18040B0F5A830A4F191
:107530008040B0F5AA3005D040F2512203A112A03C
:1075400000F024FEA088C0F3080010BD2E2E5C665B
:1075500069726D776172655C6E3332673435785F5E
:107560007374645F7065726970685F647269766570
:10757000725C7372635C6E3332673435785F757337
:107580006172742E6300000049535F555341525499
:107590005F414C4C5F504552495048285553415229
:1075A0005478290070B50446A0F180400D46B0F52E
:1075B0009C301CBFA4F18040B0F588401DD0A4F1E0
:1075C0008040B0F590401CBFA4F18040B0F59840D9
:1075D00013D0A4F18040B0F5A0401FBFA4F18040BB
:1075E000B0F5A830A4F18040B0F5AA3005D04FF432
:1075F000107208A116A000F0C9FDB5F5007F05D3F3
:1076000040F2412203A119A000F0C0FDC5F308001B
:10761000A08070BD2E2E5C6669726D776172655CAC
:107620006E3332673435785F7374645F7065726986
:1076300070685F6472697665725C7372635C6E33E6
:1076400032673435785F75736172742E63000000A1
:1076500049535F55534152545F414C4C5F50455222
:1076600049504828555341525478290049535F5591
:10767000534152545F44415441284461746129008C
:107680002DE9F0410E0005464FF0000414BF094FEC
:10769000BDE8F081295D3846FFF784FF8021384638
:1076A000FFF734FC0028F9D0601C84B2B442F1D357
:1076B000BDE8F0810044004010B5184C002058216E
:1076C0002278012A18BF10BDB4F802C0BCF1170F10
:1076D00008BFACF1010211D12318401C1B79C0B2C4
:1076E000194489B28242F7DCC8430D49C0B21CF884
:1076F0000110814204BF201DF9F76AFB0020628857
:107700000146002A06D92218401C11716288C0B2B5
:107710008242F8D86180217010BD00007E070020F1
:10772000810700202DE9F0471D4E3078012818BF51
:10773000BDE8F0874FF40061DFF868904846FBF73A
:107740009BF97588371D0024002D88BFDFF858800D
:107750000DD9395D4046FFF725FF80214046FFF7F0
:10776000D5FB0028F9D0601C84B2AC42F1D3642070
:1077700000F07AFD4FF400614846FBF713F9002052
:1077800072880146002A06D93218401C117172888D
:10779000C0B28242F8D871803170BDE8F087000035
:1077A0002C03002000080140004800402DE9F04172
:1077B0000E0005464FF0000414BF094FBDE8F081EC
:1077C000295D3846FFF7EEFE80213846FFF79EFB25
:1077D0000028F9D0601C84B2B442F1D3BDE8F08136
:1077E000004C0040FEE70000024901200870032021
:1077F00000F01AB87E070020024901200870052019
:1078000000F012B82C03002000200649024601EBCC
:10781000C00341F83020401CC0B25A601228F6D391
:10782000FEF756BF9C020020034A002142F83010A8
:1078300002EBC000416070479C020020034B43F8FC
:10784000301003EBC0004260704700009C02002033
:1078500070B50A4D002455F8340048B1411E05EBBF
:10786000C40045F83410406810B1002908BF8047B3
:10787000601CC4B2122CEED370BD00009C0200202C
:107880000FB4054B10B503A9044A029800F0E2F8C2
:1078900010BC5DF814FB0000998200087400002001
:1078A0000FB4084B10B504A902AA039800F0D2F84F
:1078B000044602A9002000F064FC204610BC5DF8DC
:1078C00014FB0000838100080048704780000020FE
:1078D00002E008C8121F08C1002AFAD17047704799
:1078E000002001E001C1121F002AFBD170470000F7
:1078F0002DE9FF5FDDE90220010DDDF838B002431C
:1079000018D044F61050A1F2FF3141430D140F98E6
:10791000012820D0A5EB0B00401C5FEA000A4FF0C5
:107920000004474EDFF81C91A046504616D5CAF118
:10793000000728E00F98012443A2012808D0002165
:1079400000980F9BC0E90021C0E90243BDE8FF9FFA
:107950006FEA0B01F4E7CBF10000DEE7074612E027
:10796000F80707D02246334640464946F8F798FCC8
:10797000804689462246334610461946F8F790FC61
:1079800004460E467F10002FEAD1DDE90201BAF16C
:10799000000F42464B4602DAF8F782FC01E0F8F7A6
:1079A000BBFE04460E460022284BF8F73DFF03D8E5
:1079B0004FF0FF30014607E00022254B20463146BC
:1079C000F8F703FEF8F717FF102409E0002C0ADB94
:1079D0000A220023F8F723FD019B30321A55641E5A
:1079E00050EA0102F2D1641C019AC4F1110314445B
:1079F0000F9A012A03D0012208430DD10AE008435F
:107A000004D000204FF0110B0F9080E7A3EB0B0583
:107A10006D1E0DE05B4504DD4FF0000205F1010530
:107A200004E003DA4FF00002A5F10105002AECD0D2
:107A300000980F99C0E90231C0E9004586E70000CF
:107A4000000024400000F03F300000000000F04340
:107A50000000E03F2DE9FF4F95B09B468946064662
:107A600000250FE2252877D100242746F84A012176
:107A7000059400E0044316F8013F203B01FA03F0AF
:107A80001042F7D130782A2811D06FF02F033078C8
:107A9000A0F13002092A16D8059A44F0020402EB3C
:107AA000820203EB42021044761C0590EFE759F87E
:107AB000042B0592002A03DA504244F40054059046
:107AC00044F00204761C30782E2816D116F8010FE7
:107AD00044F004042A280DD06FF02F023078A0F172
:107AE0003003092B09D807EB870302EB4303C718C0
:107AF000761CF3E759F8047B761C30786C280FD09D
:107B000006DC4C2817D068280DD06A2814D104E070
:107B1000742810D07A280FD10DE044F400140AE044
:107B200044F4801401E044F440147278824202D19B
:107B300004F58014761C761C307866280BD013DC94
:107B4000582877D009DC002875D04528F6D046287B
:107B5000F4D047281AD19DE118E0632835D0642875
:107B600079D0652812D195E1702873D008DC672898
:107B7000F1D069286FD06E280DD06F2806D1B5E0FE
:107B800073282CD0752875D0782874D05A46179948
:107B900090476D1C75E1C4F30250022809D00328F8
:107BA0000DD0D9F8001004280DD00D6009F104099A
:107BB00067E1D9F80010EA17C1E90052F6E7D9F8F1
:107BC00000100D80F2E70D70F0E719F8041B8DF836
:107BD000001000208DF80100EA46012003E059F86A
:107BE00004AB4FF0FF3061074FF0000102D40DE00D
:107BF00008F101018846B9420FDA8045F8DB1AF82E
:107C000008100029F4D108E008F1010188468142FA
:107C1000FADB1AF808100029F6D105985B46A0EBAC
:107C2000080721463846179A00F094FA284400EBDA
:107C3000080507E04DE029E10DE01AF8010B5A466E
:107C400017999047B8F10108F7D25B4621463846AC
:107C5000179A13E142E00A220092C4F302524FF055
:107C6000000A022A08D059F804CB032A4FEAEC7123
:107C70000AD00DE029E02AE009F1070121F007020E
:107C8000F2E802C1914609E00FFA8CFC4FEAEC7170
:107C9000042A03D14FFA8CFC4FEAEC71002907DA71
:107CA0000A460021DCF1000C61EB02012D2202E00A
:107CB000220504D52B228DF80420012203E0E207DF
:107CC00001D02022F7E7904659E00A2102E0102275
:107CD0000DE010214FF0000A00910BE010224FF050
:107CE000000A44F004040827009203E008224FF041
:107CF000000A0092C4F30252022A05D059F804CBBC
:107D00000021032A08D009E009F1070121F0070248
:107D1000F2E802C1914605E01FFA8CFC042A01D169
:107D20000CF0FF0C4FF00008220728D5702806D071
:107D3000009B83F0100353EA0A0305D00EE04022B3
:107D40008DF80420012208E05CEA010206D030220E
:107D50008DF804208DF8050002229046009B83F0E8
:107D6000080353EA0A030AD15CEA010201D162075F
:107D700005D530228DF804204FF001087F1E5828C9
:107D800004D034A003900EA802900DE036A0F9E7CD
:107D900053466046009AF8F742FB84460398825C9B
:107DA0000298401E029002705CEA0100F0D1029835
:107DB00006A9081A00F1200A600702D524F48034CD
:107DC00000E00127574502DDA7EB0A0000E0002094
:107DD00000EB0A01009005984144401A0590E00329
:107DE00006D45B462146179A059800F0B3F905447E
:107DF000002706E001A85A46C05D179990476D1C00
:107E00007F1C4745F6DBE0030CD55B462146179AFD
:107E1000059800F09FF9054404E030205A46179970
:107E200090476D1C0099481E00900029F5DC08E081
:107E3000029802995A460078491C02911799904776
:107E40006D1CBAF10001AAF1010AF1DC65E1000044
:107E50000928010030313233343536373839616220
:107E600063646566000000003031323334353637E4
:107E700038394142434445460000000000F058F9BB
:107E80000544761C307800287FF4ECAD19B0284604
:107E9000BDE8F08F620700D4062709F1070222F03F
:107EA000070CFCE80223E14603F000485FEA080CF7
:107EB00002D00FF2702C0DE05FEA045C02D50FF2E5
:107EC000682C07E05FEAC47C02D00FF2602C01E06E
:107ED000AFF2700C4FF0FF3823F00043CDF850C0E4
:107EE00065280CD006DC452809D046281DD0472837
:107EF0003DD13DE0662818D067287ED138E00021CA
:107F0000112F01DB112000E0781CCDE9000106A94A
:107F10000EA8FFF7EDFCDDE90F010E9A0391002199
:107F2000009207F1010A04914DE04FF000400097E4
:107F3000CDE9011006A90EA8FFF7DAFCDDE90F0272
:107F400003920E9B11990022DDF80CA0009304927D
:107F500011B9791C00EB010AB7EB0A0004D4C0F197
:107F6000FF3007F1010A0490AAEB0700019044E0FA
:107F7000012F00DA01270021112F01DD112000E07F
:107F80003846CDE9000106A90EA8FFF7B1FCDDE9EE
:107F90000F010E9A0391002104910092BA46210725
:107FA0000CD40399514500DA8A46BAF1010F05DD78
:107FB000009AAAF10101515C302908D0B84202DAD6
:107FC00010F1040F06DA0121CDE9011015E0AAF144
:107FD0000101E9E7002805DC049901440491AAEBBA
:107FE000000102E0411C514500DD8A460499401A17
:107FF000401C01904FF000400290200704D40198EB
:10800000504501DBCDF8048000208DF84F00029828
:108010000DF14F07B0F1004F25D02B200E900298A4
:108020004FF0020800280CDA404202902D200E90FA
:1080300007E00A210298F8F7DCF93031029007F8DE
:10804000011DB8F10001A8F10108F2DC0298002836
:10805000EFD1791E0E980870307800F0200040F0C3
:10806000450007F8020D12A8C01B00F1070814987C
:10807000007800B1012000EB0A01019801EBE071EA
:1080800005984144401A401E0590E00306D45B4623
:108090002146179A059800F05DF805441498007879
:1080A00018B15A46179990476D1CE00324D55B46DA
:1080B0002146179A059800F04DF805441CE00498F5
:1080C000002807DBDDE90301884203DD0098405CFE
:1080D000179901E0179930205A469047049805F106
:1080E0000105401C04900198401E019004D12E20EF
:1080F0005A46179990476D1CBAF10001AAF1010A7E
:10810000DDDC05E017F8010B5A46179990476D1C06
:10811000B8F10001A8F10108F4DC5B462146179A8A
:108120000598ABE62D0000002B00000020000000A9
:108130002DE9F041044600251E461746880404D464
:1081400005E039462020B0476D1C641EF9D528464D
:10815000BDE8F0812DE9F041044600251E46904619
:10816000C80301D5302700E02027880404D505E0A6
:1081700041463846B0476D1C641EF9D52846BDE817
:10818000F0810A68531C0B601070704713460A4652
:10819000014602A0FFF774FBFEE700006173736500
:1081A0007274696F6E206661696C65643A2060253F
:1081B00073602061742025733A25640000F00F037A
:1081C000000900EB800003EB4000C0B200F5FA6349
:1081D000080901F00F0C00EB80000CEB40001109C6
:1081E00002F00F0CC0B201EB81010CEB4101421E09
:1081F000C9B20C2A02D209B11F2901D90020704747
:10820000012818BF022803D10C305A1EC0B293B205
:10821000421C02EB420240F2676C12FB0CF201EBD3
:10822000400000EB52304AF2D731184401FB0311F1
:1082300000EB9300A0EB91504FF4C871B3FBF1F148
:108240000844411C074B08460022C3FB0120821052
:10825000A2EBE070A0EBC000084410F0FF0008BFE4
:1082600007207047932449920022002898BF704746
:1082700046F2A811491EFDD1521C8242F8D3704724
:108280000022002898BF70471921491EFDD1521CB9
:108290008242F9D37047000070B5074D0446C1B261
:1082A0002846FFF77FF980212846FEF72FFE002899
:1082B000F9D0204670BD00000050004010B50028E5
:1082C00021D0114B0022001F196803E0814203D81E
:1082D0000A4649680029F9D152B11368841A9C42B0
:1082E00004D1006818441060104602E0506000E0BD
:1082F000186039B102680B1A934203D10B681A4413
:1083000002604968416010BD780000200148407853
:10831000704700006D0000200148007870470000A1
:108320003E00002000B587B06846FCF725FB012120
:1083300040F2FD10FCF786FA01214FF46020FCF7B3
:1083400021FA4FF44070FBF7ADFE0420FDF774FAFC
:108350000B4901980B4BA1FB001040090022401E65
:10836000B0F1807F08D24FF0E0214861F02083F81F
:10837000140D8A610720086183F8142D07B000BD31
:108380001F85EB510FE000E030B585B00424ADF857
:10839000104018208DF813000320194D8DF812009D
:1083A00004A92846FAF754F90821ADF81010012164
:1083B0008DF812108DF8134004A92846FAF748F9F1
:1083C0004FF4165000900020ADF80400ADF8060000
:1083D000ADF80800ADF80C000C200A4CADF80A000E
:1083E00069462046FEF702FF012240F22551204651
:1083F000FEF736FC01212046FEF710FD05B030BD2A
:10840000000801400044004010B586B04FF4806081
:10841000ADF8100018208DF813000320194C8DF8CA
:10842000120004A92046FAF713F9E114ADF8101070
:1084300001218DF8121004218DF8131004A9204693
:10844000FAF706F94FF4165000900020ADF804003A
:10845000ADF80600ADF80800ADF80C000C200A4C91
:10846000ADF80A0069462046FEF7C0FE012240F240
:1084700025512046FEF7F4FB01212046FEF7CEFCF5
:1084800006B010BD000C01400048004010B586B099
:108490004FF48060ADF8100018208DF81300032011
:1084A000194C8DF8120004A92046FAF7D1F8E1140E
:1084B000ADF8101001218DF8121004218DF8131061
:1084C00004A92046FAF7C4F84FF4E13000900020E8
:1084D000ADF80400ADF80600ADF80800ADF80C00EA
:1084E0000C200A4CADF80A0069462046FEF77EFED5
:1084F000012240F225512046FEF7B2FB0121204621
:10850000FEF78CFC06B010BD00100140004C00408E
:1085100010B586B001213120FCF794F9012108053E
:10852000FCF730F94FF48050ADF8100018208DF8AA
:10853000130003208DF8120004A91648FAF788F8F2
:108540000420ADF810008DF8130004A91248FAF7C2
:108550007FF84FF4E13000900020ADF80400ADF852
:108560000600ADF80800ADF80C0008200B4CADF883
:108570000A0069462046FEF739FE012240F22551E5
:108580002046FEF76DFB01212046FEF747FC2088C0
:1085900006B010BD00100140001401400050004022
:1085A0001C480178012918BF704770B50025057077
:1085B000FFF7B2FE012803D0BDE87040FDF734BAE2
:1085C000154C6078002818BF70BD0020F8F77CFDBE
:1085D000207801280ED00120FCF7E4FF0120F8F7F5
:1085E0002BFE012121700420F9F7D4F9BDE8704079
:1085F000FAF756BB0020FCF7D5FF0020F8F71CFE69
:10860000294625700420F9F7C5F9BDE87040FAF74E
:1086100047BB00006A0000208400002001490120BF
:10862000087070476A00002070B584B00425214EA0
:10863000ADF8005048248DF8034069463046FAF7FB
:1086400007F802210120F9F721FC00208DF80C0029
:108650000C208DF80D0001208DF80E00029502A867
:10866000F9F760FA1020ADF80000134D8DF80340C3
:1086700069462846F9F7ECFF4020ADF800008DF878
:10868000034069462846F9F7E3FF2020ADF80000D3
:108690008DF8034069460948F9F7DAFF0220ADF882
:1086A00000008DF8034069463046F9F7D1FF04B069
:1086B00070BD0000000C01400008014000100140A6
:1086C000FFF76EBFF8B52020ADF800001025214E51
:1086D0008DF8035001248DF8024069463046F9F7C1
:1086E000B7FF20213046FAF7C7F91B4A4FF4FA7159
:1086F0000120FFF7A3F88021ADF800108DF803509A
:108700008DF8024069463046F9F7A2FF80213046D5
:10871000FAF7B2F9ADF80050104E8DF803508DF80D
:10872000024069463046F9F793FF10213046FAF7C8
:10873000A3F9ADF800408DF803508DF80240084CC5
:1087400069462046F9F784FF01212046FAF794F99B
:10875000F8BD0000000801408D39000800100140FC
:10876000000C0140F8F748FCF8F7AEFEFAF790FA73
:10877000F8F79AFCFCF7F2F9FDF708FEFBF724F88E
:10878000FAF754FAF4E70000F0B50B30154D20F07D
:1087900007010024144A0FE003688B420BD38B427D
:1087A00005D95E1A43184768C3E9006700E04368CB
:1087B000136002C004E0021D10680028ECD12046BE
:1087C000002802D1286808B10020F0BD064A0748F9
:1087D0001060074A121A22F00702C0E900240120A3
:1087E0002860D7E77C00002078000020BC1600201D
:1087F000B826002000000000010203040102030467
:108800000607080901020406080A0C10202020208F
:1088100020202020010002000400060008000A00B9
:108820000C00100020004000800000010001000149
:1088300000010001303132333435363738394142A6
:108840004344454600000000000000000000000016
:1088500000000404040404000004000014140A00CE
:10886000000000000000000000000A0A1F0A0A1FA2
:108870000A0A000000040E1505060C14150E04006B
:10888000000012150D152E2C2A1200000000040AFB
:108890000A3615152916000002020100000000002A
:1088A0000000000010080804040404040808100074
:1088B0000204040808080808040402000000000478
:1088C000150E0E150400000000000008083E080800
:1088D0000000000000000000000000000202010093
:1088E00000000000003F0000000000000000000049
:1088F000000000000002000000201010080804041E
:108900000202010000000E1111111111110E0000E0
:108910000000040604040404040E000000000E110C
:1089200011080402011F000000000E11100C1010AD
:10893000110E00000000080C0C0A091F081C0000A2
:1089400000001F01010F1110110E000000000C1299
:10895000010D1311110E000000001E100808040480
:108960000404000000000E11110E1111110E000080
:1089700000000E1111191610090600000000000079
:1089800004000000000400000000000000040000DB
:108990000004040000001008040202040810000093
:1089A000000000003F003F00000000000000020443
:1089B000081010080402000000000E111108040441
:1089C0000004000000001C22292D2D1D221C000087
:1089D000000004040C0A0A1E1233000000000F12EB
:1089E000120E1212120F000000001E1101010101EF
:1089F000110E000000000F1212121212120F0000CE
:108A000000001F120A0E0A02121F000000001F12AF
:108A10000A0E0A020207000000001C1201013911AF
:108A2000120C000000003312121E1212123300004A
:108A300000001F0404040404041F000000003E089A
:108A40000808080808080907000037120A060A1271
:108A5000123700000000070202020202223F00005B
:108A600000003B1B1B1B15151535000000003B12B9
:108A700016161A1A1217000000000E11111111110A
:108A8000110E000000000F12120E02020207000079
:108A900000000E1111111117190E180000000F120D
:108AA000120E0A121237000000001E1101060810F3
:108AB000110F000000001F1504040404040E000040
:108AC0000000331212121212120C000000003312B6
:108AD000120A0A0C040400000000151515150E0AF0
:108AE0000A0A000000001B0A0A04040A0A1B00000C
:108AF00000001B0A0A0A0404040E000000001F09FB
:108B000008040402121F00001C04040404040404EA
:108B100004041C00000202040404080808101000E9
:108B20000E0808080808080808080E00040A0000D3
:108B30000000000000000000000000000000000035
:108B40000000003F020400000000000000000000E0
:108B500000000000000C121C123C00000003020286
:108B6000020E1212120E000000000000001C120281
:108B7000120C000000181010101C1212123C000001
:108B800000000000000C121E021C0000001824044B
:108B9000041E0404041E000000000000003C120C2F
:108BA000021C221C00030202020E121212370000E5
:108BB0000004040000060404040E0000000808007D
:108BC000000C08080808080700030202021A0A0637
:108BD0000A1300000007040404040404041F000036
:108BE00000000000000F1515151500000000000022
:108BF000000F12121237000000000000000C1212C9
:108C0000120C000000000000000F1212120E0207EA
:108C100000000000001C1212121C1038000000009E
:108C2000001B06020207000000000000001E020CEC
:108C3000101E000000000004041E0404041C0000B8
:108C400000000000001B1212123C00000000000097
:108C5000001B0A0A04040000000000000015150EA5
:108C60000A0A000000000000001B0A040A1B0000A2
:108C700000000000003312120C0804030000000082
:108C8000001E0804041E000018080808080C080844
:108C9000080818000808080808080808080808084C
:108CA0000604040404080404040406001609000071
:108CB00000000000000000000000000000000000B4
:108CC000000000000000000000000008080808087C
:108CD000080800001818000000486C24120000006A
:108CE00000000000000000000000002424247F1287
:108CF00012127F12121200000000081C2A2A0A0C0D
:108D00001828282A2A1C08080000002225151515F5
:108D10002A585454542200000000000C1212120A67
:108D200076252911916E000000060604030000005C
:108D3000000000000000000000402010100808089B
:108D40000808081010204000000204080810101045
:108D500010101008080402000000000008086B1C36
:108D60001C6B08080000000000000000080808084C
:108D70007F08080808000000000000000000000054
:108D800000000000060604030000000000000000D0
:108D9000FE000000000000000000000000000000D5
:108DA0000000000006060000000080404020201067
:108DB0001008080404020200000000182442424285
:108DC0004242424224180000000000080E08080831
:108DD00008080808083E00000000003C424242200B
:108DE00020100804427E00000000003C424220188F
:108DF00020404042221C0000000000203028242493
:108E000022227E20207800000000007E0202021A4A
:108E100026404042221C0000000000382402021AB2
:108E200026424242241800000000007E2222101038
:108E300008080808080800000000003C42424224DC
:108E400018244242423C00000000001824424242E2
:108E500064584040241C0000000000000000181866
:108E600000000000181800000000000000000008CA
:108E70000000000000080804000000402010080462
:108E800002040810204000000000000000007F00E5
:108E900000007F0000000000000000020408102015
:108EA00040201008040200000000003C42424640FE
:108EB00020101000181800000000001C225A555500
:108EC00055552D42221C00000000000808181414FB
:108ED000243C224242E700000000001F2222221E02
:108EE00022424242221F00000000007C4242010157
:108EF00001010142221C00000000001F22424242E8
:108F000042424242221F00000000003F4212121E55
:108F100012120242423F00000000003F4212121EA5
:108F200012120202020700000000003C222201018E
:108F300001712122221C0000000000E7424242424F
:108F40007E42424242E700000000003E0808080856
:108F500008080808083E00000000007C10101010EF
:108F6000101010101010110F0000007722120A0EBE
:108F70000A121222227700000000000702020202F9
:108F800002020202427F00000000007736363636C9
:108F90002A2A2A2A2A6B0000000000E346464A4A91
:108FA00052525262624700000000001C22414141BF
:108FB00041414141221C00000000003F4242424228
:108FC0003E020202020700000000001C2241414153
:108FD00041414D53321C60000000003F4242423E7E
:108FE0001212222242C700000000007C424202040A
:108FF00018204042423E00000000007F4908080857
:1090000008080808081C0000000000E7424242422D
:1090100042424242423C0000000000E74242222419
:1090200024141418080800000000006B494949493D
:109030005555362222220000000000E74224241861
:109040001818242442E7000000000077222214149C
:1090500008080808081C00000000007E21201010ED
:1090600008040442423F0000007808080808080885
:10907000080808080808780000000202040408082C
:109080000810102020204040001E1010101010105A
:109090001010101010101E000038440000000000D6
:1090A00000000000000000000000000000000000C0
:1090B00000000000000000FF0006080000000000A3
:1090C0000000000000000000000000000000003C64
:1090D0004278444242FC0000000000030202021AEF
:1090E00026424242261A000000000000000000381C
:1090F0004402020244380000000000604040407812
:109100004442424264D80000000000000000003CDD
:10911000427E0202423C0000000000F08808087E07
:1091200008080808083E0000000000000000007C5D
:1091300022221C023C42423C000000030202023A8E
:109140004642424242E700000000000C0C00000EC4
:1091500008080808083E0000000000303000003811
:10916000202020202020221E000000030202027284
:10917000120A1612227700000000000E08080808E4
:1091800008080808083E0000000000000000007FFA
:109190009292929292B70000000000000000003B03
:1091A0004642424242E70000000000000000003C4E
:1091B00042424242423C0000000000000000001B0E
:1091C00026424242221E02070000000000000078F2
:1091D00044424242447840E0000000000000007732
:1091E0004C040404041F0000000000000000007C88
:1091F00042023C40423E0000000000000008083EE1
:1092000008080808083000000000000000000063A3
:109210004242424262DC000000000000000000E721
:10922000422424140808000000000000000000EBA5
:109230004949555522220000000000000000007638
:1092400024181818246E000000000000000000E739
:109250004224241418080807000000000000007EC3
:1092600022100808447E000000C02020202020108A
:10927000202020202020C0001010101010101010EE
:109280001010101010101010000608080808081020
:1092900008080808080806000C32C2000000000098
:1092A00000000000000000000000000000000000BE
:1092B00000000000000000000000000000000000AE
:1092C000000000000000000000000000000000009E
:1092D000000000000000000000000000000000008E
:1092E000600060006000600060006000600040009E
:1092F000200020002000000000000000600060004E
:109300006000000000000000000000006006600631
:1093100030039801880044000000000000000000B5
:10932000000000000000000000000000000000003D
:10933000000000000000000000000000000000002D
:109340001002100210021002FE07FE0708020801B8
:10935000080108010801FE07FE07040104010401D9
:1093600004010000000000000000000000004000B8
:109370004000F00158034C03CC034C00580070002F
:10938000E000C001C00140034C035C034C034801F2
:10939000F00040004000000000000000000000005D
:1093A0000E010A01910091009100510051003A0014
:1093B000AE03A00250045004480448044804840248
:1093C0008403000000000000000000000000000016
:1093D00038006C006C006C006C006C002C0098076E
:1093E0001C011A01330133016301E300C308C609FC
:1093F0003C07000000000000000000000C001C0002
:109400001000100008000400000000000000000030
:10941000000000000000000000000000000000004C
:109420000000000000000000000000000004000236
:10943000000180008000400040002000200020004B
:10944000200020002000200040004000800080001C
:1094500000010002000400000000000002000400FF
:1094600008001000100020002000400040004000D4
:10947000400040004000400020002000100010008C
:1094800008000400020000000000000000000000CE
:10949000000000004000C0004000460C4E0FD0010C
:1094A000F0015E0F460C400040004000000000004C
:1094B00000000000000000000000000000000000AC
:1094C000000000000000400040004000400040005C
:1094D000FE0F40004000400040004000000000003F
:1094E000000000000000000000000000000000007C
:1094F000000000000000000000000000000000006C
:109500000000000000000000000000000C001C0033
:10951000100010000800040000000000000000001F
:10952000000000000000000000000000000000003B
:10953000FE07000000000000000000000000000026
:10954000000000000000000000000000000000001B
:10955000000000000000000000000000000000000B
:109560000000000000000000000000001C001C00C3
:109570001C000000000000000000000000040006C5
:109580000002000300010001800080004000400054
:1095900060002000200010001000080008000C00EF
:1095A00004000600020000000000000000000000AF
:1095B0000000F00098010C030C03060606060606E0
:1095C000060606060606060606060C030C039801A8
:1095D000F00000000000000000000000000000009B
:1095E000000040007C0060006000600060006000DF
:1095F000600060006000600060006000600060006B
:10960000FC0300000000000000000000000000005B
:109610000000F800840102030603060300030001B2
:109620008001C00060002000100008020402060251
:10963000FE03000000000000000000000000000029
:1096400000007800C6008601860180018001C0000C
:109650007000800100010003000306030603860179
:10966000F800000000000000000000000000000002
:10967000000080018001C001A001A00190018801CB
:10968000880184018201FE0F800180018001800138
:10969000E0070000000000000000000000000000E3
:1096A0000000FC0304000400040004000400F400B3
:1096B0008C010403000300030603060382018401F6
:1096C000F8000000000000000000000000000000A2
:1096D0000000E00118030C030C0004000600E60182
:1096E00016030E0606060606060604060C021803F6
:1096F000F00000000000000000000000000000007A
:109700000000F8070C0604020401000100018000BB
:109710008000400040004000600060006000600089
:1097200060000000000000000000000000000000D9
:109730000000F8010C030606060606060C021C03D0
:10974000F000C8010C0306060606060606060C0312
:10975000F001000000000000000000000000000018
:109760000000F0000C010C030602060606060606C1
:1097700006078C0678060006000300030C018C0126
:109780007800000000000000000000000000000061
:10979000000000000000000000000000E000E00009
:1097A000E00000000000000000000000E000E00019
:1097B000E0000000000000000000000000000000C9
:1097C00000000000000000000000000060006000D9
:1097D0000000000000000000000000000000600029
:1097E0006000400020002000000000000000000099
:1097F000000400020001800040002000100008006A
:109800000400080010002000400080000001000259
:109810000004000000000000000000000000000044
:10982000000000000000000000000000FE07000033
:1098300000000000FE070000000000000000000023
:109840000000000000000000000000000000000018
:109850000400080010002000400080000001000209
:1098600000040002000180004000200010000800F9
:1098700004000000000000000000000000000000E4
:109880000000E0031806040C040C0C0C0C0C000780
:10989000800140004000400000000000E000E000C7
:1098A000E0000000000000000000000000000000D8
:1098B000E00018030C02CC0564056605A605B60495
:1098C000B604B604B604B602E4010C040C02180394
:1098D000F000000000000000000000000000000098
:1098E0000000600060005000D000900090008800F0
:1098F00088010801F80104030403040202020206BD
:109900000F0F000000000000000000000000000039
:109910000000FE008C030C030C030C030C038C01F1
:10992000FC000C030C020C060C060C060C060C03C7
:10993000FE01000000000000000000000000000028
:109940000000E00318030C060C04040406000600E3
:10995000060006000600060006040C040C021803AC
:10996000F000000000000000000000000000000007
:1099700000007F008C010C030C030C060C060C0687
:109980000C060C060C060C060C060C030C038C01D2
:109990007F00000000000000000000000000000048
:1099A0000000FF0306030604060406008600860086
:1099B000FE008600860086000600060406040602F5
:1099C000FF03000000000000000000000000000095
:1099D0000000FF0306030604060406008600860056
:1099E000FE008600860086000600060006000600CF
:1099F0001F00000000000000000000000000000048
:109A00000000F00018010C020C020402060006001F
:109A100006000600C60F060306030C030C0318031A
:109A2000F000000000000000000000000000000046
:109A300000000F0F060606060606060606060606C0
:109A4000FE070606060606060606060606060606BD
:109A50000F0F0000000000000000000000000000E8
:109A60000000FC03600060006000600060006000B7
:109A700060006000600060006000600060006000E6
:109A8000FC030000000000000000000000000000D7
:109A90000000F807C000C000C000C000C000C00047
:109AA000C000C000C000C000C000C000C000C000B6
:109AB000C000C60066003C0000000000000000007E
:109AC0000000CF038601C6004600260016003600BF
:109AD0002E006E004600C6008600860106010603C1
:109AE0008F070000000000000000000000000000E0
:109AF00000001F0006000600060006000600060023
:109B0000060006000600060006000604060406021B
:109B1000FF03000000000000000000000000000043
:109B200000000707860386038E038E034E034E0351
:109B30004A035A035A033A0332033203320312032D
:109B40008707000000000000000000000000000087
:109B500000008E0F0C021C021C023402340264024C
:109B600064024402C40284028403840304030403E1
:109B70001F020000000000000000000000000000C4
:109B80000000F00098010C030C020606060606060B
:109B9000060606060606060606060C020C039801D3
:109BA000F0000000000000000000000000000000C5
:109BB0000000FF0006030606060606060606060661
:109BC0008603FE00060006000600060006000600EA
:109BD0001F00000000000000000000000000000066
:109BE0000000F00098010C030C02060606060606AB
:109BF000060606060606060676064C02CC03980103
:109C0000F0008007000300000000000000000000DA
:109C10000000FF0106030606060606060606060302
:109C2000FE004600C60086008601060306030606FF
:109C30000F0E000000000000000000000000000007
:109C40000000F8020C030602060206000E003C00AB
:109C5000F800E003800300070206020606060C0374
:109C6000F001000000000000000000000000000003
:109C70000000FE0762046108610860006000600087
:109C800060006000600060006000600060006000D4
:109C9000F8010000000000000000000000000000CB
:109CA00000001E070C020C020C020C020C020C023B
:109CB0000C020C020C020C020C020C020C02180129
:109CC000F0000000000000000000000000000000A4
:109CD00000000F070602040104010C010C018800BA
:109CE000880098009800500050007000300020005C
:109CF0002000000000000000000000000000000044
:109D00000000F70E62044204460446046402640242
:109D1000E402E4029C029C019801980188018800F9
:109D200088000000000000000000000000000000AB
:109D300000009E070C01080118019000B0006000AF
:109D4000200060006000D00090008801080104033A
:109D50008E0700000000000000000000000000006E
:109D600000000F0F060404020C0208011801B800DD
:109D7000B000700060006000600060006000600083
:109D8000F8010000000000000000000000000000DA
:109D90000000FC070C020603020180018000400065
:109DA0004000200020001000180008040C040402E9
:109DB000FE0300000000000000000000E00320009F
:109DC0002000200020002000200020002000200093
:109DD0002000200020002000200020002000200083
:109DE00020002000E0030000000000000000000050
:109DF00004000400080008001000100010002000FB
:109E0000200040004000C0008000800000010001F0
:109E10000002000200020004000000007C0040007C
:109E20004000400040004000400040004000400032
:109E30004000400040004000400040004000400022
:109E4000400040007C00000000006000900008011D
:109E50000000000000000000000000000000000002
:109E600000000000000000000000000000000000F2
:109E700000000000000000000000000000000000E2
:109E800000000000000000000000000000000000D2
:109E900000000000000000000000000000000000C2
:109EA000000000000000FF0F00000000180060002C
:109EB00000000000000000000000000000000000A2
:109EC0000000000000000000000000000000000092
:109ED0000000000000000000000000000000000082
:109EE000000000000000000000000000F0010C0372
:109EF0000C030003E0031C030E03060306038E0B92
:109F00007C0E0000000000000000000000000000C7
:109F100008000E000C000C000C000C00CC013C03EF
:109F20001C060C060C060C060C060C060C021C0388
:109F3000E40100000000000000000000000000003C
:109F4000000000000000000000000000F0008C0194
:109F50008C01860106000600060006020C020C01B8
:109F6000F000000000000000000000000000000001
:109F70000002C003000300030003000378038C0306
:109F80000C030603060306030603060304038C07FB
:109F90007801000000000000000000000000000048
:109FA000000000000000000000000000E0011803B5
:109FB00008020C060C06FC070C000C001804180222
:109FC000E0010000000000000000000000000000B0
:109FD0000000C0036006300630003000FE01300093
:109FE00030003000300030003000300030003000F1
:109FF000FC01000000000000000000000000000064
:10A00000000000000000000000000000F007D8067B
:10A010008C018C018C019801F8000C00FC00CC0331
:10A02000060306038E03F800000000000000000095
:10A0300008000E000C000C000C000C00EC011C03CE
:10A040000C030C030C030C030C030C030C030C0398
:10A050009E0700000000000000000000000000005B
:10A060000000600060000000000040007C00600014
:10A0700060006000600060006000600060006000E0
:10A08000FC030000000000000000000000000000D1
:10A090000000C001C001000000000001F0018001CB
:10A0A00080018001800180018001800180018001A8
:10A0B00080018001CC007C00000000000000000056
:10A0C00008000E000C000C000C000C008C038C002F
:10A0D0008C004C006C005C008C008C010C010C03AB
:10A0E0009E070000000000000000000000000000CB
:10A0F00040007C0060006000600060006000600064
:10A10000600060006000600060006000600060004F
:10A11000FC03000000000000000000000000000040
:10A120000000000000000000000000003707EE06FD
:10A1300066066606660666066606660666066606BF
:10A14000FF0F000000000000000000000000000001
:10A15000000000000000000000000000EE011C03F1
:10A160000C030C030C030C030C030C030C030C0377
:10A170009E0700000000000000000000000000003A
:10A18000000000000000000000000000F000980146
:10A190000C03060606060606060606060C030C0356
:10A1A000F0000000000000000000000000000000BF
:10A1B000000000000000000000000000EE011C0391
:10A1C0000C060C060C060C060C060C060C031C03F5
:10A1D000EC010C000C003E0000000000000000003C
:10A1E00000000000000000000000000078028C0366
:10A1F0000C030603060306030603060304038C038D
:10A20000780300030003C007000000000000000006
:10A210000000000000000000000000009F0358063E
:10A220003806180018001800180018001800180048
:10A23000FF0000000000000000000000000000001F
:10A24000000000000000000000000000F0031C03FC
:10A250000C020C023800F000C003040304038C035A
:10A26000FC010000000000000000000000000000F1
:10A27000000000002000200030003000FE0130000F
:10A28000300030003000300030003000300230024A
:10A29000E0010000000000000000000000000000DD
:10A2A0000000000000000000000008028E030C0304
:10A2B0000C030C030C030C030C030C030C039C0792
:10A2C0007801000000000000000000000000000015
:10A2D0000000000000000000000000001E070C024B
:10A2E0000801080118019000B000B0006000600093
:10A2F000200000000000000000000000000000003E
:10A30000000000000000000000000000F70E6204E2
:10A31000460464026402EC029C01980198019801D1
:10A320000800000000000000000000000000000025
:10A33000000000000000000000000000BC07180141
:10A340001001B00060006000E00090000801080308
:10A350009E07000000000000000000000000000058
:10A360000000000000000000000000009E0708013F
:10A370000801080190009000B000600060006000DB
:10A380002000200024001C0000000000000000004D
:10A39000000000000000000000000000FC0184013B
:10A3A000C4004400600020003000180208020C03C2
:10A3B000FC0100000000000000000000000380001D
:10A3C00080008000800080008000800080004000CD
:10A3D000200040008000800080008000800080001D
:10A3E000800080000003000040004000400040006A
:10A3F000400040004000400040004000400040005D
:10A40000400040004000400040004000400040004C
:10A410004000400040004000000000000C00100020
:10A42000100010001000100010001000100020009C
:10A43000400020001000100010001000100010005C
:10A44000100010000C00000000001C002204C204D8
:10A450008003000000000000000000000000000079
:10A4600000000000000000000000000000000000EC
:10A4700000000000000000000000000000000000DC
:10A4800000000000000000000000000001FFFF00CD
:10A4900000FFFF000082040000820400008204002C
:10A4A0000082040000820400008204000082040094
:10A4B0003FFFFFF81FFFFFFC1082040C0082040C1A
:10A4C0000082040C0082040C0082040C0082040C44
:10A4D0000082040C0082040C01FFFE0C00FFFE0C45
:10A4E0000000000C0000001C000001FC000000083F
:10A4F000000000000000000000000000000000025A
:10A5000000000004000000180000007000000FC8E8
:10A510000FFFFF080FFF800808000008080100086F
:10A5200008010008080100080801000808010008E7
:10A5300008010008080100080BFFFFF809FFFFF8F9
:10A540000981000808010008080100080801100836
:10A550000801180808010E08080307C8180303C8F3
:10A560003801000818000018080000180000000852
:10A5700000000000000000000000000000000000DB
:10A5800000100200000C0200000F033C080707FC4B
:10A5900006001F800780700203038004000C000483
:10A5A0000030001802000030020407E00207FF80BC
:10A5B000020E4000021600000264000032C4800255
:10A5C0001F847FFC1E84400002040000020400007F
:10A5D000020400000224FFFC021C7FEC020E0004B7
:10A5E0000607000406000004020000FC0000001C36
:10A5F0000000000800000000000000000000000053
:10A6000001000180010001C0010001800100018002
:10A61000010003000100030001FFFE0001FFFE0234
:10A6200001000404010004040100040803000818E8
:10A630000310081001100860001000C00010018015
:10A6400000100F000010FC103FFFE0101FF8000882
:10A65000101000080010000C0010000E0010000C7C
:10A66000001001FC001FFFF0003FE00000100000A0
:10A6700000000000000000000000000000000000DA
:10A6800000000100020011000240390002603100A8
:10A6900002306100023C4100021081000201010011
:10A6A000020C3100021C3100023C71000268B10052
:10A6B00033C9A1001F8B3FFE1E0E2FFC020C210090
:10A6C0000238A1000270610002207900020431000A
:10A6D00002090100021881000230C1000260C100BD
:10A6E000062071000200330000000300000001009A
:10A6F000000000000000000000000000000000005A
:10A70000000000000000000200000004000000083B
:10A71000000002080FF847100890E7300890C66064
:10A720000890CAE008914BC008914A480892520824
:10A730000896520C089C640E0FF467FC089047F8CA
:10A740000890C40008908400089184000891A480B7
:10A75000089014C008901C4008900C601FF80E3040
:10A76000080007380000001C000000000000000086
:10A7700000000000000000000000000000040000D5
:10A780000004000000040000000400002004000099
:10A79000100400100C0FFFF80F04003807000060D1
:10A7A000000000C00004018000040200000400005A
:10A7B0000004000000040000000400000004000089
:10A7C000000400003FFFFFFE1FFFFFFC100400001D
:10A7D0000004000000040000000400000004000069
:10A7E00000040000000C0000000C00000004000049
:10A7F0000000000000000000000000000000000059
:10A8000000000000000000000000000001FFFF0049
:10A8100000FFFF00008204000082040000820400A8
:10A820000082040000820400008204000082040010
:10A830003FFFFFF81FFFFFFC1082040C0082040C96
:10A840000082040C0082040C0082040C0082040CC0
:10A850000082040C0082040C01FFFE0C00FFFE0CC1
:10A860000000000C0000001C000001FC00000008BB
:10A8700000000000000000000000000000000000D8
:10A88000004000000070000000EFFFFE01A7FFFC89
:10A8900003244200062442001C24420818244208D3
:10A8A000102442080044420C0244420E01CFFFFC37
:10A8B00001E4000000F000000000000000000000C3
:10A8C0001FF87FF81FFE7FFC0846020C0082020C76
:10A8D0000082040C01820C0C0302180C0702380CD5
:10A8E0000202300C0006100C003E01FC00040008BF
:10A8F0000000000000000000000000000100000057
:10A9000001038300010F03000179020007C1020067
:10A910003F010200193FFFFE111FFFFE011104005D
:10A92000010304000305040001090400001FFFFEE9
:10A930000033FFFC0062220000D2220003A22204A6
:10A940000F13FFFE3C17FFFC18120000141000004C
:10A950000330000001F1FFC800D000080060000CC7
:10A960000030000E003BFFFC001A00000010000049
:10A9700000100000000000000000000000000000C7
:10A9800000000000000000000000000800011FFCA3
:10A9900001FF8FF801FF0008000100080001000816
:10A9A0000001000800010008000100080001000883
:10A9B000000100083FFFFFF81FFFFFF8100100082B
:10A9C0000001000800010008000100080001000863
:10A9D000000100080001000803FF800801FF9FFE3E
:10A9E00001000FFE00000800000000000000000051
:10A9F0000000000000000000000000000000000057
:10AA00000040200000403010004060080040600816
:10AA10000040400C0040C00E3FFFFFFC1FFFFFF84E
:10AA2000004100000041000000C2000000C2000020
:10AA300002400000020000000200000002000010BE
:10AA400002000008020000080200000E03FFFFFCE5
:10AA500003FFFFFC020000000200000002000000F3
:10AA600002000000060000000600000002000000D6
:10AA700000000000000000000000000000000000D6
:10AA800000010002040100040401000404010008A4
:10AA90000401001004010020040100C0040103802F
:10AAA00007FFFF0007FFF800040100000401000099
:10AAB0000401000004010000040100000401000082
:10AAC000040100000401000007FFFFFE07FFFFFC78
:10AAD0000401000004010000040100000C0100005A
:10AAE0001C0100000C030000040300000001000032
:10AAF0000000000000000000000000000000000056
:10AB000000004002000040020020400400204004F9
:10AB10000020400800204018002040101020402055
:10AB2000182040600E2040C007A0438003A04700CB
:10AB300000207C00003FF800003FC00000206000C3
:10AB400000E0580003A046003E2043801C2040C087
:10AB5000182040600020407000204038002040183D
:10AB60000060401C0060C00C0020C00C00004008C9
:10AB700000000000000000000000000000000000D5
:10AB8000000000000000000003FFFFFE03FFFFFCC9
:10AB90000100000020000100180801001E0802004A
:10ABA0000E08040000080800000810000408608077
:10ABB0000408C040040B8040040E007007FFFFE053
:10ABC00005FFFFC00488000004080000040800001E
:10ABD00004080008041800080408000C0408000E0B
:10ABE00007FFFFFE0FFFFFFC040000000000000055
:10ABF0000000000000000000000000000001000054
:10AC000000062000000C20000078200003C820006F
:10AC10003F0FFFF01D0FFFF81108203001082062E0
:10AC2000010820C20318608201082104000000040A
:10AC300008000004043FFF08071FFE0803D00010AF
:10AC400000100030001000E03FF3FF801FF3FE0013
:10AC500010110080005000400090004003100020C0
:10AC60000E3FFE300C1000380000001C0000000EEB
:10AC700000000000000000000000000000000000D4
:10AC80000040200000403010004060080040600894
:10AC90000040400C0040C00E3FFFFFFC1FFFFFF0D4
:10ACA000104180000041000000C1000000C200000F
:10ACB00000420000000000000000000000FFFFFC58
:10ACC00000FFFFF80080004000800040008000404E
:10ACD0000080004000800040008000400080004074
:10ACE00000FFFFFC01FFFFF80080000000000000F3
:10ACF0000000000000000000000000000000040050
:10AD00000100080001001000010030000100600097
:10AD10000100C0000103FFFE0103FFFC010E001053
:10AD2000011C00100170801003C080100F00801003
:10AD30003D00801011008010110080100100801073
:10AD4000017FFFF0013FFFF0010080100100801043
:10AD500001008010010080100100801001018010AE
:10AD6000030180100300803001000030000000105B
:10AD700000000000000000000000000000000000D3
:10AD8000020000000200000002003FFE02001FFE61
:10AD90000201100003FF900002FF9000028310C028
:10ADA000020310C0028511C0024512C022491CC016
:10ADB000324938801A31F0801E31D0800A715480B7
:10ADC00002D9128002CD1380020F1180020111C836
:10ADD000030110E802FF900802FF900C0200100E21
:10ADE00002003FFC06001FF0060000000200000009
:10ADF0000000000000000000000000000000000053
:10AE000000040830000E0C3000341E3000E43C20FA
:10AE10000384EC201F0588601C070840080C0840CC
:10AE20000038104400F0504400D050840010408896
:10AE3000001080080010801000108030001080206A
:10AE40003FFFF060101FFFC0002087C0002083E09C
:10AE5000082107700C210E3806211C1C07E1780C14
:10AE600000E3300E0063101E002300FE000100020C
:10AE700000000000000000000000000000000000D2
:10AE800000000008000000080000000800000008A2
:10AE90000000000800000008000000080000000892
:10AEA0000000000800000008000000080000000882
:10AEB0003FFFFFF81FFFFFF8100400080004000820
:10AEC0000004000800040008000400080004000852
:10AED0000004000800040008000C0008000C000832
:10AEE000000400080000001800000018000000081E
:10AEF0000000000000000000000000000000000250
:10AF0000000C000C00100030007FFFC001DFFC00CF
:10AF1000071088003E108800121FFFF8123FFFF054
:10AF200002D088000390880403108806003FFFFCCD
:10AF3000001000000004060008081A000810720043
:10AF40000833C20008E342000FC242000E00420074
:10AF5000082FFFFE0827FFFC0814420008184200D3
:10AF6000083842001FF0C20008004600000002003E
:10AF700000000000000000000801300222042278D6
:10AF800022042202A20263FE222222222222222262
:10AF9000222228023002000000003FFC2108210884
:10AFA00021083FFC00000800088008600802080132
:10AFB000FFFE080008000000000000000FF008205D
:10AFC000082008200820FFFF08200820082008206B
:10AFD0000FF00000000000000040404040404040B2
:10AFE000404041414141414040404040404040405C
:10AFF0004040404040404040400502020202020200
:10B00000020202020202020202202020202020204E
:10B010002020200202020202020290909090909062
:10B020001010101010101010101010101010101020
:10B030001010101002020202020288888888888894
:10B040000808080808080808080808080808080880
:10B05000080808080202020240000000D9AF0008F8
:10B0600049535F4E5649435F5355425F5052494FD3
:10B0700052495459284E5649435F496E6974537476
:10B08000727563742D3E4E5649435F495251436871
:10B09000616E6E656C5375625072696F7269747916
:10B0A0002900000049535F4E5649435F50524545C1
:10B0B0004D5054494F4E5F5052494F5249545928B0
:10B0C0004E5649435F496E69745374727563742DAB
:10B0D0003E4E5649435F4952514368616E6E656CFE
:10B0E000507265656D7074696F6E5072696F7269C8
:10B0F0007479290049535F55534152545F48415276
:10B1000044574152455F464C4F575F434F4E545250
:10B110004F4C2855534152545F496E6974537472B1
:10B120007563742D3E4861726477617265466C6F19
:10B1300077436F6E74726F6C2900000022443A32BC
:10B14000643133343938302D346439392D3439335E
:10B15000352D613461372D61646134616235633549
:10B160006366313A53222C2236616139643165308D
:10B17000666166646435323864623438220D0A00D0
:10B18000A0B100080000002084000000D078000872
:10B1900024B200088400002034660000E078000833
:10B1A00000E1F50532643133343938302D346439F7
:10B1B000392D343933352D613461372D6164613473
:10B1C00061623563356366310000000000010000F4
:10B1D000000000000000000000000000000000006F
:10B1E000000000000000000000000000000000005F
:10B1F000000000000000000000000000000000004F
:10B20000000000000000000000000000000000003E
:10B21000000000000000000000000000000000002E
:04B22000000000002A
:040000050800019955
:00000001FF
