:020000040800F2
:1000000058690020AD010008AD460008012E000827
:10001000853F000865110008E98200080000000023
:10002000000000000000000000000000BF01000808
:100030006711000800000000C3010008BD6200084D
:10004000C7010008C7010008C7010008C701000870
:10005000C7010008C7010008C7010008C701000860
:100060005D1A0008C7010008C7010008C7010008A1
:10007000C7010008C7010008C7010008C701000840
:10008000C7010008C7010008C7010008C701000830
:10009000C7010008C7010008C7010008C701000820
:1000A000C7010008C7010008C7010008C701000810
:1000B000C7010008C7010008C7010008C701000800
:1000C000C7010008C7010008C7010008C7010008F0
:1000D000C7010008C7010008B57600080D770008C1
:1000E000C7010008C7010008C7010008C7010008D0
:1000F000C7010008C7010008C7010008C7010008C0
:10010000C7010008C7010008C7010008C7010008AF
:1001100095760008C7010008BD6D0008C7010008FA
:10012000C7010008C7010008C7010008C70100088F
:10013000C7010008C7010008C7010008C70100087F
:10014000C7010008C7010008C7010008C70100086F
:10015000C7010008C7010008C7010008C70100085F
:10016000C7010008C7010008C7010008C70100084F
:10017000C7010008C7010008C7010008C70100083F
:10018000C7010008C7010008C7010008C70100082F
:10019000C7010008C7010008DFF80CD000F05AFBC7
:1001A00000480047799200085869002006488047B7
:1001B00006480047FEE7FEE7FEE7FEE7FEE7FEE74C
:1001C000FEE7FEE7FEE7FEE7C162000899010008CE
:1001D00040EA01039B0703D009E008C9121F08C0C9
:1001E000042AFAD203E011F8013B00F8013B521E49
:1001F000F9D27047D2B201E000F8012B491EFBD2C0
:1002000070470022F6E710B513460A460446194621
:10021000FFF7F0FF204610BD30B505462A460B46D5
:1002200012F8010B13F8014B08B1A042F8D01CB131
:10023000002802D06D1CF1E7284630BDCAB2401E2E
:1002400010F8011F8A4202D00029F9D1002070471E
:10025000421C10F8011B0029FBD1801A704770B5B1
:10026000064608F0B3F8046805460A220021304625
:1002700000F015F92C6070BD2DE9FE4F81EA0304F2
:1002800004F0004421F0004100944FF0000B23F0F3
:10029000004350EA01045ED052EA03045BD0C3F38A
:1002A0000A54C1F30A552C44A4F2F3340194A0FB80
:1002B0000254C1F3130141F48011C3F3130343F457
:1002C000801301FB024400FB034E840A970A44EAB0
:1002D000815447EA8357A4FB076802958D0A05FB02
:1002E00007854FEA932C04FB0C542705029D4FEA27
:1002F000065847EA1637B5EB08056EEB070C870E74
:10030000920E47EA811742EA8312A7FB0201B6EB7D
:100310000B0164EB00042B0D43EA0C335E1844EB35
:100320001C50DA465146E7FB0201C5F313044FEABD
:100330000B3343EA14534FEA0432019C43EA0603A9
:10034000A4F10C040294009CCDE900B400F0EEF896
:1003500003B0BDE8F08F00200146F9E70EB5C10FEC
:1003600080EAE0700844CA07002140F233438DE878
:100370000E000A460B4600F0D9F803B000BD0EB5DA
:1003800040F2334102910021CDE900110A460B46AB
:1003900000F0CCF803B000BDC1F30A5210B5C1F3B0
:1003A000130140F2FF3341F480119A4201DA002038
:1003B00010BD40F233439A42A2F2334203DC524270
:1003C00000F05DF810BD904010BD00F0004230F02C
:1003D00000400AD0C10D01F56071C0F3160042EA79
:1003E0000151C20840071143704700200146704781
:1003F00030B50B46014600202022012409E021FAF5
:1004000002F59D4205D303FA02F5491B04FA02F5F1
:100410002844151EA2F10102F1DC30BD2DE9F05F88
:100420000546002092469B46884606468146402463
:100430001BE0284641464746224600F020F8534636
:100440005A46C01A914110D311461846224600F070
:1004500013FA2D1A67EB01084F46224601200021AE
:1004600000F00AFA17EB00094E41201EA4F1010426
:10047000DFDC484631462A464346BDE8F09F202A45
:1004800004DB203A21FA02F00021704721FA02F33E
:10049000D040C2F1200291400843194670472DE92F
:1004A000F04791460F4680460446002614F8015B4B
:1004B0002DB100F003FA0068405DC007F6D12B2D86
:1004C00002D02D2D18D0641E4A463946204600F031
:1004D000F9F927B13968A14201D1C7F80080710547
:1004E0004FF002040BD54042002803DD07F06EFFF9
:1004F0000460A007BDE8F08746F48066E4E70028C2
:10050000F8DA07F063FF04606FF00040F2E710B51F
:10051000141E73F1000408DA401C41F10001921826
:100520005B411A4301D120F0010010BD2DE9F04DCF
:1005300092469B4611B1B1FA81F202E0B0FA80F224
:100540002032904600F098F904460F4640EA0A002F
:1005500041EA0B0153465A46084313D0114653EA69
:10056000010019D0C8F140025046FFF788FF054648
:100570000E4650465946424600F07EF9084305D0E3
:10058000012004E020463946BDE8F08D00200543F7
:1005900046EAE0762C4337430A986305E40AA0EB69
:1005A00008000022FD0A44EA47540A3002D5002020
:1005B0000146E9E7010510196941DDE9084500191F
:1005C0006941BDE8F04DA2E72DE9FE4F804681EA82
:1005D0000300C00F0C46009021F0004123F00045BD
:1005E000B8EB0200A94105D24046214690461C4680
:1005F0000B46024623F00040104347D0270DC7F3B7
:100600000A00C3F30A510290401A019040286BDAA5
:10061000C3F3130040F4801B0098924620B10023DE
:10062000D2EB030A63EB0B0B01985946C0F1400271
:10063000504600F021F906460D4650465946019AAB
:1006400000F029F910EB08006141002487EA1152FB
:1006500084EAE7731A4340D0009A62B3019A012AF0
:100660004FEA075215DC001B61EB02014FF000421C
:1006700002EA0752CDE90042001C41F580113246E2
:100680002B46FFF753FF03B0BDE8F08F40462146ED
:10069000F9E7001B61EB0201001C41F58013001813
:1006A0005B412018A2F5001747EB030140EAD57023
:1006B000B6196D4111E06D084FEA360645EAC0757E
:1006C0004FEA0752001B61EB0201001C41F580114B
:1006D00049084FEA30000019514132462B4603B019
:1006E000BDE8F04FFFF713BF009801224000002340
:1006F000D0EB020263EBE073009821464FEAE0740E
:10070000B8EB000061EB0401E9E783F000435BE72D
:1007100081F0004158E72DE9F04D81EA030404F02F
:10072000004B21F0004514464FF0000A23F0004131
:1007300050EA050220D054EA01021DD0C5F30A5741
:100740000246C5F31303C1F31300C1F30A5640F484
:10075000801543F48013A7EB0608101BD64608F259
:10076000FD3873EB050002D308F1010801E092188F
:100770005B41B8F1000F03DA00200146BDE8F08DBF
:1007800000204FF48011064684460EE0171B73EBE1
:10079000050705D3121B63EB050306434CEA010C66
:1007A00049084FEA300092185B4150EA0107EDD149
:1007B00052EA030012D082EA040083EA05010843EA
:1007C00005D0101BAB4106D20122002306E0002217
:1007D0004FF0004302E06FF0010253101AEB0600E5
:1007E0004CEB085110EB0A0041EB0B01BDE8F04D5A
:1007F000FFF78DBEC1F30A52C1F3130140F2FF337C
:1008000041F480119A4202DA00200146704740F21A
:1008100033439A42A2F2334202DC5242FFF72FBE28
:1008200000F02AB830B5041E71F1000404DB4FF06B
:100830000044404264EB0101141E73F1000405DB27
:100840001C464FF00043524263EB0403994208BF39
:10085000904230BD064C074D06E0E06840F00103D1
:1008600094E8070098471034AC42F6D3FFF798FCA1
:100870003CBD00085CBD0008202A04DB203A00FAD9
:1008800002F1002070479140C2F1200320FA03F3E7
:10089000194390407047202A06DBCB17203A41FAD3
:1008A00002F043EAE07306E041FA02F3D040C2F1FD
:1008B00020029140084319467047000000487047E5
:1008C000FCBB00082DE9F05F824600780027154642
:1008D0008B460AF10104B946302801D09DB113E0DE
:1008E00014F8010B0127782803D0582801D045B10E
:1008F0000AE00DB1102D07D10027102514F8010BC7
:1009000002E0082500E00A250026B0460EE005FBBF
:10091000080005FB06F1012701EB10461FFA80F8DD
:10092000B6F5803F00D3B94614F8010B294600F014
:1009300018F80028EBDABBF1000F05D00FB1641EE8
:1009400000E05446CBF80040B9F1000F06D007F0A4
:100950003DFD02210160C81EBDE8F09F48EA064047
:10096000FAE73A2800D2303820F02002412A01D399
:10097000A2F13700884201D34FF0FF30704770B5C5
:100980008C1810F8015B15F0070301D110F8013B3A
:100990002A1106D110F8012B03E010F8016B01F8C1
:1009A000016B5B1EF9D12B0705D40023521E0DD419
:1009B00001F8013BFAE710F8013BCB1A921C03E067
:1009C00013F8015B01F8015B521EF9D5A142D8D39F
:1009D000002070BDF8B54FF40050ADF800001025B0
:1009E0000E4E8DF8035001248DF8024069463046C2
:1009F00001F02CFF2103ADF800108DF803508DF8A5
:100A000002406946304601F021FF6103304602F0A2
:100A100031F92103304602F02DF9F8BD000C0140F8
:100A200070B5C0F307110E2202EAD10200F00F00E8
:100A300001F00F0142F0A00440EA011502F09CFB16
:100A400004F0FE0002F05AFB02F0E4FB284602F03C
:100A500055FB02F0DFFB02F08FFB44F0010002F0D7
:100A60004DFB02F0D7FB002002F0CAFA044602F068
:100A7000ADFB44F6206008F0A1F9204670BD70B5CA
:100A800002460E46C0F307100E2101EAD00102F023
:100A90000F0200F00F0041F0A00442EA001502F03E
:100AA0006BFB204602F02AFB02F0B4FB284602F062
:100AB00025FB02F0AFFB304602F020FB02F0AAFB60
:100AC00002F084FBBDE8704044F6206008F076B97F
:100AD00070B51D4C0025607B10B1012813D010E0CB
:100AE0002079401C207103F0CBFD0C2117A007F0EA
:100AF000DFFB64216570194A0F2007F021FC0120FB
:100B00006073002070BD03F0AFFD002808BF70BD0A
:100B1000134E306804F04EFA01461248326801F074
:100B200095FA11A10F48FFF777FB00281EBF6573E8
:100B3000012070BD20790A2898BF6573E1D925711D
:100B40006573022070BD00004000002041542B510D
:100B5000494143543D310D0A00000000A146000800
:100B60003C0000200C1100204F4B00000146064ABB
:100B700009780020135C994208BF7047401CC0B23E
:100B80000A28F7D370470000D69300082DE9F0013A
:100B90004FF0000C002A88BF154C24D911F81C60B6
:100BA000002314F80380464504BF1D072D0E5B1C6F
:100BB000DBB2102BF5D301EB4C060023767814F84A
:100BC0000380464508BF03F00F075B1CDBB2102B08
:100BD000F5D345EA070300F80C300CF101031FFAC6
:100BE00083FC9445DAD3BDE8F0015008704700005B
:100BF000D693000838B5044600200090042C18BF96
:100C0000082C54D00C2C18BF102C50D0142C18BF0A
:100C1000182C4CD01C2C18BF202C48D0242C18BFCA
:100C2000282C44D0402C18BF442C40D0482C18BF4E
:100C30004C2C3CD0502C18BF542C38D0582C18BFFA
:100C40005C2C34D0602C18BF642C30D0682C18BFBA
:100C50006C2C2CD0702C18BF742C28D0782C18BF7A
:100C60007C2C24D0802C18BF842C20D0882C18BF3A
:100C70008C2C1CD0902C18BF942C18D0982C18BFFA
:100C80009C2C14D0A02C18BFA42C10D0A82C18BFBA
:100C9000AC2C0CD0B02C18BFB42C08D0B82C18BF7A
:100CA000BC2C04D0C62205A112A007F0F1FF04F16C
:100CB000804000F5D8400090008838BD2E2E5C663C
:100CC00069726D776172655C6E3332673435785F57
:100CD0007374645F7065726970685F647269766569
:100CE000725C7372635C6E3332673435785F626B4B
:100CF000702E630049535F424B505F444154284279
:100D00004B505F444154290038B5044600200D463D
:100D10000090042C18BF082C54D00C2C18BF102C99
:100D200050D0142C18BF182C4CD01C2C18BF202CC1
:100D300048D0242C18BF282C44D0402C18BF442C59
:100D400040D0482C18BF4C2C3CD0502C18BF542CF1
:100D500038D0582C18BF5C2C34D0602C18BF642CB1
:100D600030D0682C18BF6C2C2CD0702C18BF742C71
:100D700028D0782C18BF7C2C24D0802C18BF842C31
:100D800020D0882C18BF8C2C1CD0902C18BF942CF1
:100D900018D0982C18BF9C2C14D0A02C18BFA42CB1
:100DA00010D0A82C18BFAC2C0CD0B02C18BFB42C71
:100DB00008D0B82C18BFBC2C04D0B32205A113A0B6
:100DC00007F066FF04F1804000F5D8400090056010
:100DD00038BD00002E2E5C6669726D776172655CAD
:100DE0006E3332673435785F7374645F706572692F
:100DF00070685F6472697665725C7372635C6E338F
:100E000032673435785F626B702E630049535F42FE
:100E10004B505F44415428424B505F444154290099
:100E20002DE9F0415C4C8188A1808179A171B0F8F5
:100E300001102180C178A170B0F807102181417A9A
:100E4000A1724189A181017BA173B0F80D102182AB
:100E5000C17BA174018AA182817CA175B0F81310B5
:100E60002183407DA0766068FFF789FA9FED4C1BD7
:100E700053EC112BFFF700FAFFF78EFA04F11C0573
:100E800086B22E802068FFF77AFA9FED471B53EC5D
:100E9000112BFFF7F1F9FFF77FFA07466860E0686A
:100EA000B0F5000F03DBC043401CC0F31600FFF792
:100EB00055FA9FED3F1B53EC112BFFF7DDF9FFF7C0
:100EC0006BFA80B200EE100A28813D4BB8EE401A52
:100ED00000EE106AB8EE400AC1EE000A00EE107A89
:100EE000B8EE400A80EE801A9FED330A61EE000AE8
:100EF0009FED320A60EE800AFCEEE00A10EE900AE6
:100F00002874206959680844586019469A68C96865
:100F1000904203D3821A1144D96006E06FF07F4CEF
:100F2000ACEB020202441144D9600022C3E9012063
:100F30000D291AD300EE901A9FED221AE968F8EEF7
:100F4000600A60EE810A20EE800ABCEEC00A10EE54
:100F5000100A0844E860010C0820DA6003F00AFB7C
:100F6000A88981B2092003F005FB2988042003F039
:100F700001FB15496868A1FB0010C0F3CF010520F3
:100F800003F0F8FA2989072003F0F4FA297CBDE878
:100F9000F041062003F0EEBA2C0C00200000000007
:100FA0009FE74A621B81103FCD2D44350B4E903F89
:100FB00056B7DD7835487A3F0000C84200007A44D1
:100FC0002C000020EDF8433ACDCCCCCC08B507A0DE
:100FD0000068009006480178012918BF08BD00216B
:100FE00001700221684607F0CDF808BD58AA00003C
:100FF0002C000020084808B50068009007480178D8
:10100000012905D1002101700221684607F0BAF8D4
:10101000BDE8084007F0D2B8EC0F00082C00002013
:1010200038B50220ADF8000010208DF80300012033
:10103000104C8DF802006946204601F007FC0221A1
:10104000204601F0ADFD0221204601F013FE4FF4D1
:10105000FA7007F0A7FE0221204601F0A1FD40F63C
:10106000B83007F09FFE044A4FF47A71042007F06D
:1010700067F938BD000801407D5F000838B507F00A
:10108000C7FE07F043F90124ADF8004010258DF8A4
:1010900003508DF802406946224801F0D7FB224AEE
:1010A0001E21022007F04CF903F06CFF07F0A6FFA9
:1010B00007F0E0FE07F060FF03F0F9FA04F0C0FF6C
:1010C000FFF7AEFF08F082F82003ADF800008DF8BE
:1010D0000350164D8DF802406946284601F0B6FBD4
:1010E0002103284601F05CFDADF8004048218DF851
:1010F00003106946284601F0A9FB05F081FA04F0C7
:1011000079FF04F009FAFFF765FC00F0A5FE02F094
:10111000E3FB08F00DF805F045FEBDE8384004A0FB
:1011200007F030B900100140F5190008000801402F
:1011300048656C6C6F20576F726C64210D0A00005B
:10114000074910B50120487002F090FCFFF752FFEC
:1011500008F03AF806F01CFABDE8104000F06BBF4A
:1011600016000020FEE7704770B584B000254CF2F1
:10117000186428B301281CBF04B070BD1026CDE947
:1011800000464FF61F0300220C21E820029505F0CF
:1011900035FCCDE900464FF61F0301220C21F82053
:1011A000029505F02BFCCDE900464FF61F03022205
:1011B0000C214FF48470029505F020FC04B070BD42
:1011C0001820CDE90040002303A20C210295E8205D
:1011D00005F08CFD04B070BD202020200000000030
:1011E00070B5002484B020254CF21866E8B10128BF
:1011F0001CBF04B070BD012002F020FC0096CDE9B8
:1012000001544FF478431422C021E02005F0F6FB8E
:101210000096CDE901544FF478430F22C0214FF4DA
:10122000807005F0EBFB04B070BD002002F006FCFE
:101230000096CDE901544FF4FC631522C021E02053
:1012400005F0DCFB0096CDE901544FF4FC630F225E
:10125000C0214FF4807005F0D1FB04B070BD70B5B3
:10126000002484B020254CF21866E0B101281CBF90
:1012700004B070BD012002F0EDFB0096CDE90154F1
:101280004FF4FC6311224021E02005F0B7FB0096EB
:10129000CDE9015440214FF4FC631322880005F08E
:1012A000ADFB04B070BD002002F0D4FB0096CDE988
:1012B00001544FF4784312224021E02005F09EFBB8
:1012C0000096CDE9015440214FF478431322880061
:1012D00005F094FB04B070BD70B5002484B02025E7
:1012E0004CF21866E0B101281CBF04B070BD0120AB
:1012F00002F0EAFB0096CDE901544FF4FC630B22A7
:10130000C021582005F07AFB0096CDE901544FF436
:10131000FC630C22C021782005F070FB04B070BD86
:10132000002002F0D1FB0096CDE901544FF4784340
:101330000D22C021582005F061FB0096CDE9015433
:101340004FF478430E22C021782005F057FB04B0FB
:1013500070BD000000000000F0B5854A18252DED95
:10136000028B87B05078834F401CC0B20024824962
:1013700050704CF21866072880F0F880DFE800F023
:10138000F604273845767E00CDE9004602953A8876
:1013900004230821002005F04FFCCDE9004602950A
:1013A000BA78022308213C2005F046FCCDE900462E
:1013B0000295FA7802230821602005F03DFCCDE972
:1013C0000046029501230821FA79CC2017E0CDE9E7
:1013D000004602953A7902230821842005F02CFC6E
:1013E000CDE900460295022308217A79A82006E07B
:1013F000CDE9004602950A88042340213CE005F02F
:101400001BFC07B0BDEC028BF0BD4868642820D3FC
:1014100000EE100AB8EE400ADFED580A20EE200A6E
:1014200010EE100AFEF7D1FF41EC100B54A153EC63
:10143000102B06A806F0B6FF0096CDE90154002354
:1014400006AA6021642005F051FC07B0BDEC028BB8
:10145000F0BD0096CDE9015400234BA26021642029
:1014600005F044FC07B0BDEC028BF0BDCDE90046B1
:1014700002950A89062380215820C0E7C868002801
:1014800066D04249A1FB002149096FF0180251437F
:1014900010EB81019FED3E8B24D03F49A1FB002141
:1014A000C908494201EB810110EB410135D0FEF73B
:1014B00066FF53EC182BFEF7DFFE41EC100B37A153
:1014C00053EC102B03A806F06DFF0096CDE90154F4
:1014D000002303AAA021642005F008FC07B0BDEC9E
:1014E000028BF0BDFEF74BFF53EC182BFEF7C4FE4A
:1014F00041EC100B22A153EC102B03A806F052FF75
:101500000096CDE90154002303AAA021642005F030
:10151000EDFB07B0BDEC028BF0BDFEF730FF53ECE6
:10152000182BFEF7A9FE41EC100B1EA153EC102B5B
:1015300003A806F037FF0096CDE90154002303AA63
:10154000A021642005F0D2FB07B0BDEC028BF0BDFA
:101550000096CDE9015400230BA2A021642005F0E0
:10156000C5FB07B0BDEC028BF0BDFFE75470F8E798
:101570005900002020000020480C00206F12833A00
:10158000252E316600000000300000001F85EB5161
:10159000FCA9F1D24D62503FCDCCCCCC252E336688
:1015A00000000000252E3266000000000000000050
:1015B0002DE9F0412DED028B88B04CF2186400212A
:1015C000F0234FF4A0720846009404F0F2FF4FF4A9
:1015D0007840302300904FF4A0721946002004F0A8
:1015E00089FF0025EE4FCDE90054182602963A886F
:1015F00004230821284605F01FFBCDE900460023FF
:10160000E8A208213020029505F070FBCDE90054D6
:101610000296BA78022308213C2005F00DFBCDE9A3
:1016200000460023DFA208215420029505F05EFB4E
:10163000CDE900540296FA7802230821602005F0D3
:10164000FBFACDE9005402963A790223082184205E
:1016500005F0F2FACDE900460023D3A208219C2030
:10166000029505F043FBCDE9005402967A790223F6
:101670000821A82005F0E0FACDE900540296FA7995
:1016800001230821CC2005F0D7FA042002F040FF06
:10169000FFF76AFDCDE900460023C4A208214FF4FC
:1016A0009170029505F022FB20270023CDE9004729
:1016B0001A4640211846029505F0A0F9CDE90047E9
:1016C0000023012240212020029505F097F9CDE961
:1016D000004640210023B4A20846029505F006FB0F
:1016E000DFF8CC82CDE900540296B8F8002004233C
:1016F0004021582005F0A0FACDE900460023ADA214
:101700004021A020029505F0F1FACDE900474FF401
:10171000784312224021E020029505F06FF9CDE9CF
:10172000004740214FF4784313228800029505F0CA
:1017300065F90023CDE900471A4660211846029555
:1017400005F05CF9CDE9004700230222602120204A
:10175000029505F053F9CDE90046002392A26021DD
:101760004020029505F0C2FAD8F8040064281DD381
:1017700000EE100AB8EE400ADFED8F0A20EE200AD4
:1017800010EE100AFEF721FE41EC100B8BA153EC7A
:10179000102B06A806F006FECDE90046002306AA97
:1017A00060216420029505F0A1FA08E0CDE9004629
:1017B000002384A260216420029505F097FACDE908
:1017C0000046002341226021A020029505F08EF9F9
:1017D000CDE900470023032280211846029505F039
:1017E0000DF9CDE900470023042280212020029535
:1017F00005F004F9CDE9004600236BA280214020CA
:10180000029505F073FACDE900540296B8F8082065
:1018100006238021582005F00FFACDE90046002369
:1018200069A28021D020029505F060FACDE9004739
:1018300000230722A0211846029505F0DFF8CDE924
:10184000004700230822A0212020029505F0D6F8A9
:10185000CDE90046002354A2A0214020029505F0C6
:1018600045FAD8F80C0000285DD05849A1FB0021AA
:1018700049096FF01802514310EB81019FED548B21
:1018800021D05549A1FB0021C908494201EB810142
:1018900010EB41012FD0FEF772FD53EC182BFEF731
:1018A000EBFC41EC100B4DA153EC102B03A806F000
:1018B00079FDCDE90046002303AAA021642002950A
:1018C00005F014FA38E0FEF75AFD53EC182BFEF73A
:1018D000D3FC41EC100B39A153EC102B03A806F0FC
:1018E00061FDCDE90046002303AAA02164200295F2
:1018F00005F0FCF920E0FEF742FD53EC182BFEF753
:10190000BBFC41EC100B37A153EC102B03A806F0E5
:1019100049FDCDE90046002303AAA02164200295D9
:1019200005F0E4F908E0CDE90046002325A2A02156
:101930006420029505F0DAF9CDE9004600232BA2D8
:10194000A0214FF48070029505F0D0F9CDE9004751
:1019500000230922C0211846029505F04FF8CDE971
:10196000004700230A22C0212020029505F046F8F6
:10197000CDE9004600230CA2C0214020029505F0CD
:10198000B5F9012002F0C4FDFFF7A6FC022002F029
:10199000BFFDFFF725FC08B0BDEC028BBDE8F08170
:1019A000200000202F0000003A0000003447000013
:1019B000480C0020560000006F12833A252E316635
:1019C0000000000030000000570000001F85EB51B0
:1019D000FCA9F1D24D62503FCDCCCCCC252E336644
:1019E00000000000252E3266000000004B572F48F3
:1019F0000000000010B5174CE07868B12179164856
:101A000000294FF0010102D001F034F901E001F0AA
:101A1000C7F82079C043207120890021B0F57A7F72
:101A200028BF21810CD2401C0004000C208107D06B
:101A3000A0F54072E73A02BF60780028E17000E04C
:101A40006170AFF24F021E21BDE81040022006F087
:101A500077BC0000160000200010014010B50420E3
:101A600000F028F8002808BF10BD07F05BFBBDE8B8
:101A700010400420AFF3008010B50446800D00D163
:101A80002CB940F20112034903A007F001F90848FC
:101A9000046010BDDCBC000849535F455854495FE1
:101AA0004C494E4528455854495F4C696E6529009C
:101AB0001404014070B500250446012818BF022C0B
:101AC0003AD0042C18BF082C36D0102C18BF202C6C
:101AD00032D0402C18BF802C2ED0B4F5807F18BF98
:101AE000B4F5007F28D0B4F5806F18BFB4F5006F4F
:101AF00022D0B4F5805F18BFB4F5005F1CD0B4F5F8
:101B0000804F18BFB4F5004F16D0B4F5803F18BF12
:101B1000B4F5003F10D0B4F5802F18BFB4F5002FF6
:101B20000AD0B4F5801F18BFB4F5001F04D0EB2213
:101B3000074908A007F0ACF80D4800680D4920409F
:101B4000096821421CBF00280125284670BD0000FD
:101B5000DCBC000849535F4745545F455854495F12
:101B60004C494E4528455854495F4C696E652900DB
:101B7000000401401404014010B504460079002817
:101B800018BF042804D073222F4930A007F080F832
:101B9000607908281CBF0C28102804D074222A4918
:101BA00035A007F075F82068810D00D120B97522A5
:101BB00025493DA007F06CF8A079002818BF01283E
:101BC00004D07622204943A007F062F8A1794E485C
:101BD000002930D00168226891430160001D01682E
:101BE000226891430160207900F1804000F5823045
:101BF00001682268114301604449086822689043E3
:101C000008600A1D106823689843106060791028E6
:101C100008D000F1804000F582300168226811434D
:101C2000016010BD086823681843086010682168C7
:101C30000843106010BD207900F1804000F582302B
:101C4000016822689143EBE7DCBC000849535F451B
:101C50005854495F4D4F444528455854495F496E93
:101C600069745374727563742D3E455854495F4DC1
:101C70006F6465290000000049535F455854495F6F
:101C80005452494747455228455854495F496E695F
:101C9000745374727563742D3E455854495F547281
:101CA000696767657229000049535F455854495F69
:101CB0004C494E4528455854495F496E69745374E0
:101CC000727563742D3E455854495F4C696E6529A1
:101CD0000000000049535F46554E4354494F4E4162
:101CE0004C5F535441544528455854495F496E69E7
:101CF000745374727563742D3E455854495F4C6932
:101D00006E65436D64290000000401400804014031
:101D1000001DFEF7B4BE2DE9F0475FEA0108074653
:101D20004FF000041ABF4FF017094FF0180ABDE832
:101D3000F087E519E8B202F001FC010A3E1909EB4F
:101D40004600FEF79CFEE8B202F0F8FBC1B20AEBD7
:101D50004600FEF794FE601CC4B2A045E9D8BDE879
:101D6000F08710B500211720FEF789FE0121182009
:101D7000FEF785FE00211920FEF781FE00211A20C2
:101D8000FEF77DFE25211B20FEF779FE80211C2019
:101D9000FEF775FE01211D20FEF771FE0E211E20AB
:101DA000FEF76DFE00211F20FEF769FEB421202002
:101DB000FEF765FE1F212120FEF761FE4021222053
:101DC000FEF75DFE00212320FEF759FE1E21242090
:101DD000FEF755FE00212520FEF751FE502126205A
:101DE000FEF74DFE44212720FEF749FEC0212820A2
:101DF000FEF745FE00212920FEF741FE3F212A2063
:101E0000FEF73DFE00213120FEF739FE022132208F
:101E1000FEF735FE00213320FEF731FEFF2134208E
:101E2000FEF72DFE00213520FEF729FE0021362089
:101E3000FEF725FE00213720FEF721FE7F21382006
:101E4000FEF71DFE17213920FEF719FE3B21BDE8E4
:101E500010403A20FEF713BEF8B500246D46204628
:101E6000FEF7DEFD2855601CC4B2042CF7D39DF8A4
:101E7000000018251726A12804BF9DF80100582846
:101E800007D19DF80200592804BF9DF80300A2283D
:101E900041D0A1210020FEF7F2FD58210120FEF7DC
:101EA000EEFD59210220FEF7EAFDA2210320FEF7F4
:101EB000E6FD00218F20FEF7E2FD00219020FEF7D5
:101EC000DEFD00219120FEF7DAFD00219220FEF7D1
:101ED000D6FD00F079F800210420FEF7D0FD0121A5
:101EE0000520FEF7CCFD00210620FEF7C8FD0121EC
:101EF0000720FEF7C4FD00210820FEF7C0FDFFF714
:101F000030FF00F061F80024201DFEF789FD012854
:101F100033D088B33AE000F057F80024201DFEF7D4
:101F20007FFD012801D028B108E00121204602F000
:101F30000BFB03E00021204602F006FB601CC4B24C
:101F4000052CEBD3012002F0E3FA04F023F800247F
:101F500005EB4400FEF764FD074606EB4400FEF780
:101F60005FFD07EB002081B2204602F009FB601CF8
:101F7000C4B2212CECD3F8BD04E00121204602F0CC
:101F8000E3FA03E00021204602F0DEFA601CC4B24E
:101F9000052CB9D3012002F0BBFA03F0FBFF0024AB
:101FA00005EB4400FEF73CFD074606EB4400FEF758
:101FB00037FD07EB002081B2204602F0E1FA601CF9
:101FC000C4B2212CECD3F8BD10B58F20FEF728FD4C
:101FD00004069020FEF724FD04EB00449120FEF758
:101FE0001FFD04EB00249220FEF71AFD2044064C4E
:101FF000010CE060082002F0BDFAA089BDE81040A5
:1020000081B2092002F0B6BA480C002010B50021B8
:102010008F20FEF734FD00219020FEF730FD0021D7
:102020009120FEF72CFD00219220FEF728FDBDE84F
:102030001040FFF7C9BF10B502F028FD01F05CFDAC
:1020400002F052FCBDE8104002F0BCBC00230029A5
:1020500098BF7047F0B40026D2E902C4644508BFB7
:1020600034460BD01468556814F80C400CF1010C80
:102070009CFBF5F705FB17CCC2F808C0C4545B1CE9
:102080008B42E9D3F0BC704770B50C46050018BF11
:10209000012D0ED0022D18BF032D0AD0042D1CBF18
:1020A000052D062D05D040F247321FA12DA006F0C8
:1020B000EFFD002C18BF012C21D0022C18BF032CDF
:1020C0001DD0042C18BF052C19D0062C18BF072CC6
:1020D00015D0082C18BF092C11D00A2C18BF0B2CB6
:1020E0000DD00C2C18BF0D2C09D00E2C18BF0F2CA6
:1020F00005D04FF452720CA124A006F0C9FDA00730
:10210000010F0F2000FA01F224F0030000F18040DB
:1021100000F58030836823EA02028260826805FA53
:1021200001F11143816070BD2E2E5C6669726D777E
:102130006172655C6E3332673435785F7374645FE7
:102140007065726970685F6472697665725C7372DB
:10215000635C6E3332673435785F6770696F2E6306
:102160000000000049535F4750494F5F45585449AC
:102170005F504F52545F534F5552434528506F7232
:1021800074536F75726365290000000049535F47FF
:1021900050494F5F50494E5F534F55524345285069
:1021A000696E536F757263652900000070B50D4646
:1021B0000446012818BF022C00F0E081042C18BF4F
:1021C000082C00F0DB81A4F5A01010381CBFA4F58A
:1021D000A010B0F1300000F0D181A4F5B01040386B
:1021E0001CBFA4F5B010B0F1C00000F0C781A4F589
:1021F000C010B0F580701CBFA4F5C010B0F5007021
:1022000000F0BC81A4F5C010B0F540701CBFA4F56F
:10221000C010B0F5023000F0B181A4F5C010B0F5E7
:10222000033018BFB4F5805F00F0A881B4F5E91F52
:1022300018BFB4F5EA1F00F0A181B4F5EB1F18BF79
:10224000B4F5004F00F09A816FF40010C4421CBF37
:10225000A4F50010B0F1020000F09081A4F5001088
:10226000001F1CBFA4F50010B0F1080000F086812B
:10227000A4F5001010381CBFA4F54010B0F5807014
:1022800000F07C81A4F54010B0F500701CBFA4F5EF
:102290004010B0F5806000F07181FB4884421CBFA3
:1022A0006FF08040C44200F06981F84884421CBF4E
:1022B000F748844200F06281F64884421CBFF64829
:1022C000844200F05B81F54884421CBFF44884429C
:1022D00000F05481F34884421CBFF348844200F06C
:1022E0004D81F24884421CBFF148844200F046818F
:1022F000F04884421CBFF048844200F03F81A4F1C2
:102300008040B0F5F2101CBFA4F18040B0F5F4108D
:1023100000F03481A4F18040B0F5F6101CBFE7480E
:10232000844200F02B81E64884421CBFE548844289
:1023300000F02481A4F18040B0F190701CBFE2480D
:10234000844200F01B81E14884421CBFA4F180401C
:10235000B0F1846000F01281DD4884421CBFDD488A
:10236000844200F00B81DC4884421CBFDB4884427D
:1023700000F00481DA4884421CBFDA48844200F04D
:10238000FD80D94884421CBFD848844200F0F680C2
:10239000D74884421CBFD748844200F0EF80D6481B
:1023A00084421CBFD548844200F0E880D44884426F
:1023B0001CBFD448844200F0E180A4F18040B0F515
:1023C00079101CBFA4F18040B0F57B107ED0CE48C0
:1023D00084421CBFCD48844278D0CD4884421CBF83
:1023E000CC48844272D0CC4884421CBFCB48844243
:1023F0006CD0CB4884421CBFCA48844266D0CA48CD
:1024000084421CBFC948844260D0C94884421CBF72
:10241000C84884425AD0C84884421CBFC748844236
:1024200054D0C74884421CBFA4F10050B0F580507E
:102430004CD0A4F10050B0F580401CBFA4F1005076
:10244000B0F5004042D0BF4884421CBFBE48844221
:102450003CD0BE4884421CBFBD48844236D0BD48F3
:1024600084421CBFBC48844230D0BC4884421CBF5C
:10247000BB4884422AD0BB4884421CBFBA4884422D
:102480007CD0A4F5001080381CBFA4F5B010B0F1CA
:10249000800073D0A4F1815080381CBFA4F181501A
:1024A000B0F140006AD0A4F1815020381CBFA4F1E3
:1024B0008150B0F1100061D0A4F1815008381CBFE8
:1024C000A4F18150B0F1040058D000E056E0A4F12E
:1024D0008150801E1CBF6FF08150C4424ED0A4F1C9
:1024E0008050B0F500401CBFA4F18050B0F5804092
:1024F00044D0A4F18050B0F5005018BFB4F1102FB3
:102500003CD0A4F18050B0F500601CBFA4F1805015
:10251000B0F5806032D0A4F18050B0F500701CBFDF
:10252000A4F18050B0F5807028D0A4F1805080389C
:102530001CBFA4F18050B0F140001FD0A4F1805026
:1025400020381CBFA4F18050B0F1100016D0A4F1C7
:10255000805008381CBFA4F18050B0F104000DD0A9
:10256000A4F18050801E1CBF6FF08050C44205D083
:1025700040F27A227DA18CA006F08AFB002D18BFC4
:10258000012D05D040F27B2278A18DA006F080FBC2
:10259000924A14F0004F18BFD0691ED090491FFA1C
:1025A00084FC04EA0106C4F340510B01A1B2994036
:1025B000B6F5401F21D014F4801F24D014F4001F5E
:1025C0004FF00303C4F3034603FA06F318BF1B04DA
:1025D000984314F0E04F52D11EE114F0804F18BF21
:1025E000106ADBD114F0005F18BF506AD6D114F026
:1025F000805F14BF906A5068D0E7536820F0706025
:1026000023F07063FAE014F0807F25D014F0040FFB
:102610001AD014F0007F20EA01000ED035B15368C3
:1026200043F0010343F070635360F8E0516821F018
:10263000010141F070615160F2E0536823F0010341
:1026400043F070635360E9E04CF0040C0CFA03F3C0
:102650009843002DEAD0E2E714F0806F11D014F017
:10266000080F0FD014F0007F20EA01000BD03DB11D
:10267000536843F0080343F070635360CFE0CDE04C
:10268000B0E0C5E0BCE0B4E000040080020011400E
:102690000600114020001440300014404000164055
:1026A000C0001640000218400003184000041A4001
:1026B000000C1A4000101C4000301C40010030404B
:1026C0000200304003003040040020410400204359
:1026D0000800204408002046100034402000344008
:1026E000300034404000364080003640C000364064
:1026F000000238400003384000043A40000C3A40E1
:1027000000103C4000303C4001001020020010202E
:102710000300102004001220080012200C001220D8
:10272000100014203000142040001620C000162095
:1027300000011820000218200003182000041A20AD
:10274000000C1A200100202002002020040020207C
:1027500008002020100034203000342040002020C9
:102760008000202000012020000220202E2E5C6608
:1027700069726D776172655C6E3332673435785F8C
:102780007374645F7065726970685F64726976659E
:10279000725C7372635C6E3332673435785F677076
:1027A000696F2E630000000049535F4750494F5F37
:1027B00052454D415028526D7050696E29000000FD
:1027C00049535F46554E4354494F4E414C5F535415
:1027D00041544528436D6429000000000000014079
:1027E00000003070516821F0080141F070615160C3
:1027F00016E0536823F0080343F0706353600DE064
:102800004CF0080C0CFA03F39843002DEAD02FE7A4
:10281000884314F0E04F01D140F0706005B10843E7
:1028200014F0004F1CBFD06170BD14F0804F1CBF6E
:10283000106270BD14F0005F1CBF506270BD14F0D8
:10284000805F14BF9062506070BD00002DE9F041C0
:1028500004460026A0F180400D46B0F584301CBF30
:10286000A4F18040B0F586301CD0A4F18040B0F5D2
:1028700088301CBFA4F18040B0F58A3012D0A4F19A
:102880008040B0F58C301FBFA4F18040B0F58E3091
:10289000A4F18040B0F5903004D0BE223FA14EA0FC
:1028A00006F0F6F9E878002818BF042810D0282888
:1028B00018BF48280CD0142818BF102808D01C288E
:1028C00018BF182804D0BF2234A14AA006F0E0F9AE
:1028D000288820B9C02231A151A006F0D9F9E878A2
:1028E00000F00F0710F0100F0FD0A878002818BFC5
:1028F000022808D0012818BF032804D0C72227A126
:1029000050A006F0C5F9A878074328784FF00F0CBF
:1029100010F0FF0F4FF0010318BF216819D02A886B
:1029200003FA06F0024082420FD1B2000CFA02F81C
:1029300021EA080107FA02F21143EA78282A08BFBF
:10294000606102D0482A08BF2061761C082EE6D3B9
:1029500021602888FF2886BF62680020BDE8F081DA
:1029600000F108012E8803FA01F10E408E420FD1CA
:1029700086000CFA06F822EA080207FA06F6324345
:10298000EE78282E08BF6161EE78482E08BF2161DD
:10299000401C0828E4D36260BDE8F0812E2E5C66FE
:1029A00069726D776172655C6E3332673435785F5A
:1029B0007374645F7065726970685F64726976656C
:1029C000725C7372635C6E3332673435785F677044
:1029D000696F2E630000000049535F4750494F5F05
:1029E000414C4C5F504552495048284750494F7818
:1029F0002900000049535F4750494F5F4D4F444500
:102A0000284750494F5F496E6974537472756374F7
:102A10002D3E4750494F5F4D6F646529000000000F
:102A200049535F4750494F5F50494E284750494FDF
:102A30005F496E69745374727563742D3E50696E8C
:102A40002900000049535F4750494F5F53504545A7
:102A500044284750494F5F496E69745374727563D7
:102A6000742D3E4750494F5F5370656564290000DF
:102A700070B505460026A0F180400C46B0F58430C4
:102A80001CBFA5F18040B0F586301DD0A5F1804077
:102A9000B0F588301CBFA5F18040B0F58A3013D066
:102AA000A5F18040B0F58C301FBFA5F18040B0F596
:102AB0008E30A5F18040B0F5903005D040F229125B
:102AC0001BA12AA006F0E4F8012C18BF022C28D084
:102AD000042C18BF082C24D0102C18BF202C20D078
:102AE000402C18BF802C1CD0B4F5807F18BFB4F5E3
:102AF000007F16D0B4F5806F18BFB4F5006F10D00A
:102B0000B4F5805F18BFB4F5005F0AD0B4F5804F0C
:102B100018BF052C05D04FF4957205A11AA006F038
:102B2000B7F8A868204218BF0126304670BD0000E3
:102B30002E2E5C6669726D776172655C6E333267EA
:102B40003435785F7374645F7065726970685F6450
:102B500072697665725C7372635C6E3332673435AA
:102B6000785F6770696F2E630000000049535F470C
:102B700050494F5F414C4C5F50455249504828479F
:102B800050494F782900000049535F4745545F473B
:102B900050494F5F50494E2850696E29000000008F
:102BA00070B50446A0F180400D46B0F584301CBFDE
:102BB000A4F18040B0F586301DD0A4F18040B0F57E
:102BC00088301CBFA4F18040B0F58A3013D0A4F146
:102BD0008040B0F58C301FBFA4F18040B0F58E303E
:102BE000A4F18040B0F5903005D04FF4C57206A135
:102BF00014A006F04DF82DB940F28B1202A118A0D6
:102C000006F046F8656170BD2E2E5C6669726D77C0
:102C10006172655C6E3332673435785F7374645FFC
:102C20007065726970685F6472697665725C7372F0
:102C3000635C6E3332673435785F6770696F2E631B
:102C40000000000049535F4750494F5F414C4C5FC3
:102C5000504552495048284750494F7829000000B4
:102C600049535F4750494F5F50494E2850696E297C
:102C70000000000070B50446A0F180400D46B0F59C
:102C800084301CBFA4F18040B0F586301DD0A4F183
:102C90008040B0F588301CBFA4F18040B0F58A3088
:102CA00013D0A4F18040B0F58C301FBFA4F1804058
:102CB000B0F58E30A4F18040B0F5903005D040F2F0
:102CC000731206A114A005F0E3FF2DB94FF4BA72F8
:102CD00002A118A005F0DCFF256170BD2E2E5C66F8
:102CE00069726D776172655C6E3332673435785F17
:102CF0007374645F7065726970685F647269766529
:102D0000725C7372635C6E3332673435785F677000
:102D1000696F2E630000000049535F4750494F5FC1
:102D2000414C4C5F504552495048284750494F78D4
:102D30002900000049535F4750494F5F50494E28D2
:102D400050696E290000000010B582B0694600206D
:102D500002F05CFE01A9002002F0F2FDDFF898C04D
:102D60009DF800008CF804009DF801008CF8050027
:102D70009DF802008CF806009DF805108CF80210F2
:102D80009DF806308CF803309DF80720012902F5E4
:102D9000FA60ACF8000018BF022904D101F10C0060
:102DA000C1B202F2CF704A1C02EB420240F26764E9
:102DB00012FB04F203EB410100EB523211444AF2E0
:102DC000D73202FB002201EB9001A1EB92514FF4AC
:102DD000C872B0FBF2F00144084B08460022C3FB66
:102DE00001208210A2EBE070A0EBC0000844401C60
:102DF0008CF8070002B010BD2000002093244992F7
:102E000001A005F0BFFAFBE7766F696420486172A4
:102E1000644661756C745F48616E646C6572287697
:102E20006F6964290D0A000070B51D4DA8B0A8781F
:102E3000002804BF28B070BD0026AE70194A1AA140
:102E40001AA805F0AFFA1C480090431D00F11502C6
:102E50001AA101A805F0A6FA01A8FDF7F9F984B2B4
:102E60001AA8FDF7F5F982B201AB1AA90120009466
:102E700003F09AF92878401CC0B2287003283CBFA0
:102E800028B070BD2E70BFF34F8F0F4801680F4AF6
:102E900001F4E06111430160BFF34F8F00BFFDE714
:102EA000C8020020040000206D6F646275735F69C2
:102EB0006E666F2F25730000E816002025735F25CE
:102EC000735F2573000000000CED00E00400FA05BC
:102ED000044901208870AFF2070203490A2005F077
:102EE0002FBA0000C8020020989F0400024A03493C
:102EF0000A2005F025BA0000D12E0008989F040092
:102F000010B5B4B00E4A0FA127A805F04BFA11482E
:102F10000090431D00F115020FA101A805F042FA2F
:102F200001A8FDF795F984B227A8FDF791F982B2BF
:102F300001AB27A90120009403F036F934B010BD8D
:102F4000040000206D6F646275735F696E666F2F99
:102F500025730000E816002025735F25735F257335
:102F6000000000000848C178012918BF704710B55B
:102F70000021C17001F028FE002808BF10BDBDE887
:102F8000104001F03BBA0000C802002004490120B3
:102F9000C870AFF2070203490B2005F0D1B9000059
:102FA000C8020020C0D40100024A03490B2005F0EA
:102FB000C7B900008D2F0008C0D4010030B4002331
:102FC000002A88BFDFF834C011D9C45C01EB430587
:102FD0000CEB1414247801F81340C45C5B1C04F05F
:102FE0000F049BB21CF804406C709A42EDD84FF667
:102FF000FF7030BC00EA420070470000D693000822
:103000002DE9F84380464FF48057ADF80070042056
:10301000394E8DF80300002469463046FFF716FC50
:1030200000254FF400513046FFF7BAFD022005F0AD
:10303000C5FE4FF400513046FFF71CFE6006040E3B
:103040004FF480513046FFF713FD00281CBF601C71
:10305000C4B2012005F0B2FE681CC5B2082DE0D351
:1030600010254FF00109B8F1000F4FF40051304620
:1030700020D0FFF795FDADF800708DF803508DF866
:10308000029069463046FFF7E1FB29023046FFF720
:1030900087FD022005F092FE69023046FFF7EAFD47
:1030A000022005F08BFE69023046FFF779FD2046CD
:1030B000BDE8F883FFF774FDADF800708DF803509C
:1030C0008DF8029069463046FFF7C0FB4FF48051FF
:1030D0003046FFF7CFFD022005F070FE4FF400519F
:1030E0003046FFF7C7FD022005F068FE4FF400519F
:1030F0003046FFF755FDDAE7000C0140F8B505460C
:103100004FF48050ADF8000010208DF8030001202E
:10311000184E8DF8020069463046FFF797FB711490
:103120003046FFF73DFD002415F0800F4FF480512D
:10313000304602D0FFF79EFD01E0FFF731FD680643
:10314000050E022005F03AFE4FF400513046FFF71D
:1031500091FD022005F032FE4FF400513046FFF79A
:103160001FFD022005F02AFE601CC4B2082CDBD330
:10317000F8BD0000000C014038B54FF48050ADF8A8
:10318000000010208DF8030001200F4C8DF8020084
:1031900069462046FFF75AFBA1142046FFF76AFD57
:1031A00061142046FFF766FD022005F007FEA1141A
:1031B0002046FFF7F5FC022005F000FE61142046D2
:1031C000BDE83840FFF7ECBC000C014038B54FF4C7
:1031D0008050ADF8000010208DF8030001200C4C49
:1031E0008DF8020069462046FFF730FBA114204607
:1031F000FFF7D6FC61142046FFF73CFD022005F0E6
:10320000DDFDA1142046BDE83840FFF733BD0000C6
:10321000000C0140F8B54FF48056ADF80060042072
:10322000264D8DF80300002469462846FFF70EFB63
:10323000A9142846FFF71EFD012005F0BFFD691403
:103240002846FFF717FD012005F0B8FDA914284610
:10325000FFF70EFC50B3601CC4B2FA2C1FD9ADF8B6
:10326000006010208DF8030001208DF802006946EF
:103270002846FFF7EBFA4FF480512846FFF790FC01
:103280004FF400512846FFF7F5FC022005F096FDAB
:103290004FF480512846FFF7EDFC0120F8BD4FF4B4
:1032A00080512846FFF7E4FB0028D4D14FF40051A9
:1032B0002846FFF775FC0020F8BD0000000C014017
:1032C00010B4C268D0F804C0531C93FBFCF40CFB90
:1032D0001433D0F808C0634504BF10BC70470368BE
:1032E0009954C1684268491C91FBF2F302FB131127
:1032F000C16010BC704700002DE9F04F584D83B0FD
:103300000026A87B10B1012812D0A2E06879401CE9
:10331000687101F0B5F90A2152A004F0C9FFC82173
:103320006E70534A0F2005F00BF80120A87390E04F
:1033300001F09AF9002804BF03B0BDE8F08F4D4CAE
:10334000206801F037FE01464B482268FEF77EFEFA
:103350004AA14948FCF760FF002876D02C21464856
:10336000FCF76CFF00286CD0441C6E71801CFDF7CC
:10337000FDFB07462046FDF7F9FB00EB800007EB5D
:103380004000C0B210282CBF10380830C7B2201D32
:10339000E41CFDF7EBFB80462046FDF7E7FB00EB66
:1033A000800008EB400000F0FF08201DE41CFDF742
:1033B000DDFB81462046FDF7D9FB00EB800009EBE1
:1033C000400000F0FF092DA12B48FCF725FF00F17C
:1033D00008040930FDF7CAFB82462046FDF7C6FB0C
:1033E00000EB80000AEB400000F5FA600290201D1F
:1033F000E41CFDF7BBFB82462046FDF7B7FB00EB64
:1034000080000AEB400000F0FF0A04F1030B201DCE
:10341000FDF7ACFB04465846FDF7A8FB00EB800027
:1034200004EB4000C2B23B465146CDE90089029808
:1034300002F0E0FEAE73012003B0BDE8F08F04E0BF
:10344000FFE768790A2803D105E068790A2802D0E5
:10345000AE730020F0E76E71AE730220ECE700005F
:103460004000002041542B43434C4B3F0D0A0000C9
:10347000A14600083C0000200C1100202B43434CC7
:103480004B3A00002DE9F047C54F0024DFF81493B4
:10349000387CADF5C46D25464FF001082646092855
:1034A00080F07B81DFE800F005131F31A8B3C9F677
:1034B000F500F878012807BFFE70042087F8108017
:1034C0000DF5C46D18BFBDE8F08700F0B1B8F8790C
:1034D0006421401CF8717E70B34A0F2004F030FF65
:1034E000022000F0A5B801F0BFF800287CD001F060
:1034F000C7F81121ADA004F0DBFE64217E70AA4A5A
:103500000F2004F01DFF032092E001F0ADF8002829
:103510006AD0D9F8000001F04DFD0146A848D9F85D
:103520000020FEF793FDA7A1A548FCF775FE002833
:103530004BD0FE71A6A1A248FCF76EFE10300446E7
:1035400001782C2903D010F8011F2C29FBD1001B76
:10355000A0F10108C8216846FCF753FE4246214607
:103560006846FCF735FE04EB08009DA1FCF754FE0D
:10357000002800F01281841C81780DF5C1602C298F
:1035800006D04155691C8DB214F8011F2C29F8D1C1
:103590004655FCF764FE0546C8216846FCF731FE37
:1035A0002A46611C6846FCF713FE0E2D07D018D979
:1035B000A9B24FF00102684600F0E8FF11E00E21C9
:1035C0000022684600F0E2FF0BE086A17C48FCF791
:1035D00023FE002818BFFE7140F0DF80F879032831
:1035E00003D03E7400F0D9B823E0FE7187F8008064
:1035F000BE703E7400F0D1B8B8796421401CB87137
:103600007E70694A0F2004F09BFE052010E001F057
:103610002BF800280DD001F033F8082175A004F034
:1036200047FE64217E70604A0F2004F089FE062068
:1036300038740DF5C46DBDE8F08701F015F8002869
:1036400004BF0DF5C46DBDE8F087D9F8000001F0A6
:10365000B1FC01465A48D9F80020FEF7F7FC68A1F2
:103660005748FCF7D9FD38B310F8061F2C2904D0B1
:1036700010F8011F641C2C29FAD1DFF88C81712508
:10368000A0EB040A08F52379012C04D0022C14D0F5
:103690002DE065E02EE05046FDF768FAA5EB40000E
:1036A000C2B25AA10DF2DC5004F07CFE9DF8DC059C
:1036B00088F88C0289F8016019E00AF10100FDF731
:1036C00055FA04465046FDF751FA00EB800004EB32
:1036D0004000A5EB4000C2B24CA10DF2DC5004F05A
:1036E00061FEBDF8DC05A8F88C0289F802600720AD
:1036F00038749EE700F0C4FF0E2145A004F0D8FD09
:10370000798A474804F0D4FD022135A004F0D0FDA9
:10371000062144A004F0CCFDBA8A3CA10DF5BC60A2
:1037200004F040FE0DF5BC60FCF792FD81B20DF592
:10373000BC6004F0BDFD022138A004F0B9FDB98AD7
:103740003A4804F0B5FD032139A004F0B1FDFE7044
:10375000C8217E70144A0F2004F0F2FD082067E7AC
:1037600000F082FF00283FF464AFD9F8000001F0B8
:1037700021FC01461248D9F80020FEF767FC2DA174
:103780000F48FCF749FD00280ABFB879BE7103282D
:1037900003D1BE7187F80080BE703E7449E7000017
:1037A000400000203C000020A146000841542B4D61
:1037B000515454524541443D302C310D0A00000013
:1037C0000C1100202B4D515454524541443A0000F5
:1037D0002B4D515454524541443A20302C302C004A
:1037E000222C00002B434D45204552524F523A2087
:1037F0003630310041542B4353510D0A0000000074
:103800002B4353513A2000005C1400202564000033
:1038100041542B4D5154545055423D302C22000000
:103820005C0C0020302C302C302C0000240D0020AB
:10383000220D0A004F4B00002DE9F041214C224F90
:103840000025207A20B101281FD0022831D02DE098
:103850001E4EA570306801F0ADFB01461C48326871
:10386000FEF7F4FB00F00CFF4FF400413846FFF781
:1038700001FA4FF4FA716570164A0F2004F060FDEA
:10388000012020720020BDE8F08100F0EDFE68B15B
:103890004FF400413846FFF783F941F288316570F3
:1038A0000C4A0F2004F04CFD022020720020BDE8DD
:1038B000F08100F0D9FE00281CBF25720120BDE870
:1038C000F081000040000020000801403C00002082
:1038D0000C110020A146000838B54FF40040ADF8A7
:1038E000000010208DF803000120064C8DF8020026
:1038F00069462046FEF7AAFF4FF400412046FFF735
:10390000B9F938BD000801404B4810B5407C0B2880
:1039100028BF10BDDFE800F0061B29374957650DA9
:103920006F0D8400FFF788FF20B1012807D002281F
:1039300009D010BDBDE81040002005F0F5BC3E499F
:103940000120487410BD3C490020487410BD01F0AE
:10395000E1F9002808BF10BD012802D00228F2D0EA
:1039600010BD35480221417410BD01F083F90028D3
:1039700008BF10BD012802D00228E4D010BD2E4996
:103980000320487410BD01F025F9002808BF10BDC0
:10399000012806D0022818BF10BD00212648417416
:1039A00010BD25490420487410BDFFF7A5FC002870
:1039B00008BF10BD012802D00228C4D010BD1E4986
:1039C0000820487410BD02F099FB002808BF10BD04
:1039D000012802D00228B6D010BD1749062048742D
:1039E00010BDFDF775F8002808BF10BD0128E6D00E
:1039F0000228A8D010BD00F0E9F8002808BF10BDCB
:103A0000012802D002289ED010BD0B480A21417423
:103A100001218170FFF774FABDE81040FFF770BA1A
:103A200005480178012902D1002101704174BDE8E7
:103A30001040FFF727BD00004000002001000448AF
:103A40004FF0100101D0FFF7ABB8FFF713B900003A
:103A500000100140010004484FF0800101D0FFF741
:103A60009FB8FFF707B9000000080140144A10B5DD
:103A70001078144C01280CD1002010709178491C4A
:103A8000C9B2917001290FD0907020212046FFF714
:103A900087F805F0B1F900284FF0800120460AD0E0
:103AA000BDE81040FFF77CB8FFF74EF92021204613
:103AB000FFF7E0F8EDE7BDE81040FFF7DBB80000E6
:103AC0001600002000080140010004484FF00101E9
:103AD00001D0FFF765B8FFF7CDB80000000C01403A
:103AE000044901200870AFF207024FF47A7104F024
:103AF00027BC0000160000202DE9F0410B2000F04B
:103B000017FD0746092000F019FD0646012000F0C8
:103B1000FFFC2C4C002520B9A5710D2004F006FCFB
:103B20006570A17921B3012937D0022918BFBDE8FA
:103B3000F08147F004010B2000F01CFD0121002062
:103B400000F002FD16F0020F0FD0002002F022FA62
:103B50000021012000F0F8FC02210A2000F00AFDFB
:103B60000020FDF7B9FB00F049FCA571BDE8F0812C
:103B7000042000F0DDFC0546042000F0DFFC854257
:103B800088BFBDE8F0810120A071BDE8F0410E4A78
:103B900040F6B8310D2004F0D3BB6078012818BF7F
:103BA000BDE8F0816570042000F0C2FC06460420E8
:103BB00000F0C4FC86429CBF0220A071D5D8BDE8AD
:103BC000F0810000CC0200206D92000810B5A948D9
:103BD0008CB0C07B0A2833D2DFE800F005193547E6
:103BE00061A0BDDFFDFC00F04BFD1921A2A004F097
:103BF0005FFBA04C00204FF496716070A54A0F2027
:103C000004F09EFB0120E0730CB0002010BD00F01A
:103C10002BFD002804BF0CB010BD9F4C206801F0A4
:103C2000C9F901469D482268FEF710FA9CA19B48FD
:103C3000FCF7F2FA002800F016818E490220C873C2
:103C40000CB0002010BD00F01BFD1E2195A004F05B
:103C50002FFB884C00204FF4967160708D4A0F2026
:103C600004F06EFB032000F096B800F0FDFC002885
:103C700004BF0CB010BD884C206801F09BF90146D0
:103C800086482268FEF7E2F985A18448FCF7C4FA69
:103C9000002800F0E88077490420C873D0E700F0DE
:103CA000EFFC0F2187A004F003FBC621B820CDE96B
:103CB0000001EA23312287A102A804F073FB02A8C5
:103CC000FCF7C6FA81B202A804F0F2FA42F64832D2
:103CD00084A102A804F066FB02A8FCF7B9FA81B23D
:103CE00002A804F0E5FA02217FA004F0E1FA102115
:103CF0007E4804F0DDFA02217DA004F0D9FA1321F8
:103D00007CA004F0D5FA5B4C002041F28831607051
:103D1000604A0F2004F014FB05203CE000F0A4FCF6
:103D2000002804BF0CB010BD5B4C206801F042F9C4
:103D300001465A482268FEF789F973A15748FCF7F3
:103D40006BFA18B14B490620C87379E70F2174A0AC
:103D500004F0AEFA87E000F093FC1D2174A004F09B
:103D6000A7FA624A7AA102A804F01CFB02A8FCF799
:103D70006FFA81B202A804F09BFA052175A004F045
:103D800097FA3C4C002041F288316070414A0F2084
:103D900004F0D6FA0720E07352E700F065FC002833
:103DA00004BF0CB010BD3C4C206801F003F9014683
:103DB0003A482268FEF74AF939A13848FCF72CFA4C
:103DC000044666A13548FCF727FA002C18BF0028E6
:103DD00049D001E025E003E026490820C8732FE719
:103DE00000F04EFC1A2160A004F062FA3F4A58A18C
:103DF00002A804F0D7FA02A8FCF72AFA81B202A8B6
:103E000004F056FA052153A004F052FA194C002090
:103E100041F2883160701F4A0F2004F091FA0920A6
:103E2000B9E700F021FC002804BF0CB010BD1A4C0B
:103E3000206801F0BFF8014618482268FEF706F92D
:103E400017A11648FCF7E8F9044644A11348FCF70B
:103E5000E3F9002C18BF002805D006490020C873DC
:103E60000CB0012010BD03490020C8730CB0022023
:103E700010BD00004000002041542B4D51545443CC
:103E800046473D22636163686564222C302C310D06
:103E90000A000000A14600083C0000200C11002090
:103EA0004F4B000041542B4D5154544346473D2243
:103EB0006B656570616C697665222C302C3132300F
:103EC0000D0A000041542B4D515454434F4E4E3D6A
:103ED000302C220025642E25642E25642E25642294
:103EE0002C000000256400002C22000004000020AB
:103EF000222C00002275736572222C22302E313262
:103F000033343536220D0A002B4D5154545552434B
:103F10003A2022636F6E6E222C302C30000000009D
:103F200041542B4D515454444953433D300D0A00E4
:103F300041542B4D5154545355423D302C226D6FFA
:103F4000646275735F636F6E74726F6C2F00000034
:103F500025730000222C300D0A0000002B4D515417
:103F6000545355423A20300041542B4D5154545330
:103F700055423D302C226D6F646275735F74696DBC
:103F8000652F0000FEE700002DE9F047FF4E0024FA
:103F9000DFF8FC83B0889AB027460228C0F01F8261
:103FA000811E404604F0E2FEB0883278404410F8AA
:103FB000011C914240F0138210F8020C7178884283
:103FC00040F00D8298F8032098F8023006F1060AB6
:103FD00002EB032295B298F80010BAF8002098F886
:103FE00001008A4240F0FB8108F5FA79052854D097
:103FF0000BDC6F46012810D00522032800F07F81DA
:10400000042800F0B08100F0EAB9062800F00A8127
:10401000102800F0308100F0E2B9042D00F2DF81B9
:1040200098F8052098F8043002EB032292B2531955
:10403000052B00F2D4818DF800108DF80100D11D00
:1040400001200F2905D312F0070F14BF00EBD20097
:10405000D0088DF8020010F0FF0F1CBF7088E840F8
:104060000AD0E10020FA01F13A19D170611CCCB2FA
:104070009DF80210A142F4D89DF80200401DC4B280
:10408000A11E384604F072FE3819717800F8021C3F
:10409000317800F8011C00F063B998F8052098F811
:1040A0000430072D02EB032294B200F298818DF8C0
:1040B00000108DF80100280A8DF80200200A8DF802
:1040C00004008DF803508DF805400621684604F081
:1040D0004DFE70788DF8060030788DF80700082DB9
:1040E00028D2DFE805F0041751276D27737EB4F559
:1040F0007F4F40F0358105F023F9BFF34F8FA5487E
:104100000168A54A01F4E06111430160BFF34F8FDC
:1041100000BFFDE7022000F0FBF9002840F02081FD
:10412000032000F0F5F9012840F01A81B4F57F4F23
:1041300005D0BCB1002F40F0528100F011B9002031
:1041400000F0E6F9002840F00B810121084600F05C
:10415000FBF901210846FDF7DBFD012001F01AFF04
:1041600001200EE00021012000F0EEF900210120E5
:10417000FDF7CEFD0A20A9F81400002001F00AFF87
:104180000020FDF7A9F8EBE0B4F57F4F01D04CB16A
:1041900010E00121022000F0D7F901210220FDF7F3
:1041A000B7FD07E00021022000F0CEF90021022037
:1041B000FDF7AEFD022000F0ABF9FDF711F8CFE0FE
:1041C000B4F57F4F08BFFDF721FFC9E0B4F57F4F7D
:1041D0007DD10021084600F0B7F90020A9F81600AB
:1041E000BEE0B4F57F4F01D074B1B9E001210420E5
:1041F00000F0AAF901210420FDF78AFD042000F057
:1042000087F9FCF7B1FFABE00021042000F09CF936
:1042100000210420FDF77CFD042000F079F9FCF773
:10422000A3FF9DE098F8052098F80430212D02EBBB
:10423000032294B262D88DF800108DF80100280A8C
:104240008DF80200200A8DF80400EFB28DF803709B
:104250008DF805400621684604F088FD70788DF8D9
:10426000060030788DF8070000F0C8F82AF81540ED
:104270000121384640E098F8052098F80430212DB7
:1042800002EB032292B29CBFAB18222B36D8002A35
:104290000ED908EB440393F808C0DB790CEB032339
:1042A00004EB050C2AF81C30631CDCB2A242F0D8E7
:1042B0008DF800108DF80100280A8DF80200ECB28C
:1042C000100A8DF803408DF80400D5B200E047E0F5
:1042D0008DF8055098F806008DF80600072168460D
:1042E00004F044FD70788DF8070030788DF80800F0
:1042F00000F084F829462046FDF70DFD6FE098F8A0
:10430000053098F804C0212D03EB0C239BB29CBF11
:1043100003EB050CBCF1220F61D88DF800108DF86D
:10432000010058008DF80200281907EB44013AF803
:1043300010004FEA102C81F803C00871601CC4B251
:104340009C42F1D902EB4300C4B2A11E384604F0EE
:104350000DFD3819717800F8021C317800F8011C45
:1043600000F04CF83BE098F8053098F804C00D2DAB
:1043700003EB0C239BB29CBF05EB030CBCF10E0FAF
:104380002DD88DF800108DF8010007E05C000020AA
:10439000121700200CED00E00400FA0558008DF81B
:1043A0000200281907EB440139F810004FEA102CDD
:1043B00081F803C00871601CC4B29C42F1D902EBC1
:1043C0004300C4B2A11E384604F0D0FC38197178FD
:1043D00000F8021C317800F8011C00F00FF80020F2
:1043E000B2880146002A05D908F80010401C80B2A6
:1043F0008242F9D8B1801AB0BDE8F08770B53C4E62
:10440000ADF5C36DB51F30788DF8F00301208DF840
:10441000F1038DF8F203A8788DF8F3030421FCA8CA
:1044200004F0A4FC68788DF8F40328788DF8F5037F
:1044300030788DF8F60303208DF8F70344208DF8CB
:10444000F8030020FCAC36F8101004EB40020B0A15
:10445000401C5372C0B291722228F4D94721A01D8A
:1044600004F084FC68788DF83D0428788DF83E04CB
:1044700030788DF83F0404208DF840041C208DF81E
:1044800041041C4B002004EB400233F81010401C88
:104490004FEA112C82F852C0C0B282F853100E2895
:1044A000F1D91F2104F1510004F060FC68788DF807
:1044B0005E0428788DF85F0470240F4A0FA10DF276
:1044C000E45003F06FFF224602A9FCA8FEF776FD38
:1044D00004460DF2E450FBF7BBFE82B202AB0DF2D4
:1044E000E4510120009401F05FFE0DF5C36D70BD35
:1044F0006200002006190020040000206D6F646235
:1045000075735F7374617475732F257300000000F9
:104510000F2884BF00207047012101FA00F00349F1
:104520004988084018BF0120704700005C00002047
:10453000014931F81000704706190020014931F88F
:1045400010007047620000200F2888BF70470122CA
:1045500002FA00F00129064A04BF5188084305D039
:10456000002906BF518821EA00007047508070473B
:104570005C000020014A22F8101070470619002044
:10458000014A22F810107047620000202DE9F04720
:1045900004460025314E9CB00F460120AAB1012AE5
:1045A0001CBF1CB0BDE8F08770700120FCF757FEFF
:1045B00035703A4621462A48FCF7E8FA294908802E
:1045C000FFF7E2FC1CB0BDE8F08770700120FCF73B
:1045D00046FE3570206802908DF80C5002A8FBF75B
:1045E0003EFE1FFA80FAA088ADF808008DF80A5048
:1045F00002A8FBF734FE00F0FF09E088ADF80800E0
:104600008DF80A5002A8FBF72AFE00F0FF08208967
:10461000ADF808008DF80A5002A8FBF720FEC7B2DB
:104620006089ADF808008DF80A5002A8FBF717FE64
:10463000C6B2A089ADF808008DF80A5002A8FBF7B1
:104640000EFEC0B2CDE900603B46424649465046A8
:1046500001F0D0FD1CB0BDE8F0870000C8020020CA
:10466000121700206000002004494878002808BF85
:104670007047012000224A7070470000400000206F
:104680000020054A01461154401C80B2B0F57A7FE3
:10469000F9D30248C18270470C110020400000206D
:1046A000014901204870704740000020704738B52C
:1046B00035208DF8000000248DF801408DF802406F
:1046C00001258DF80350684600F032F826208DF859
:1046D00000008DF801408DF802408DF803506846C7
:1046E00000F026F827208DF800008DF801408DF8A5
:1046F00002408DF80350684600F01AF834208DF817
:10470000000002208DF801008DF802408DF8035062
:10471000684600F00DF808208DF800008DF8014083
:104720008DF802508DF80350684600F001F838BD4E
:1047300070B50446C0780F25002818BF012804D0A2
:104740007D2223A12FA004F0A3FA6078102804D3BF
:104750007E221FA13A4804F09BFAA078102804D3C7
:104760007F221BA1374804F093FAE078012210B3AE
:1047700035480068637800F4E060C0F5E060000A46
:10478000C0F1040103FA01F1A37825FA00F0184002
:1047900008432178000101F1E02181F8000420782C
:1047A00000F01F0102FA01F14009800000F1E02051
:1047B000C0F8001170BD207800F01F0102FA01F16D
:1047C0004009800000F1E020C0F8801170BD0000B9
:1047D0002E2E5C6669726D776172655C6E3332672E
:1047E0003435785F7374645F7065726970685F6494
:1047F00072697665725C7372635C6D6973632E6354
:104800000000000049535F46554E4354494F4E4106
:104810004C5F5354415445284E5649435F496E6995
:10482000745374727563742D3E4E5649435F4952FA
:10483000514368616E6E656C436D64290000000031
:1048400044BC000800BC00080CED00E010B50446B4
:10485000B0F5E06F18BFB4F5C06F0CD0B4F5A06F21
:104860001CBFB4F5806FB4F5407F04D06C2205A165
:1048700011A004F00DFA1B4944F0FD7040F0806077
:10488000086010BD2E2E5C6669726D776172655C82
:104890006E3332673435785F7374645F7065726944
:1048A00070685F6472697665725C7372635C6D696F
:1048B00073632E630000000049535F4E5649435F07
:1048C0005052494F524954595F47524F5550284E04
:1048D0005649435F5072696F7269747947726F7598
:1048E000702900000CED00E02DE9F0410B20FFF7EE
:1048F0001FFE07460920FFF721FE304C0646E179EE
:1049000039B3002501293ED0022946D0032918BF1A
:10491000BDE8F08147F008010B20FFF72BFE0121D5
:104920000020FFF711FE16F0040F0FD0002001F059
:1049300031FB00210120FFF707FE03210A20FFF7CA
:1049400019FE0020FCF7C8FCFFF758FDE571BDE833
:10495000F0810520FFF7ECFD00EB8000450005200D
:10496000FFF7ECFD00EB8000B5EB400F38BFBDE872
:10497000F0810120E071BDE8F041114A4FF4FA6185
:104980000E2003F0DDBCA078012806BFA570022030
:10499000BDE8F081E071BDE8F0810520FFF7C8FDBA
:1049A00000EB800046000520FFF7C8FD00EB80000B
:1049B000B6EB400F28BF0320ECD2C7E7CC020020A3
:1049C000359300082DE9F0410B20FFF7B1FD0746B4
:1049D0000920FFF7B3FD2B4C0646217A39B3002599
:1049E000012939D002293ED0032918BFBDE8F08142
:1049F00047F040010B20FFF7BDFD01210020FFF72C
:104A0000A3FD16F0100F0FD0002001F0C3FA002113
:104A10000120FFF799FD06210A20FFF7ABFD0020DA
:104A2000FCF75AFCFFF7EAFC2572BDE8F08107208D
:104A3000FFF77EFD05460820FFF780FD854238BF61
:104A4000BDE8F08101202072BDE8F0410E4A4FF42C
:104A5000FA61102003F074BC2079012804BF25718D
:104A60002572BDE8F0810720FFF762FD06460820A9
:104A7000FFF764FD864224BF03202072D4D3BDE833
:104A8000F0810000CC0200201D9300082DE9F041C8
:104A90000B20FFF74DFD06460920FFF74FFD2B4C7D
:104AA0000546617939B30027012939D0022941D05F
:104AB000032918BFBDE8F08146F002010B20FFF783
:104AC00059FD01210020FFF73FFD15F0010F0FD028
:104AD000002001F05FFA00210120FFF735FD0121E0
:104AE0000A20FFF747FD0020FCF7F6FBFFF786FCE6
:104AF0006771BDE8F0810420FFF71AFD0546032029
:104B0000FFF71CFD854238BFBDE8F08101206071D0
:104B1000BDE8F0410E4A4FF4FA610C2003F010BCDE
:104B20002078012806BF27700220BDE8F08160715F
:104B3000BDE8F0810420FFF7FBFC05460320FFF7EA
:104B4000FDFC854228BF0320F1D2D1E7CC02002032
:104B50001193000810B5040018BF012C04D0862260
:104B600003A111A004F094F81648046210BD0000DF
:104B70002E2E5C6669726D776172655C6E3332678A
:104B80003435785F7374645F7065726970685F64F0
:104B900072697665725C7372635C6E33326734354A
:104BA000785F7077722E630049535F46554E4354C9
:104BB000494F4E414C5F535441544528436D64293D
:104BC0000000000000000E4201488078704700009D
:104BD0004000002070B51D4C0025E07A10B101287E
:104BE00013D010E02079401C2071FFF749FD0B2104
:104BF00017A003F05DFB64216570184A0F2003F0D5
:104C00009FFB0120E072002070BDFFF72DFD002802
:104C100008BF70BD124E306800F0CCF90146114853
:104C20003268FDF713FA10A10E48FBF7F5FA18B138
:104C3000E5722571012070BD20795A2898BFE57270
:104C4000E1D92571E572022070BD0000400000200E
:104C500041542B43474154543F0D0A00A1460008DC
:104C60003C0000200C1100202B43474154543A20B3
:104C70003100000070B51D4C0025A07A10B101284C
:104C800013D010E02079401C2071FFF7F9FC0B21B4
:104C900017A003F00DFB64216570184A0F2003F084
:104CA0004FFB0120A072002070BDFFF7DDFC002843
:104CB00008BF70BD124E306800F07CF90146114803
:104CC0003268FDF7C3F910A10E48FBF7A5FA18B139
:104CD000A5722571012070BD20795A2898BFA57250
:104CE000E1D92571A572022070BD000040000020AE
:104CF00041542B43455245473F0D0A00A146000849
:104D00003C0000200C1100202B43455245473A201F
:104D1000302C3100814810B5407A0A283AD2DFE8B9
:104D200000F005213B4850617989B9CA7C4C206864
:104D300000F040F901467B482268FDF787F9FFF74C
:104D40009FFC042178A003F0B3FA744C00204FF4C8
:104D5000FA616070764A0F2003F0F2FA0120607267
:104D6000002010BDFFF780FC002808BF10BD6C4C70
:104D7000206800F01FF901466A482268FDF766F9CD
:104D80006CA16848FBF748FA002800F0C28063492C
:104D900002204872002010BD604C00204FF4FA61E0
:104DA0006070634A0F2003F0CBFA0320607200208A
:104DB00010BDFFF759FC0028ECD058490420487278
:104DC000E8E7FFF75DFC0A215BA003F071FA534CA2
:104DD000002064216070564A0F2003F0B1FA0520CC
:104DE0006072D7E7FFF740FC002808BF10BD4C4CAD
:104DF000206800F0DFF801464A482268FDF726F9EE
:104E000050A14848FBF708FA00287DD04349062006
:104E10004872BFE7FFF734FC0B214EA003F048FABD
:104E20003E4C002064216070414A0F2003F088FA54
:104E300007203EE0FFF718FC002808BF10BD384CE3
:104E4000206800F0B7F8014636482268FDF7FEF802
:104E500043A13448FBF7E0F900285AD04249D0F882
:104E60000720C1F89122D0F80B20C1F89522D0F884
:104E70000F20C1F89922B0F81320A1F89D22407D9F
:104E800081F89F0201F5237100200875234908204D
:104E900048727FE7FFF7F4FB0A2134A003F008FA19
:104EA0001E4C002064216070214A0F2003F048FA54
:104EB000092060726EE7FFF7D7FB002808BF10BD1E
:104EC000174C206800F076F8014616482268FDF776
:104ED000BDF829A11348FBF79FF9A8B122498268C0
:104EE000C1F8A122C268C1F8A5220269C1F8A922AD
:104EF0004269C1F8AD228069C1F8B10201F52371A0
:104F0000002081F8290000E003E0044948720120F4
:104F100010BD024900204872022010BD4000002050
:104F20003C0000200C11002041540D0A000000003C
:104F3000A14600084F4B000041542B4350494E3FBF
:104F40000D0A00002B4350494E3A20524541445926
:104F50000000000041542B4347534E3D310D0A00E1
:104F60002B4347534E3A20005C14002041542B49F8
:104F7000434349440D0A00002B49434349443A2026
:104F80000000000070B5102004F08CF904004FF010
:104F9000000508BF2C4607D040F2DD50606004F0E9
:104FA00081F9E560A56020600148046070BD0000E3
:104FB0003C0000200146D1E90220801A44BF496824
:104FC0000844704710B504001CBF012C042C05D008
:104FD00040F203320AA118A003F05AFE1B48002138
:104FE00080F8201080F82010012C08BF012103D088
:104FF000042C0CBF052110BD80F8201010BD00004E
:105000002E2E5C6669726D776172655C6E333267F5
:105010003435785F7374645F7065726970685F645B
:1050200072697665725C7372635C6E3332673435B5
:10503000785F7263632E630049535F5243435F4C52
:105040005345285243435F4C53452900001002400A
:1050500010B5040018BFB4F5806F0DD0B4F5A06F83
:105060001CBFB4F5C06FB4F5E06F05D040F2C312B9
:1050700005A113A003F00CFE1849486820F4E06075
:105080002043486010BD00002E2E5C6669726D776B
:105090006172655C6E3332673435785F7374645F58
:1050A0007065726970685F6472697665725C73724C
:1050B000635C6E3332673435785F7263632E6300EE
:1050C00049535F5243435F48434C4B5F4449562822
:1050D0005243435F48434C4B2900000000100240FC
:1050E00010B50446B0F5807F1CBFB4F5007FB4F561
:1050F000407F05D040F2333206A114A003F0C8FD72
:105100001B48016A21F440710162016A2143016276
:1051100010BD00002E2E5C6669726D776172655C51
:105120006E3332673435785F7374645F70657269AB
:1051300070685F6472697665725C7372635C6E330B
:1051400032673435785F7263632E630049535F5270
:1051500043435F525443434C4B5F535243285243A3
:10516000435F525443434C4B536F75726365290040
:105170000010024070B504460E480D46044200D1AE
:105180002CB940F2FE320CA119A003F081FD214E92
:10519000002D04BFF069A04309D0012D05D040F2D5
:1051A000FF3205A11CA003F073FDF0692043F061FC
:1051B00070BD0000003301412E2E5C6669726D7770
:1051C0006172655C6E3332673435785F7374645F27
:1051D0007065726970685F6472697665725C73721B
:1051E000635C6E3332673435785F7263632E6300BD
:1051F00049535F5243435F415042315F50455249EA
:105200005048285243435F415042315065726970A3
:10521000682900000010024049535F46554E435430
:10522000494F4E414C5F535441544528436D6429C6
:105230000000000070B504460E480D46044200D13F
:105240002CB940F2DF320CA119A003F021FD214E50
:10525000002D04BFB069A04309D0012D05D04FF443
:10526000787205A11CA003F013FDB0692043B06162
:1052700070BD00000286E0FF2E2E5C6669726D77BD
:105280006172655C6E3332673435785F7374645F66
:105290007065726970685F6472697665725C73725A
:1052A000635C6E3332673435785F7263632E6300FC
:1052B00049535F5243435F415042325F5045524928
:1052C0005048285243435F415042325065726970E2
:1052D000682900000010024049535F46554E435470
:1052E000494F4E414C5F535441544528436D642906
:1052F0000000000010B5040018BF012C05D04FF4C9
:10530000517203A110A003F0C3FC1648046010BD45
:105310002E2E5C6669726D776172655C6E333267E2
:105320003435785F7374645F7065726970685F6448
:1053300072697665725C7372635C6E3332673435A2
:10534000785F7263632E630049535F46554E435442
:10535000494F4E414C5F535441544528436D642995
:10536000000000003C044242324B30B45968324ADB
:1053700011405A6811F0006F02F480320CBF4FF0F8
:10538000020C6FF4F77C0CEB9141002A04BF2B4A0E
:10539000514306D05A6812F4003F14BF274A284AE6
:1053A00051435A68DFF898C012F00C0218BF042A63
:1053B00003D0082A08BF016001D0C0F800C05A68B5
:1053C0004FF00F0C1F4D0CEA1212D0F800C0AA5C6F
:1053D0002CFA02F24260D3F804C0072404EA1C2C21
:1053E00015F80CC022FA0CFCC0F808C0D3F804C0B1
:1053F00004EADC2C15F80CC022FA0CFCC0F80CC036
:10540000D3F82CC005F110040CF00F0C14F80CC0EC
:10541000B2FBFCF24261DA6A1F2303EA121202F0C5
:105420000F0204F1100333F81220B1FBF2F1016115
:1054300030BC70470010024000003C0800093D00ED
:1054400000127A009693000870B5002504462128C2
:1054500018BF312C21D0392C18BF412C1DD0612C04
:1054600018BF732C19D0742C18BF752C15D0772C3D
:1054700018BF792C11D07A2C18BF7B2C0DD07C2C26
:1054800018BF7D2C09D07E2C18BF7F2C05D040F290
:10549000E3420CA119A003F0FBFB60091D490128A0
:1054A00008BF086803D002280CBF086A486A04F0E5
:1054B0001F01012202FA01F1014218BF012528460D
:1054C00070BD00002E2E5C6669726D776172655C3E
:1054D0006E3332673435785F7374645F70657269F8
:1054E00070685F6472697665725C7372635C6E3358
:1054F00032673435785F7263632E630049535F52BD
:1055000043435F464C4147285243435F464C414723
:10551000290000000010024038B503F0EBFC4FF406
:105520000060ADF8000010208DF803000120064C4B
:105530008DF8020069462046FDF788F9E1142046FF
:10554000FDF72EFB38BD00000008014002F06CBEE4
:1055500000210A2805D3491C0A38C0B2C9B20A285A
:10556000F9D2090740EA11607047000070B50026C3
:10557000674D0C4600282AD0012805D04FF4E3726D
:1055800064A172A003F084FB286810F0400F00F0C3
:105590007F802078010901EB810100F00F0000EB12
:1055A0004100C0B2401E0B2805D94FF4EE7259A13C
:1055B0006DA003F06DFBE078002818BF402800F0D4
:1055C000798040F2DD1253A16EA000F071B8286816
:1055D00010F0400F13D02078401E0B2805D94FF44F
:1055E000E6724CA16FA003F053FBE078002818BFCF
:1055F00040280ED040F2CD1246A162A007E0E6702E
:105600002078172805D94FF4E97242A16FA003F062
:105610003FFB60783B2805D94FF4EA723DA175A0A5
:1056200003F036FBA0783B2805D940F2D51239A10A
:105630007AA003F02DFB2078FFF78AFF060460783C
:10564000FFF786FF46EA0026A078FFF781FFE178A2
:10565000304340EA01437B4CCA2020605320206045
:1056600000F04CF970B178487849184008607848E3
:10567000016821F080010160286810F0200F08BF48
:1056800000F056FCFF202060BDE8704000F050BCE8
:10569000E6702078010901EB810100F00F0000EBBA
:1056A0004100C0B2172805D94FF4F17219A169A0C1
:1056B00003F0EEFA6078010901EB810100F00F00C0
:1056C00000EB4100C0B23B2805D94FF4F27211A1A2
:1056D0006EA003F0DDFAA078010901EB810100F072
:1056E0000F0000EB4100C0B23B2805D940F2E512A3
:1056F00008A174A003F0CCFAA0782178E27840EAFF
:1057000001406178090241EA024140EA0103A2E74F
:10571000082800402E2E5C6669726D776172655CA8
:105720006E3332673435785F7374645F70657269A5
:1057300070685F6472697665725C7372635C6E3305
:1057400032673435785F7274632E630049535F5259
:1057500054435F464F524D4154285254435F466F65
:10576000726D61742900000049535F5254435F31E8
:1057700032484F555228746D70726567697374654D
:105780007229000049535F5254435F483132285216
:1057900054435F54696D655374727563742D3E484C
:1057A0003132290049535F5254435F3132484F55DB
:1057B00052285254435F54696D6553747275637413
:1057C0002D3E486F757273290000000049535F52E7
:1057D00054435F3234484F5552285254435F546902
:1057E0006D655374727563742D3E486F75727329BD
:1057F0000000000049535F5254435F4D494E5554D9
:105800004553285254435F54696D655374727563F0
:10581000742D3E4D696E75746573290049535F524E
:1058200054435F5345434F4E4453285254435F54AF
:10583000696D655374727563742D3E5365636F6E45
:1058400064732900242800407F7F7F0000280040E7
:105850000C28004049535F5254435F3234484F553F
:1058600052285254435F42636432546F42797465E4
:10587000285254435F54696D655374727563742D77
:105880003E486F75727329290000000049535F522A
:1058900054435F4D494E55544553285254435F423B
:1058A000636432546F42797465285254435F54697B
:1058B0006D655374727563742D3E4D696E757465B4
:1058C0007329290049535F5254435F5345434F4E58
:1058D0004453285254435F42636432546F42797494
:1058E00065285254435F54696D65537472756374CF
:1058F0002D3E5365636F6E647329290081B00F4993
:1059000000200090086810F0400F04BF802008605D
:1059100010D10868009A00F04000521C0092B2F5C5
:10592000005F01D00028F4D0086810F0400004BFE8
:1059300001B07047012001B0704700000C28004002
:1059400070B50C46050018BF012D05D04FF4377215
:1059500018A126A003F09CF92B48006820F0C00194
:1059600021F07F410B0CC1F30422E37001F03F00F2
:105970006270A070C1F342312170002D18BF70BD5C
:10598000190901EB810103F00F0303EB4101E17001
:10599000110901EB810102F00F0202EB410161707C
:1059A000010901EB810100F00F0000EB4100A07044
:1059B00070BD00002E2E5C6669726D776172655C49
:1059C0006E3332673435785F7374645F7065726903
:1059D00070685F6472697665725C7372635C6E3363
:1059E00032673435785F7274632E630049535F52B7
:1059F00054435F464F524D4154285254435F466FC3
:105A0000726D6174290000000428004070B50C46D6
:105A1000050018BF012D05D040F23D2218A126A097
:105A200003F036F92B4800682B494FF0400C014039
:105A3000C1F30542C1F30623227001F07F006370B9
:105A4000A0700CEA1141E170002D18BF70BD110962
:105A500001EB810102F00F0202EB410121701909F3
:105A600001EB810103F00F0202EB410161700109BA
:105A700001EB810100F00F0000EB4100A07070BD50
:105A80002E2E5C6669726D776172655C6E3332676B
:105A90003435785F7374645F7065726970685F64D1
:105AA00072697665725C7372635C6E33326734352B
:105AB000785F7274632E630049535F5254435F46AC
:105AC0004F524D4154285254435F466F726D61747A
:105AD00029000000002800407F7F7F0070B5054648
:105AE000002600683446402818BF002804D0C7228A
:105AF0001EA12CA003F0CCF868687F2804D9C82226
:105B00001AA135A003F0C4F8A868B0F5004F04D37B
:105B1000C92216A13EA003F0BBF84B4BCA20186067
:105B200053201860FFF7EAFEB0B14848016821F041
:105B30004001016001682A68114301604448A96876
:105B400001600168AA8841EA02410160001F016802
:105B500021F0800101600126FF20186040F2FF2043
:105B6000641C8442FCD3304670BD00002E2E5C665F
:105B700069726D776172655C6E3332673435785F58
:105B80007374645F7065726970685F64726976656A
:105B9000725C7372635C6E3332673435785F727433
:105BA000632E630049535F5254435F484F55525F21
:105BB000464F524D4154285254435F496E697453C5
:105BC00074727563742D3E5254435F486F7572460C
:105BD0006F726D617429000049535F5254435F50E6
:105BE00052454449565F4153594E43482852544305
:105BF0005F496E69745374727563742D3E525443D9
:105C00005F4173796E63685072656469762900003C
:105C100049535F5254435F5052454449565F53596C
:105C20004E4348285254435F496E697453747275E9
:105C300063742D3E5254435F53796E6368507265AE
:105C400064697629000000002428004008280040EC
:105C50001028004070B50C46050000F05F80012D53
:105C600005D040F2722256A163A003F011F8E0784B
:105C7000010901EB810100F00F0000EB4100C0B20F
:105C8000632805D94FF420724DA162A003F000F8FB
:105C90006078010901EB810100F00F0000EB410089
:105CA000C0B2401E0B2805D940F2822244A166A052
:105CB00002F0EEFFA078010901EB810100F00F0076
:105CC00000EB4100C0B2401E1E2805D94FF42172DE
:105CD0003BA164A002F0DCFF2178012918BF022952
:105CE0000ED0032918BF04290AD005291CBF062994
:105CF000072905D040F2862231A161A002F0C8FF39
:105D0000002D2FD0A078E178227840EA0140617818
:105D1000090241EA423140EA010333E0607810F0C1
:105D2000100F03D020F010000A306070E078632874
:105D300005D940F27A2222A15BA002F0A9FF607887
:105D4000401E0B2805D940F27B221DA15FA002F066
:105D50009FFFA078401E1E28BED94FF41F7218A1C5
:105D600063A0B7E7E078FFF7F3FB05046078FFF77F
:105D7000EFFB45EA0025A078FFF7EAFB21782843EE
:105D800040EA4133634CCA20206053202060FFF773
:105D9000B5FD78B1604823F0C00101605F4801683B
:105DA00021F080010160001F006810F0200F08BF83
:105DB00000F0BEF8FF202060BDE8704000F0B8B8E9
:105DC0002E2E5C6669726D776172655C6E33326728
:105DD0003435785F7374645F7065726970685F648E
:105DE00072697665725C7372635C6E3332673435E8
:105DF000785F7274632E630049535F5254435F4669
:105E00004F524D4154285254435F466F726D617436
:105E10002900000049535F5254435F5945415228BD
:105E20005254435F42636432546F4279746528521E
:105E300054435F446174655374727563742D3E59A5
:105E4000656172292900000049535F5254435F4D38
:105E50004F4E544828746D7072656769737465722B
:105E60002900000049535F5254435F444154452880
:105E7000746D707265676973746572290000000043
:105E800049535F5254435F5745454B44415928524B
:105E900054435F446174655374727563742D3E5747
:105EA00065656B446179290049535F5254435F59DA
:105EB000454152285254435F44617465537472756E
:105EC00063742D3E596561722900000049535F5289
:105ED00054435F4D4F4E5448285254435F446174BD
:105EE000655374727563742D3E4D6F6E746829002E
:105EF00049535F5254435F44415445285254435FD1
:105F0000446174655374727563742D3E44617465A5
:105F10002900000024280040042800400C280040EC
:105F2000002101607F214160FF21816070470000F6
:105F300081B000200F4B0090CA20186053201860D9
:105F40000D49086820F0200008600868009A00F0F9
:105F50002000521C0092B2F5004F01D00028F4D06E
:105F6000086810F0200018BF0120FF21196001B05F
:105F700070470000242800400C28004004490120FC
:105F80000870AFF207024FF47A71042002F0D8B91A
:105F90002C00002010B5164C10B101280ED01AE0CC
:105FA0004FF400412046FCF765FE4FF48041204647
:105FB000FCF7F6FD142002F0F5FE0CE04FF48041F2
:105FC0002046FCF757FE4FF400412046FCF7E8FD61
:105FD000142002F0E7FE4FF400412046FCF7E0FDFC
:105FE0002046BDE810404FF48041FCF7D9BD0000C9
:105FF000000C0140F8B54FF40040ADF8000010254A
:106000000E4E8DF8035003248DF802406946304649
:10601000FCF71CFCE9023046FCF72CFEA902ADF8A7
:1060200000108DF803508DF8024069463046FCF7A9
:106030000DFCA9023046FCF71DFEF8BD000C014026
:1060400010B5012186B00807FFF794F80121C806B2
:10605000FFF790F80120FEF77DFD0420FAF7CAFD56
:10606000A0F5A061053904BF06B010BD4FF48070E3
:10607000FFF736F80120FEF7A5FF4120FFF7E4F90E
:106080000028FAD00120FFF735F97F200190FF208A
:106090000024029000946846FFF742FF6846FFF72D
:1060A0001DFD014611A002F06DF919208DF81300B5
:1060B00001208DF811008DF8120003208DF80D409D
:1060C0008DF810008DF80E408DF80C4004A90020CA
:1060D000FFF7C0FD03A90020FFF748FA40F2055181
:1060E0000420FAF711FE06B010BD0000525443B36D
:1060F000F5CABCBBAF25640D0A00000070B51D4C8D
:106100000025207B10B1012813D010E02079401C1D
:106110002071FEF7B5FA1F2117A002F0C9F864211B
:1061200065701D4A0F2002F00BF90120207300203A
:1061300070BDFEF799FA002808BF70BD174E306891
:10614000FEF738FF014616483268FBF77FFF15A1BE
:106150001348FAF761F800281EBF2573012070BDAF
:1061600020790A2898BF2573E1D92571257302206B
:1061700070BD00004000002041542B51494353475B
:10618000503D312C312C22434D4E4554222C22229D
:106190002C22222C310D0A00A14600083C000020D0
:1061A0000C1100204F4B00002DE9F0410E4E069DD2
:1061B0008846F0701F4614467282C8210B48FAF7D1
:1061C00020F8224641460948FAF702F82C46B582E3
:1061D0004FF47A710648FAF714F822463946BDE8BA
:1061E000F0410348F9F7F4BF400000205C0C0020A8
:1061F000240D002070B582B0A0F5FA60C0B2DDE9D0
:1062000006458DF803008DF801101E468DF802201A
:1062100002F056FD8DF804608DF800008DF8054001
:106220008DF8065069460020FFF714FD01A90020F3
:10623000FFF79CF902B070BD042808D010F1050FDB
:1062400008BF7047CF2205A111A002F021BD4FF079
:10625000E020016941F00401016170472E2E5C6667
:1062600069726D776172655C6E3332673435785F61
:106270007374645F7065726970685F647269766573
:10628000725C7372635C6D6973632E63000000005F
:1062900049535F5359535449434B5F434C4B5F53EE
:1062A0004F55524345285379735469636B5F434C90
:1062B0004B536F7572636529000000007047000042
:1062C0004B4883B0016841F470010160494801689E
:1062D00041F0010101604268474911404160016895
:1062E00021F4102121F080710160016821F48021E6
:1062F0000160416821F47F0121F0006141600021CB
:10630000C16201634FF41F028260C26942F0805291
:10631000C2613A4AD36843F00103D360C26922F0F4
:106320008052C261364A136843F0900313600091B3
:106330008DF804100291016841F480310160016818
:10634000C1F340418DF804100299491C02919DF857
:10635000041019B90299B1F5004FF0D10168C1F3E9
:1063600040418DF804109DF8041000293BD01168BD
:1063700021F007011160116841F0030111604168CB
:106380004160416841F400514160416841F4A061BD
:106390004160416821F47C1121F000614160416855
:1063A00041F4803141F4003141F0026100914160DB
:1063B000016841F080710160016811F0007FFBD03D
:1063C000416821F003014160416841F002014160F0
:1063D000416801F00C010829FAD10A494FF0006028
:1063E000086003B07047094907480860F5E70000F6
:1063F00088ED00E00010024000C0FFF8007000408F
:106400000020024008ED00E000127A0000000020A9
:1064100003490020087010210248FCF72BBC000043
:1064200028000020000C0140074910B50120087029
:1064300010210648FCF7B4FBBDE81040044A4EF6B4
:106440006021112001F07CBF28000020000C0140D9
:10645000116400082DE9F047DFF894900D460746D7
:106460001C4616464FF02A084FF480714846FCF748
:1064700097FB404600F060FC4FF480714846FCF703
:10648000F9FB380A00F058FCF8B200F055FC300A6D
:1064900000F052FCF0B200F04FFC2B264FF480715C
:1064A0004846FCF77DFB304600F046FC4FF4807117
:1064B0004846FCF7DFFB280A00F03EFCE8B200F09B
:1064C0003BFC200A00F038FCE0B200F035FC2C2444
:1064D0004FF480714846FCF763FB204600F02CFC2B
:1064E0004846BDE8F0474FF48071FCF7C3BB00009D
:1064F000000C01402DE9F04F0026A2EB00085F1AC6
:1065000085B0354682468946B8F1000FC8BF0120E4
:1065100007DC0FBF00204FF0FF30C8F100080190EA
:1065200000D10190002FC8BF012006DC0FBF002062
:106530004FF0FF307F42009000D10090B845CCBFB3
:1065400044463C464FF0000B601C03900028DCBF23
:1065500005B0BDE8F08F0E98000A02901FFA8AF08D
:106560001FFA89F1DDF838C00B460246CDF810C09D
:10657000FFF770FF029800F0DFFBDDF810C00CF0B1
:10658000FF0000F0D9FB46443D44A64202DD0198DD
:10659000361B8244A54202DD00982D1B81440BF17D
:1065A00001001FFA80FB03988345D7DB05B0BDE8E7
:1065B000F08F2DE9F04781469846581E83B2174662
:1065C000501E82B20D464846089EFFF743FF4545E0
:1065D00034BF4FEA162ABDE8F0874C46B94509D2C8
:1065E000504600F0A9FBF0B200F0A6FB601C84B29C
:1065F000BC42F5D3681C85B24545EED3BDE8F087B3
:10660000F8B54FF47C70ADF8000010208DF8030051
:106610000320F64E8DF8020069463046FCF716F965
:1066200001210920FEF706FE0121F148FBF7BEFD1E
:1066300071153046FCF7B4FA6423002246F2A81123
:10664000491EFDD1521C9A42F8D34FF400713046D6
:10665000FCF710FB6423002246F2A811491EFDD16D
:10666000521C9A42F8D3E3490120087010213046A9
:10667000FCF796FAE04A4EF66021112001F060FE28
:106680006420002246F2A811491EFDD1521C82420C
:10669000F8D3002436254FF480713046FCF780FA99
:1066A000284600F049FB4FF480713046FCF7E2FACF
:1066B000602000F041FB3A254FF480713046FCF732
:1066C0006FFA284600F038FB4FF480713046FCF733
:1066D000D1FA052000F030FBB2254FF4807130462E
:1066E000FCF75EFA284600F027FB4FF48071304635
:1066F000FCF7C0FA0C2000F01FFB0C2000F01CFB84
:10670000002000F019FB332000F016FB332000F0CE
:1067100013FBB7254FF480713046FCF741FA284649
:1067200000F00AFB4FF480713046FCF7A3FA3520E5
:1067300000F002FBBB254FF480713046FCF730FAC5
:10674000284600F0F9FA4FF480713046FCF792FACF
:10675000192000F0F1FAC0254FF480713046FCF7A3
:106760001FFA284600F0E8FA4FF480713046FCF733
:1067700081FA2C2000F0E0FAC2254FF480713046F7
:10678000FCF70EFA284600F0D7FA4FF48071304635
:10679000FCF770FA012000F0CFFAC3254FF48071A6
:1067A0003046FCF7FDF9284600F0C6FA4FF4807138
:1067B0003046FCF75FFA122000F0BEFAC4254FF411
:1067C00080713046FCF7ECF9284600F0B5FA4FF43A
:1067D00080713046FCF74EFA202000F0ADFAC62555
:1067E0004FF480713046FCF7DBF9284600F0A4FA3C
:1067F0004FF480713046FCF73DFA0F2000F09CFA10
:10680000D0254FF480713046FCF7CAF9284600F0D5
:1068100093FA4FF480713046FCF72CFAA42000F074
:106820008BFAA12000F088FAE0254FF48071304601
:10683000FCF7B6F9284600F07FFA4FF48071304635
:10684000FCF718FAD02000F077FA042000F074FA70
:106850000D2000F071FA112000F06EFA132000F004
:106860006BFA2B2000F068FA3F2000F065FA542004
:1068700000F062FA4C2000F05FFA182000F05CFA99
:106880000D2000F059FA0B2000F056FA1F2000F0FE
:1068900053FA232000F050FAE1254FF4807130467E
:1068A000FCF77EF9284600F047FA4FF48071304635
:1068B000FCF7E0F9D02000F03FFA042000F03CFAA9
:1068C0000C2000F039FA112000F036FA132000F005
:1068D00033FA2C2000F030FA3F2000F02DFA44204B
:1068E00000F02AFA512000F027FA2F2000F024FAB5
:1068F0001F2000F021FA1F2000F01EFA202000F0D7
:106900001BFA232000F018FA21254FF4807130463D
:10691000FCF746F9284600F00FFA4FF48071304634
:10692000FCF7A8F911254FF480713046FCF738F9CF
:10693000284600F001FA4FF480713046FCF79AF9CE
:1069400029254FF480713046FCF72AF9284600F0DB
:10695000F3F94FF480713046FCF78CF92A254FF497
:1069600080713046FCF71CF9284600F0E5F94FF439
:1069700080713046FCF77EF9002000F0DDF9002040
:1069800000F0DAF9002000F0D7F9EF2000F0D4F998
:106990002B254FF480713046FCF702F9284600F0B1
:1069A000CBF94FF480713046FCF764F9002000F019
:1069B000C3F9002000F0C0F9002000F0BDF9C520A7
:1069C00000F0BAF92C254FF480713046FCF7E8F856
:1069D000284600F0B1F94FF480713046FCF74AF9CF
:1069E000601CC4B2022CFFF455AEF8BD000C01408F
:1069F0000002300028000020116400082DE9FF4F3C
:106A000085B00746DDF84C800C468B4618F0070031
:106A100018BF012000EBD80000FB08F04FF0000980
:106A2000009000289CBF09B0BDE8F08F2D4800EB16
:106A3000421004902C4800EBC21003900898000A02
:106A400002901298000A0190B8F1100F08BF049844
:106A500006D0B8F1200F0EBF039809B0BDE8F08F43
:106A600010F80950002615F0800F0FD023463A4643
:106A700019461046DDF820A0FFF7ECFC029800F064
:106A80005BF90AF0FF0000F057F90EE023463A46A2
:106A900019461046DDF848A0FFF7DCFC019800F02D
:106AA0004BF90AF0FF0000F047F94FF6FF7000EADB
:106AB0004505601C84B2A4EB0B00404503D1781C53
:106AC0005C4687B203E0701C86B2082ECBD309F176
:106AD00001001FFA80F900988145B5D309B0BDE8DF
:106AE000F08F00001ABB00081AB000082DE9FF4F14
:106AF00089B00546DDF85CA000264FEA5A090190EE
:106B00009B4619F0070018BF012000EBD90000FBDD
:106B10000AF00290A2F12000C4B20A980A995044E7
:106B2000401E83B205EB0900401E82B22846FFF7E3
:106B300091FC02984FF0000800289CBF0DB0BDE802
:106B4000F08F3A4904EB440001EB8001079138498A
:106B500001EB04110691374901EB001005901698DE
:106B6000000A04904FEA1B200090BAF10C0F04BFFA
:106B7000079810F808700DD0BAF1100F08BF0698EA
:106B800006D0BAF1180F0EBF05980DB0BDE8F08F12
:106B900010F808700024189800284FF0010000FA3F
:106BA00004F000EA070019D060B10A992A460B46A2
:106BB0001046FFF74FFC009800F0BEF80BF0FF0006
:106BC00000F0BAF8681C85B20198281A48451FD110
:106BD0000A98019D401C80B20A901DE028B10098DF
:106BE00000F0AAF80BF0FF0006E016980390049856
:106BF00000F0A2F80398C0B200F09EF8701CC6B274
:106C0000B6FBF9F009FB1060002808BF002603D08E
:106C1000601CC4B2082CBED308F101001FFA80F832
:106C200002988045A1D30DB0BDE8F08FE69300082F
:106C30005A9800084A9E00082DE9FF4F83B04FF094
:106C40000008DDE911961D0082464FEA56074446CA
:106C500012BFA5F1010B07B0BDE8F08F0A23281B76
:106C6000401EC2B20121501EC0B203D35943401E80
:106C7000C0B2FBD20598B0FBF1F01B49A1FB00218B
:106C8000C908494201EB810100EB4100B8F1000F56
:106C900006D15C4504DA002818BF4FF0010814D073
:106CA0000021CDF800903030CDE90161C2B204FB83
:106CB00007A080B2109B0499FFF718FF601CC4B2B4
:106CC000AC42CBD307B0BDE8F08F0020CDF80090E8
:106CD000CDE9016004FB07A080B22022109B04993B
:106CE000FFF704FFEAE70000CDCCCCCC2DE9F0475C
:106CF00084B00646DDE90D571078DDF830809946FE
:106D000014468A46002804BF04B0BDE8F087CDF8D9
:106D10000080CDE9015722784B4651463046FFF7B7
:106D2000E5FE06EB550086B214F8010F0028EED1FF
:106D300004B0BDE8F087000070B5134E0546202171
:106D40003046FBF72DFF002440213046FBF728FF9B
:106D500015F0800F4FF08001304602D0FBF78AFF1C
:106D600001E0FBF71DFF40213046FBF783FF68067B
:106D7000050E601CC4B2082CE6D33046BDE8704056
:106D80002021FBF777BF0000000C01400448017888
:106D9000012918BF704700210170FAF7DDBA000021
:106DA00059000020044901200870AFF207024FF497
:106DB000FA71062001F0C4BA5900002010B5084C41
:106DC0000121204600F038FA002808BF10BD01213B
:106DD000204600F007F8BDE8104001F0BBBA000003
:106DE0000010004070B50446A0F180400D46B0F59B
:106DF000963018BFB4F1804F23D0A4F18040B0F595
:106E000080601CBFA4F18040B0F5006019D0A4F1EF
:106E10008040B0F540601CBFA4F18040B0F58050C8
:106E20000FD0A4F18040B0F5A0501CBFA4F1804069
:106E3000B0F59A3005D040F6224209A116A001F023
:106E400027FF15F47F4F00D12DB940F6234204A14E
:106E500017A001F01DFF2069A843206170BD00004C
:106E60002E2E5C6669726D776172655C6E33326777
:106E70003435785F7374645F7065726970685F64DD
:106E800072697665725C7372635C6E333267343537
:106E9000785F74696D2E6300497354696D416C6C41
:106EA0004D6F64756C652854494D782900000000C9
:106EB000497354696D496E742854494D5F4954298A
:106EC0000000000070B50446A0F1804016460D4653
:106ED000B0F5963018BFB4F1804F23D0A4F18040B4
:106EE000B0F580601CBFA4F18040B0F5006019D0FF
:106EF000A4F18040B0F540601CBFA4F18040B0F523
:106F000080500FD0A4F18040B0F5A0501CBFA4F178
:106F10008040B0F59A3005D04FF47B720FA11DA0D0
:106F200001F0B6FE15F47F4F00D12DB940F2ED32DD
:106F30000AA11EA001F0ACFE002E04BFA089A84348
:106F400009D0012E05D040F2EE3204A11CA001F0C0
:106F50009FFEA0892843A08170BD00002E2E5C6694
:106F600069726D776172655C6E3332673435785F54
:106F70007374645F7065726970685F647269766566
:106F8000725C7372635C6E3332673435785F746938
:106F90006D2E6300497354696D416C6C4D6F64755F
:106FA0006C652854494D78290000000049735469E4
:106FB0006D496E742854494D5F4954290000000002
:106FC00049535F46554E4354494F4E414C5F5354CD
:106FD00041544528436D64290000000070B5044603
:106FE000A0F1804015460E46B0F5963018BFB4F1BA
:106FF000804F23D0A4F18040B0F580601CBFA4F185
:107000008040B0F5006019D0A4F18040B0F5406038
:107010001CBFA4F18040B0F580500FD0A4F1804097
:10702000B0F5A0501CBFA4F18040B0F59A3005D057
:1070300040F2195208A116A001F02AFE002D18BF37
:10704000012D05D040F21A5203A117A001F020FE35
:107050002685A58270BD00002E2E5C6669726D7754
:107060006172655C6E3332673435785F7374645F68
:107070007065726970685F6472697665725C73725C
:10708000635C6E3332673435785F74696D2E6300EC
:10709000497354696D416C6C4D6F64756C6528540F
:1070A000494D782900000000497354696D5073639D
:1070B00052656C6F61644D6F64652854494D5F5033
:1070C000534352656C6F61644D6F64652900000025
:1070D000F8B51A4E41F63F70F0804FF4A060FDF70E
:1070E000B7FF01211020FEF745F836208DF800008B
:1070F00003258DF8015000248DF8024001208DF801
:1071000003006846FDF714FB0D48042185800180CB
:10711000C48044800B4C0146204600F00FF9012248
:10712000F1882046FFF75AFF012211462046FFF75B
:10713000C9FE0121204600F007F8F8BD1600002026
:10714000E80200200010004070B50446A0F1804025
:107150000D46B0F5963018BFB4F1804F23D0A4F19E
:107160008040B0F580601CBFA4F18040B0F50060A5
:1071700019D0A4F18040B0F540601CBFA4F180405C
:10718000B0F580500FD0A4F18040B0F5A0501CBFE6
:10719000A4F18040B0F59A3005D040F2AF320BA197
:1071A00018A001F075FD002D04BF206820F001003B
:1071B0000AD0012D05D04FF46C7204A117A001F084
:1071C00067FD206840F00100206070BD2E2E5C66D7
:1071D00069726D776172655C6E3332673435785FE2
:1071E0007374645F7065726970685F6472697665F4
:1071F000725C7372635C6E3332673435785F7469C6
:107200006D2E6300497354696D416C6C4D6F6475EC
:107210006C652854494D78290000000049535F46A9
:10722000554E4354494F4E414C5F535441544528A9
:10723000436D64290000000070B505460026A0F1EA
:1072400080400C46B0F5963018BFB5F1804F23D082
:10725000A5F18040B0F580601CBFA5F18040B0F57D
:10726000006019D0A5F18040B0F540601CBFA5F1C9
:107270008040B0F580500FD0A5F18040B0F5A0500F
:107280001CBFA5F18040B0F59A3005D040F6FC3225
:1072900011A11FA001F0FCFC012C18BF022C11D081
:1072A000042C18BF082C0DD0102C18BF202C09D08E
:1072B000402C18BF802C05D040F6FD3206A11AA044
:1072C00001F0E6FC2869A989204201EA04011CBFFB
:1072D00000290126304670BD2E2E5C6669726D77DE
:1072E0006172655C6E3332673435785F7374645FE6
:1072F0007065726970685F6472697665725C7372DA
:10730000635C6E3332673435785F74696D2E630069
:10731000497354696D416C6C4D6F64756C6528548C
:10732000494D782900000000497354696D47657420
:10733000496E742854494D5F495429002DE9F05F86
:10734000DFF888A1DFF888B1DFF88881DFF888915D
:10735000624F634E0D460446504518BFB4F1804F4E
:1073600013D0BC4218BFB4420FD04C4518BF5C4587
:107370000BD0A4F18040B0F5A05018BF444504D014
:10738000BD2258A165A001F083FC6888002818BFC1
:10739000102809D020281CBF4028602804D0BE2215
:1073A00050A164A001F074FCE88800281CBFB0F56F
:1073B000807FB0F5007F04D0BF224AA169A001F010
:1073C00067FC2068544518BF444508D0B4F1804F8D
:1073D00018BFBC4203D0B44218BF4C4503D16988E2
:1073E00020F0700008435C451CBFA4F18041B1F55A
:1073F000A05103D0E98820F4407008432060A88899
:10740000A08528882085544512BF4445287A2086C7
:107410000120A0822068544518BF444508D0B4F12B
:10742000804F18BFBC4203D0B44218BF4C4509D1AD
:10743000697A002914BF40F4006020F40060B4F1C0
:10744000804F04D0BC421CBFB4424C4510D1A97A35
:10745000002914BF40F4805020F48050E97A0029BC
:1074600014BF40F4005020F40050B4F1804F03D01A
:10747000BC4218BFB44206D1297B002914BF40F496
:10748000804020F48040544518BF444505D0B4F1F5
:10749000804F1CBFBC42B44206D1697B002914BF97
:1074A00040F4004020F4004020606068B4F1804F58
:1074B00018BFB44206D1A97B002914BF40F48070E4
:1074C00020F480706060BDE8F09F0000002C014057
:1074D0000010004000340140000C00400004004057
:1074E000000800402E2E5C6669726D776172655CE3
:1074F0006E3332673435785F7374645F70657269B8
:1075000070685F6472697665725C7372635C6E3317
:1075100032673435785F74696D2E6300497354693E
:107520006D416C6C4D6F64756C652854494D7829BC
:1075300000000000497354696D436E744D6F6465BB
:107540002854494D5F54696D6542617365496E69A0
:10755000745374727563742D3E436E744D6F64651D
:1075600029000000497354696D436C6B44697628A7
:1075700054494D5F54696D6542617365496E697424
:107580005374727563742D3E436C6B4469762900A5
:107590002DE9F04700252C460420FCF7B9FF01280F
:1075A00018BFBDE8F0870D20FCF7C8FF002898BF82
:1075B000BDE8F0874FF00F08354F4FF0010A4FF04C
:1075C0000E0908EB4406F0B2FCF7B8FF3979B1EBCD
:1075D000102F1BD1F0B2FCF7B1FF7979C0B288420D
:1075E00014D109EB4406F0B2FCF7A8FFF979491E63
:1075F0000AFA01F1084010F0FF0F07D0F0B2FCF7D3
:107600009DFF10F0800F0CBF02250125601CC4B245
:107610000D20FCF793FFA042D3D8012D1CD0022DE2
:1076200018BFBDE8F0870120FCF772FF012818BFE2
:10763000BDE8F0870020FEF7ADFC0020F9F74CFE16
:1076400000210120FCF780FF09210A20FCF792FFAE
:10765000BDE8F047FCF7D2BE0120FCF759FF002837
:1076600018BFBDE8F0870020FCF752FF002818BFC4
:10767000BDE8F0870120FEF78DFC0120F9F72CFE14
:1076800001210846FCF760FFBDE8F047FCF7B6BEF5
:107690002000002010B5054800F0ACFCC1B2044841
:1076A0000068BDE81040FBF70BBE0000004C004036
:1076B0003C00002070B5114D40F22551284600F0E5
:1076C0004BFA10B10E4C207820B12846BDE870402E
:1076D00000F090BC284600F08DFC6188094A88546F
:1076E0006088401C6080032000F020FEBDE87040F0
:1076F0003221054A032000F023BE00000044004070
:10770000DA070020DE070020ED82000870B5114D79
:1077100040F22551284600F01FFA10B10E4C207897
:1077200020B12846BDE8704000F064BC284600F057
:1077300061FC6188094A88546088401C608005208B
:1077400000F0F4FDBDE870403221054A052000F04C
:10775000F7BD000000480040880300208C03002093
:10776000FD8200082DE9F047DFF8FC80DFF8FC908F
:10777000DFF8FCA016460D460446404518BF4C45B0
:107780001AD054451CBFA4F18040B0F5984013D0E6
:10779000A4F18040B0F5A0401FBFA4F18040B0F537
:1077A000A830A4F18040B0F5AA3005D040F27F1295
:1077B00030A13FA001F06CFA40F66A17282D1CBFDB
:1077C000A5F5E060B0F127001BD0A5F5C060263814
:1077D0001CBFA5F5A060B0F1250012D0A5F5806012
:1077E00024381CBFA5F50060B0F1460009D0BD42A9
:1077F00018BF602D05D04FF4C0721EA133A001F058
:1078000047FA002E18BF012E05D040F2811219A1AF
:1078100035A001F03DFABD420AD144451CBF4C459C
:10782000544505D040F2851212A136A001F030FA7D
:1078300005F01F010122C5F3421002FA01F10128EF
:1078400008BF04F10C0005D002280CBF04F11000A1
:1078500004F11400002E026814BF114322EA010152
:107860000160BDE8F087000000380140004400409E
:10787000004800402E2E5C6669726D776172655C0F
:107880006E3332673435785F7374645F7065726924
:1078900070685F6472697665725C7372635C6E3384
:1078A00032673435785F75736172742E630000003F
:1078B00049535F55534152545F414C4C5F504552C0
:1078C00049504828555341525478290049535F552F
:1078D000534152545F4346475F494E5428555341E4
:1078E00052545F494E54290049535F46554E435404
:1078F000494F4E414C5F535441544528436D6429D0
:107900000000000049535F55534152545F313233F8
:107910005F504552495048285553415254782900E8
:1079200070B50446A0F180400D46B0F59C301CBFF8
:10793000A4F18040B0F588401DD0A4F18040B0F59E
:1079400090401CBFA4F18040B0F5984013D0A4F142
:107950008040B0F5A0401FBFA4F18040B0F5A83032
:10796000A4F18040B0F5AA3005D040F259120BA125
:1079700019A001F08DF9002D04BFA08920F400505A
:107980000AD0012D05D04FF4AD7204A119A001F069
:107990007FF9A08940F40050A08170BD2E2E5C6656
:1079A00069726D776172655C6E3332673435785F0A
:1079B0007374645F7065726970685F64726976651C
:1079C000725C7372635C6E3332673435785F7573E3
:1079D0006172742E6300000049535F555341525445
:1079E0005F414C4C5F5045524950482855534152D5
:1079F0005478290049535F46554E4354494F4E41F0
:107A00004C5F535441544528436D642900000000E5
:107A10002DE9F047294F0026DFF8A480DFF8A49075
:107A20000C460546B84218BF45451AD04D451CBF07
:107A3000A5F18040B0F5984013D0A5F18040B0F595
:107A4000A0401FBFA5F18040B0F5A830A5F180404F
:107A5000B0F5AA3005D040F219321BA129A001F0DF
:107A600017F9012C18BF802C20D0402C18BF202CD7
:107A70001CD0102C18BFB4F5807F17D0B4F5007F50
:107A800009D0082C1CBF042C022C0FD040F21A3253
:107A90000DA123A008E0BD421CBF45454D4505D0C2
:107AA00040F21E3208A125A001F0F2F828882042F9
:107AB00018BF01263046BDE8F087000000380140BD
:107AC00000440040004800402E2E5C6669726D77CD
:107AD0006172655C6E3332673435785F7374645FEE
:107AE0007065726970685F6472697665725C7372E2
:107AF000635C6E3332673435785F75736172742EF0
:107B00006300000049535F55534152545F414C4C50
:107B10005F504552495048285553415254782900E6
:107B200049535F55534152545F464C414728555382
:107B30004152545F464C41472900000049535F556C
:107B4000534152545F3132335F50455249504828B7
:107B500055534152547829002DE9F047DFF8F4805D
:107B60000026DFF8F490DFF8F4A00C460546404507
:107B700018BF4D451AD055451CBFA5F18040B0F542
:107B8000984013D0A5F18040B0F5A0401FBFA5F1EB
:107B90008040B0F5A830A5F18040B0F5AA3005D0FE
:107BA00040F26B322EA13DA001F072F8282C34D0A7
:107BB000A4F5E06040F66A1727381CBFA4F5C06042
:107BC000B0F126001CD0A4F5A06025381CBFA4F598
:107BD0008060B0F1240013D0A4F50060463818BFCF
:107BE000BC420DD0B4F5587F1CBFB4F5187FB4F576
:107BF000B07F12D04FF45B7219A12FA001F048F8AA
:107C0000BC420AD145451CBF4D45554505D04FF4F2
:107C10005C7213A12FA001F03BF804F01F000122B9
:107C2000C4F3421102FA00F0012904BFA9890840F7
:107C300004D002290CBF298AA98A0840210A02FA25
:107C400001F12A88114000281CBF00290126304676
:107C5000BDE8F08700380140004400400048004083
:107C60002E2E5C6669726D776172655C6E33326769
:107C70003435785F7374645F7065726970685F64CF
:107C800072697665725C7372635C6E333267343529
:107C9000785F75736172742E6300000049535F55FD
:107CA000534152545F414C4C5F5045524950482813
:107CB000555341525478290049535F55534152540A
:107CC0005F4745545F494E542855534152545F49CC
:107CD0004E54290049535F55534152545F3132335A
:107CE0005F50455249504828555341525478290015
:107CF0002DE9F047604EDFF88491DFF884A1614FF1
:107D0000DFF8848186B00D460446B04218BF4C456A
:107D100013D054451CBFA4F18040B0F598400CD05E
:107D2000A4F18040B0F5A0401CBFBC42444504D043
:107D3000C42256A164A000F0ABFF28686949401E28
:107D4000884204D3C52251A167A000F0A1FFA888F2
:107D5000002818BFB0F5805F04D0C6224BA16EA0EA
:107D600000F096FFE888002818BFB0F5805F0AD0C1
:107D7000B0F5005F18BFB0F5405F04D0C72243A143
:107D800072A000F085FF288900281CBFB0F5806F25
:107D9000B0F5C06F04D0C8223CA178A000F078FFF5
:107DA000688930F00C0100D120B9C92237A17EA02A
:107DB00000F06EFFA889002818D0B0F5807F1CBFA6
:107DC000B0F5007FB0F5407F06D0CA222FA18048D1
:107DD00000F05EFFA88948B1B4421CBF4C45544531
:107DE00004D0CE2229A17BA000F052FF208A4CF6BD
:107DF000FF710840E98808432082A0894EF6F311FC
:107E00000840A9882A8911436A8910430843A08140
:107E1000A08A4FF6FF410840A9890843A08268461E
:107E2000FDF7A2FAB44218BFBC4203D0444518BFC4
:107E3000029800D103986E4A00EBC00101EB0010DC
:107E400029686FF0180C8900B0FBF1F0A2FB00313B
:107E5000490909010B0903FB0CF300EB83003223F2
:107E600003EB0010A2FB0020C0F343100843208165
:107E700006B0BDE8F0870000003801400044004033
:107E80000048004000500140005401402E2E5C6626
:107E900069726D776172655C6E3332673435785F15
:107EA0007374645F7065726970685F647269766527
:107EB000725C7372635C6E3332673435785F7573EE
:107EC0006172742E6300000049535F555341525450
:107ED0005F414C4C5F5045524950482855534152E0
:107EE0005478290020AA440049535F555341525405
:107EF0005F42415544524154452855534152545FC5
:107F0000496E69745374727563742D3E4261756471
:107F1000526174652900000049535F555341525422
:107F20005F574F52445F4C454E4754482855534184
:107F300052545F496E69745374727563742D3E5761
:107F40006F72644C656E67746829000049535F5511
:107F5000534152545F53544F504249545328555340
:107F60004152545F496E69745374727563742D3E47
:107F700053746F70426974732900000049535F5550
:107F8000534152545F50415249545928555341521C
:107F9000545F496E69745374727563742D3E5061F9
:107FA000726974792900000049535F555341525456
:107FB0005F4D4F44452855534152545F496E697493
:107FC0005374727563742D3E4D6F64652900000013
:107FD00094BC000849535F55534152545F313233CA
:107FE0005F50455249504828555341525478290012
:107FF0001F85EB5110B50446A0F18040B0F59C30D0
:108000001CBFA4F18040B0F588401DD0A4F1804091
:10801000B0F590401CBFA4F18040B0F5984013D05B
:10802000A4F18040B0F5A0401FBFA4F18040B0F59E
:10803000A830A4F18040B0F5AA3005D040F251221A
:1080400003A112A000F024FEA088C0F3080010BD18
:108050002E2E5C6669726D776172655C6E33326775
:108060003435785F7374645F7065726970685F64DB
:1080700072697665725C7372635C6E333267343535
:10808000785F75736172742E6300000049535F5509
:10809000534152545F414C4C5F504552495048281F
:1080A000555341525478290070B50446A0F18040E0
:1080B0000D46B0F59C301CBFA4F18040B0F588405F
:1080C0001DD0A4F18040B0F590401CBFA4F18040C9
:1080D000B0F5984013D0A4F18040B0F5A0401FBF88
:1080E000A4F18040B0F5A830A4F18040B0F5AA30EA
:1080F00005D04FF4107208A116A000F0C9FDB5F527
:10810000007F05D340F2412203A119A000F0C0FD79
:10811000C5F30800A08070BD2E2E5C6669726D7775
:108120006172655C6E3332673435785F7374645F97
:108130007065726970685F6472697665725C73728B
:10814000635C6E3332673435785F75736172742E99
:108150006300000049535F55534152545F414C4CFA
:108160005F50455249504828555341525478290090
:1081700049535F55534152545F444154412844612F
:10818000746129002DE9F0410E0005464FF000040E
:1081900014BF094FBDE8F081295D3846FFF784FF21
:1081A00080213846FFF734FC0028F9D0601C84B2E7
:1081B000B442F1D3BDE8F0810044004010B5184C42
:1081C000002058212278012A18BF10BDB4F802C03F
:1081D000BCF1170F08BFACF1010211D12318401CEC
:1081E0001B79C0B2194489B28242F7DCC8430D49F9
:1081F000C0B21CF80110814204BF201DF8F710FE28
:10820000002062880146002A06D92218401C1171FC
:108210006288C0B28242F8D86180217010BD00002F
:10822000DA070020DD0700202DE9F0471D4E3078E9
:10823000012818BFBDE8F0874FF40061DFF86890AF
:108240004846FAF717FD7588371D0024002D88BFB2
:10825000DFF858800DD9395D4046FFF725FF8021B2
:108260004046FFF7D5FB0028F9D0601C84B2AC4231
:10827000F1D3642000F096FD4FF400614846FAF710
:108280008FFC002072880146002A06D93218401C53
:1082900011717288C0B28242F8D871803170BDE825
:1082A000F0870000880300200008014000480040DB
:1082B0002DE9F0410E0005464FF0000414BF094FB0
:1082C000BDE8F081295D3846FFF7EEFE8021384693
:1082D000FFF79EFB0028F9D0601C84B2B442F1D3B2
:1082E000BDE8F081004C0040FEE70000024901209B
:1082F0000870032000F01AB8DA07002002490120B4
:108300000870052000F012B88803002000200649FC
:10831000024601EBC00341F83020401CC0B25A6055
:108320001228F6D3FEF7D4BEF8020020034A00213B
:1083300042F8301002EBC00041607047F8020020A4
:10834000034B43F8301003EBC0004260704700005D
:10835000F802002070B50A4D002455F8340048B1E9
:10836000411E05EBC40045F83410406810B10029E7
:1083700008BF8047601CC4B2122CEED370BD000051
:10838000F80200200FB4054B10B503A9044A029867
:1083900000F0E2F810BC5DF814FB0000D58D000879
:1083A000D80200200FB4084B10B504A902AA039804
:1083B00000F0D2F8044602A9002000F064FC204638
:1083C00010BC5DF814FB0000878C00080048704763
:1083D000E402002002E008C8121F08C1002AFAD1F6
:1083E00070477047002001E001C1121F002AFBD135
:1083F000704700002DE9FF5FDDE90220010DDDF887
:1084000038B0024318D044F61050A1F2FF31414376
:108410000D140F98012820D0A5EB0B00401C5FEA3B
:10842000000A4FF00004474EDFF81C91A04650466A
:1084300016D5CAF1000728E00F98012443A20128AD
:1084400008D0002100980F9BC0E90021C0E9024339
:10845000BDE8FF9F6FEA0B01F4E7CBF10000DEE718
:10846000074612E0F80707D0224633464046494601
:10847000F7F702FF804689462246334610461946E2
:10848000F7F7FAFE04460E467F10002FEAD1DDE929
:108490000201BAF1000F42464B4602DAF7F7ECFE52
:1084A00001E0F8F738F904460E460022284BF8F7A9
:1084B000B9F903D84FF0FF30014607E00022254B01
:1084C00020463146F8F780F8F8F794F9102409E0CF
:1084D000002C0ADB0A220023F7F7A0FF019B3032B1
:1084E0001A55641E50EA0102F2D1641C019AC4F1CB
:1084F000110314440F9A012A03D0012208430DD11D
:108500000AE0084304D000204FF0110B0F9080E7E1
:10851000A3EB0B056D1E0DE05B4504DD4FF0000283
:1085200005F1010504E003DA4FF00002A5F10105B1
:10853000002AECD000980F99C0E90231C0E900454B
:1085400086E70000000024400000F03F30000000FB
:108550000000F0430000E03F2DE9FF4F95B09B463F
:108560008946064600250FE2252877D100242746B4
:10857000F84A0121059400E0044316F8013F203B2E
:1085800001FA03F01042F7D130782A2811D06FF0A9
:108590002F033078A0F13002092A16D8059A44F04A
:1085A000020402EB820203EB42021044761C0590A7
:1085B000EFE759F8042B0592002A03DA504244F4FD
:1085C0000054059044F00204761C30782E2816D111
:1085D00016F8010F44F004042A280DD06FF02F0282
:1085E0003078A0F13003092B09D807EB870302EBA1
:1085F0004303C718761CF3E759F8047B761C3078E0
:108600006C280FD006DC4C2817D068280DD06A28BB
:1086100014D104E0742810D07A280FD10DE044F46E
:1086200000140AE044F4801401E044F44014727829
:10863000824202D104F58014761C761C30786628BC
:108640000BD013DC582877D009DC002875D04528DA
:10865000F6D04628F4D047281AD19DE118E06328C7
:1086600035D0642879D0652812D195E1702873D06F
:1086700008DC6728F1D069286FD06E280DD06F28EC
:1086800006D1B5E073282CD0752875D0782874D021
:108690005A46179990476D1C75E1C4F302500228A1
:1086A00009D003280DD0D9F8001004280DD00D6092
:1086B00009F1040967E1D9F80010EA17C1E900528D
:1086C000F6E7D9F800100D80F2E70D70F0E719F821
:1086D000041B8DF8001000208DF80100EA460120EF
:1086E00003E059F804AB4FF0FF3061074FF0000191
:1086F00002D40DE008F101018846B9420FDA804545
:10870000F8DB1AF808100029F4D108E008F101019B
:1087100088468142FADB1AF808100029F6D105983C
:108720005B46A0EB080721463846179A00F094FAFA
:10873000284400EB080507E04DE029E10DE01AF8B8
:10874000010B5A4617999047B8F10108F7D25B46DA
:1087500021463846179A13E142E00A220092C4F3F8
:1087600002524FF0000A022A08D059F804CB032A1B
:108770004FEAEC710AD00DE029E02AE009F1070187
:1087800021F00702F2E802C1914609E00FFA8CFCE1
:108790004FEAEC71042A03D14FFA8CFC4FEAEC71DA
:1087A000002907DA0A460021DCF1000C61EB020126
:1087B0002D2202E0220504D52B228DF8042001226F
:1087C00003E0E20701D02022F7E7904659E00A21B2
:1087D00002E010220DE010214FF0000A00910BE0A2
:1087E00010224FF0000A44F004040827009203E02E
:1087F00008224FF0000A0092C4F30252022A05D068
:1088000059F804CB0021032A08D009E009F1070137
:1088100021F00702F2E802C1914605E01FFA8CFC44
:10882000042A01D10CF0FF0C4FF00008220728D5D4
:10883000702806D0009B83F0100353EA0A0305D08A
:108840000EE040228DF80420012208E05CEA0102DB
:1088500006D030228DF804208DF8050002229046C3
:10886000009B83F0080353EA0A030AD15CEA010281
:1088700001D1620705D530228DF804204FF00108A0
:108880007F1E582804D034A003900EA802900DE05B
:1088900036A0F9E753466046009AF7F7BFFD8446D5
:1088A0000398825C0298401E029002705CEA01000C
:1088B000F0D1029806A9081A00F1200A600702D533
:1088C00024F4803400E00127574502DDA7EB0A00BD
:1088D00000E0002000EB0A01009005984144401A96
:1088E0000590E00306D45B462146179A059800F0F0
:1088F000B3F90544002706E001A85A46C05D179960
:1089000090476D1C7F1C4745F6DBE0030CD55B46AA
:108910002146179A059800F09FF9054404E030209D
:108920005A46179990476D1C0099481E00900029DF
:10893000F5DC08E0029802995A460078491C029139
:10894000179990476D1CBAF10001AAF1010AF1DCF8
:1089500065E1000009280100303132333435363703
:10896000383961626364656600000000303132337B
:10897000343536373839414243444546000000001B
:1089800000F058F90544761C307800287FF4ECADEF
:1089900019B02846BDE8F08F620700D4062709F118
:1089A000070222F0070CFCE80223E14603F000482E
:1089B0005FEA080C02D00FF2702C0DE05FEA045C55
:1089C00002D50FF2682C07E05FEAC47C02D00FF2F8
:1089D000602C01E0AFF2700C4FF0FF3823F0004341
:1089E000CDF850C065280CD006DC452809D04628B3
:1089F0001DD047283DD13DE0662818D067287ED19C
:108A000038E00021112F01DB112000E0781CCDE9B6
:108A1000000106A90EA8FFF7EDFCDDE90F010E9A93
:108A200003910021009207F1010A04914DE04FF0FB
:108A300000400097CDE9011006A90EA8FFF7DAFC67
:108A4000DDE90F0203920E9B11990022DDF80CA0C4
:108A50000093049211B9791C00EB010AB7EB0A00EC
:108A600004D4C0F1FF3007F1010A0490AAEB07001B
:108A7000019044E0012F00DA01270021112F01DDD0
:108A8000112000E03846CDE9000106A90EA8FFF745
:108A9000B1FCDDE90F010E9A0391002104910092CF
:108AA000BA4621070CD40399514500DA8A46BAF137
:108AB000010F05DD009AAAF10101515C302908D0AF
:108AC000B84202DA10F1040F06DA0121CDE90110F3
:108AD00015E0AAF10101E9E7002805DC0499014449
:108AE0000491AAEB000102E0411C514500DD8A46D9
:108AF0000499401A401C01904FF00040029020075A
:108B000004D40198504501DBCDF8048000208DF895
:108B10004F0002980DF14F07B0F1004F25D02B20E8
:108B20000E9002984FF0020800280CDA40420290A2
:108B30002D200E9007E00A210298F7F759FC3031FA
:108B4000029007F8011DB8F10001A8F10108F2DC5C
:108B500002980028EFD1791E0E980870307800F046
:108B6000200040F0450007F8020D12A8C01B00F1DC
:108B700007081498007800B1012000EB0A01019861
:108B800001EBE07105984144401A401E0590E00356
:108B900006D45B462146179A059800F05DF8054417
:108BA0001498007818B15A46179990476D1CE00345
:108BB00024D55B462146179A059800F04DF80544E8
:108BC0001CE00498002807DBDDE90301884203DD8F
:108BD0000098405C179901E0179930205A46904759
:108BE000049805F10105401C04900198401E019075
:108BF00004D12E205A46179990476D1CBAF10001F6
:108C0000AAF1010ADDDC05E017F8010B5A461799B5
:108C100090476D1CB8F10001A8F10108F4DC5B4637
:108C20002146179A0598ABE62D0000002B000000A6
:108C3000200000002DE9F041044600251E4617469D
:108C4000880404D405E039462020B0476D1C641E1A
:108C5000F9D52846BDE8F0812DE9F041044600250C
:108C60001E469046C80301D5302700E0202788041F
:108C700004D505E041463846B0476D1C641EF9D561
:108C80002846BDE8F0810A68531C0B6010707047DD
:108C900013460A46014602A0FFF774FBFEE70000F8
:108CA000617373657274696F6E206661696C656467
:108CB0003A20602573602061742025733A25640092
:108CC00000F00F03000900EB800003EB4000C0B28E
:108CD00000F5FA63080901F00F0C00EB80000CEBC3
:108CE0004000110902F00F0CC0B201EB81010CEB46
:108CF0004101421EC9B20C2A02D209B11F2901D971
:108D000000207047012818BF022803D10C305A1EDA
:108D1000C0B293B2421C02EB420240F2676C12FBFB
:108D20000CF201EB400000EB52304AF2D73118440C
:108D300001FB031100EB9300A0EB91504FF4C871BD
:108D4000B3FBF1F10844411C074B08460022C3FB6A
:108D500001208210A2EBE070A0EBC000084410F0EC
:108D6000FF0008BF0720704793244992FF2330B4C7
:108D70001A46B1F1010C24BF084C04F5807508D3E4
:108D800010F8011B5940635C53406A5CBCF1010C54
:108D9000F6D203480270437030BC7047C800002010
:108DA0005C0000200022002898BF704746F2A811FE
:108DB000491EFDD1521C8242F8D370470022002880
:108DC00098BF70471921491EFDD1521C8242F9D328
:108DD0007047000070B5074D0446C1B22846FFF742
:108DE00063F980212846FEF713FE0028F9D02046BB
:108DF00070BD0000005000400148407870470000FE
:108E0000C8020020014800787047000028000020B8
:108E100000B587B06846FCF7A7FA012140F2FD10C3
:108E2000FCF708FA01214FF46020FCF7A3F94FF496
:108E30004070FBF70BFD0420FDF7FEF90B4901988C
:108E40000B4BA1FB001040090022401EB0F1807FB7
:108E500008D24FF0E0214861F02083F8140D8A61B8
:108E60000720086183F8142D07B000BD1F85EB5162
:108E70000FE000E030B585B00424ADF810401820B4
:108E80008DF813000320194D8DF8120004A928460F
:108E9000F9F7DCFC0821ADF8101001218DF8121053
:108EA0008DF8134004A92846F9F7D0FC4FF416506A
:108EB00000900020ADF80400ADF80600ADF8080001
:108EC000ADF80C000C200A4CADF80A0069462046AB
:108ED000FEF70EFF012240F225512046FEF742FC2C
:108EE00001212046FEF71CFD05B030BD0008014001
:108EF0000044004010B586B04FF48060ADF810001B
:108F000018208DF813000320194C8DF8120004A9C5
:108F10002046F9F79BFCE114ADF8101001218DF803
:108F2000121004218DF8131004A92046F9F78EFCC5
:108F30004FF4165000900020ADF80400ADF8060084
:108F4000ADF80800ADF80C000C200A4CADF80A0092
:108F500069462046FEF7CCFE012240F2255120460C
:108F6000FEF700FC01212046FEF7DAFC06B010BD3A
:108F7000000C01400048004010B586B04FF48060FE
:108F8000ADF8100018208DF813000320194C8DF84F
:108F9000120004A92046F9F759FCE114ADF81010AD
:108FA00001218DF8121004218DF8131004A9204618
:108FB000F9F74CFC4FF4E13000900020ADF80400CC
:108FC000ADF80600ADF80800ADF80C000C200A4C16
:108FD000ADF80A0069462046FEF78AFE012240F2FB
:108FE00025512046FEF7BEFB01212046FEF798FCE6
:108FF00006B010BD00100140004C004010B586B016
:1090000001213120FCF716F901210805FCF7B2F81F
:109010004FF48050ADF8100018208DF81300032095
:109020008DF8120004A91648F9F710FC0420ADF8D9
:1090300010008DF8130004A91248F9F707FC4FF44B
:10904000E13000900020ADF80400ADF80600ADF866
:109050000800ADF80C0008200B4CADF80A0069467A
:109060002046FEF745FE012240F225512046FEF73C
:1090700079FB01212046FEF753FC208806B010BD85
:1090800000100140001401400050004024480178C5
:10909000012918BF704710B500210170FFF7B2FE1B
:1090A000012803D0BDE81040FDF7BEB90220FBF750
:1090B0002FFA002818BF10BD00210420FBF744FA46
:1090C0000120FBF725FA012814D00120FCF762FFEC
:1090D0000120F8F701F901210846FBF735FA0121D3
:1090E0000846F8F715FEFBF789F9BDE810400020A7
:1090F000F8F73AB80020FCF74DFF0020F8F7ECF83D
:1091000000210120FBF720FA09210A20FBF732FA9F
:1091100000210120F8F7FCFDFBF770F9E5E70000FE
:1091200058000020014901200870704758000020B5
:1091300070B584B00425214EADF8005048248DF858
:10914000034069463046F9F781FB02210120F8F718
:109150009BFF00208DF80C000C208DF80D000120E5
:109160008DF80E00029502A8F8F706FD1020ADF864
:109170000000134D8DF8034069462846F9F766FB59
:109180004020ADF800008DF8034069462846F9F705
:109190005DFB2020ADF800008DF8034069460948CA
:1091A000F9F754FB0220ADF800008DF80340694642
:1091B0003046F9F74BFB04B070BD0000000C0140D5
:1091C0000008014000100140FFF760BFF8B5202003
:1091D000ADF800001025214E8DF8035001248DF8C4
:1091E000024069463046F9F731FB20213046F9F755
:1091F00041FD1B4A4FF4FA710120FFF7A1F88021CD
:10920000ADF800108DF803508DF8024069463046E5
:10921000F9F71CFB80213046F9F72CFDADF8005022
:10922000104E8DF803508DF8024069463046F9F72C
:109230000DFB10213046F9F71DFDADF800408DF80B
:1092400003508DF80240084C69462046F9F7FEFAB3
:1092500001212046F9F70EFDF8BD0000000801408D
:10926000E13A000800100140000C014001490120D2
:1092700048707047CC020020F7F700FFF8F798F924
:10928000F9F734FEF9F790FEF7F75AFFFCF75EF9AD
:10929000FDF77CFDFAF738FBF9F7C6FDF9F762FE3A
:1092A000F2E70000F0B50B30154D20F00701002467
:1092B000144A0FE003688B420BD38B4205D95E1A28
:1092C00043184768C3E9006700E04368136002C0C1
:1092D00004E0021D10680028ECD12046002802D1CD
:1092E000286808B10020F0BD064A07481060074A08
:1092F000121A22F00702C0E9002401202860D7E7F3
:10930000E0020020DC0200205C1900205829002027
:109310000149012008707047CC020020014901205A
:1093200008717047CC02002001494870F7F797BFD9
:10933000C80200200149012088707047CC0200203B
:1093400010B500218F20F7F79AFB00219020F7F746
:1093500096FB00219120F7F792FB00219220F7F76E
:109360008EFBF8F731FE00210420F7F788FB01217E
:109370000520F7F784FB00210620F7F780FB012189
:109380000720F7F77CFB00210820F7F778FBBDE802
:109390001040F8F7E6BC00000000010203040102DF
:1093A00003040607080901020406080A0C1020201D
:1093B00020202020202001000200040006000800D8
:1093C0000A000C0010002000400080000001000195
:1093D000000100010001303132333435363738397D
:1093E00041424344454600000000000000000000E8
:1093F000000000000404040404000004000014142D
:109400000A00000000000000000000000A0A1F0A15
:109410000A1F0A0A000000040E1505060C14150E9A
:109420000400000012150D152E2C2A120000000059
:10943000040A0A3615152916000002020100000070
:1094400000000000000010080804040404040808D8
:1094500010000204040808080808040402000000C0
:109460000004150E0E150400000000000008083E60
:1094700008080000000000000000000000000202D8
:10948000010000000000003F00000000000000009C
:10949000000000000000000200000020101008087A
:1094A00004040202010000000E1111111111110E2D
:1094B00000000000040604040404040E0000000080
:1094C0000E1111080402011F000000000E11100C03
:1094D0001010110E00000000080C0C0A091F081CD7
:1094E000000000001F01010F1110110E000000000C
:1094F0000C12010D1311110E000000001E100808BF
:1095000004040404000000000E11110E1111110ECC
:10951000000000000E1111191610090600000000CD
:10952000000004000000000400000000000000042F
:1095300000000004040000001008040202040810E7
:109540000000000000003F003F000000000000009D
:109550000204081010080402000000000E11110897
:1095600004040004000000001C22292D2D1D221CD3
:109570000000000004040C0A0A1E12330000000060
:109580000F12120E1212120F000000001E11010124
:109590000101110E000000000F1212121212120F20
:1095A000000000001F120A0E0A02121F0000000035
:1095B0001F120A0E0A020207000000001C1201011D
:1095C0003911120C000000003312121E1212123355
:1095D000000000001F0404040404041F0000000035
:1095E0003E080808080808080907000037120A069C
:1095F0000A12123700000000070202020202223F94
:10960000000000003B1B1B1B15151535000000005A
:109610003B1216161A1A1217000000000E11111133
:109620001111110E000000000F12120E02020207AB
:10963000000000000E1111111117190E1800000082
:109640000F12120E0A121237000000001E1101063E
:109650000810110F000000001F1504040404040E7C
:1096600000000000331212121212120C000000004F
:109670003312120A0A0C0404000000001515151517
:109680000E0A0A0A000000001B0A0A04040A0A1B48
:10969000000000001B0A0A0A0404040E0000000077
:1096A0001F0908040402121F00001C04040404041F
:1096B000040404041C000002020404040808081046
:1096C00010000E0808080808080808080E00040A18
:1096D000000000000000000000000000000000008A
:1096E00000000000003F0204000000000000000035
:1096F000000000000000000C121C123C00000003DF
:109700000202020E1212120E000000000000001CE5
:109710001202120C000000181010101C1212123C41
:10972000000000000000000C121E021C00000018C7
:109730002404041E0404041E000000000000003C79
:10974000120C021C221C00030202020E121212371B
:1097500000000004040000060404040E00000008D9
:109760000800000C08080808080700030202021A93
:109770000A060A1300000007040404040404041F7A
:10978000000000000000000F151515150000000076
:109790000000000F12121237000000000000000C41
:1097A0001212120C000000000000000F1212120E24
:1097B000020700000000001C1212121C10380000EA
:1097C0000000001B06020207000000000000001E4F
:1097D000020C101E000000000004041E0404041CFF
:1097E000000000000000001B1212123C00000000EC
:1097F0000000001B0A0A040400000000000000151D
:10980000150E0A0A000000000000001B0A040A1BD3
:10981000000000000000003312120C0804030000D6
:109820000000001E0804041E000018080808080CA8
:1098300008080808180008080808080808080808A0
:1098400008080604040404080404040406001609B5
:109850000000000000000000000000000000000008
:1098600000000000000000000000000000080808E0
:109870000808080800001818000000486C241200AE
:10988000000000000000000000000000002424246C
:109890007F1212127F12121200000000081C2A2AE6
:1098A0000A0C1828282A2A1C08080000002225155E
:1098B00015152A585454542200000000000C1212AE
:1098C000120A76252911916E000000060604030095
:1098D0000000000000000000000000402010100800
:1098E00008080808081010204000000204080810AA
:1098F00010101010100808040200000000000808F2
:109900006B1C1C6B08080000000000000000080829
:1099100008087F0808080800000000000000000098
:109920000000000000000606040300000000000024
:109930000000FE0000000000000000000000000029
:1099400000000000000006060000000080404020EB
:10995000201010080804040202000000001824422D
:1099600042424242424224180000000000080E0811
:10997000080808080808083E00000000003C4242B1
:10998000422020100804427E00000000003C4242B9
:10999000201820404042221C0000000000203028F7
:1099A000242422227E20207800000000007E020273
:1099B000021A26404042221C000000000038240207
:1099C000021A26424242241800000000007E222291
:1099D000101008080808080800000000003C424277
:1099E000422418244242423C000000000018244255
:1099F000424264584040241C000000000000000067
:109A000018180000000018180000000000000000F6
:109A100000080000000000080804000000402010BA
:109A200008040204081020400000000000000000AC
:109A30007F0000007F00000000000000000204081A
:109A4000102040201008040200000000003C4242A8
:109A5000464020101000181800000000001C225A78
:109A6000555555552D42221C0000000000080818CD
:109A70001414243C224242E700000000001F22226E
:109A8000221E22424242221F00000000007C42426D
:109A9000010101010142221C00000000001F2242BE
:109AA000424242424242221F00000000003F421256
:109AB000121E12120242423F00000000003F4212FA
:109AC000121E12120202020700000000003C2222B5
:109AD000010101712122221C0000000000E7424226
:109AE00042427E42424242E700000000003E080837
:109AF000080808080808083E00000000007C101054
:109B00001010101010101010110F0000007722120A
:109B10000A0E0A1212222277000000000007020239
:109B2000020202020202427F000000000077363685
:109B300036362A2A2A2A2A6B0000000000E346460D
:109B40004A4A52525262624700000000001C224101
:109B5000414141414141221C00000000003F42427E
:109B600042423E020202020700000000001C2241A5
:109B7000414141414D53321C60000000003F4242D0
:109B8000423E1212222242C700000000007C4242E4
:109B9000020418204042423E00000000007F4908B5
:109BA000080808080808081C0000000000E74242F6
:109BB000424242424242423C0000000000E7424230
:109BC000222424141418080800000000006B4949DE
:109BD00049495555362222220000000000E7422460
:109BE00024181818242442E70000000000772222DD
:109BF000141408080808081C00000000007E21203A
:109C0000101008040442423F0000007808080808C9
:109C10000808080808080808780000000202040480
:109C200008080810102020204040001E10101010BE
:109C300010101010101010101E000038440000000A
:109C40000000000000000000000000000000000014
:109C5000000000000000000000FF000608000000F7
:109C600000000000000000000000000000000000F4
:109C7000003C4278444242FC000000000003020223
:109C8000021A26424242261A00000000000000008C
:109C900000384402020244380000000000604040E6
:109CA00040784442424264D80000000000000000B6
:109CB000003C427E0202423C0000000000F08808A6
:109CC000087E08080808083E0000000000000000A8
:109CD000007C22221C023C42423C000000030202A3
:109CE000023A4642424242E700000000000C0C00EB
:109CF000000E08080808083E000000000030300090
:109D00000038202020202020221E00000003020214
:109D10000272120A1612227700000000000E0808D4
:109D2000080808080808083E0000000000000000BD
:109D3000007F9292929292B7000000000000000013
:109D4000003B4642424242E70000000000000000A3
:109D5000003C42424242423C000000000000000041
:109D6000001B26424242221E0207000000000000A3
:109D7000007844424242447840E000000000000085
:109D800000774C040404041F0000000000000000E1
:109D9000007C42023C40423E0000000000000008FF
:109DA000083E080808080830000000000000000015
:109DB00000634242424262DC0000000000000000FA
:109DC00000E74224241408080000000000000000FE
:109DD00000EB494955552222000000000000000018
:109DE000007624181818246E0000000000000000FF
:109DF00000E74224241418080807000000000000AF
:109E0000007E22100808447E000000C02020202090
:109E10002010202020202020C00010101010101032
:109E2000101010101010101010100006080808086C
:109E3000081008080808080806000C32C2000000D4
:109E40000000000000000000000000000000000012
:109E50000000000000000000000000000000000002
:109E600000000000000000000000000000000000F2
:109E700000000000000000000000000000000000E2
:109E80000000600060006000600060006000600032
:109E900040002000200020000000000000006000C2
:109EA000600060000000000000000000000060068C
:109EB00060063003980188004400000000000000A4
:109EC0000000000000000000000000000000000092
:109ED0000000000000000000000000000000000082
:109EE00000001002100210021002FE07FE07080216
:109EF0000801080108010801FE07FE07040104012A
:109F00000401040100000000000000000000000047
:109F100040004000F00158034C03CC034C005800B3
:109F20007000E000C001C00140034C035C034C031F
:109F30004801F00040004000000000000000000068
:109F400000000E010A0191009100910051005100A2
:109F50003A00AE03A00250045004480448044804E8
:109F600084028403000000000000000000000000E4
:109F7000000038006C006C006C006C006C002C0061
:109F800098071C011A01330133016301E300C30880
:109F9000C6093C07000000000000000000000C00A3
:109FA0001C00100010000800040000000000000069
:109FB00000000000000000000000000000000000A1
:109FC000000000000000000000000000000000048D
:109FD00000020001800080004000400020002000BE
:109FE00020002000200020002000400040008000D1
:109FF00080000001000200040000000000000200D8
:10A000000400080010001000200020004000400064
:10A0100040004000400040004000200020001000B0
:10A020001000080004000200000000000000000012
:10A030000000000000004000C0004000460C4E0F31
:10A04000D001F0015E0F460C4000400040000000CF
:10A050000000000000000000000000000000000000
:10A0600000000000000000004000400040004000F0
:10A070004000FE0F40004000400040004000000053
:10A0800000000000000000000000000000000000D0
:10A0900000000000000000000000000000000000C0
:10A0A00000000000000000000000000000000C00A4
:10A0B0001C00100010000800040000000000000058
:10A0C0000000000000000000000000000000000090
:10A0D0000000FE070000000000000000000000007B
:10A0E0000000000000000000000000000000000070
:10A0F0000000000000000000000000000000000060
:10A1000000000000000000000000000000001C0033
:10A110001C001C0000000000000000000000000403
:10A1200000060002000300010001800080004000E2
:10A13000400060002000200010001000080008000F
:10A140000C000400060002000000000000000000F7
:10A1500000000000F00098010C030C030606060640
:10A160000606060606060606060606060C030C0389
:10A170009801F00000000000000000000000000056
:10A180000000000040007C00600060006000600093
:10A1900060006000600060006000600060006000BF
:10A1A0006000FC0300000000000000000000000050
:10A1B00000000000F8008401020306030603000308
:10A1C00000018001C00060002000100008020402AD
:10A1D0000602FE0300000000000000000000000076
:10A1E000000000007800C600860186018001800121
:10A1F000C000700080010001000300030603060395
:10A200008601F800000000000000000000000000CF
:10A210000000000080018001C001A001A0019001A8
:10A220008801880184018201FE0F80018001800184
:10A230008001E007000000000000000000000000B6
:10A2400000000000FC0304000400040004000400FB
:10A25000F4008C01040300030003060306038201DB
:10A260008401F80000000000000000000000000071
:10A2700000000000E00118030C030C0004000600BD
:10A28000E60116030E0606060606060604060C027E
:10A290001803F000000000000000000000000000B3
:10A2A00000000000F8070C06040204010001000190
:10A2B00080008000400040004000600060006000BE
:10A2C00060006000000000000000000000000000CE
:10A2D00000000000F8010C030606060606060C0244
:10A2E0001C03F000C8010C03060606060606060657
:10A2F0000C03F0010000000000000000000000005E
:10A3000000000000F0000C010C0306020606060621
:10A31000060606078C0678060006000300030C01FB
:10A320008C01780000000000000000000000000028
:10A330000000000000000000000000000000E0003D
:10A34000E000E00000000000000000000000E0006D
:10A35000E000E0000000000000000000000000003D
:10A36000000000000000000000000000000060008D
:10A37000600000000000000000000000000000007D
:10A38000600060004000200020000000000000008D
:10A3900000000004000200018000400020001000C6
:10A3A00008000400080010002000400080000001A8
:10A3B0000002000400000000000000000000000097
:10A3C0000000000000000000000000000000FE0788
:10A3D000000000000000FE07000000000000000078
:10A3E000000000000000000000000000000000006D
:10A3F0000000040008001000200040008000000160
:10A400000002000400020001800040002000100053
:10A410000800040000000000000000000000000030
:10A4200000000000E0031806040C040C0C0C0C0CDB
:10A430000007800140004000400000000000E000F4
:10A44000E000E0000000000000000000000000004C
:10A450000000E00018030C02CC0564056605A605A3
:10A46000B604B604B604B604B602E4010C040C0249
:10A470001803F000000000000000000000000000D1
:10A4800000000000600060005000D00090009000CC
:10A49000880088010801F801040304030402020291
:10A4A00002060F0F00000000000000000000000086
:10A4B00000000000FE008C030C030C030C030C03D3
:10A4C0008C01FC000C030C020C060C060C060C069E
:10A4D0000C03FE010000000000000000000000006E
:10A4E00000000000E00318030C060C04040406003E
:10A4F0000600060006000600060006040C040C0216
:10A500001803F00000000000000000000000000040
:10A51000000000007F008C010C030C030C060C06ED
:10A520000C060C060C060C060C060C060C030C03A1
:10A530008C017F000000000000000000000000000F
:10A5400000000000FF030603060406040600860060
:10A550008600FE00860086008600060006040604CB
:10A560000602FF03000000000000000000000000E1
:10A5700000000000FF030603060406040600860030
:10A580008600FE00860086008600060006000600A3
:10A5900006001F0000000000000000000000000096
:10A5A00000000000F00018010C020C02040206007A
:10A5B000060006000600C60F060306030C030C0384
:10A5C0001803F00000000000000000000000000080
:10A5D000000000000F0F0606060606060606060621
:10A5E0000606FE0706060606060606060606060612
:10A5F00006060F0F00000000000000000000000031
:10A6000000000000FC03600060006000600060006B
:10A61000600060006000600060006000600060003A
:10A620006000FC03000000000000000000000000CB
:10A6300000000000F807C000C000C000C000C0005B
:10A64000C000C000C000C000C000C000C000C0000A
:10A65000C000C000C60066003C0000000000000012
:10A6600000000000CF038601C60046002600160049
:10A6700036002E006E004600C600860086010601E8
:10A6800006038F070000000000000000000000002B
:10A69000000000001F00060006000600060006007D
:10A6A0000600060006000600060006000604060472
:10A6B0000602FF0300000000000000000000000090
:10A6C000000000000707860386038E038E034E03F7
:10A6D0004E034A035A035A033A0332033203320346
:10A6E00012038707000000000000000000000000C7
:10A6F000000000008E0F0C021C021C023402340207
:10A70000640264024402C4028402840384030403D6
:10A7100004031F0200000000000000000000000011
:10A7200000000000F00098010C030C02060606066B
:10A730000606060606060606060606060C020C03B4
:10A740009801F00000000000000000000000000080
:10A7500000000000FF0006030606060606060606C1
:10A7600006068603FE000600060006000600060038
:10A7700006001F00000000000000000000000000B4
:10A7800000000000F00098010C030C02060606060B
:10A790000606060606060606060676064C02CC03E4
:10A7A0009801F00080070003000000000000000096
:10A7B00000000000FF010603060606060606060660
:10A7C0000603FE004600C600860086010603060357
:10A7D00006060F0E00000000000000000000000050
:10A7E00000000000F8020C030602060206000E003C
:10A7F0003C00F800E003800300070206020606069C
:10A800000C03F00100000000000000000000000048
:10A8100000000000FE07620461086108600060003B
:10A820006000600060006000600060006000600028
:10A830006000F801000000000000000000000000BF
:10A84000000000001E070C020C020C020C020C029D
:10A850000C020C020C020C020C020C020C020C0288
:10A860001801F000000000000000000000000000DF
:10A87000000000000F070602040104010C010C0196
:10A880008800880098009800500050007000300048
:10A890002000200000000000000000000000000078
:10A8A00000000000F70E62044204460446046402FD
:10A8B0006402E402E4029C029C0198019801880170
:10A8C0008800880000000000000000000000000078
:10A8D000000000009E070C01080118019000B00064
:10A8E0006000200060006000D00090008801080136
:10A8F00004038E07000000000000000000000000BC
:10A90000000000000F0F060404020C0208011801E9
:10A91000B800B0007000600060006000600060007F
:10A920006000F801000000000000000000000000CE
:10A9300000000000FC070C020603020180018000F9
:10A9400040004000200020001000180008040C0403
:10A950000402FE0300000000000000000000E0030D
:10A9600020002000200020002000200020002000E7
:10A9700020002000200020002000200020002000D7
:10A98000200020002000E003000000000000000084
:10A99000000004000400080008001000100010006F
:10A9A0002000200040004000C00080008000000126
:10A9B00000010002000200020004000000007C0010
:10A9C0004000400040004000400040004000400087
:10A9D0004000400040004000400040004000400077
:10A9E0004000400040007C0000000000600090003B
:10A9F000080100000000000000000000000000004E
:10AA00000000000000000000000000000000000046
:10AA10000000000000000000000000000000000036
:10AA20000000000000000000000000000000000026
:10AA30000000000000000000000000000000000016
:10AA40000000000000000000FF0F000000001800E0
:10AA50006000000000000000000000000000000096
:10AA600000000000000000000000000000000000E6
:10AA700000000000000000000000000000000000D6
:10AA80000000000000000000000000000000F001D5
:10AA90000C030C030003E0031C030E030603060370
:10AAA0008E0B7C0E00000000000000000000000083
:10AAB000000008000E000C000C000C000C00CC0183
:10AAC0003C031C060C060C060C060C060C060C02BD
:10AAD0001C03E40100000000000000000000000072
:10AAE0000000000000000000000000000000F00076
:10AAF0008C018C01860106000600060006020C028D
:10AB00000C01F00000000000000000000000000048
:10AB100000000002C00300030003000300037803E9
:10AB20008C030C0306030603060306030603040353
:10AB30008C07780100000000000000000000000009
:10AB40000000000000000000000000000000E00124
:10AB5000180308020C060C06FC070C000C00180475
:10AB60001802E001000000000000000000000000EA
:10AB700000000000C0036006300630003000FE0117
:10AB80003000300030003000300030003000300045
:10AB90003000FC0100000000000000000000000088
:10ABA0000000000000000000000000000000F007AE
:10ABB000D8068C018C018C019801F8000C00FC0077
:10ABC000CC03060306038E03F8000000000000001B
:10ABD000000008000E000C000C000C000C00EC0142
:10ABE0001C030C030C030C030C030C030C030C03DD
:10ABF0000C039E07000000000000000000000000A1
:10AC000000000000600060000000000040007C00C8
:10AC10006000600060006000600060006000600034
:10AC20006000FC03000000000000000000000000C5
:10AC300000000000C001C001000000000001F001A0
:10AC400080018001800180018001800180018001FC
:10AC5000800180018001CC007C0000000000000029
:10AC6000000008000E000C000C000C000C008C030F
:10AC70008C008C004C006C005C008C008C010C0182
:10AC80000C039E0700000000000000000000000010
:10AC9000000040007C006000600060006000600018
:10ACA00060006000600060006000600060006000A4
:10ACB0006000FC0300000000000000000000000035
:10ACC0000000000000000000000000000000370746
:10ACD000EE0666066606660666066606660666068C
:10ACE0006606FF0F000000000000000000000000EA
:10ACF0000000000000000000000000000000EE0165
:10AD00001C030C030C030C030C030C030C030C03BB
:10AD10000C039E070000000000000000000000007F
:10AD20000000000000000000000000000000F00033
:10AD300098010C03060606060606060606060C0320
:10AD40000C03F00000000000000000000000000004
:10AD50000000000000000000000000000000EE0104
:10AD60001C030C060C060C060C060C060C060C0349
:10AD70001C03EC010C000C003E0000000000000071
:10AD80000000000000000000000000000000780249
:10AD90008C030C03060306030603060306030403E1
:10ADA0008C03780300030003C007000000000000CC
:10ADB00000000000000000000000000000009F03F1
:10ADC0005806380618001800180018001800180057
:10ADD0001800FF000000000000000000000000005C
:10ADE0000000000000000000000000000000F00370
:10ADF0001C030C020C023800F000C003040304031F
:10AE00008C03FC01000000000000000000000000B6
:10AE10000000000000002000200030003000FE0193
:10AE200030003000300030003000300030003002A0
:10AE30003002E001000000000000000000000000FF
:10AE400000000000000000000000000008028E0367
:10AE50000C030C030C030C030C030C030C030C037A
:10AE60009C077801000000000000000000000000C6
:10AE700000000000000000000000000000001E07AD
:10AE80000C020801080118019000B000B000600039
:10AE90006000200000000000000000000000000032
:10AEA0000000000000000000000000000000F70E9D
:10AEB0006204460464026402EC029C019801980159
:10AEC00098010800000000000000000000000000E1
:10AED0000000000000000000000000000000BC07AF
:10AEE00018011001B00060006000E000900008014F
:10AEF00008039E07000000000000000000000000A2
:10AF000000000000000000000000000000009E079C
:10AF100008010801080190009000B0006000600086
:10AF200060002000200024001C0000000000000041
:10AF30000000000000000000000000000000FC0114
:10AF40008401C400440060002000300018020802A0
:10AF50000C03FC01000000000000000000000003E2
:10AF600080008000800080008000800080008000E1
:10AF700040002000400080008000800080008000B1
:10AF8000800080008000000300004000400040007E
:10AF900040004000400040004000400040004000B1
:10AFA00040004000400040004000400040004000A1
:10AFB00040004000400040004000000000000C0045
:10AFC0001000100010001000100010001000100001
:10AFD00020004000200010001000100010001000A1
:10AFE0001000100010000C00000000001C002204E3
:10AFF000C204800300000000000000000000000008
:10B000000000000000000000000000000000000040
:10B010000000000000000000000000000000000030
:10B02000000000000000000000000000000001FF20
:10B03000FF0000FFFF000082040000820400008285
:10B0400004000082040000820400008204000082E8
:10B0500004003FFFFFF81FFFFFFC1082040C00827A
:10B06000040C0082040C0082040C0082040C008298
:10B07000040C0082040C0082040C01FFFE0C00FF93
:10B08000FE0C0000000C0000001C000001FC000091
:10B0900000080000000000000000000000000000A8
:10B0A0000002000000040000001800000070000012
:10B0B0000FC80FFFFF080FFF8008080000080801F5
:10B0C000000808010008080100080801000808013C
:10B0D000000808010008080100080BFFFFF809FF3D
:10B0E000FFF80981000808010008080100080801AC
:10B0F00010080801180808010E08080307C81803FB
:10B1000003C83801000818000018080000180000E3
:10B110000008000000000000000000000000000027
:10B12000000000100200000C0200000F033C0807A2
:10B1300007FC06001F800780700203038004000CD8
:10B1400000040030001802000030020407E002078B
:10B15000FF80020E4000021600000264000032C4AC
:10B1600080021F847FFC1E84400002040000020451
:10B170000000020400000224FFFC021C7FEC020E0F
:10B1800000040607000406000004020000FC0000A2
:10B19000001C00000008000000000000000000008B
:10B1A000000001000180010001C0010001800100D8
:10B1B0000180010003000100030001FFFE0001FF08
:10B1C000FE0201000404010004040100040803005D
:10B1D00008180310081001100860001000C00010CB
:10B1E000018000100F000010FC103FFFE0101FF85E
:10B1F0000008101000080010000C0010000E0010D5
:10B20000000C001001FC001FFFF0003FE0000010E8
:10B21000000000000000000000000000000000002E
:10B22000000000000100020011000240390002602D
:10B23000310002306100023C410002108100020135
:10B240000100020C3100021C3100023C7100026856
:10B25000B10033C9A1001F8B3FFE1E0E2FFC020C54
:10B2600021000238A100027061000220790002046E
:10B27000310002090100021881000230C1000260A1
:10B28000C10006207100020033000000030000002E
:10B2900001000000000000000000000000000000AD
:10B2A0000000000000000000000200000004000098
:10B2B0000008000002080FF847100890E7300890D7
:10B2C000C6600890CAE008914BC008914A480892AD
:10B2D00052080896520C089C640E0FF467FC089004
:10B2E00047F80890C40008908400089184000891F1
:10B2F000A480089014C008901C4008900C601FF8AF
:10B300000E30080007380000001C0000000000009C
:10B310000000000000000000000000000000000429
:10B3200000000004000000040000000400002004ED
:10B330000000100400100C0FFFF80F040038070085
:10B340000060000000C0000401800004020000044E
:10B3500000000004000000040000000400000004DD
:10B360000000000400003FFFFFFE1FFFFFFC100471
:10B3700000000004000000040000000400000004BD
:10B38000000000040000000C0000000C000000049D
:10B3900000000000000000000000000000000000AD
:10B3A000000000000000000000000000000001FF9D
:10B3B000FF0000FFFF000082040000820400008202
:10B3C0000400008204000082040000820400008265
:10B3D00004003FFFFFF81FFFFFFC1082040C0082F7
:10B3E000040C0082040C0082040C0082040C008215
:10B3F000040C0082040C0082040C01FFFE0C00FF10
:10B40000FE0C0000000C0000001C000001FC00000D
:10B410000008000000000000000000000000000024
:10B420000000004000000070000000EFFFFE01A7D8
:10B43000FFFC03244200062442001C244208182476
:10B440004208102442080044420C0244420E01CF3C
:10B45000FFFC01E4000000F000000000000000001C
:10B4600000001FF87FF81FFE7FFC0846020C0082D8
:10B47000020C0082040C01820C0C0302180C07025F
:10B48000380C0202300C0006100C003E01FC0004D7
:10B4900000080000000000000000000000000100A3
:10B4A000000001038300010F03000179020007C1BE
:10B4B00002003F010200193FFFFE111FFFFE0111B4
:10B4C0000400010304000305040001090400001F37
:10B4D000FFFE0033FFFC0062220000D2220003A224
:10B4E00022040F13FFFE3C17FFFC1812000014107B
:10B4F00000000330000001F1FFC800D00008006028
:10B50000000C0030000E003BFFFC001A0000001091
:10B51000000000100000000000000000000000001B
:10B520000000000000000000000000000008000112
:10B530001FFC01FF8FF801FF000800010008000157
:10B5400000080001000800010008000100080001D7
:10B550000008000100083FFFFFF81FFFFFF810017F
:10B5600000080001000800010008000100080001B7
:10B570000008000100080001000803FF800801FF27
:10B580009FFE01000FFE0000080000000000000008
:10B5900000000000000000000000000000000000AB
:10B5A00000000040200000403010004060080040D3
:10B5B00060080040400C0040C00E3FFFFFFC1FFF32
:10B5C000FFF8004100000041000000C2000000C27E
:10B5D0000000024000000200000002000000020023
:10B5E000001002000008020000080200000E03FF25
:10B5F000FFFC03FFFFFC020000000200000002004D
:10B60000000002000000060000000600000002002A
:10B61000000000000000000000000000000000002A
:10B620000000000100020401000404010004040100
:10B6300000080401001004010020040100C00401FE
:10B64000038007FFFF0007FFF8000401000004016A
:10B6500000000401000004010000040100000401D6
:10B660000000040100000401000007FFFFFE07FFC7
:10B67000FFFC0401000004010000040100000C01B3
:10B6800000001C0100000C03000004030000000186
:10B6900000000000000000000000000000000000AA
:10B6A0000000000040020000400200204004002092
:10B6B00040040020400800204018002040101020C6
:10B6C0004020182040600E2040C007A0438003A007
:10B6D000470000207C00003FF800003FC000002031
:10B6E000600000E0580003A046003E2043801C207C
:10B6F00040C01820406000204070002040380020EA
:10B7000040180060401C0060C00C0020C00C00000D
:10B7100040080000000000000000000000000000E1
:10B720000000000000000000000003FFFFFE03FF18
:10B73000FFFC0100000020000100180801001E08A5
:10B7400002000E08040000080800000810000408A9
:10B7500060800408C040040B8040040E007007FFA6
:10B76000FFE005FFFFC00488000004080000040893
:10B77000000004080008041800080408000C04086D
:10B78000000E07FFFFFE0FFFFFFC0400000000009B
:10B7900000000000000000000000000000000001A8
:10B7A000000000062000000C20000078200003C8E4
:10B7B00020003F0FFFF01D0FFFF811082030010897
:10B7C0002062010820C203186082010821040000E1
:10B7D000000408000004043FFF08071FFE0803D010
:10B7E000001000100030001000E03FF3FF801FF356
:10B7F000FE00101100800050004000900040031037
:10B8000000200E3FFE300C1000380000001C00002D
:10B81000000E00000000000000000000000000001A
:10B820000000004020000040301000406008004050
:10B8300060080040400C0040C00E3FFFFFFC1FFFAF
:10B84000FFF0104180000041000000C1000000C274
:10B85000000000420000000000000000000000FFA7
:10B86000FFFC00FFFFF800800040008000400080E7
:10B8700000400080004000800040008000400080C8
:10B88000004000FFFFFC01FFFFF800800000000007
:10B8900000000000000000000000000000000000A8
:10B8A0000400010008000100100001003000010048
:10B8B00060000100C0000103FFFE0103FFFC010E58
:10B8C0000010011C00100170801003C080100F00D8
:10B8D00080103D00801011008010110080100100C8
:10B8E0008010017FFFF0013FFFF001008010010098
:10B8F0008010010080100100801001008010010103
:10B90000801003018010030080300100003000002F
:10B910000010000000000000000000000000000017
:10B920000000020000000200000002003FFE0200D2
:10B930001FFE0201100003FF900002FF900002832F
:10B9400010C0020310C0028511C0024512C0224976
:10B950001CC0324938801A31F0801E31D0800A7103
:10B96000548002D9128002CD1380020F118002018F
:10B9700011C8030110E802FF900802FF900C0200BA
:10B98000100E02003FFC06001FF00600000002003F
:10B9900000000000000000000000000000000000A7
:10B9A000000000040830000E0C3000341E3000E4AB
:10B9B0003C200384EC201F0588601C070840080C0D
:10B9C00008400038104400F0504400D0508400106B
:10B9D0004088001080080010801000108030001097
:10B9E00080203FFFF060101FFFC0002087C00020B4
:10B9F00083E0082107700C210E3806211C1C07E18A
:10BA0000780C00E3300E0063101E002300FE0001DE
:10BA10000002000000000000000000000000000024
:10BA200000000000000800000008000000080000FE
:10BA300000080000000800000008000000080000E6
:10BA400000080000000800000008000000080000D6
:10BA500000083FFFFFF81FFFFFF810040008000474
:10BA600000080004000800040008000400080004A6
:10BA700000080004000800040008000C0008000C86
:10BA80000008000400080000001800000018000072
:10BA9000000800000000000000000000000000009E
:10BAA0000002000C000C00100030007FFFC001DF1E
:10BAB000FC00071088003E108800121FFFF8123F9C
:10BAC000FFF002D088000390880403108806003F2E
:10BAD000FFFC001000000004060008081A0008100F
:10BAE00072000833C20008E342000FC242000E0099
:10BAF0004200082FFFFE0827FFFC08144200081828
:10BB00004200083842001FF0C20008004600000052
:10BB100002000000000000000000080130022204C2
:10BB2000227822042202A20263FE22222222222260
:10BB30002222222228023002000000003FFC2108BD
:10BB4000210821083FFC0000080008800860080266
:10BB50000801FFFE080008000000000000000FF0D0
:10BB60000820082008200820FFFF082008200820BF
:10BB700008200FF00000000000000040404040405E
:10BB800040404040414141414140404040404040B0
:10BB900040404040404040404040400502020202D8
:10BBA00002020202020202020202022020202020DF
:10BBB0002020202020020202020202029090909097
:10BBC0009090101010101010101010101010101075
:10BBD00010101010101002020202020288888888D9
:10BBE00088880808080808080808080808080808D5
:10BBF0000808080808080202020240007BBB00088F
:10BC000049535F4E5649435F5355425F5052494F27
:10BC100052495459284E5649435F496E69745374CA
:10BC2000727563742D3E4E5649435F4952514368C5
:10BC3000616E6E656C5375625072696F726974796A
:10BC40002900000049535F4E5649435F5052454515
:10BC50004D5054494F4E5F5052494F524954592804
:10BC60004E5649435F496E69745374727563742DFF
:10BC70003E4E5649435F4952514368616E6E656C52
:10BC8000507265656D7074696F6E5072696F72691C
:10BC90007479290049535F55534152545F484152CA
:10BCA00044574152455F464C4F575F434F4E5452A5
:10BCB0004F4C2855534152545F496E697453747206
:10BCC0007563742D3E4861726477617265466C6F6E
:10BCD00077436F6E74726F6C290000002E2E5C2EFD
:10BCE0002E5C2E2E5C32303235313233302D2DB277
:10BCF000BBB4F84C76676C5C4E3332473435375200
:10BD0000454C375C6669726D776172655C6E333283
:10BD1000673435785F7374645F7065726970685FEB
:10BD20006472697665725C7372635C6E3332673419
:10BD300035785F657874692E630000005CBD00088B
:10BD400000000020E80200007E090008A0BE0008F4
:10BD5000E802002070660000E4830008111810E17A
:10BD6000F50531323130303232353039323001522E
:10BD700032024A01036380252808C1814001C08046
:10BD80004104690C2908E918A91C091A3009163858
:10BD9000093660092E70092F6000FF00C0C101C381
:10BDA0000302C2C60607C705C5C404CC0C0DCD0FDF
:10BDB000CFCE0E0ACACB0BC90908C8D81819D91B8F
:10BDC000DBDA1A1EDEDF1FDD1D1CDC14D4D515D70F
:10BDD0001716D6D21213D311D1D010F03031F1335F
:10BDE000F3F23236F6F737F53534F43CFCFD3DFF1F
:10BDF0003F3EFEFA3A3BFB39F9F83828E8E929EBEF
:10BE00002B2AEAEE2E2FEF2DEDEC2CE42425E5274E
:10BE1000E7E62622E2E323E12120E0A06061A163BE
:10BE2000A3A26266A6A767A56564A46CACAD6DAF5E
:10BE30006F6EAEAA6A6BAB69A9A86878B8B979BB0E
:10BE40007B7ABABE7E7FBF7DBDBC7CB47475B5778E
:10BE5000B7B67672B2B373B17170B050909151931E
:10BE600053529296565797559594549C5C5D9D5F9E
:10BE70009F9E5E5A9A9B5B99595898884849894B6E
:10BE80008B8A4A4E8E8F4F8D4D4C8C4484854587CE
:10BE90004746868242438341818002204000000061
:040000050800019955
:00000001FF
