:020000040800F2
:1000000050690020AD01000821450008852D000839
:10001000F93D00083511000851810008000000007A
:10002000000000000000000000000000BF01000808
:100030003711000800000000C30100082561000816
:10004000C7010008C7010008C7010008C701000870
:10005000C7010008C7010008C7010008C701000860
:10006000A9190008C7010008C7010008C701000856
:10007000C7010008C7010008C7010008C701000840
:10008000C7010008C7010008C7010008C701000830
:10009000C7010008C7010008C7010008C701000820
:1000A000C7010008C7010008C7010008C701000810
:1000B000C7010008C7010008C7010008C701000800
:1000C000C7010008C7010008C7010008C7010008F0
:1000D000C7010008C70100081D75000875750008F4
:1000E000C7010008C7010008C7010008C7010008D0
:1000F000C7010008C7010008C7010008C7010008C0
:10010000C7010008C7010008C7010008C7010008AF
:10011000FD740008C7010008256C0008C70100082D
:10012000C7010008C7010008C7010008C70100088F
:10013000C7010008C7010008C7010008C70100087F
:10014000C7010008C7010008C7010008C70100086F
:10015000C7010008C7010008C7010008C70100085F
:10016000C7010008C7010008C7010008C70100084F
:10017000C7010008C7010008C7010008C70100083F
:10018000C7010008C7010008C7010008C70100082F
:10019000C7010008C7010008DFF80CD000F03EFBE3
:1001A00000480047E9900008506900200648804751
:1001B00006480047FEE7FEE7FEE7FEE7FEE7FEE74C
:1001C000FEE7FEE7FEE7FEE7296100089901000867
:1001D00040EA01039B0703D009E008C9121F08C0C9
:1001E000042AFAD203E011F8013B00F8013B521E49
:1001F000F9D27047D2B201E000F8012B491EFBD2C0
:1002000070470022F6E710B513460A460446194621
:10021000FFF7F0FF204610BD30B505462A460B46D5
:1002200012F8010B13F8014B08B1A042F8D01CB131
:10023000002802D06D1CF1E7284630BD421C10F8A2
:10024000011B0029FBD1801A704770B5064607F0E4
:10025000F1FF046805460A220021304600F002F949
:100260002C6070BD2DE9FE4F81EA030404F00044C8
:1002700021F0004100944FF0000B23F0004350EABE
:1002800001045ED052EA03045BD0C3F30A54C1F305
:100290000A552C44A4F2F3340194A0FB0254C1F398
:1002A000130141F48011C3F3130343F4801301FBE2
:1002B000024400FB034E840A970A44EA815447EA49
:1002C0008357A4FB076802958D0A05FB07854FEA53
:1002D000932C04FB0C542705029D4FEA065847EA6D
:1002E0001637B5EB08056EEB070C870E920E47EA42
:1002F000811742EA8312A7FB0201B6EB0B0164EB04
:1003000000042B0D43EA0C335E1844EB1C50DA4614
:100310005146E7FB0201C5F313044FEA0B3343EAEE
:1003200014534FEA0432019C43EA0603A4F10C047F
:100330000294009CCDE900B400F0DBF803B0BDE806
:10034000F08F00200146F9E70EB5C10F80EAE0709A
:100350000844CA07002140F233438DE80E000A46E4
:100360000B4600F0C6F803B000BD0EB540F23341B5
:1003700002910021CDE900110A460B4600F0B9F8C0
:1003800003B000BDC1F30A5210B5C1F3130140F22E
:10039000FF3341F480119A4201DA002010BD40F28F
:1003A00033439A42A2F2334203DC524200F04AF84D
:1003B00010BD904010BD30B50B46014600202022F4
:1003C000012409E021FA02F59D4205D303FA02F562
:1003D000491B04FA02F52844151EA2F10102F1DCC2
:1003E00030BD2DE9F05F0546002092469B468846C9
:1003F0000646814640241BE02846414647462246A1
:1004000000F020F853465A46C01A914110D31146C5
:100410001846224600F014FA2D1A67EB01084F46E1
:1004200022460120002100F00BFA17EB00094E4193
:10043000201EA4F10104DFDC484631462A4643462B
:10044000BDE8F09F202A04DB203A21FA02F00021C7
:10045000704721FA02F3D040C2F1200291400843D4
:10046000194670472DE9F04791460F4680460446ED
:10047000002614F8015B2DB100F004FA0068405D1D
:10048000C007F6D12B2D02D02D2D18D0641E4A4660
:100490003946204600F0FAF927B13968A14201D166
:1004A000C7F8008071054FF002040BD540420028C8
:1004B00003DD07F0BFFE0460A007BDE8F08746F447
:1004C0008066E4E70028F8DA07F0B4FE04606FF015
:1004D0000040F2E710B5141E73F1000408DA401C66
:1004E00041F1000192185B411A4301D120F0010053
:1004F00010BD2DE9F04D92469B4611B1B1FA81F243
:1005000002E0B0FA80F22032904600F099F90446F9
:100510000F4640EA0A0041EA0B0153465A46084397
:1005200013D0114653EA010019D0C8F140025046D9
:10053000FFF788FF05460E4650465946424600F0F2
:100540007FF9084305D0012004E020463946BDE884
:10055000F08D0020054346EAE0762C4337430A98A5
:100560006305E40AA0EB08000022FD0A44EA4754B0
:100570000A3002D500200146E9E70105101969415A
:10058000DDE9084500196941BDE8F04DA2E72DE914
:10059000FE4F804681EA0300C00F0C46009021F018
:1005A000004123F00045B8EB0200A94105D24046C6
:1005B000214690461C460B46024623F0004010435D
:1005C00047D0270DC7F30A00C3F30A510290401A1F
:1005D000019040286BDAC3F3130040F4801B0098AD
:1005E000924620B10023D2EB030A63EB0B0B019878
:1005F0005946C0F14002504600F022F906460D4629
:1006000050465946019A00F02AF910EB0800614162
:10061000002487EA115284EAE7731A4340D0009A13
:1006200062B3019A012A4FEA075215DC001B61EB05
:1006300002014FF0004202EA0752CDE90042001CDD
:1006400041F5801132462B46FFF753FF03B0BDE85A
:10065000F08F40462146F9E7001B61EB0201001CC8
:1006600041F5801300185B412018A2F5001747EBF5
:10067000030140EAD570B6196D4111E06D084FEAEB
:10068000360645EAC0754FEA0752001B61EB0201CE
:10069000001C41F5801149084FEA30000019514112
:1006A00032462B4603B0BDE8F04FFFF713BF00986A
:1006B000012240000023D0EB020263EBE0730098BC
:1006C00021464FEAE074B8EB000061EB0401E9E772
:1006D00083F000435BE781F0004158E72DE9F04DDE
:1006E00081EA030404F0004B21F0004514464FF06A
:1006F000000A23F0004150EA050220D054EA01022A
:100700001DD0C5F30A570246C5F31303C1F3130006
:10071000C1F30A5640F4801543F48013A7EB060892
:10072000101BD64608F2FD3873EB050002D308F122
:10073000010801E092185B41B8F1000F03DA0020D4
:100740000146BDE8F08D00204FF480110646844636
:100750000EE0171B73EB050705D3121B63EB0503B4
:1007600006434CEA010C49084FEA300092185B41FD
:1007700050EA0107EDD152EA030012D082EA0400E8
:1007800083EA0501084305D0101BAB4106D20122C4
:10079000002306E000224FF0004302E06FF0010268
:1007A00053101AEB06004CEB085110EB0A0041EB1A
:1007B0000B01BDE8F04DFFF78DBEC1F30A52C1F346
:1007C000130140F2FF3341F480119A4202DA002013
:1007D0000146704740F233439A42A2F2334202DCB0
:1007E0005242FFF72FBE00F02BB8000030B5041EB8
:1007F00071F1000404DB4FF00044404264EB01015E
:10080000141E73F1000405DB1C464FF000435242F6
:1008100063EB0403994208BF904230BD064C074D7C
:1008200006E0E06840F0010394E8070098471034C0
:10083000AC42F6D3FFF7B4FCA0BB0008C0BB000875
:10084000202A04DB203A00FA02F100207047914090
:10085000C2F1200320FA03F3194390407047202A85
:1008600006DBCB17203A41FA02F043EAE07306E0D8
:1008700041FA02F3D040C2F12002914008431946E8
:10088000704700000048704760BA00082DE9F05F2B
:1008900082460078002715468B460AF10104B946C6
:1008A000302801D09DB113E014F8010B01277828FE
:1008B00003D0582801D045B10AE00DB1102D07D161
:1008C0000027102514F8010B02E0082500E00A2596
:1008D0000026B0460EE005FB080005FB06F10127E7
:1008E00001EB10461FFA80F8B6F5803F00D3B946F9
:1008F00014F8010B294600F018F80028EBDABBF1D8
:10090000000F05D00FB1641E00E05446CBF8004044
:10091000B9F1000F06D007F08DFC02210160C81E5E
:10092000BDE8F09F48EA0640FAE73A2800D230389E
:1009300020F02002412A01D3A2F13700884201D3DE
:100940004FF0FF30704770B58C1810F8015B15F050
:10095000070301D110F8013B2A1106D110F8012B31
:1009600003E010F8016B01F8016B5B1EF9D12B0756
:1009700005D40023521E0DD401F8013BFAE710F80C
:10098000013BCB1A921C03E013F8015B01F8015BF9
:10099000521EF9D5A142D8D3002070BDF8B54FF44E
:1009A0000050ADF8000010250E4E8DF803500124C4
:1009B0008DF802406946304601F00AFF2103ADF888
:1009C00000108DF803508DF802406946304601F062
:1009D000FFFE6103304602F00FF92103304602F0BA
:1009E0000BF9F8BD000C014070B5C0F307110E22E1
:1009F00002EAD10200F00F0001F00F0142F0A00462
:100A000040EA011502F078FB04F0FE0002F036FB2C
:100A100002F0C0FB284602F031FB02F0BBFB02F003
:100A20006BFB44F0010002F029FB02F0B3FB002055
:100A300002F0A6FA044602F089FB44F6206008F0B2
:100A4000F1F8204670BD70B502460E46C0F307109F
:100A50000E2101EAD00102F00F0200F00F0041F078
:100A6000A00442EA001502F047FB204602F006FB14
:100A700002F090FB284602F001FB02F08BFB3046AF
:100A800002F0FCFA02F086FB02F060FBBDE8704069
:100A900044F6206008F0C6B870B51D4C0025E07A19
:100AA00010B1012813D010E02079401C207103F010
:100AB00021FD0C2117A007F02FFB64216570194A56
:100AC0000F2007F071FB0120E072002070BD03F0E1
:100AD00005FD002808BF70BD134E306804F09EF974
:100AE00001461248326801F073FA11A10F48FFF76E
:100AF00093FB00281EBFE572012070BD20790A28F3
:100B000098BFE572E1D92571E572022070BD000041
:100B10004000002041542B51494143543D310D0ABE
:100B200000000000154500083C00002008110020CE
:100B30004F4B00000146064A09780020135C994299
:100B400008BF7047401CC0B20A28F7D370470000A6
:100B50003A9200082DE9F0014FF0000C002A88BFFE
:100B6000154C24D911F81C60002314F80380464565
:100B700004BF1D072D0E5B1CDBB2102BF5D301EB60
:100B80004C060023767814F80380464508BF03F02E
:100B90000F075B1CDBB2102BF5D345EA070300F807
:100BA0000C300CF101031FFA83FC9445DAD3BDE845
:100BB000F0015008704700003A92000838B504462A
:100BC00000200090042C18BF082C54D00C2C18BF07
:100BD000102C50D0142C18BF182C4CD01C2C18BF23
:100BE000202C48D0242C18BF282C44D0402C18BFCF
:100BF000442C40D0482C18BF4C2C3CD0502C18BF53
:100C0000542C38D0582C18BF5C2C34D0602C18BF12
:100C1000642C30D0682C18BF6C2C2CD0702C18BFD2
:100C2000742C28D0782C18BF7C2C24D0802C18BF92
:100C3000842C20D0882C18BF8C2C1CD0902C18BF52
:100C4000942C18D0982C18BF9C2C14D0A02C18BF12
:100C5000A42C10D0A82C18BFAC2C0CD0B02C18BFD2
:100C6000B42C08D0B82C18BFBC2C04D0C62205A1C7
:100C700012A007F041FF04F1804000F5D840009039
:100C8000008838BD2E2E5C6669726D776172655C76
:100C90006E3332673435785F7374645F7065726980
:100CA00070685F6472697665725C7372635C6E33E0
:100CB00032673435785F626B702E630049535F4250
:100CC0004B505F44415428424B505F4441542900EB
:100CD00038B5044600200D460090042C18BF082C9F
:100CE00054D00C2C18BF102C50D0142C18BF182C1A
:100CF0004CD01C2C18BF202C48D0242C18BF282CDA
:100D000044D0402C18BF442C40D0482C18BF4C2C49
:100D10003CD0502C18BF542C38D0582C18BF5C2C09
:100D200034D0602C18BF642C30D0682C18BF6C2CC9
:100D30002CD0702C18BF742C28D0782C18BF7C2C89
:100D400024D0802C18BF842C20D0882C18BF8C2C49
:100D50001CD0902C18BF942C18D0982C18BF9C2C09
:100D600014D0A02C18BFA42C10D0A82C18BFAC2CC9
:100D70000CD0B02C18BFB42C08D0B82C18BFBC2C89
:100D800004D0B32205A113A007F0B6FE04F1804001
:100D900000F5D8400090056038BD00002E2E5C663E
:100DA00069726D776172655C6E3332673435785F76
:100DB0007374645F7065726970685F647269766588
:100DC000725C7372635C6E3332673435785F626B6A
:100DD000702E630049535F424B505F444154284298
:100DE0004B505F44415429002DE9F0415E4C81880D
:100DF000A1808179A171B0F801102180C178A17022
:100E0000B0F807102181417AA1724189A181017B4B
:100E1000A173B0F80D102182C17BA174018AA18257
:100E2000817CA175B0F813102183407DA0766068A5
:100E3000FFF79BFA9FED4E1B53EC112BFFF712FAB5
:100E4000FFF7A0FA04F11C0586B22E802068FFF798
:100E50008CFA9FED491B53EC112BFFF703FAFFF7B8
:100E600091FA07466860E068B0F5000F03DBC04305
:100E7000401CC0F31600FFF767FA9FED411B53ECCF
:100E8000112BFFF7EFF9FFF77DFA80B200EE100AA1
:100E900028813F4BB8EE401A00EE106AB8EE400AC7
:100EA000C1EE000A00EE107AB8EE400A80EE801A19
:100EB0009FED350A61EE000A9FED340A60EE800A6C
:100EC000FCEEE00A10EE900A287420695968084484
:100ED000586019469A68C968904203D3821A11442F
:100EE000D96006E06FF07F4CACEB02020244114483
:100EF000D9600022C3E901200D291CD300EE901A0D
:100F00009FED241AE968F8EE600A60EE810A20EE8F
:100F1000800ABCEEC00A10EE100A0844E860010C1A
:100F20000820DA6003F060FAA88981B2092003F092
:100F30005BFA01F011F82988042003F055FA1649EC
:100F40006868A1FB0010C0F3CF01052003F04CFA44
:100F50002989072003F048FA297CBDE8F0410620E2
:100F600003F042BA00000000280C0020000000003E
:100F70009FE74A621B81103FCD2D44350B4E903FB9
:100F800056B7DD7835487A3F0000C84200007A4401
:100F90002C000020EDF8433ACDCCCCCC08B507A00E
:100FA0000068009006480178012918BF08BD00219B
:100FB00001700221684607F019F808BD58AA000020
:100FC0002C000020084808B5006800900748017808
:100FD000012905D1002101700221684607F006F8B9
:100FE000BDE8084007F01EB8BC0F00082C00002028
:100FF00038B50220ADF8000010208DF80300012064
:10100000104C8DF802006946204601F0E1FB0221F8
:10101000204601F087FD0221204601F0EDFD4FF44E
:10102000FA7007F0F3FD0221204601F07BFD40F647
:10103000B83007F0EBFD044A40F6B831042007F061
:10104000B3F838BD00080140E55D000838B507F089
:1010500013FE07F08FF80124ADF8004010258DF83D
:1010600003508DF802406946224801F0B1FB224A44
:101070001E21022007F098F803F0B8FE07F0F2FEF8
:1010800007F02CFE07F0ACFE03F04BFA04F00CFF67
:10109000FFF7AEFF07F0D2FF2003ADF800008DF898
:1010A0000350164D8DF802406946284601F090FB2A
:1010B0002103284601F036FDADF8004004218DF8EB
:1010C00003106946284601F083FB05F0CDF904F0D2
:1010D000C5FE04F055F9FFF761FC00F063FE02F075
:1010E0003BFB07F05DFF05F091FDBDE8384004A033
:1010F00007F07CB8001001404119000800080140C9
:1011000048656C6C6F20576F726C64210D0A00008B
:10111000074910B50120487002F0E0FBFFF752FFCD
:1011200007F08AFF06F068F9BDE8104000F045BFFF
:1011300016000020FEE7704770B584B000254CF221
:10114000186428B301281CBF04B070BD1026CDE977
:1011500000464FF61F0300220C21E820029505F0FF
:1011600081FBCDE900464FF61F0301220C21F82038
:10117000029505F077FBCDE900464FF61F030222EA
:101180000C214FF48470029505F06CFB04B070BD27
:101190001820CDE90040002303A20C210295E8208D
:1011A00005F0D8FC04B070BD202020200000000015
:1011B00070B5002484B020254CF21866E8B10128EF
:1011C0001CBF04B070BD012002F070FB0096CDE999
:1011D00001544FF478431422C021E02005F042FB73
:1011E0000096CDE901544FF478430F22C0214FF40B
:1011F000807005F037FB04B070BD002002F056FB94
:101200000096CDE901544FF4FC631522C021E02083
:1012100005F028FB0096CDE901544FF4FC630F2242
:10122000C0214FF4807005F01DFB04B070BD70B597
:10123000002484B020254CF21866E0B101281CBFC0
:1012400004B070BD012002F03DFB0096CDE90154D1
:101250004FF4FC6311224021E02005F003FB0096CF
:10126000CDE9015440214FF4FC631322880005F0BE
:10127000F9FA04B070BD002002F024FB0096CDE91D
:1012800001544FF4784312224021E02005F0EAFA9D
:101290000096CDE9015440214FF478431322880091
:1012A00005F0E0FA04B070BD70B5002484B02025CC
:1012B0004CF21866E0B101281CBF04B070BD0120DB
:1012C00002F03AFB0096CDE901544FF4FC630B2287
:1012D000C021582005F0C6FA0096CDE901544FF41C
:1012E000FC630C22C021782005F0BCFA04B070BD6C
:1012F000002002F021FB0096CDE901544FF4784321
:101300000D22C021582005F0ADFA0096CDE9015418
:101310004FF478430E22C021782005F0A3FA04B0E0
:1013200070BD000000000000F0B5754A18252DEDD5
:10133000028B87B05078734F401CC0B200247249B2
:1013400050704CF21866072880F0D480DFE800F077
:10135000D204273845535B00CDE9004602953A8810
:1013600004230821002005F09BFBCDE900460295EF
:10137000BA78022308213C2005F092FBCDE9004613
:101380000295FA7802230821602005F089FBCDE957
:101390000046029501230821FA79CC2025E0CDE909
:1013A000004602953A7902230821842005F078FB53
:1013B000CDE900460295022308217A79A82014E09D
:1013C000CDE9004602950A8804234021582005F003
:1013D00067FB07B0BDEC028BF0BDCDE9004602957E
:1013E0008888052382B260210BE005F059FB07B025
:1013F000BDEC028BF0BDCDE9004602950A890623BB
:1014000080215820F1E7C868002866D03F49A1FB39
:10141000002149096FF01802514310EB81019FED43
:101420003C8B24D03C49A1FB0021C908494201EB77
:10143000810110EB410135D0FEF797FF53EC182BDB
:10144000FEF710FF41EC100B34A153EC102B03A856
:1014500006F0DCFE0096CDE90154002303AAA0218A
:10146000642005F077FB07B0BDEC028BF0BDFEF702
:101470007CFF53EC182BFEF7F5FE41EC100B29A175
:1014800053EC102B03A806F0C1FE0096CDE90154E1
:10149000002303AAA021642005F05CFB07B0BDEC8B
:1014A000028BF0BDFEF761FF53EC182BFEF7DAFE5E
:1014B00041EC100B1DA153EC102B03A806F0A6FE67
:1014C0000096CDE90154002303AAA021642005F071
:1014D00041FB07B0BDEC028BF0BD0096CDE9015495
:1014E000002314A2A021642005F034FB07B0BDEC5A
:1014F000028BF0BD547007B0BDEC028BF0BD000054
:101500005700002020000020440C00201F85EB51D4
:10151000FCA9F1D24D62503FCDCCCCCC252E336608
:1015200000000000252E316600000000252E3266E6
:1015300000000000300000002DE9F0412DED028B8D
:1015400086B04CF218640021F0234FF4A0720846D4
:10155000009404F062FF4FF47840302300904FF481
:10156000A0721946002004F0F9FE0025DE4FCDE9F7
:101570000054182602963A8804230821284605F0CC
:101580008FFACDE900460023D8A208213020029529
:1015900005F0E0FACDE900540296BA78022308215A
:1015A0003C2005F07DFACDE900460023CFA20821BA
:1015B0005420029505F0CEFACDE900540296FA784F
:1015C00002230821602005F06BFACDE90054029651
:1015D0003A7902230821842005F062FACDE9004619
:1015E0000023C3A208219C20029505F0B3FACDE99F
:1015F000005402967A7902230821A82005F050FAB7
:10160000CDE900540296FA7901230821CC2005F097
:1016100047FA042002F0B6FEFFF78EFDCDE9004642
:101620000023B4A208214FF49170029505F092FABC
:1016300020270023CDE900471A464021184602958D
:1016400005F010F9CDE900470023012240212020B8
:10165000029505F007F9CDE9004640210023A4A238
:101660000846029505F076FADFF88C82CDE9005441
:101670000296B8F8002004234021582005F010FA03
:10168000CDE9004600239DA24021A020029505F04F
:1016900061FACDE900474FF4784312224021E0205F
:1016A000029505F0DFF8CDE9004740214FF478437B
:1016B00013228800029505F0D5F80023CDE90047F4
:1016C0001A4660211846029505F0CCF8CDE900478E
:1016D0000023022260212020029505F0C3F8CDE905
:1016E0000046002382A260214020029505F032FAD4
:1016F000CDE900540296B8F80400052382B26021B7
:10170000582005F0CDF9CDE9004600237CA26021E8
:10171000AC20029505F01EFACDE900470023032214
:1017200080211846029505F09DF8CDE90047002379
:10173000042280212020029505F094F8CDE900468E
:1017400000236BA280214020029505F003FACDE929
:1017500000540296B8F8082006238021582005F08E
:101760009FF9CDE90046002366A28021D020029592
:1017700005F0F0F9CDE9004700230722A021184623
:10178000029505F06FF8CDE9004700230822A0215B
:101790002020029505F066F8CDE90046002354A20A
:1017A000A0214020029505F0D5F9D8F80C000028BA
:1017B0005CD05549A1FB00214909F243514310EB8C
:1017C00081019FED538B21D05349A1FB0021C90812
:1017D000494201EB810110EB41012FD0FEF7C5FD1D
:1017E00053EC182BFEF73EFD41EC100B4BA153ECD4
:1017F000102B03A806F00AFDCDE90046002303AA3A
:10180000A0216420029505F0A5F938E0FEF7ADFDB2
:1018100053EC182BFEF726FD41EC100B41A153ECC5
:10182000102B03A806F0F2FCCDE90046002303AA22
:10183000A0216420029505F08DF920E0FEF795FDCA
:1018400053EC182BFEF70EFD41EC100B37A153ECB7
:10185000102B03A806F0DAFCCDE90046002303AA0A
:10186000A0216420029505F075F908E0CDE9004655
:10187000002330A2A0216420029505F06BF9CDE988
:10188000004600232CA2A0214FF48070029505F0A1
:1018900061F9CDE9004700230922C02118460295CD
:1018A00004F0E0FFCDE9004700230A22C0212020F8
:1018B000029504F0D7FFCDE9004600230CA2C02119
:1018C0004020029505F046F9012002F05BFDFFF78C
:1018D000EBFC022002F056FDFFF76AFC06B0BDECFF
:1018E000028BBDE8F0810000200000202F000000E6
:1018F0003A00000034470000440C0020560000006D
:101900006D410000570000001F85EB5100000000F2
:10191000FCA9F1D24D62503FCDCCCCCC252E336604
:1019200000000000252E316600000000252E3266E2
:1019300000000000300000004B572F48000000005E
:1019400010B5174CE07868B12179164800294FF09E
:10195000010102D001F050F901E001F0E3F8207933
:10196000C043207120890021B0F57A7F28BF2181F2
:101970000CD2401C0004000C208107D0A0F540725E
:10198000E73A02BF60780028E17000E06170AFF2D2
:101990004F021E21BDE81040022006F005BC0000E9
:1019A000160000200010014010B5042000F028F8B7
:1019B000002808BF10BD07F0EDFABDE81040042074
:1019C000AFF3008010B50446800D00D12CB940F271
:1019D0000112034903A007F08FF80848046010BD06
:1019E00040BB000849535F455854495F4C494E4538
:1019F00028455854495F4C696E652900140401401C
:101A000070B500250446012818BF022C3AD0042CDA
:101A100018BF082C36D0102C18BF202C32D0402CE8
:101A200018BF802C2ED0B4F5807F18BFB4F5007F8E
:101A300028D0B4F5806F18BFB4F5006F22D0B4F58C
:101A4000805F18BFB4F5005F1CD0B4F5804F18BF9D
:101A5000B4F5004F16D0B4F5803F18BFB4F5003F81
:101A600010D0B4F5802F18BFB4F5002F0AD0B4F50C
:101A7000801F18BFB4F5001F04D0EB22074908A04F
:101A800007F03AF80D4800680D49204009682142E6
:101A90001CBF00280125284670BD000040BB00087F
:101AA00049535F4745545F455854495F4C494E453B
:101AB00028455854495F4C696E652900000401406F
:101AC0001404014010B504460079002818BF04280A
:101AD00004D073222F4930A007F00EF8607908284F
:101AE0001CBF0C28102804D074222A4935A007F006
:101AF00003F82068810D00D120B9752225493DA049
:101B000006F0FAFFA079002818BF012804D0762239
:101B1000204943A006F0F0FFA1794E48002930D0BB
:101B20000168226891430160001D016822689143A9
:101B30000160207900F1804000F582300168226860
:101B400011430160444908682268904308600A1DF7
:101B500010682368984310606079102808D000F15D
:101B6000804000F58230016822681143016010BD99
:101B700008682368184308601068216808431060EB
:101B800010BD207900F1804000F5823001682268A4
:101B90009143EBE740BB000849535F455854495F08
:101BA0004D4F444528455854495F496E69745374F4
:101BB000727563742D3E455854495F4D6F646529B5
:101BC0000000000049535F455854495F545249474B
:101BD00047455228455854495F496E697453747299
:101BE0007563742D3E455854495F54726967676543
:101BF0007229000049535F455854495F4C494E458E
:101C000028455854495F496E6974537472756374FA
:101C10002D3E455854495F4C696E6529000000000F
:101C200049535F46554E4354494F4E414C5F5354C0
:101C300041544528455854495F496E69745374723C
:101C40007563742D3E455854495F4C696E65436D0C
:101C5000642900000004014008040140001DFEF753
:101C6000F2BE2DE9F0475FEA010807464FF0000495
:101C70001ABF4FF017094FF0180ABDE8F087E519B1
:101C8000E8B202F095FB010A3E1909EB4600FEF7A7
:101C9000DAFEE8B202F08CFBC1B20AEB4600FEF7B6
:101CA000D2FE601CC4B2A045E9D8BDE8F08710B5EB
:101CB00000211720FEF7C7FE01211820FEF7C3FE02
:101CC00000211920FEF7BFFE00211A20FEF7BBFEFF
:101CD00025211B20FEF7B7FE80211C20FEF7B3FE56
:101CE00001211D20FEF7AFFE0E211E20FEF7ABFEE8
:101CF00000211F20FEF7A7FEB4212020FEF7A3FE3F
:101D00001F212120FEF79FFE40212220FEF79BFE8F
:101D100000212320FEF797FE1E212420FEF793FECC
:101D200000212520FEF78FFE50212620FEF78BFE96
:101D300044212720FEF787FEC0212820FEF783FEDE
:101D400000212920FEF77FFE3F212A20FEF77BFE9F
:101D500000213120FEF777FE02213220FEF773FECC
:101D600000213320FEF76FFEFF213420FEF76BFECB
:101D700000213520FEF767FE00213620FEF763FEC6
:101D800000213720FEF75FFE7F213820FEF75BFE43
:101D900017213920FEF757FE3B21BDE810403A20BD
:101DA000FEF751BEF8B500246D462046FEF71CFE36
:101DB0002855601CC4B2042CF7D39DF800001825E8
:101DC0001726A12804BF9DF80100582807D19DF8C7
:101DD0000200592804BF9DF80300A22841D0A12188
:101DE0000020FEF730FE58210120FEF72CFE59217D
:101DF0000220FEF728FEA2210320FEF724FE002188
:101E00008F20FEF720FE00219020FEF71CFE00210F
:101E10009120FEF718FE00219220FEF714FE00F03C
:101E200079F800210420FEF70EFE01210520FEF7BF
:101E30000AFE00210620FEF706FE01210720FEF71C
:101E400002FE00210820FEF7FEFDFFF730FF00F044
:101E500061F80024201DFEF7C7FD012833D088B3A8
:101E60003AE000F057F80024201DFEF7BDFD0128E0
:101E700001D028B108E00121204602F09FFA03E0DA
:101E80000021204602F09AFA601CC4B2052CEBD364
:101E9000012002F077FA03F0B1FF002405EB4400C3
:101EA000FEF7A2FD074606EB4400FEF79DFD07EB9B
:101EB000002081B2204602F09DFA601CC4B2212CA1
:101EC000ECD3F8BD04E00121204602F077FA03E0EC
:101ED0000021204602F072FA601CC4B2052CB9D36E
:101EE000012002F04FFA03F089FF002405EB4400C3
:101EF000FEF77AFD074606EB4400FEF775FD07EB9B
:101F0000002081B2204602F075FA601CC4B2212C78
:101F1000ECD3F8BD10B58F20FEF766FD04069020C7
:101F2000FEF762FD04EB00449120FEF75DFD04EB3B
:101F300000249220FEF758FD2044064C010CE0607E
:101F4000082002F051FAA089BDE8104081B20920B2
:101F500002F04ABA440C002010B50C4CE068010EA7
:101F60008F20FEF770FDE068C0F307419020FEF778
:101F70006AFDA089C0F307219120FEF764FD217B53
:101F8000BDE810409220FEF75EBD0000440C00202A
:101F900010B500218F20FEF756FD00219020FEF79E
:101FA00052FD00219120FEF74EFD00219220FEF708
:101FB0004AFDBDE81040FFF7ADBF10B502F0A0FC30
:101FC00001F0DEFC02F0CAFBBDE8104002F034BCB8
:101FD0000023002998BF7047F0B40026D2E902C45C
:101FE000644508BF34460BD01468556814F80C409B
:101FF0000CF1010C9CFBF5F705FB17CCC2F808C0EF
:10200000C4545B1C8B42E9D3F0BC704770B50C46DE
:10201000050018BF012D0ED0022D18BF032D0AD0C8
:10202000042D1CBF052D062D05D040F247321FA1FF
:102030002DA006F061FD002C18BF012C21D0022C30
:1020400018BF032C1DD0042C18BF052C19D0062C4A
:1020500018BF072C15D0082C18BF092C11D00A2C3A
:1020600018BF0B2C0DD00C2C18BF0D2C09D00E2C2A
:1020700018BF0F2C05D04FF452720CA124A006F00B
:102080003BFDA007010F0F2000FA01F224F003002E
:1020900000F1804000F58030836823EA020282600C
:1020A000826805FA01F11143816070BD2E2E5C66D5
:1020B00069726D776172655C6E3332673435785F53
:1020C0007374645F7065726970685F647269766565
:1020D000725C7372635C6E3332673435785F67703D
:1020E000696F2E630000000049535F4750494F5FFE
:1020F000455854495F504F52545F534F55524345D2
:1021000028506F7274536F75726365290000000068
:1021100049535F4750494F5F50494E5F534F5552A7
:1021200043452850696E536F75726365290000003E
:1021300070B50D460446012818BF022C00F0E0815E
:10214000042C18BF082C00F0DB81A4F5A010103877
:102150001CBFA4F5A010B0F1300000F0D181A4F5AF
:10216000B01040381CBFA4F5B010B0F1C00000F0B2
:10217000C781A4F5C010B0F580701CBFA4F5C010D5
:10218000B0F5007000F0BC81A4F5C010B0F540704F
:102190001CBFA4F5C010B0F5023000F0B181A4F569
:1021A000C010B0F5033018BFB4F5805F00F0A8810F
:1021B000B4F5E91F18BFB4F5EA1F00F0A181B4F52A
:1021C000EB1F18BFB4F5004F00F09A816FF40010B8
:1021D000C4421CBFA4F50010B0F1020000F09081D1
:1021E000A4F50010001F1CBFA4F50010B0F10800FA
:1021F00000F08681A4F5001010381CBFA4F5401033
:10220000B0F5807000F07C81A4F54010B0F500704E
:102210001CBFA4F54010B0F5806000F07181FB4850
:1022200084421CBF6FF08040C44200F06981F848CE
:1022300084421CBFF748844200F06281F648844221
:102240001CBFF648844200F05B81F54884421CBF05
:10225000F448844200F05481F34884421CBFF348A0
:10226000844200F04D81F24884421CBFF148844210
:1022700000F04681F04884421CBFF048844200F0E0
:102280003F81A4F18040B0F5F2101CBFA4F1804062
:10229000B0F5F41000F03481A4F18040B0F5F610F0
:1022A0001CBFE748844200F02B81E64884421CBFF3
:1022B000E548844200F02481A4F18040B0F19070A0
:1022C0001CBFE248844200F01B81E14884421CBFED
:1022D000A4F18040B0F1846000F01281DD488442B6
:1022E0001CBFDD48844200F00B81DC4884421CBFE7
:1022F000DB48844200F00481DA4884421CBFDA489B
:10230000844200F0FD80D94884421CBFD8488442F2
:1023100000F0F680D74884421CBFD748844200F0C2
:10232000EF80D64884421CBFD548844200F0E88044
:10233000D44884421CBFD448844200F0E180A4F118
:102340008040B0F579101CBFA4F18040B0F57B103F
:102350007ED0CE4884421CBFCD48844278D0CD4840
:1023600084421CBFCC48844272D0CC4884421CBFFB
:10237000CB4884426CD0CB4884421CBFCA488442BC
:1023800066D0CA4884421CBFC948844260D0C9484C
:1023900084421CBFC84884425AD0C84884421CBFEB
:1023A000C748844254D0C74884421CBFA4F100509F
:1023B000B0F580504CD0A4F10050B0F580401CBF67
:1023C000A4F10050B0F5004042D0BF4884421CBF89
:1023D000BE4884423CD0BE4884421CBFBD488442B3
:1023E00036D0BD4884421CBFBC48844230D0BC4873
:1023F00084421CBFBB4884422AD0BB4884421CBFD5
:10240000BA4884427CD0A4F5001080381CBFA4F5E3
:10241000B010B0F1800073D0A4F1815080381CBF9F
:10242000A4F18150B0F140006AD0A4F1815020386D
:102430001CBFA4F18150B0F1100061D0A4F1815013
:1024400008381CBFA4F18150B0F1040058D000E05E
:1024500056E0A4F18150801E1CBF6FF08150C44231
:102460004ED0A4F18050B0F500401CBFA4F18050C4
:10247000B0F5804044D0A4F18050B0F5005018BFB2
:10248000B4F1102F3CD0A4F18050B0F500601CBF17
:10249000A4F18050B0F5806032D0A4F18050B0F546
:1024A00000701CBFA4F18050B0F5807028D0A4F15A
:1024B000805080381CBFA4F18050B0F140001FD084
:1024C000A4F1805020381CBFA4F18050B0F110005E
:1024D00016D0A4F1805008381CBFA4F18050B0F190
:1024E00004000DD0A4F18050801E1CBF6FF08050FE
:1024F000C44205D040F27A227DA18CA006F0FCFAFD
:10250000002D18BF012D05D040F27B2278A18DA0AF
:1025100006F0F2FA924A14F0004F18BFD0691ED0AC
:1025200090491FFA84FC04EA0106C4F340510B01F0
:10253000A1B29940B6F5401F21D014F4801F24D0D9
:1025400014F4001F4FF00303C4F3034603FA06F329
:1025500018BF1B04984314F0E04F52D11EE114F051
:10256000804F18BF106ADBD114F0005F18BF506AAB
:10257000D6D114F0805F14BF906A5068D0E75368DA
:1025800020F0706023F07063FAE014F0807F25D0B3
:1025900014F0040F1AD014F0007F20EA01000ED0CE
:1025A00035B1536843F0010343F070635360F8E0C2
:1025B000516821F0010141F070615160F2E053680F
:1025C00023F0010343F070635360E9E04CF0040C26
:1025D0000CFA03F39843002DEAD0E2E714F0806F81
:1025E00011D014F0080F0FD014F0007F20EA010082
:1025F0000BD03DB1536843F0080343F07063536060
:10260000CFE0CDE0B0E0C5E0BCE0B4E00004008085
:102610000200114006001140200014403000144018
:1026200040001640C0001640000218400003184049
:1026300000041A40000C1A4000101C4000301C40DE
:1026400001003040020030400300304004002041CF
:1026500004002043080020440800204610003440B5
:102660002000344030003440400036408000364086
:10267000C0003640000238400003384000043A40B1
:10268000000C3A4000103C4000303C40010010205B
:102690000200102003001020040012200800122065
:1026A0000C001220100014203000142040001620CE
:1026B000C000162000011820000218200003182076
:1026C00000041A20000C1A20010020200200202003
:1026D0000400202008002020100034203000342086
:1026E0004000202080002020000120200002202027
:1026F0002E2E5C6669726D776172655C6E3332672F
:102700003435785F7374645F7065726970685F6494
:1027100072697665725C7372635C6E3332673435EE
:10272000785F6770696F2E630000000049535F4750
:1027300050494F5F52454D415028526D7050696E5F
:102740002900000049535F46554E4354494F4E41BE
:102750004C5F535441544528436D642900000000E8
:102760000000014000003070516821F0080141F084
:102770007061516016E0536823F0080343F0706302
:1027800053600DE04CF0080C0CFA03F39843002D55
:10279000EAD02FE7884314F0E04F01D140F0706099
:1027A00005B1084314F0004F1CBFD06170BD14F098
:1027B000804F1CBF106270BD14F0005F1CBF5062E0
:1027C00070BD14F0805F14BF9062506070BD000057
:1027D0002DE9F04104460026A0F180400D46B0F5F9
:1027E00084301CBFA4F18040B0F586301CD0A4F129
:1027F0008040B0F588301CBFA4F18040B0F58A302D
:1028000012D0A4F18040B0F58C301FBFA4F18040FD
:10281000B0F58E30A4F18040B0F5903004D0BE22E7
:102820003FA14EA006F068F9E878002818BF0428F8
:1028300010D0282818BF48280CD0142818BF1028FA
:1028400008D01C2818BF182804D0BF2234A14AA0E1
:1028500006F052F9288820B9C02231A151A006F013
:102860004BF9E87800F00F0710F0100F0FD0A878A0
:10287000002818BF022808D0012818BF032804D058
:10288000C72227A150A006F037F9A8780743287877
:102890004FF00F0C10F0FF0F4FF0010318BF21682D
:1028A00019D02A8803FA06F0024082420FD1B20002
:1028B0000CFA02F821EA080107FA02F21143EA7859
:1028C000282A08BF606102D0482A08BF2061761C10
:1028D000082EE6D321602888FF2886BF6268002082
:1028E000BDE8F08100F108012E8803FA01F10E40E5
:1028F0008E420FD186000CFA06F822EA080207FA87
:1029000006F63243EE78282E08BF6161EE78482E35
:1029100008BF2161401C0828E4D36260BDE8F08153
:102920002E2E5C6669726D776172655C6E333267FC
:102930003435785F7374645F7065726970685F6462
:1029400072697665725C7372635C6E3332673435BC
:10295000785F6770696F2E630000000049535F471E
:1029600050494F5F414C4C5F5045524950482847B1
:1029700050494F782900000049535F4750494F5F45
:102980004D4F4445284750494F5F496E6974537411
:10299000727563742D3E4750494F5F4D6F646529D2
:1029A0000000000049535F4750494F5F50494E288F
:1029B0004750494F5F496E69745374727563742D43
:1029C0003E50696E2900000049535F4750494F5FF0
:1029D0005350454544284750494F5F496E697453E9
:1029E00074727563742D3E4750494F5F537065652F
:1029F0006429000070B505460026A0F180400C4611
:102A0000B0F584301CBFA5F18040B0F586301DD0F4
:102A1000A5F18040B0F588301CBFA5F18040B0F52D
:102A20008A3013D0A5F18040B0F58C301FBFA5F1DE
:102A30008040B0F58E30A5F18040B0F5903005D0E3
:102A400040F229121BA12AA006F056F8012C18BF4B
:102A5000022C28D0042C18BF082C24D0102C18BF0E
:102A6000202C20D0402C18BF802C1CD0B4F5807FA7
:102A700018BFB4F5007F16D0B4F5806F18BFB4F559
:102A8000006F10D0B4F5805F18BFB4F5005F0AD0B6
:102A9000B4F5804F18BF052C05D04FF4957205A1F1
:102AA0001AA006F029F8A868204218BF012630466F
:102AB00070BD00002E2E5C6669726D776172655C78
:102AC0006E3332673435785F7374645F7065726932
:102AD00070685F6472697665725C7372635C6E3392
:102AE00032673435785F6770696F2E6300000000CD
:102AF00049535F4750494F5F414C4C5F50455249E5
:102B00005048284750494F782900000049535F47F3
:102B100045545F4750494F5F50494E2850696E29D0
:102B20000000000070B50446A0F180400D46B0F5ED
:102B300084301CBFA4F18040B0F586301DD0A4F1D4
:102B40008040B0F588301CBFA4F18040B0F58A30D9
:102B500013D0A4F18040B0F58C301FBFA4F18040A9
:102B6000B0F58E30A4F18040B0F5903005D04FF430
:102B7000C57206A114A005F0BFFF2DB940F28B125B
:102B800002A118A005F0B8FF656170BD2E2E5C662D
:102B900069726D776172655C6E3332673435785F68
:102BA0007374645F7065726970685F64726976657A
:102BB000725C7372635C6E3332673435785F677052
:102BC000696F2E630000000049535F4750494F5F13
:102BD000414C4C5F504552495048284750494F7826
:102BE0002900000049535F4750494F5F50494E2824
:102BF00050696E290000000070B50446A0F18040C5
:102C00000D46B0F584301CBFA4F18040B0F586308D
:102C10001DD0A4F18040B0F588301CBFA4F18040E5
:102C2000B0F58A3013D0A4F18040B0F58C301FBFCE
:102C3000A4F18040B0F58E30A4F18040B0F5903022
:102C400005D040F2731206A114A005F055FF2DB96E
:102C50004FF4BA7202A118A005F04EFF256170BDB5
:102C60002E2E5C6669726D776172655C6E333267B9
:102C70003435785F7374645F7065726970685F641F
:102C800072697665725C7372635C6E333267343579
:102C9000785F6770696F2E630000000049535F47DB
:102CA00050494F5F414C4C5F50455249504828476E
:102CB00050494F782900000049535F4750494F5F02
:102CC00050494E2850696E290000000010B582B0AE
:102CD0006946002002F0CEFD01A9002002F064FD4B
:102CE000DFF898C09DF800008CF804009DF8010002
:102CF0008CF805009DF802008CF806009DF8051080
:102D00008CF802109DF806308CF803309DF80720EF
:102D1000012902F5FA60ACF8000018BF022904D1BD
:102D200001F10C00C1B202F2CF704A1C02EB420268
:102D300040F2676412FB04F203EB410100EB5232F4
:102D400011444AF2D73202FB002201EB9001A1EBC1
:102D500092514FF4C872B0FBF2F00144084B0846A0
:102D60000022C3FB01208210A2EBE070A0EBC000A8
:102D70000844401C8CF8070002B010BD2000002061
:102D80009324499201A005F031FAFBE7766F69645C
:102D900020486172644661756C745F48616E646C52
:102DA000657228766F6964290D0A000070B51D4DA3
:102DB000B4B0A878002804BF34B070BD0026AE704F
:102DC000194A1A4927A805F021FA19480090431D0D
:102DD00000F11502174901A805F018FA01A8FDF73E
:102DE0002DFA84B227A8FDF729FA82B201AB27A9F0
:102DF0000120009403F00CF92878401CC0B2287020
:102E000003283CBF34B070BD2E70BFF34F8F0A480B
:102E100001680A4A01F4E06111430160BFF34F8F7A
:102E200000BFFDE7C602002004000020B02E00080D
:102E3000E4160020C42E00080CED00E00400FA05A2
:102E4000044901208870AFF2070203490A2005F007
:102E5000ABB90000C6020020989F0400024A4FF45C
:102E60007A710A2005F0A0B9412E000810B5B4B05F
:102E70000E4A0FA127A805F0C9F911480090431D7B
:102E800000F115020FA101A805F0C0F901A8FDF796
:102E9000D5F984B227A8FDF7D1F982B201AB27A9F1
:102EA0000120009403F0B4F834B010BD04000020F9
:102EB0006D6F646275735F696E666F2F25730000B6
:102EC000E416002025735F25735F25730000000062
:102ED0000C48C178012918BF70470021C1700278E1
:102EE000032A38BF70470170BFF34F8F064801684F
:102EF000064A01F4E06111430160BFF34F8F00BF48
:102F0000FDE70000C60200200CED00E00400FA0519
:102F100004490120C870AFF2070242F210710B2081
:102F200005F042B9C6020020024A03490B2005F011
:102F30003BB90000112F0008C0D4010030B40023B9
:102F4000002A88BFDFF834C011D9C45C01EB430507
:102F50000CEB1414247801F81340C45C5B1C04F0DF
:102F60000F049BB21CF804406C709A42EDD84FF6E7
:102F7000FF7030BC00EA4200704700003A9200083F
:102F80002DE9F84380464FF48057ADF800700420D7
:102F9000394E8DF80300002469463046FFF718FCCF
:102FA00000254FF400513046FFF7BCFD022005F02C
:102FB00039FE4FF400513046FFF71EFE6006040E46
:102FC0004FF480513046FFF715FD00281CBF601CF0
:102FD000C4B2012005F026FE681CC5B2082DE0D35E
:102FE00010254FF00109B8F1000F4FF400513046A1
:102FF00020D0FFF797FDADF800708DF803508DF8E5
:10300000029069463046FFF7E3FB29023046FFF79E
:1030100089FD022005F006FE69023046FFF7ECFD4F
:10302000022005F0FFFD69023046FFF77BFD2046D8
:10303000BDE8F883FFF776FDADF800708DF803501A
:103040008DF8029069463046FFF7C2FB4FF480517D
:103050003046FFF7D1FD022005F0E4FD4FF40051AA
:103060003046FFF7C9FD022005F0DCFD4FF40051AA
:103070003046FFF757FDDAE7000C0140F8B505468A
:103080004FF48050ADF8000010208DF803000120AF
:10309000184E8DF8020069463046FFF799FB71140F
:1030A0003046FFF73FFD002415F0800F4FF48051AC
:1030B000304602D0FFF7A0FD01E0FFF733FD6806C0
:1030C000050E022005F0AEFD4FF400513046FFF72B
:1030D00093FD022005F0A6FD4FF400513046FFF7A6
:1030E00021FD022005F09EFD601CC4B2082CDBD33C
:1030F000F8BD0000000C014038B54FF48050ADF829
:10310000000010208DF8030001200F4C8DF8020004
:1031100069462046FFF75CFBA1142046FFF76CFDD3
:1031200061142046FFF768FD022005F07BFDA11425
:103130002046FFF7F7FC022005F074FD61142046DD
:10314000BDE83840FFF7EEBC000C014038B54FF445
:103150008050ADF8000010208DF8030001200C4CC9
:103160008DF8020069462046FFF732FBA114204685
:10317000FFF7D8FC61142046FFF73EFD022005F062
:1031800051FDA1142046BDE83840FFF735BD0000D1
:10319000000C0140F8B54FF48056ADF800600420F3
:1031A000264D8DF80300002469462846FFF710FBE2
:1031B000A9142846FFF720FD012005F033FD69140E
:1031C0002846FFF719FD012005F02CFDA91428461B
:1031D000FFF710FC50B3601CC4B2FA2C1FD9ADF835
:1031E000006010208DF8030001208DF80200694670
:1031F0002846FFF7EDFA4FF480512846FFF792FC7E
:103200004FF400512846FFF7F7FC022005F00AFDB5
:103210004FF480512846FFF7EFFC0120F8BD4FF432
:1032200080512846FFF7E6FB0028D4D14FF4005127
:103230002846FFF777FC0020F8BD0000000C014095
:1032400010B4C268D0F804C0531C93FBFCF40CFB10
:103250001433D0F808C0634504BF10BC704703683E
:103260009954C1684268491C91FBF2F302FB1311A7
:10327000C16010BC704700002DE9F0412B4D0026C5
:10328000287B10B1012814D010E06879401C6871C7
:1032900001F030F90A2126A004F03EFFC8216E702B
:1032A000264A0F2004F080FF012028730020BDE88B
:1032B000F08101F013F9002808BFBDE8F081204C2F
:1032C000206801F0ABFD01461E482268FEF780FE33
:1032D0001DA11C48FCF7A0FF04001DD01CA119482B
:1032E000FCF79AFFA01C6E71641CFDF723FC2046BE
:1032F000FDF720FC201DE41CFDF71CFC2046FDF71B
:1033000019FC201DE41CFDF715FC2046FDF712FCFE
:103310002E730120BDE8F08168790A2818BF2E734A
:10332000C4D16E712E730220BDE8F08140000020F0
:1033300041542B43434C4B3F0D0A000015450008F8
:103340003C000020081100202B43434C4B3A000066
:103350002C0000002DE9F047B54E0024DFF8D49290
:10336000B07BADF5C46D25464FF00108274609280E
:1033700080F05681DFE800F005121A2C9098AEFD1F
:10338000FC00F078012807BFF770042086F80E8053
:103390000DF5C46D18BFBDE8F08796E06421777025
:1033A000A54A0F2004F000FF02208EE001F096F8FD
:1033B000002870D001F09EF81121A0A004F0ACFE0E
:1033C000642177709C4A0F2004F0EEFE03207CE01D
:1033D00001F084F8002879D0D9F8000001F01EFD32
:1033E00001469B48D9F80020FEF7F2FD99A19848C4
:1033F000FCF712FF002800F0138199A19448FCF714
:103400000BFF1030044601782C2903D010F8011F5F
:103410002C29FBD1001BA0F10108C8216846FCF74C
:10342000F0FE424621466846FCF7D2FE04EB080057
:103430008FA1FCF7F1FE002800F0F280841C817857
:103440000DF5C1602C2907D014F8011B4155691CEA
:103450008DB221782C29F7D14755FCF7F6FE0546A9
:10346000C8216846FCF7CDFE2A46611C6846FCF779
:10347000AFFE0E2D09D005DDA9B24FF0010268465E
:1034800000F0BEFFB77300F0CBB80E2100226846F3
:1034900000F0B6FFF6E719E064217770664A0F2066
:1034A00004F082FE052010E001F018F800280DD08D
:1034B00001F020F808216FA004F02EFE642177703F
:1034C0005D4A0F2004F070FE0620B0730DF5C46D48
:1034D000BDE8F08701F002F8002804BF0DF5C46DC7
:1034E000BDE8F087D9F8000001F098FC0146584883
:1034F000D9F80020FEF76CFD61A15548FCF78CFE61
:1035000028B310F8061F2C2904D010F8011F641CE2
:103510002C29FAD1DFF870817125A0EB040A08F597
:103520002379012C02D0022C12D02EE05046FDF758
:1035300001FBA5EB4000C2B254A10DF2DC5004F037
:1035400065FE9DF8DC0588F88C0289F801701CE0A6
:103550000AF10100FDF7EEFA04465046FDF7EAFADB
:1035600000EB800004EB4000A5EB4000C2B201E09C
:1035700042E00DE045A10DF2DC5004F047FEBDF83D
:10358000DC05A8F88C0289F802700720B0739DE76B
:103590000E213FA004F0C0FD318A414804F0BCFD7B
:1035A000022133A004F0B8FD06213EA004F0B4FDD2
:1035B000728A36A10DF5BC6004F028FE0DF5BC60E2
:1035C000FCF73CFE81B20DF5BC6004F0A5FD0221C4
:1035D00032A004F0A1FD718A344804F09DFD03215E
:1035E00033A004F099FDF770C8217770124A0F20BC
:1035F00004F0DAFD082068E700F070FF00283FF4CF
:1036000065AFD9F8000001F009FC01461048D9F86F
:103610000020FEF7DDFC27A10D48FCF7FDFD08B1F9
:10362000B77353E786F80080B770B7734EE70000B2
:10363000400000203C0000201545000841542B4D5F
:10364000515454524541443D302C310D0A00000084
:10365000081100202B4D515454524541443A00006A
:103660002B4D515454524541443A20302C302C00BB
:10367000222C000041542B4353510D0A000000003E
:103680002B4353513A2000005814002025640000B9
:1036900041542B4D5154545055423D302C22000082
:1036A000580C0020302C302C302C0000200D002035
:1036B000220D0A004F4B00002DE9F041214C224F12
:1036C0000025A07920B101281FD0022831D02DE09B
:1036D0001E4EA570306801F0A1FB01461C483268FF
:1036E000FEF776FC00F006FF4FF400413846FFF786
:1036F00083FA4FF4FA716570164A0F2004F054FDF6
:103700000120A0710020BDE8F08100F0E7FE68B163
:103710004FF400413846FFF705FA41F288316570F1
:103720000C4A0F2004F040FD0220A0710020BDE8EB
:10373000F08100F0D3FE00281CBFA5710120BDE878
:10374000F081000040000020000801403C00002003
:10375000081100201545000838B54FF40040ADF8B9
:10376000000010208DF803000120064C8DF80200A7
:1037700069462046FFF72CF84FF400412046FFF73A
:103780003BFA38BD00080140474810B5C07B0B2804
:1037900028BF10BDDFE800F0061826344654620F3B
:1037A0006C0F7C00FFF788FF002808BF10BD0128C0
:1037B00002D0022804D010BD3B490120C87310BDBF
:1037C00039490020C87310BD01F0D8F9002808BF9E
:1037D00010BD012802D00228F2D010BD32480221CB
:1037E000C17310BD01F07AF9002808BF10BD01288F
:1037F00002D00228E4D010BD2B490320C87310BDAD
:1038000001F01CF9002808BF10BD012806D00228CD
:1038100018BF10BD00212448C17310BD22490820E3
:10382000C87310BDFFF728FD002808BF10BD012890
:1038300002D00228C4D010BD1B490520C87310BD9A
:1038400002F090FB002808BF10BD012802D002281A
:10385000B6D010BD14490620C87310BDFDF71CF981
:10386000002808BF10BD0128D8D00228A8D010BD5C
:1038700000F0F4F8002808BF10BD012802D002288B
:103880009ED010BD08480A21C1730121817010BD6E
:1038900005480178012902D100210170C173BDE8FA
:1038A0001040FFF757BD0000400000200100044811
:1038B0004FF0100101D0FFF735B9FFF79DB90000B7
:1038C00000100140010004484FF0800101D0FFF7D3
:1038D00029B9FFF791B9000000080140144A10B55A
:1038E0001078144C01280CD1002010709178491CDC
:1038F000C9B2917001290FD0907020212046FFF7A6
:1039000011F905F0ADF900284FF0800120460AD0EA
:10391000BDE81040FFF706B9FFF7D8F9202120468F
:10392000FFF76AF9EDE7BDE81040FFF765B9000061
:103930001600002000080140010004484FF001017A
:1039400001D0FFF7EFB8FFF757B90000000C0140B6
:10395000044901200870AFF207024FF47A7104F0B5
:1039600023BC00001600002010B501210348FFF71A
:1039700041F800280CBF0120002010BD00080140C4
:103980002DE9F0410B2000F00DFD0746092000F065
:103990000FFD0646012000F0F5FC2E4C002520B955
:1039A000A5710D2004F0F6FB6570A179A9B101297C
:1039B00028D0022918BFBDE8F08147F004010B2090
:1039C00000F012FD0121002000F0F8FC16F0020FBB
:1039D0003CD0FFF7C9FF48B338E0042000F0E2FC18
:1039E0000546042000F0E4FC854288BFBDE8F08174
:1039F0000120A071BDE8F041174A40F6B8310D2012
:103A000004F0D2BB6078012818BFBDE8F081657072
:103A1000042000F0C7FC0646042000F0C9FC8642E2
:103A20009EBF0220A071BDE8F0810FE0002002F0EF
:103A3000E5F90021012000F0C1FC02210A2000F07C
:103A4000D3FC0020FDF730FC00F012FCA571BDE8AE
:103A5000F0810000CA020020DD90000810B5A648E1
:103A60008CB0407B0A2832D2DFE800F005183445DC
:103A70005F9EB7D9FBF900F03DFD19219FA004F02E
:103A80004BFB9D4C002064216070A34A0F2004F082
:103A90008BFB012060730CB0002010BD00F01EFDF8
:103AA000002804BF0CB010BD9C4C206801F0B6F992
:103AB00001469B482268FEF78BFA9AA19848FCF7CA
:103AC000ABFB002800F012818B49022048730CB038
:103AD000002010BD00F00EFD1D2193A004F01CFB82
:103AE000854C0020642160708B4A0F2004F05CFB41
:103AF000032000F092B800F0F1FC002804BF0CB0E5
:103B000010BD864C206801F089F90146844822687E
:103B1000FEF75EFA83A18248FCF77EFB002800F0E6
:103B2000E580754904204873D1E700F0E3FC0F21DC
:103B300085A004F0F1FAC621B820CDE90001EA23FE
:103B4000312285A102A804F061FB02A8FCF776FBF4
:103B500081B202A804F0E0FA42F6483282A102A83B
:103B600004F054FB02A8FCF769FB81B202A804F040
:103B7000D3FA02217DA004F0CFFA10217C4804F092
:103B8000CBFA02217BA004F0C7FA13217AA004F03B
:103B9000C3FA594C00204FF4FA6160705E4A0F205E
:103BA00004F002FB052038E000F098FC002804BF78
:103BB0000CB010BD594C206801F030F9014658484E
:103BC0002268FEF705FA71A15548FCF725FB00288D
:103BD0007ED049490620487379E700F08BFC1D210F
:103BE00070A004F099FA624A76A102A804F00EFBD4
:103BF00002A8FCF723FB81B202A804F08DFA05218C
:103C000071A004F089FA3C4C002041F288316070C8
:103C1000414A0F2004F0C8FA0720607357E700F00C
:103C20005DFC002804BF0CB010BD3C4C206801F0C6
:103C3000F5F801463A482268FEF7CAF939A1384832
:103C4000FCF7EAFA044662A13548FCF7E5FA002CD5
:103C500018BF00284AD028490820487337E721E0D8
:103C6000FFE700F047FC1A215CA004F055FA404A37
:103C700054A102A804F0CAFA02A8FCF7DFFA81B244
:103C800002A804F049FA05214FA004F045FA1A4CA5
:103C9000002041F2883160701F4A0F2004F084FA3E
:103CA0000920BAE700F01AFC002804BF0CB010BDD0
:103CB0001A4C206801F0B2F8014619482268FEF754
:103CC00087F918A11648FCF7A7FA044640A100E0BE
:103CD0000CE01348FCF7A0FA002C18BF002805D010
:103CE0000549002048730CB0012010BD0249002096
:103CF00048730CB0022010BD4000002041542B4DF1
:103D00005154544346473D22636163686564222CE5
:103D1000302C310D0A000000154500083C00002041
:103D2000081100204F4B000041542B4D5154544377
:103D300046473D226B656570616C697665222C3063
:103D40002C36300D0A00000041542B4D5154544381
:103D50004F4E4E3D302C220025642E25642E2564C6
:103D60002E2564222C000000256400002C22000077
:103D700004000020222C00002275736572222C2280
:103D8000302E313233343536220D0A002B4D51544A
:103D9000545552433A2022636F6E6E222C302C30E1
:103DA0000000000041542B4D5154545355423D30B6
:103DB0002C226D6F646275735F636F6E74726F6CCB
:103DC0002F00000025730000222C300D0A00000097
:103DD0002B4D5154545355423A20300041542B4DF1
:103DE0005154545355423D302C226D6F64627573AB
:103DF0005F74696D652F0000FEE700002DE9F04754
:103E0000FF4E0024DFF8FC83B0889AB027460228D2
:103E1000C0F01F82811E404604F0DCFEB08832787C
:103E2000404410F8011C914240F0138210F8020C3B
:103E30007178884240F00D8298F8032098F802309B
:103E400006F1060A02EB032295B298F80010BAF8C0
:103E5000002098F801008A4240F0FB8108F5FA79C9
:103E6000052854D00BDC6F46012810D0052203280A
:103E700000F07F81042800F0B08100F0EAB9062844
:103E800000F00A81102800F0308100F0E2B9042D22
:103E900000F2DF8198F8052098F8043002EB032245
:103EA00092B25319052B00F2D4818DF800108DF8D1
:103EB0000100D11D01200F2905D312F0070F14BFF7
:103EC00000EBD200D0088DF8020010F0FF0F1CBFED
:103ED0007088E8400AD0E10020FA01F13A19D17067
:103EE000611CCCB29DF80210A142F4D89DF80200EA
:103EF000401DC4B2A11E384604F06CFE381971781A
:103F000000F8021C317800F8011C00F063B998F841
:103F1000052098F80430072D02EB032294B200F23A
:103F200098818DF800108DF80100280A8DF80200A4
:103F3000200A8DF804008DF803508DF80540062105
:103F4000684604F047FE70788DF8060030788DF8EA
:103F50000700082D28D2DFE805F0041751276D2748
:103F6000737EB4F57F4F40F0358105F01BF9BFF348
:103F70004F8FA5480168A54A01F4E0611143016033
:103F8000BFF34F8F00BFFDE7022000F0FBF90028D0
:103F900040F02081032000F0F5F9012840F01A815B
:103FA000B4F57F4F05D0BCB1002F40F0528100F036
:103FB00011B9002000F0E6F9002840F00B81012142
:103FC000084600F0FBF901210846FDF747FE0120F5
:103FD00001F014FF01200EE00021012000F0EEF9B5
:103FE00000210120FDF73AFE0A20A9F81400002064
:103FF00001F004FF0020FDF757F9EBE0B4F57F4F27
:1040000001D04CB110E00121022000F0D7F90121CC
:104010000220FDF723FE07E00021022000F0CEF988
:1040200000210220FDF71AFE022000F0ABF9FDF797
:10403000BFF8CFE0B4F57F4F08BFFDF7A9FFC9E097
:10404000B4F57F4F7DD10021084600F0B7F900207C
:10405000A9F81600BEE0B4F57F4F01D074B1B9E005
:104060000121042000F0AAF901210420FDF7F6FD4A
:10407000042000F087F9FDF75FF8ABE00021042091
:1040800000F09CF900210420FDF7E8FD042000F079
:1040900079F9FDF751F89DE098F8052098F804307B
:1040A000212D02EB032294B262D88DF800108DF816
:1040B0000100280A8DF80200200A8DF80400EFB2F2
:1040C0008DF803708DF805400621684604F082FDE6
:1040D00070788DF8060030788DF8070000F0C8F889
:1040E0002AF815400121384640E098F8052098F854
:1040F0000430212D02EB032292B29CBFAB18222B7D
:1041000036D8002A0ED908EB440393F808C0DB79AF
:104110000CEB032304EB050C2AF81C30631CDCB207
:10412000A242F0D88DF800108DF80100280A8DF811
:104130000200ECB2100A8DF803408DF80400D5B2ED
:1041400000E047E08DF8055098F806008DF806006D
:104150000721684604F03EFD70788DF8070030783E
:104160008DF8080000F084F829462046FDF779FD17
:104170006FE098F8053098F804C0212D03EB0C236C
:104180009BB29CBF03EB050CBCF1220F61D88DF8EC
:1041900000108DF8010058008DF80200281907EB77
:1041A00044013AF810004FEA102C81F803C008715E
:1041B000601CC4B29C42F1D902EB4300C4B2A11E00
:1041C000384604F007FD3819717800F8021C317880
:1041D00000F8011C00F04CF83BE098F8053098F826
:1041E00004C00D2D03EB0C239BB29CBF05EB030C0D
:1041F000BCF10E0F2DD88DF800108DF8010007E0EE
:104200005A0000200E1700200CED00E00400FA0513
:1042100058008DF80200281907EB440139F8100006
:104220004FEA102C81F803C00871601CC4B29C4294
:10423000F1D902EB4300C4B2A11E384604F0CAFC17
:104240003819717800F8021C317800F8011C00F070
:104250000FF80020B2880146002A05D908F800109E
:10426000401C80B28242F9D8B1801AB0BDE8F08714
:1042700070B53C4EADF5C36DB51F30788DF8F003C9
:1042800001208DF8F1038DF8F203A8788DF8F3037F
:104290000421FCA804F09EFC68788DF8F4032878CB
:1042A0008DF8F50330788DF8F60303208DF8F703C9
:1042B00044208DF8F8030020FCAC36F8101004EB15
:1042C00040020B0A401C5372C0B291722228F4D9EA
:1042D0004721A01D04F07EFC68788DF83D04287805
:1042E0008DF83E0430788DF83F0404208DF84004AA
:1042F0001C208DF841041C4B002004EB400233F8D5
:104300001010401C4FEA112C82F852C0C0B282F843
:1043100053100E28F1D91F2104F1510004F05AFC6A
:1043200068788DF85E0428788DF85F0470240F4A51
:104330000FA10DF2E45003F069FF224602A9FCA888
:10434000FEF7FCFD04460DF2E450FBF777FF82B266
:1043500002AB0DF2E4510120009401F059FE0DF57D
:10436000C36D70BD60000020021900200400002011
:104370006D6F646275735F7374617475732F2573E9
:10438000000000000F2884BF00207047012101FABF
:1043900000F003494988084018BF01207047000019
:1043A0005A000020014931F810007047021900201E
:1043B000014931F810007047600000200F2888BFC5
:1043C0007047012202FA00F00129064A04BF518811
:1043D000084305D0002906BF518821EA0000704734
:1043E000508070475A000020014A22F81010704790
:1043F00002190020014A22F81010704760000020C6
:104400002DE9F04704460025314E9CB00F460120AF
:10441000AAB1012A1CBF1CB0BDE8F0877070012052
:10442000FCF705FF35703A4621462A48FCF792FB17
:1044300029490880FFF7E2FC1CB0BDE8F0877070E6
:104440000120FCF7F4FE3570206802908DF80C50C6
:1044500002A8FBF7FAFE1FFA80FAA088ADF8080060
:104460008DF80A5002A8FBF7F0FE00F0FF09E08883
:10447000ADF808008DF80A5002A8FBF7E6FE00F040
:10448000FF082089ADF808008DF80A5002A8FBF754
:10449000DCFEC7B26089ADF808008DF80A5002A8AA
:1044A000FBF7D3FEC6B2A089ADF808008DF80A501C
:1044B00002A8FBF7CAFEC0B2CDE900603B46424607
:1044C0004946504601F0CAFD1CB0BDE8F087000027
:1044D000C60200200E1700205E0000200449487824
:1044E000002808BF7047012000224A707047000072
:1044F000400000200020054A01461154401C80B2B3
:10450000B0F57A7FF9D30248818270470811002004
:104510004000002001490120487070474000002001
:10452000704738B535208DF8000000248DF8014023
:104530008DF8024001258DF80350684600F032F8EE
:1045400026208DF800008DF801408DF802408DF88E
:104550000350684600F026F827208DF800008DF8FB
:1045600001408DF802408DF80350684600F01AF8BB
:1045700034208DF8000002208DF801008DF80240F3
:104580008DF80350684600F00DF808208DF8000003
:104590008DF801408DF802508DF80350684600F008
:1045A00001F838BD70B50446C0780F25002818BF43
:1045B000012804D07D2223A12FA004F09DFA607869
:1045C000102804D37E221FA13A4804F095FAA0785F
:1045D000102804D37F221BA1374804F08DFAE0781D
:1045E000012210B335480068637800F4E060C0F53C
:1045F000E060000AC0F1040103FA01F1A37825FA92
:1046000000F0184008432178000101F1E02181F811
:104610000004207800F01F0102FA01F14009800037
:1046200000F1E020C0F8001170BD207800F01F01FB
:1046300002FA01F14009800000F1E020C0F8801189
:1046400070BD00002E2E5C6669726D776172655CCC
:104650006E3332673435785F7374645F7065726986
:1046600070685F6472697665725C7372635C6D69B1
:1046700073632E630000000049535F46554E435458
:10468000494F4E414C5F5354415445284E5649437F
:104690005F496E69745374727563742D3E4E56494A
:1046A000435F4952514368616E6E656C436D642986
:1046B00000000000A8BA000864BA00080CED00E091
:1046C00010B50446B0F5E06F18BFB4F5C06F0CD05C
:1046D000B4F5A06F1CBFB4F5806FB4F5407F04D073
:1046E0006C2205A111A004F007FA1B4944F0FD70EB
:1046F00040F08060086010BD2E2E5C6669726D7798
:104700006172655C6E3332673435785F7374645FF1
:104710007065726970685F6472697665725C7372E5
:10472000635C6D6973632E630000000049535F4E44
:104730005649435F5052494F524954595F47524F6F
:104740005550284E5649435F5072696F72697479AB
:1047500047726F75702900000CED00E02DE9F04103
:104760000B20FFF71FFE07460920FFF721FE304C04
:104770000646E17939B3002501293ED0022946D009
:10478000032918BFBDE8F08147F008010B20FFF7AF
:104790002BFE01210020FFF711FE16F0040F0FD0B1
:1047A000002001F02BFB00210120FFF707FE032171
:1047B0000A20FFF719FE0020FCF776FDFFF758FDF1
:1047C000E571BDE8F0810520FFF7ECFD00EB80000E
:1047D00045000520FFF7ECFD00EB8000B5EB400F36
:1047E00038BFBDE8F0810120E071BDE8F041114A19
:1047F0004FF4FA610E2003F0D7BCA078012806BF61
:10480000A5700220BDE8F081E071BDE8F0810520CF
:10481000FFF7C8FD00EB800046000520FFF7C8FD4C
:1048200000EB8000B6EB400F28BF0320ECD2C7E7B7
:10483000CA020020999100082DE9F0410B20FFF7F2
:10484000B1FD07460920FFF7B3FD2B4C0646217A40
:1048500039B30025012939D002293ED0032918BFD8
:10486000BDE8F08147F040010B20FFF7BDFD0121BD
:104870000020FFF7A3FD16F0100F0FD0002001F06D
:10488000BDFA00210120FFF799FD06210A20FFF75C
:10489000ABFD0020FCF708FDFFF7EAFC2572BDE840
:1048A000F0810720FFF77EFD05460820FFF780FD19
:1048B000854238BFBDE8F08101202072BDE8F0419B
:1048C0000E4A4FF4FA61102003F06EBC20790128E3
:1048D00004BF25712572BDE8F0810720FFF762FD56
:1048E00006460820FFF764FD864224BF032020729D
:1048F000D4D3BDE8F0810000CA0200208D910008E9
:104900002DE9F0410B20FFF74DFD06460920FFF78A
:104910004FFD2B4C0546617939B30027012939D069
:10492000022941D0032918BFBDE8F08146F00201F9
:104930000B20FFF759FD01210020FFF73FFD15F087
:10494000010F0FD0002001F059FA00210120FFF7DC
:1049500035FD01210A20FFF747FD0020FCF7A4FCEC
:10496000FFF786FC6771BDE8F0810420FFF71AFDB0
:1049700005460320FFF71CFD854238BFBDE8F081E6
:1049800001206071BDE8F0410E4A4FF4FA610C203D
:1049900003F00ABC2078012806BF27700220BDE87A
:1049A000F0816071BDE8F0810420FFF7FBFC054653
:1049B0000320FFF7FDFC854228BF0320F1D2D1E799
:1049C000CA0200208191000810B5040018BF012C14
:1049D00004D0862203A111A004F08EF816480462C8
:1049E00010BD00002E2E5C6669726D776172655C89
:1049F0006E3332673435785F7374645F70657269E3
:104A000070685F6472697665725C7372635C6E3342
:104A100032673435785F7077722E630049535F4692
:104A2000554E4354494F4E414C5F535441544528D1
:104A3000436D64290000000000000E4270B51D4C5B
:104A40000025607A10B1012813D010E02079401CB5
:104A50002071FFF74FFD0B2117A003F05DFB6421D0
:104A60006570184A0F2003F09FFB01206072002040
:104A700070BDFFF733FD002808BF70BD124E3068CF
:104A800000F0CCF9014611483268FDF7A1FA10A1F7
:104A90000E48FBF7C1FB18B165722571012070BD8E
:104AA00020795A2898BF6572E1D925716572022074
:104AB00070BD00004000002041542B434741545436
:104AC0003F0D0A00154500083C0000200811002099
:104AD0002B43474154543A203100000070B51D4C1F
:104AE0000025207A10B1012813D010E02079401C55
:104AF0002071FFF7FFFC0B2117A003F00DFB6421D1
:104B00006570184A0F2003F04FFB0120207200202F
:104B100070BDFFF7E3FC002808BF70BD124E30687F
:104B200000F07CF9014611483268FDF751FA10A1F6
:104B30000E48FBF771FB18B125722571012070BD7D
:104B400020795A2898BF2572E1D925712572022053
:104B500070BD00004000002041542B4345524547A2
:104B60003F0D0A00154500083C00002008110020F8
:104B70002B43455245473A20302C3100814810B52F
:104B8000C0790A283AD2DFE800F005213B4850619D
:104B90007989B9CA7C4C206800F040F901467B480D
:104BA0002268FDF715FAFFF7A5FC042178A003F0B1
:104BB000B3FA744C00204FF4FA616070764A0F200B
:104BC00003F0F2FA0120E071002010BDFFF786FC2F
:104BD000002808BF10BD6C4C206800F01FF901468A
:104BE0006A482268FDF7F4F96CA16848FBF714FBEA
:104BF000002800F0C28063490220C871002010BD67
:104C0000604C00204FF4FA616070634A0F2003F09B
:104C1000CBFA0320E071002010BDFFF75FFC0028F5
:104C2000ECD058490420C871E8E7FFF763FC0A217B
:104C30005BA003F071FA534C002064216070564A67
:104C40000F2003F0B1FA0520E071D7E7FFF746FC2B
:104C5000002808BF10BD4C4C206800F0DFF801466A
:104C60004A482268FDF7B4F950A14848FBF7D4FA46
:104C700000287DD043490620C871BFE7FFF73AFC02
:104C80000B214EA003F048FA3E4C002064216070D6
:104C9000414A0F2003F088FA07203EE0FFF71EFC90
:104CA000002808BF10BD384C206800F0B7F8014656
:104CB00036482268FDF78CF943A13448FBF7ACFA7B
:104CC00000285AD04249D0F80720C1F89122D0F8E4
:104CD0000B20C1F89522D0F80F20C1F89922B0F826
:104CE0001320A1F89D22407D81F89F0201F52371D8
:104CF0000020087523490820C8717FE7FFF7FAFBF9
:104D00000A2134A003F008FA1E4C002064216070D0
:104D1000214A0F2003F048FA0920E0716EE7FFF7FF
:104D2000DDFB002808BF10BD174C206800F076F8A6
:104D3000014616482268FDF74BF929A11348FBF7F5
:104D40006BFAA8B122498268C1F8A122C268C1F8F1
:104D5000A5220269C1F8A9224269C1F8AD22806981
:104D6000C1F8B10201F52371002081F8290000E0AB
:104D700003E00449C871012010BD02490020C87138
:104D8000022010BD400000203C000020081100203F
:104D900041540D0A00000000154500084F4B00006B
:104DA00041542B4350494E3F0D0A00002B435049BC
:104DB0004E3A2052454144590000000041542B43D3
:104DC00047534E3D310D0A002B4347534E3A2000C6
:104DD0005814002041542B49434349440D0A000014
:104DE0002B49434349443A200000000070B510208D
:104DF00004F090F904004FF0000508BF2C4607D0DE
:104E000040F2DD50606004F085F9E560A560206047
:104E10000148046070BD00003C0000200146D1E95B
:104E20000220801A44BF49680844704710B5040046
:104E30001CBF012C042C05D040F203320AA118A09B
:104E400003F05AFE1B48002180F8201080F8201043
:104E5000012C08BF012103D0042C0CBF052110BD7B
:104E600080F8201010BD00002E2E5C6669726D77F0
:104E70006172655C6E3332673435785F7374645F7A
:104E80007065726970685F6472697665725C73726E
:104E9000635C6E3332673435785F7263632E630010
:104EA00049535F5243435F4C5345285243435F4C41
:104EB000534529000010024010B5040018BFB4F596
:104EC000806F0DD0B4F5A06F1CBFB4F5C06FB4F502
:104ED000E06F05D040F2C31205A113A003F00CFE51
:104EE0001849486820F4E0602043486010BD000085
:104EF0002E2E5C6669726D776172655C6E33326707
:104F00003435785F7374645F7065726970685F646C
:104F100072697665725C7372635C6E3332673435C6
:104F2000785F7263632E630049535F5243435F4867
:104F3000434C4B5F444956285243435F48434C4BD4
:104F4000290000000010024010B50446B0F5807F33
:104F50001CBFB4F5007FB4F5407F05D040F233327A
:104F600006A114A003F0C8FD1B48016A21F440719A
:104F70000162016A2143016210BD00002E2E5C66B1
:104F800069726D776172655C6E3332673435785F54
:104F90007374645F7065726970685F647269766566
:104FA000725C7372635C6E3332673435785F726340
:104FB000632E630049535F5243435F525443434C53
:104FC0004B5F535243285243435F525443434C4B2D
:104FD000536F7572636529000010024070B5044676
:104FE0000E480D46044200D12CB940F2FE320CA10D
:104FF00019A003F081FD214E002D04BFF069A043EC
:1050000009D0012D05D040F2FF3205A11CA003F00C
:1050100073FDF0692043F06170BD00000033014171
:105020002E2E5C6669726D776172655C6E333267D5
:105030003435785F7374645F7065726970685F643B
:1050400072697665725C7372635C6E333267343595
:10505000785F7263632E630049535F5243435F413D
:105060005042315F504552495048285243435F41B6
:10507000504231506572697068290000001002408A
:1050800049535F46554E4354494F4E414C5F53542C
:1050900041544528436D64290000000070B5044662
:1050A0000E480D46044200D12CB940F2DF320CA16B
:1050B00019A003F021FD214E002D04BFB069A043CB
:1050C00009D0012D05D04FF4787205A11CA003F082
:1050D00013FDB0692043B06170BD00000286E0FF9F
:1050E0002E2E5C6669726D776172655C6E33326715
:1050F0003435785F7374645F7065726970685F647B
:1051000072697665725C7372635C6E3332673435D4
:10511000785F7263632E630049535F5243435F417C
:105120005042325F504552495048285243435F41F4
:1051300050423250657269706829000000100240C8
:1051400049535F46554E4354494F4E414C5F53546B
:1051500041544528436D64290000000010B5040047
:1051600018BF012C05D04FF4517203A110A003F019
:10517000C3FC1648046010BD2E2E5C6669726D7704
:105180006172655C6E3332673435785F7374645F67
:105190007065726970685F6472697665725C73725B
:1051A000635C6E3332673435785F7263632E6300FD
:1051B00049535F46554E4354494F4E414C5F5354FB
:1051C00041544528436D6429000000003C044242DC
:1051D000324B30B45968324A11405A6811F0006FAE
:1051E00002F480320CBF4FF0020C6FF4F77C0CEB32
:1051F0009141002A04BF2B4A514306D05A6812F449
:10520000003F14BF274A284A51435A68DFF898C024
:1052100012F00C0218BF042A03D0082A08BF01604C
:1052200001D0C0F800C05A684FF00F0C1F4D0CEAB7
:105230001212D0F800C0AA5C2CFA02F24260D3F835
:1052400004C0072404EA1C2C15F80CC022FA0CFC3C
:10525000C0F808C0D3F804C004EADC2C15F80CC070
:1052600022FA0CFCC0F80CC0D3F82CC005F11004D5
:105270000CF00F0C14F80CC0B2FBFCF24261DA6ABD
:105280001F2303EA121202F00F0204F1100333F895
:105290001220B1FBF2F1016130BC704700100240F6
:1052A00000003C0800093D0000127A00FA91000855
:1052B00070B500250446212818BF312C21D0392C87
:1052C00018BF412C1DD0612C18BF732C19D0742C21
:1052D00018BF752C15D0772C18BF792C11D07A2CCB
:1052E00018BF7B2C0DD07C2C18BF7D2C09D07E2CB8
:1052F00018BF7F2C05D040F2E3420CA119A003F0A7
:10530000FBFB60091D49012808BF086803D002287B
:105310000CBF086A486A04F01F01012202FA01F179
:10532000014218BF0125284670BD00002E2E5C6684
:1053300069726D776172655C6E3332673435785FA0
:105340007374645F7065726970685F6472697665B2
:10535000725C7372635C6E3332673435785F72638C
:10536000632E630049535F5243435F464C414728D5
:105370005243435F464C4147290000000010024061
:1053800038B503F0EBFC4FF40060ADF800001020DE
:105390008DF803000120064C8DF802006946204676
:1053A000FDF716FAE1142046FDF7BCFB38BD0000FE
:1053B0000008014002F06CBE00210A2805D3491CF8
:1053C0000A38C0B2C9B20A28F9D2090740EA116006
:1053D0007047000070B50026674D0C4600282AD0A3
:1053E000012805D04FF4E37264A172A003F084FB9E
:1053F000286810F0400F00F07F802078010901EB51
:10540000810100F00F0000EB4100C0B2401E0B28EC
:1054100005D94FF4EE7259A16DA003F06DFBE07851
:10542000002818BF402800F0798040F2DD1253A117
:105430006EA000F071B8286810F0400F13D02078EB
:10544000401E0B2805D94FF4E6724CA16FA003F063
:1054500053FBE078002818BF40280ED040F2CD1250
:1054600046A162A007E0E6702078172805D94FF41E
:10547000E97242A16FA003F03FFB60783B2805D999
:105480004FF4EA723DA175A003F036FBA0783B28EB
:1054900005D940F2D51239A17AA003F02DFB20786E
:1054A000FFF78AFF06046078FFF786FF46EA0026CA
:1054B000A078FFF781FFE178304340EA01437B4C5D
:1054C000CA2020605320206000F04CF970B1784869
:1054D0007849184008607848016821F0800101602F
:1054E000286810F0200F08BF00F056FCFF20206055
:1054F000BDE8704000F050BCE6702078010901EB77
:10550000810100F00F0000EB4100C0B2172805D95F
:105510004FF4F17219A169A003F0EEFA6078010965
:1055200001EB810100F00F0000EB4100C0B23B280D
:1055300005D94FF4F27211A16EA003F0DDFAA07844
:10554000010901EB810100F00F0000EB4100C0B246
:105550003B2805D940F2E51208A174A003F0CCFA6B
:10556000A0782178E27840EA01406178090241EAB6
:10557000024140EA0103A2E7082800402E2E5C66A3
:1055800069726D776172655C6E3332673435785F4E
:105590007374645F7065726970685F647269766560
:1055A000725C7372635C6E3332673435785F727429
:1055B000632E630049535F5254435F464F524D413F
:1055C00054285254435F466F726D61742900000085
:1055D00049535F5254435F3132484F555228746DDE
:1055E00070726567697374657229000049535F5270
:1055F00054435F483132285254435F54696D6553B8
:1056000074727563742D3E483132290049535F52DC
:1056100054435F3132484F5552285254435F5469C6
:105620006D655374727563742D3E486F757273297E
:105630000000000049535F5254435F3234484F55D5
:1056400052285254435F54696D6553747275637484
:105650002D3E486F757273290000000049535F5258
:1056600054435F4D494E55544553285254435F545B
:10567000696D655374727563742D3E4D696E7574F2
:105680006573290049535F5254435F5345434F4E5E
:105690004453285254435F54696D65537472756363
:1056A000742D3E5365636F6E647329002428004097
:1056B0007F7F7F00002800400C28004049535F5244
:1056C00054435F3234484F5552285254435F42632B
:1056D0006432546F42797465285254435F54696D43
:1056E000655374727563742D3E486F757273292902
:1056F0000000000049535F5254435F4D494E5554DA
:105700004553285254435F42636432546F42797464
:1057100065285254435F54696D65537472756374A0
:105720002D3E4D696E7574657329290049535F528A
:1057300054435F5345434F4E4453285254435F42B2
:10574000636432546F42797465285254435F5469DC
:105750006D655374727563742D3E5365636F6E642B
:105760007329290081B00F4900200090086810F0CB
:10577000400F04BF8020086010D10868009A00F034
:105780004000521C0092B2F5005F01D00028F4D016
:10579000086810F0400004BF01B07047012001B05C
:1057A000704700000C28004070B50C46050018BF7B
:1057B000012D05D04FF4377218A126A003F09CF9F3
:1057C0002B48006820F0C00121F07F410B0CC1F391
:1057D0000422E37001F03F006270A070C1F3423117
:1057E0002170002D18BF70BD190901EB810103F074
:1057F0000F0303EB4101E170110901EB810102F09C
:105800000F0202EB41016170010901EB810100F01F
:105810000F0000EB4100A07070BD00002E2E5C66F2
:1058200069726D776172655C6E3332673435785FAB
:105830007374645F7065726970685F6472697665BD
:10584000725C7372635C6E3332673435785F727486
:10585000632E630049535F5254435F464F524D419C
:1058600054285254435F466F726D617429000000E2
:105870000428004070B50C46050018BF012D05D066
:1058800040F23D2218A126A003F036F92B4800680B
:105890002B494FF0400C0140C1F30542C1F30623F0
:1058A000227001F07F006370A0700CEA1141E1707A
:1058B000002D18BF70BD110901EB810102F00F022C
:1058C00002EB41012170190901EB810103F00F0284
:1058D00002EB41016170010901EB810100F00F0051
:1058E00000EB4100A07070BD2E2E5C6669726D7772
:1058F0006172655C6E3332673435785F7374645FF0
:105900007065726970685F6472697665725C7372E3
:10591000635C6E3332673435785F7274632E630074
:1059200049535F5254435F464F524D41542852549D
:10593000435F466F726D61742900000000280040CB
:105940007F7F7F0070B505460026006834464028FA
:1059500018BF002804D0C7221EA12CA003F0CCF849
:1059600068687F2804D9C8221AA135A003F0C4F8BA
:10597000A868B0F5004F04D3C92216A13EA003F0D9
:10598000BBF84B4BCA20186053201860FFF7EAFEA3
:10599000B0B14848016821F04001016001682A68FF
:1059A000114301604448A96801600168AA8841EA7E
:1059B00002410160001F016821F0800101600126A1
:1059C000FF20186040F2FF20641C8442FCD3304664
:1059D00070BD00002E2E5C6669726D776172655C29
:1059E0006E3332673435785F7374645F70657269E3
:1059F00070685F6472697665725C7372635C6E3343
:105A000032673435785F7274632E630049535F5296
:105A100054435F484F55525F464F524D41542852B0
:105A200054435F496E69745374727563742D3E52AA
:105A300054435F486F7572466F726D617429000040
:105A400049535F5254435F5052454449565F415356
:105A5000594E4348285254435F496E6974537472D7
:105A60007563742D3E5254435F4173796E63685081
:105A7000726564697629000049535F5254435F5050
:105A800052454449565F53594E4348285254435F48
:105A9000496E69745374727563742D3E5254435F3A
:105AA00053796E636850726564697629000000005E
:105AB00024280040082800401028004070B50C46FB
:105AC000050000F05F80012D05D040F2722256A142
:105AD00063A003F011F8E078010901EB810100F007
:105AE0000F0000EB4100C0B2632805D94FF42072CB
:105AF0004DA162A003F000F86078010901EB81017B
:105B000000F00F0000EB4100C0B2401E0B2805D989
:105B100040F2822244A166A002F0EEFFA0780109C3
:105B200001EB810100F00F0000EB4100C0B2401E0C
:105B30001E2805D94FF421723BA164A002F0DCFFBE
:105B40002178012918BF02290ED0032918BF042982
:105B50000AD005291CBF0629072905D040F2862254
:105B600031A161A002F0C8FF002D2FD0A078E1780C
:105B7000227840EA01406178090241EA423140EA74
:105B8000010333E0607810F0100F03D020F0100014
:105B90000A306070E078632805D940F27A2222A1A9
:105BA0005BA002F0A9FF6078401E0B2805D940F2E7
:105BB0007B221DA15FA002F09FFFA078401E1E283F
:105BC000BED94FF41F7218A163A0B7E7E078FFF7C2
:105BD000F3FB05046078FFF7EFFB45EA0025A078AA
:105BE000FFF7EAFB2178284340EA4133634CCA209F
:105BF000206053202060FFF7B5FD78B1604823F0A6
:105C0000C00101605F48016821F080010160001F50
:105C1000006810F0200F08BF00F0BEF8FF202060E1
:105C2000BDE8704000F0B8B82E2E5C6669726D77E2
:105C30006172655C6E3332673435785F7374645FAC
:105C40007065726970685F6472697665725C7372A0
:105C5000635C6E3332673435785F7274632E630031
:105C600049535F5254435F464F524D41542852545A
:105C7000435F466F726D61742900000049535F52A3
:105C800054435F59454152285254435F4263643242
:105C9000546F42797465285254435F44617465536C
:105CA00074727563742D3E59656172292900000074
:105CB00049535F5254435F4D4F4E544828746D70A2
:105CC00072656769737465722900000049535F52F9
:105CD00054435F4441544528746D7072656769731D
:105CE000746572290000000049535F5254435F57A6
:105CF00045454B444159285254435F4461746553B0
:105D000074727563742D3E5765656B446179290023
:105D100049535F5254435F59454152285254435F9F
:105D2000446174655374727563742D3E5965617274
:105D30002900000049535F5254435F4D4F4E544871
:105D4000285254435F446174655374727563742DB3
:105D50003E4D6F6E7468290049535F5254435F444F
:105D6000415445285254435F4461746553747275BD
:105D700063742D3E446174652900000024280040AE
:105D8000042800400C280040002101607F21416070
:105D9000FF2181607047000081B000200F4B009010
:105DA000CA201860532018600D49086820F02000B0
:105DB00008600868009A00F02000521C0092B2F5BA
:105DC000004F01D00028F4D0086810F0200018BF60
:105DD0000120FF21196001B0704700002428004015
:105DE0000C280040044901200870AFF207024FF46C
:105DF0007A71042002F0D8B92C00002010B5164C9E
:105E000010B101280ED01AE04FF400412046FCF7F3
:105E1000F3FE4FF480412046FCF784FE142002F08C
:105E2000F5FE0CE04FF480412046FCF7E5FE4FF410
:105E300000412046FCF776FE142002F0E7FE4FF406
:105E400000412046FCF76EFE2046BDE810404FF4AE
:105E50008041FCF767BE0000000C0140F8B54FF42C
:105E60000040ADF8000010250E4E8DF803500324BD
:105E70008DF8024069463046FCF7AAFCE90230463C
:105E8000FCF7BAFEA902ADF800108DF803508DF8AA
:105E9000024069463046FCF79BFCA9023046FCF7FD
:105EA000ABFEF8BD000C014010B5012186B008071B
:105EB000FFF794F80121C806FFF790F80120FEF7DC
:105EC00083FD0420FAF77AFEA0F5A061053904BF2E
:105ED00006B010BD4FF48070FFF736F80120FEF7D2
:105EE000A5FF4120FFF7E4F90028FAD00120FFF7D1
:105EF00035F97F200190FF2000240290009468462D
:105F0000FFF742FF6846FFF71DFD014611A002F0B2
:105F10006DF919208DF8130001208DF811008DF80E
:105F2000120003208DF80D408DF810008DF80E4002
:105F30008DF80C4004A90020FFF7C0FD03A9002044
:105F4000FFF748FA40F205510420FAF7C1FE06B007
:105F500010BD0000525443B3F5CABCBBAF25640D5D
:105F60000A00000070B51D4C0025A07A10B1012870
:105F700013D010E02079401C2071FEF7BBFA1F21DE
:105F800017A002F0C9F8642165701D4A0F2002F0C5
:105F90000BF90120A072002070BDFEF79FFA0028C7
:105FA00008BF70BD174E3068FEF738FF014616482F
:105FB0003268FCF70DF815A11348FAF72DF90028FF
:105FC0001EBFA572012070BD20790A2898BFA57256
:105FD000E1D92571A572022070BD000040000020AB
:105FE00041542B5149435347503D312C312C2243CE
:105FF0004D4E4554222C22222C22222C310D0A00F7
:10600000154500083C000020081100204F4B0000FF
:106010002DE9F0410E4E069D8846F0701F4614464D
:106020003282C8210B48FAF7ECF82246414609486B
:10603000FAF7CEF82C4675824FF47A710648FAF7D3
:10604000E0F822463946BDE8F0410348FAF7C0B807
:1060500040000020580C0020200D002070B582B0B8
:10606000A0F5FA60C0B2DDE906458DF803008DF8B1
:1060700001101E468DF8022002F056FD8DF80460D6
:106080008DF800008DF805408DF806506946002017
:10609000FFF714FD01A90020FFF79CF902B070BDC5
:1060A000042808D010F1050F08BF7047CF2205A1C2
:1060B00011A002F021BD4FF0E020016941F0040180
:1060C000016170472E2E5C6669726D776172655C46
:1060D0006E3332673435785F7374645F70657269EC
:1060E00070685F6472697665725C7372635C6D6917
:1060F00073632E630000000049535F5359535449A2
:10610000434B5F434C4B5F534F55524345285379A4
:10611000735469636B5F434C4B536F7572636529AE
:1061200000000000704700004B4883B0016841F454
:10613000700101604948016841F001010160426855
:10614000474911404160016821F4102121F080711C
:106150000160016821F480210160416821F47F0120
:1061600021F0006141600021C16201634FF41F0210
:106170008260C26942F08052C2613A4AD36843F0F9
:106180000103D360C26922F08052C261364A1368AB
:1061900043F09003136000918DF8041002910168A0
:1061A00041F4803101600168C1F340418DF8041071
:1061B0000299491C02919DF8041019B90299B1F590
:1061C000004FF0D10168C1F340418DF804109DF8F3
:1061D000041000293BD0116821F0070111601168FB
:1061E00041F00301116041684160416841F4005190
:1061F0004160416841F4A0614160416821F47C1133
:1062000021F000614160416841F4803141F4003186
:1062100041F0026100914160016841F080710160CC
:10622000016811F0007FFBD0416821F0030141605B
:10623000416841F002014160416801F00C01082908
:10624000FAD10A494FF00060086003B0704709496D
:1062500007480860F5E7000088ED00E00010024004
:1062600000C0FFF8007000400020024008ED00E090
:1062700000127A000000002003490020087010215D
:106280000248FCF7B9BC000028000020000C0140C7
:10629000074910B50120087010210648FCF742FCA0
:1062A000BDE81040044A4EF66021112001F07CBF89
:1062B00028000020000C0140796200082DE9F04719
:1062C000DFF894900D4607461C4616464FF02A0804
:1062D0004FF480714846FCF725FC404600F060FC16
:1062E0004FF480714846FCF787FC380A00F058FCF0
:1062F000F8B200F055FC300A00F052FCF0B200F0A9
:106300004FFC2B264FF480714846FCF70BFC3046BF
:1063100000F046FC4FF480714846FCF76DFC280AFB
:1063200000F03EFCE8B200F03BFC200A00F038FC34
:10633000E0B200F035FC2C244FF480714846FCF7A5
:10634000F1FB204600F02CFC4846BDE8F0474FF436
:106350008071FCF751BC0000000C01402DE9F04FAA
:106360000026A2EB00085F1A85B0354682468946B2
:10637000B8F1000FC8BF012007DC0FBF00204FF0AD
:10638000FF30C8F10008019000D10190002FC8BF74
:10639000012006DC0FBF00204FF0FF307F4200904D
:1063A00000D10090B845CCBF44463C464FF0000BAE
:1063B000601C03900028DCBF05B0BDE8F08F0E988C
:1063C000000A02901FFA8AF01FFA89F1DDF838C03E
:1063D0000B460246CDF810C0FFF770FF029800F0A0
:1063E000DFFBDDF810C00CF0FF0000F0D9FB4644E5
:1063F0003D44A64202DD0198361B8244A54202DDDF
:1064000000982D1B81440BF101001FFA80FB0398BB
:106410008345D7DB05B0BDE8F08F2DE9F047814615
:106420009846581E83B21746501E82B20D46484603
:10643000089EFFF743FF454534BF4FEA162ABDE8E3
:10644000F0874C46B94509D2504600F0A9FBF0B29E
:1064500000F0A6FB601C84B2BC42F5D3681C85B278
:106460004545EED3BDE8F087F8B54FF47C70ADF844
:10647000000010208DF803000320F64E8DF8020076
:1064800069463046FCF7A4F901210920FEF706FE13
:106490000121F148FBF74CFE71153046FCF742FB39
:1064A0006423002246F2A811491EFDD1521C9A42D3
:1064B000F8D34FF400713046FCF79EFB64230022B2
:1064C00046F2A811491EFDD1521C9A42F8D3E34965
:1064D0000120087010213046FCF724FBE04A4EF6FC
:1064E0006021112001F060FE6420002246F2A81114
:1064F000491EFDD1521C8242F8D3002436254FF4A8
:1065000080713046FCF70EFB284600F049FB4FF443
:1065100080713046FCF770FB602000F041FB3A25AB
:106520004FF480713046FCF7FDFA284600F038FB46
:106530004FF480713046FCF75FFB052000F030FB24
:10654000B2254FF480713046FCF7ECFA284600F093
:1065500027FB4FF480713046FCF74EFB0C2000F017
:106560001FFB0C2000F01CFB002000F019FB332067
:1065700000F016FB332000F013FBB7254FF48071B9
:106580003046FCF7CFFA284600F00AFB4FF4807142
:106590003046FCF731FB352000F002FBBB254FF401
:1065A00080713046FCF7BEFA284600F0F9FA4FF445
:1065B00080713046FCF720FB192000F0F1FAC0256D
:1065C0004FF480713046FCF7ADFA284600F0E8FA47
:1065D0004FF480713046FCF70FFB2C2000F0E0FAFE
:1065E000C2254FF480713046FCF79CFA284600F033
:1065F000D7FA4FF480713046FCF7FEFA012000F024
:10660000CFFAC3254FF480713046FCF78BFA284649
:1066100000F0C6FA4FF480713046FCF7EDFA122014
:1066200000F0BEFAC4254FF480713046FCF77AFAC8
:10663000284600F0B5FA4FF480713046FCF7DCFADA
:10664000202000F0ADFAC6254FF480713046FCF7EB
:1066500069FA284600F0A4FA4FF480713046FCF73E
:10666000CBFA0F2000F09CFAD0254FF48071304611
:10667000FCF758FA284600F093FA4FF48071304640
:10668000FCF7BAFAA42000F08BFAA12000F088FAF7
:10669000E0254FF480713046FCF744FA284600F0BC
:1066A0007FFA4FF480713046FCF7A6FAD02000F054
:1066B00077FA042000F074FA0D2000F071FA11202E
:1066C00000F06EFA132000F06BFA2B2000F068FA4D
:1066D0003F2000F065FA542000F062FA4C2000F0F0
:1066E0005FFA182000F05CFA0D2000F059FA0B2038
:1066F00000F056FA1F2000F053FA232000F050FA61
:10670000E1254FF480713046FCF70CFA284600F082
:1067100047FA4FF480713046FCF76EFAD02000F053
:106720003FFA042000F03CFA0C2000F039FA112066
:1067300000F036FA132000F033FA2C2000F030FA83
:106740003F2000F02DFA442000F02AFA512000F0FA
:1067500027FA2F2000F024FA1F2000F021FA1F2032
:1067600000F01EFA202000F01BFA232000F018FA97
:1067700021254FF480713046FCF7D4F9284600F00B
:106780000FFA4FF480713046FCF736FA11254FF4BA
:1067900080713046FCF7C6F9284600F001FA4FF444
:1067A00080713046FCF728FA29254FF48071304675
:1067B000FCF7B8F9284600F0F3F94FF48071304641
:1067C000FCF71AFA2A254FF480713046FCF7AAF933
:1067D000284600F0E5F94FF480713046FCF70CFADA
:1067E000002000F0DDF9002000F0DAF9002000F0D0
:1067F000D7F9EF2000F0D4F92B254FF48071304603
:10680000FCF790F9284600F0CBF94FF48071304640
:10681000FCF7F2F9002000F0C3F9002000F0C0F905
:10682000002000F0BDF9C52000F0BAF92C254FF486
:1068300080713046FCF776F9284600F0B1F94FF444
:1068400080713046FCF7D8F9601CC4B2022CFFF40A
:1068500055AEF8BD000C01400002300028000020B9
:10686000796200082DE9FF4F85B00746DDF84C80BE
:106870000C468B4618F0070018BF012000EBD8002B
:1068800000FB08F04FF00009009000289CBF09B001
:10689000BDE8F08F2D4800EB421004902C4800EB2F
:1068A000C21003900898000A02901298000A019002
:1068B000B8F1100F08BF049806D0B8F1200F0EBF32
:1068C000039809B0BDE8F08F10F80950002615F0C4
:1068D000800F0FD023463A4619461046DDF820A017
:1068E000FFF7ECFC029800F05BF90AF0FF0000F003
:1068F00057F90EE023463A4619461046DDF848A0FF
:10690000FFF7DCFC019800F04BF90AF0FF0000F003
:1069100047F94FF6FF7000EA4505601C84B2A4EB0E
:106920000B00404503D1781C5C4687B203E0701C25
:1069300086B2082ECBD309F101001FFA80F9009826
:106940008145B5D309B0BDE8F08F00007EB90008DD
:106950007EAE00082DE9FF4F89B00546DDF85CA04A
:1069600000264FEA5A0901909B4619F0070018BF0C
:10697000012000EBD90000FB0AF00290A2F12000F8
:10698000C4B20A980A995044401E83B205EB09002C
:10699000401E82B22846FFF791FC02984FF0000893
:1069A00000289CBF0DB0BDE8F08F3A4904EB4400CD
:1069B00001EB80010791384901EB04110691374939
:1069C00001EB001005901698000A04904FEA1B2076
:1069D0000090BAF10C0F04BF079810F808700DD0A2
:1069E000BAF1100F08BF069806D0BAF1180F0EBF03
:1069F00005980DB0BDE8F08F10F8087000241898C5
:106A000000284FF0010000FA04F000EA070019D056
:106A100060B10A992A460B461046FFF74FFC0098D2
:106A200000F0BEF80BF0FF0000F0BAF8681C85B269
:106A30000198281A48451FD10A98019D401C80B230
:106A40000A901DE028B1009800F0AAF80BF0FF00B2
:106A500006E016980390049800F0A2F80398C0B2DC
:106A600000F09EF8701CC6B2B6FBF9F009FB10608E
:106A7000002808BF002603D0601CC4B2082CBED377
:106A800008F101001FFA80F802988045A1D30DB0EB
:106A9000BDE8F08F4A920008BE960008AE9C000840
:106AA0002DE9FF4F83B04FF00008DDE911961D007E
:106AB00082464FEA5607444612BFA5F1010B07B0C4
:106AC000BDE8F08F0A23281B401EC2B20121501ED0
:106AD000C0B203D35943401EC0B2FBD20598B0FBED
:106AE000F1F01B49A1FB0021C908494201EB8101DA
:106AF00000EB4100B8F1000F06D15C4504DA002834
:106B000018BF4FF0010814D00021CDF800903030AC
:106B1000CDE90161C2B204FB07A080B2109B0499C9
:106B2000FFF718FF601CC4B2AC42CBD307B0BDE87E
:106B3000F08F0020CDF80090CDE9016004FB07A0A4
:106B400080B22022109B0499FFF704FFEAE70000BF
:106B5000CDCCCCCC2DE9F04784B00646DDE90D570D
:106B60001078DDF83080994614468A46002804BF24
:106B700004B0BDE8F087CDF80080CDE90157227858
:106B80004B4651463046FFF7E5FE06EB550086B210
:106B900014F8010F0028EED104B0BDE8F087000022
:106BA00070B5134E054620213046FBF7BBFF00248D
:106BB00040213046FBF7B6FF15F0800F4FF0800103
:106BC000304602D0FCF718F801E0FBF7ABFF40219C
:106BD0003046FCF711F86806050E601CC4B2082C9C
:106BE000E6D33046BDE870402021FCF705B8000030
:106BF000000C014004480178012918BF70470021AA
:106C00000170FAF791BB00005700002004490120F1
:106C10000870AFF207024FF4FA71062001F0C4BA0F
:106C20005700002010B5084C0121204600F038FA2A
:106C3000002808BF10BD0121204600F007F8BDE87C
:106C4000104001F0BBBA00000010004070B50446CF
:106C5000A0F180400D46B0F5963018BFB4F1804FDA
:106C600023D0A4F18040B0F580601CBFA4F1804027
:106C7000B0F5006019D0A4F18040B0F540601CBFB1
:106C8000A4F18040B0F580500FD0A4F18040B0F561
:106C9000A0501CBFA4F18040B0F59A3005D040F65A
:106CA000224209A116A001F027FF15F47F4F00D161
:106CB0002DB940F6234204A117A001F01DFF206961
:106CC000A843206170BD00002E2E5C6669726D774E
:106CD0006172655C6E3332673435785F7374645FFC
:106CE0007065726970685F6472697665725C7372F0
:106CF000635C6E3332673435785F74696D2E630080
:106D0000497354696D416C6C4D6F64756C652854A2
:106D1000494D782900000000497354696D496E742B
:106D20002854494D5F4954290000000070B50446BD
:106D3000A0F1804016460D46B0F5963018BFB4F16C
:106D4000804F23D0A4F18040B0F580601CBFA4F137
:106D50008040B0F5006019D0A4F18040B0F54060EB
:106D60001CBFA4F18040B0F580500FD0A4F180404A
:106D7000B0F5A0501CBFA4F18040B0F59A3005D00A
:106D80004FF47B720FA11DA001F0B6FE15F47F4FEA
:106D900000D12DB940F2ED320AA11EA001F0ACFEE7
:106DA000002E04BFA089A84309D0012E05D040F2CF
:106DB000EE3204A11CA001F09FFEA0892843A0810F
:106DC00070BD00002E2E5C6669726D776172655C25
:106DD0006E3332673435785F7374645F70657269DF
:106DE00070685F6472697665725C7372635C6E333F
:106DF00032673435785F74696D2E63004973546966
:106E00006D416C6C4D6F64756C652854494D7829E3
:106E100000000000497354696D496E742854494D4F
:106E20005F4954290000000049535F46554E4354C2
:106E3000494F4E414C5F535441544528436D64299A
:106E40000000000070B50446A0F1804015460E46D3
:106E5000B0F5963018BFB4F1804F23D0A4F1804034
:106E6000B0F580601CBFA4F18040B0F5006019D07F
:106E7000A4F18040B0F540601CBFA4F18040B0F5A3
:106E800080500FD0A4F18040B0F5A0501CBFA4F1F9
:106E90008040B0F59A3005D040F2195208A116A0F2
:106EA00001F02AFE002D18BF012D05D040F21A5224
:106EB00003A117A001F020FE2685A58270BD000069
:106EC0002E2E5C6669726D776172655C6E33326717
:106ED0003435785F7374645F7065726970685F647D
:106EE00072697665725C7372635C6E3332673435D7
:106EF000785F74696D2E6300497354696D416C6CE1
:106F00004D6F64756C652854494D78290000000068
:106F1000497354696D50736352656C6F61644D6F52
:106F200064652854494D5F50534352656C6F6164EA
:106F30004D6F646529000000F8B51A4E41F63F70A8
:106F4000F0804FF4A060FDF7B7FF01211020FEF79D
:106F500045F836208DF8000003258DF801500024F7
:106F60008DF8024001208DF803006846FDF71AFBFA
:106F70000D48042185800180C48044800B4C01466B
:106F8000204600F00FF90122F1882046FFF75AFF52
:106F9000012211462046FFF7C9FE0121204600F0DC
:106FA00007F8F8BD16000020E402002000100040A1
:106FB00070B50446A0F180400D46B0F5963018BF7C
:106FC000B4F1804F23D0A4F18040B0F580601CBFA5
:106FD000A4F18040B0F5006019D0A4F18040B0F574
:106FE00040601CBFA4F18040B0F580500FD0A4F1E8
:106FF0008040B0F5A0501CBFA4F18040B0F59A309D
:1070000005D040F2AF320BA118A001F075FD002DA4
:1070100004BF206820F001000AD0012D05D04FF4F4
:107020006C7204A117A001F067FD206840F0010018
:10703000206070BD2E2E5C6669726D776172655C32
:107040006E3332673435785F7374645F706572696C
:1070500070685F6472697665725C7372635C6E33CC
:1070600032673435785F74696D2E630049735469F3
:107070006D416C6C4D6F64756C652854494D782971
:107080000000000049535F46554E4354494F4E415E
:107090004C5F535441544528436D6429000000005F
:1070A00070B505460026A0F180400C46B0F596303C
:1070B00018BFB5F1804F23D0A5F18040B0F58060B6
:1070C0001CBFA5F18040B0F5006019D0A5F180404B
:1070D000B0F540601CBFA5F18040B0F580500FD0E6
:1070E000A5F18040B0F5A0501CBFA5F18040B0F5DF
:1070F0009A3005D040F6FC3211A11FA001F0FCFC33
:10710000012C18BF022C11D0042C18BF082C0DD054
:10711000102C18BF202C09D0402C18BF802C05D073
:1071200040F6FD3206A11AA001F0E6FC2869A98903
:10713000204201EA04011CBF00290126304670BD2F
:107140002E2E5C6669726D776172655C6E33326794
:107150003435785F7374645F7065726970685F64FA
:1071600072697665725C7372635C6E333267343554
:10717000785F74696D2E6300497354696D416C6C5E
:107180004D6F64756C652854494D782900000000E6
:10719000497354696D476574496E742854494D5F4D
:1071A000495429002DE9F05FDFF888A1DFF888B1A4
:1071B000DFF88881DFF88891624F634E0D46044600
:1071C000504518BFB4F1804F13D0BC4218BFB44231
:1071D0000FD04C4518BF5C450BD0A4F18040B0F5F2
:1071E000A05018BF444504D0BD2258A165A001F0AD
:1071F00083FC6888002818BF102809D020281CBFED
:107200004028602804D0BE2250A164A001F074FC84
:10721000E88800281CBFB0F5807FB0F5007F04D05F
:10722000BF224AA169A001F067FC2068544518BF3D
:10723000444508D0B4F1804F18BFBC4203D0B442DB
:1072400018BF4C4503D1698820F0700008435C45A5
:107250001CBFA4F18041B1F5A05103D0E98820F40E
:10726000407008432060A888A08528882085544560
:1072700012BF4445287A20860120A0822068544508
:1072800018BF444508D0B4F1804F18BFBC4203D0AA
:10729000B44218BF4C4509D1697A002914BF40F4A3
:1072A000006020F40060B4F1804F04D0BC421CBFE9
:1072B000B4424C4510D1A97A002914BF40F4805043
:1072C00020F48050E97A002914BF40F4005020F4E3
:1072D0000050B4F1804F03D0BC4218BFB44206D175
:1072E000297B002914BF40F4804020F4804054459D
:1072F00018BF444505D0B4F1804F1CBFBC42B44216
:1073000006D1697B002914BF40F4004020F40040FE
:1073100020606068B4F1804F18BFB44206D1A97BE9
:10732000002914BF40F4807020F480706060BDE8D4
:10733000F09F0000002C014000100040003401408C
:10734000000C004000040040000800402E2E5C6647
:1073500069726D776172655C6E3332673435785F60
:107360007374645F7065726970685F647269766572
:10737000725C7372635C6E3332673435785F746944
:107380006D2E6300497354696D416C6C4D6F64756B
:107390006C652854494D78290000000049735469F0
:1073A0006D436E744D6F64652854494D5F54696D2B
:1073B0006542617365496E69745374727563742DA7
:1073C0003E436E744D6F6465290000004973546933
:1073D0006D436C6B4469762854494D5F54696D6503
:1073E00042617365496E69745374727563742D3E9E
:1073F000436C6B44697629002DE9F04700252C4643
:107400000420FCF7BFFF012818BFBDE8F0870D205E
:10741000FCF7CEFF002898BFBDE8F0874FF00F08BB
:10742000354F4FF0010A4FF00E0908EB4406F0B259
:10743000FCF7BEFF3979B1EB102F1BD1F0B2FCF78E
:10744000B7FF7979C0B2884214D109EB4406F0B293
:10745000FCF7AEFFF979491E0AFA01F1084010F075
:10746000FF0F07D0F0B2FCF7A3FF10F0800F0CBFA6
:1074700002250125601CC4B20D20FCF799FFA04233
:10748000D3D8012D1CD0022D18BFBDE8F0870120F4
:10749000FCF778FF012818BFBDE8F0870020FEF751
:1074A000ADFC0020F9F700FF00210120FCF786FF6A
:1074B00009210A20FCF798FFBDE8F047FCF7D8BE89
:1074C0000120FCF75FFF002818BFBDE8F08700200F
:1074D000FCF758FF002818BFBDE8F0870120FEF731
:1074E0008DFC0120F9F7E0FE01210846FCF766FF5C
:1074F000BDE8F047FCF7BCBE2000002010B50548F1
:1075000000F0ACFCC1B204480068BDE81040FBF7D5
:1075100097BE0000004C00403C00002070B5114DAB
:1075200040F22551284600F04BFA10B10E4C20785D
:1075300020B12846BDE8704000F090BC284600F01D
:107540008DFC6188094A88546088401C6080032053
:1075500000F020FEBDE870403221054A032000F013
:1075600023BE000000440040D6070020DA070020B8
:107570005581000870B5114D40F22551284600F0A4
:107580001FFA10B10E4C207820B12846BDE870409B
:1075900000F064BC284600F061FC6188094A885408
:1075A0006088401C6080052000F0F4FDBDE870405C
:1075B0003221054A052000F0F7BD000000480040D8
:1075C0008403002088030020658100082DE9F0472E
:1075D000DFF8FC80DFF8FC90DFF8FCA016460D46D3
:1075E0000446404518BF4C451AD054451CBFA4F171
:1075F0008040B0F5984013D0A4F18040B0F5A04091
:107600001FBFA4F18040B0F5A830A4F18040B0F5D0
:10761000AA3005D040F27F1230A13FA001F06CFAF1
:1076200040F66A17282D1CBFA5F5E060B0F12700D1
:107630001BD0A5F5C06026381CBFA5F5A060B0F131
:10764000250012D0A5F5806024381CBFA5F5006088
:10765000B0F1460009D0BD4218BF602D05D04FF4EF
:10766000C0721EA133A001F047FA002E18BF012EF0
:1076700005D040F2811219A135A001F03DFABD42BA
:107680000AD144451CBF4C45544505D040F28512F3
:1076900012A136A001F030FA05F01F010122C5F356
:1076A000421002FA01F1012808BF04F10C0005D0D4
:1076B00002280CBF04F1100004F11400002E02682F
:1076C00014BF114322EA01010160BDE8F087000008
:1076D0000038014000440040004800402E2E5C6607
:1076E00069726D776172655C6E3332673435785FCD
:1076F0007374645F7065726970685F6472697665DF
:10770000725C7372635C6E3332673435785F7573A5
:107710006172742E6300000049535F555341525407
:107720005F414C4C5F504552495048285553415297
:107730005478290049535F55534152545F4346479B
:107740005F494E542855534152545F494E542900C5
:1077500049535F46554E4354494F4E414C5F535435
:1077600041544528436D64290000000049535F558A
:10777000534152545F3132335F504552495048288B
:10778000555341525478290070B50446A0F1804009
:107790000D46B0F59C301CBFA4F18040B0F5884088
:1077A0001DD0A4F18040B0F590401CBFA4F18040F2
:1077B000B0F5984013D0A4F18040B0F5A0401FBFB1
:1077C000A4F18040B0F5A830A4F18040B0F5AA3013
:1077D00005D040F259120BA119A001F08DF9002D2E
:1077E00004BFA08920F400500AD0012D05D04FF429
:1077F000AD7204A119A001F07FF9A08940F40050F6
:10780000A08170BD2E2E5C6669726D776172655CB9
:107810006E3332673435785F7374645F7065726994
:1078200070685F6472697665725C7372635C6E33F4
:1078300032673435785F75736172742E63000000AF
:1078400049535F55534152545F414C4C5F50455230
:1078500049504828555341525478290049535F46AE
:10786000554E4354494F4E414C5F53544154452863
:10787000436D6429000000002DE9F047294F0026E0
:10788000DFF8A480DFF8A4900C460546B84218BF84
:1078900045451AD04D451CBFA5F18040B0F5984034
:1078A00013D0A5F18040B0F5A0401FBFA5F18040E6
:1078B000B0F5A830A5F18040B0F5AA3005D040F26F
:1078C00019321BA129A001F017F9012C18BF802C37
:1078D00020D0402C18BF202C1CD0102C18BFB4F581
:1078E000807F17D0B4F5007F09D0082C1CBF042C72
:1078F000022C0FD040F21A320DA123A008E0BD42A5
:107900001CBF45454D4505D040F21E3208A125A0BB
:1079100001F0F2F82888204218BF01263046BDE861
:10792000F08700000038014000440040004800405B
:107930002E2E5C6669726D776172655C6E3332679C
:107940003435785F7374645F7065726970685F6402
:1079500072697665725C7372635C6E33326734355C
:10796000785F75736172742E6300000049535F5530
:10797000534152545F414C4C5F5045524950482846
:10798000555341525478290049535F55534152543D
:107990005F464C41472855534152545F464C41473E
:1079A0002900000049535F55534152545F3132332F
:1079B0005F50455249504828555341525478290048
:1079C0002DE9F047DFF8F4800026DFF8F490DFF8C7
:1079D000F4A00C460546404518BF4D451AD0554504
:1079E0001CBFA5F18040B0F5984013D0A5F18040B0
:1079F000B0F5A0401FBFA5F18040B0F5A830A5F1BB
:107A00008040B0F5AA3005D040F26B322EA13DA0E7
:107A100001F072F8282C34D0A4F5E06040F66A1723
:107A200027381CBFA4F5C060B0F126001CD0A4F517
:107A3000A06025381CBFA4F58060B0F1240013D0ED
:107A4000A4F50060463818BFBC420DD0B4F5587F8D
:107A50001CBFB4F5187FB4F5B07F12D04FF45B7241
:107A600019A12FA001F048F8BC420AD145451CBF1E
:107A70004D45554505D04FF45C7213A12FA001F080
:107A80003BF804F01F000122C4F3421102FA00F097
:107A9000012904BFA989084004D002290CBF298A02
:107AA000A98A0840210A02FA01F12A881140002817
:107AB0001CBF002901263046BDE8F0870038014090
:107AC00000440040004800402E2E5C6669726D77CD
:107AD0006172655C6E3332673435785F7374645FEE
:107AE0007065726970685F6472697665725C7372E2
:107AF000635C6E3332673435785F75736172742EF0
:107B00006300000049535F55534152545F414C4C50
:107B10005F504552495048285553415254782900E6
:107B200049535F55534152545F4745545F494E5442
:107B30002855534152545F494E54290049535F55CB
:107B4000534152545F3132335F50455249504828B7
:107B500055534152547829002DE9F047604EDFF823
:107B60008491DFF884A1614FDFF8848186B00D46EF
:107B70000446B04218BF4C4513D054451CBFA4F175
:107B80008040B0F598400CD0A4F18040B0F5A04002
:107B90001CBFBC42444504D0C42256A164A000F0DE
:107BA000ABFF28686949401E884204D3C52251A111
:107BB00067A000F0A1FFA888002818BFB0F5805F7B
:107BC00004D0C6224BA16EA000F096FFE8880028E2
:107BD00018BFB0F5805F0AD0B0F5005F18BFB0F5F0
:107BE000405F04D0C72243A172A000F085FF28891E
:107BF00000281CBFB0F5806FB0F5C06F04D0C8225C
:107C00003CA178A000F078FF688930F00C0100D129
:107C100020B9C92237A17EA000F06EFFA8890028F4
:107C200018D0B0F5807F1CBFB0F5007FB0F5407F65
:107C300006D0CA222FA1804800F05EFFA88948B173
:107C4000B4421CBF4C45544504D0CE2229A17BA090
:107C500000F052FF208A4CF6FF710840E988084383
:107C60002082A0894EF6F3110840A9882A89114381
:107C70006A8910430843A081A08A4FF6FF4108405B
:107C8000A9890843A0826846FDF7A2FAB44218BF4A
:107C9000BC4203D0444518BF029800D103986E4AF5
:107CA00000EBC00101EB001029686FF0180C89008F
:107CB000B0FBF1F0A2FB0031490909010B0903FBFC
:107CC0000CF300EB8300322303EB0010A2FB002037
:107CD000C0F343100843208106B0BDE8F0870000E0
:107CE000003801400044004000480040005001407E
:107CF000005401402E2E5C6669726D776172655C7E
:107D00006E3332673435785F7374645F706572699F
:107D100070685F6472697665725C7372635C6E33FF
:107D200032673435785F75736172742E63000000BA
:107D300049535F55534152545F414C4C5F5045523B
:107D400049504828555341525478290020AA4400EC
:107D500049535F55534152545F4241554452415437
:107D6000452855534152545F496E69745374727576
:107D700063742D3E42617564526174652900000090
:107D800049535F55534152545F574F52445F4C45DE
:107D90004E4754482855534152545F496E697453B5
:107DA00074727563742D3E576F72644C656E6774A0
:107DB0006829000049535F55534152545F53544F53
:107DC00050424954532855534152545F496E697487
:107DD0005374727563742D3E53746F70426974737B
:107DE0002900000049535F55534152545F5041529E
:107DF0004954592855534152545F496E697453741C
:107E0000727563742D3E50617269747929000000A7
:107E100049535F55534152545F4D4F444528555384
:107E20004152545F496E69745374727563742D3E88
:107E30004D6F646529000000F8BA000849535F558A
:107E4000534152545F3132335F50455249504828B4
:107E500055534152547829001F85EB5110B5044603
:107E6000A0F18040B0F59C301CBFA4F18040B0F57B
:107E700088401DD0A4F18040B0F590401CBFA4F113
:107E80008040B0F5984013D0A4F18040B0F5A040F8
:107E90001FBFA4F18040B0F5A830A4F18040B0F538
:107EA000AA3005D040F2512203A112A000F024FE16
:107EB000A088C0F3080010BD2E2E5C6669726D7735
:107EC0006172655C6E3332673435785F7374645FFA
:107ED0007065726970685F6472697665725C7372EE
:107EE000635C6E3332673435785F75736172742EFC
:107EF0006300000049535F55534152545F414C4C5D
:107F00005F504552495048285553415254782900F2
:107F100070B50446A0F180400D46B0F59C301CBF02
:107F2000A4F18040B0F588401DD0A4F18040B0F5A8
:107F300090401CBFA4F18040B0F5984013D0A4F14C
:107F40008040B0F5A0401FBFA4F18040B0F5A8303C
:107F5000A4F18040B0F5AA3005D04FF4107208A10A
:107F600016A000F0C9FDB5F5007F05D340F241220F
:107F700003A119A000F0C0FDC5F30800A08070BDEA
:107F80002E2E5C6669726D776172655C6E33326746
:107F90003435785F7374645F7065726970685F64AC
:107FA00072697665725C7372635C6E333267343506
:107FB000785F75736172742E6300000049535F55DA
:107FC000534152545F414C4C5F50455249504828F0
:107FD000555341525478290049535F5553415254E7
:107FE0005F44415441284461746129002DE9F04106
:107FF0000E0005464FF0000414BF094FBDE8F081A4
:10800000295D3846FFF784FF80213846FFF734FCAE
:108010000028F9D0601C84B2B442F1D3BDE8F081ED
:108020000044004010B5184C002058212278012A45
:1080300018BF10BDB4F802C0BCF1170F08BFACF1F7
:10804000010211D12318401C1B79C0B2194489B216
:108050008242F7DCC8430D49C0B21CF801108142CE
:1080600004BF201DF8F7C0FE002062880146002AE8
:1080700006D92218401C11716288C0B28242F8D819
:108080006180217010BD0000D6070020D9070020B4
:108090002DE9F0471D4E3078012818BFBDE8F08764
:1080A0004FF40061DFF868904846FAF7A5FD75883F
:1080B000371D0024002D88BFDFF858800DD9395DA9
:1080C0004046FFF725FF80214046FFF7D5FB0028FB
:1080D000F9D0601C84B2AC42F1D3642000F096FD6C
:1080E0004FF400614846FAF71DFD002072880146F2
:1080F000002A06D93218401C11717288C0B282421F
:10810000F8D871803170BDE8F0870000840300204A
:1081100000080140004800402DE9F0410E000546EE
:108120004FF0000414BF094FBDE8F081295D3846C7
:10813000FFF7EEFE80213846FFF79EFB0028F9D0BE
:10814000601C84B2B442F1D3BDE8F081004C004021
:10815000FEE70000024901200870032000F01AB871
:10816000D6070020024901200870052000F012B84F
:108170008403002000200649024601EBC00341F8B9
:108180003020401CC0B25A601228F6D3FEF7D4BE8D
:10819000F4020020034A002142F8301002EBC00034
:1081A00041607047F4020020034B43F8301003EBAA
:1081B000C000426070470000F402002070B50A4D14
:1081C000002455F8340048B1411E05EBC40045F8C1
:1081D0003410406810B1002908BF8047601CC4B249
:1081E000122CEED370BD0000F40200200FB4054B3A
:1081F00010B503A9044A029800F0E2F810BC5DF83B
:1082000014FB00003D8C0008D40200200FB4084B82
:1082100010B504A902AA039800F0D2F8044602A9F6
:10822000002000F064FC204610BC5DF814FB000048
:10823000EF8A000800487047E002002002E008C80A
:10824000121F08C1002AFAD170477047002001E0D0
:1082500001C1121F002AFBD1704700002DE9FF5F0A
:10826000DDE90220010DDDF838B0024318D044F6F4
:108270001050A1F2FF3141430D140F98012820D076
:10828000A5EB0B00401C5FEA000A4FF00004474ECC
:10829000DFF81C91A046504616D5CAF1000728E029
:1082A0000F98012443A2012808D0002100980F9BB9
:1082B000C0E90021C0E90243BDE8FF9F6FEA0B015E
:1082C000F4E7CBF10000DEE7074612E0F80707D03D
:1082D0002246334640464946F7F7C4FF8046894662
:1082E0002246334610461946F7F7BCFF04460E46B1
:1082F0007F10002FEAD1DDE90201BAF1000F4246FA
:108300004B4602DAF7F7AEFF01E0F8F7E7F904466B
:108310000E460022284BF8F769FA03D84FF0FF30D9
:10832000014607E00022254B20463146F8F72FF999
:10833000F8F743FA102409E0002C0ADB0A22002394
:10834000F8F74FF8019B30321A55641E50EA0102CB
:10835000F2D1641C019AC4F1110314440F9A012A4A
:1083600003D0012208430DD10AE0084304D00020C5
:108370004FF0110B0F9080E7A3EB0B056D1E0DE086
:108380005B4504DD4FF0000205F1010504E003DA6E
:108390004FF00002A5F10105002AECD000980F99DA
:1083A000C0E90231C0E9004586E700000000244032
:1083B0000000F03F300000000000F0430000E03F0C
:1083C0002DE9FF4F95B09B468946064600250FE2F2
:1083D000252877D100242746F84A0121059400E09A
:1083E000044316F8013F203B01FA03F01042F7D195
:1083F00030782A2811D06FF02F033078A0F13002A6
:10840000092A16D8059A44F0020402EB820203EB13
:1084100042021044761C0590EFE759F8042B0592B0
:10842000002A03DA504244F40054059044F0020458
:10843000761C30782E2816D116F8010F44F004046B
:108440002A280DD06FF02F023078A0F13003092BCD
:1084500009D807EB870302EB4303C718761CF3E741
:1084600059F8047B761C30786C280FD006DC4C2839
:1084700017D068280DD06A2814D104E0742810D0D1
:108480007A280FD10DE044F400140AE044F480147B
:1084900001E044F440147278824202D104F5801461
:1084A000761C761C307866280BD013DC582877D0E1
:1084B00009DC002875D04528F6D04628F4D0472896
:1084C0001AD19DE118E0632835D0642879D0652859
:1084D00012D195E1702873D008DC6728F1D06928A3
:1084E0006FD06E280DD06F2806D1B5E073282CD040
:1084F000752875D0782874D05A46179990476D1C06
:1085000075E1C4F30250022809D003280DD0D9F830
:10851000001004280DD00D6009F1040967E1D9F8B5
:108520000010EA17C1E90052F6E7D9F800100D80F3
:10853000F2E70D70F0E719F8041B8DF80010002029
:108540008DF80100EA46012003E059F804AB4FF032
:10855000FF3061074FF0000102D40DE008F1010186
:108560008846B9420FDA8045F8DB1AF8081000296E
:10857000F4D108E008F1010188468142FADB1AF8DB
:1085800008100029F6D105985B46A0EB08072146A4
:108590003846179A00F094FA284400EB080507E0E3
:1085A0004DE029E10DE01AF8010B5A461799904762
:1085B000B8F10108F7D25B4621463846179A13E115
:1085C00042E00A220092C4F302524FF0000A022A4B
:1085D00008D059F804CB032A4FEAEC710AD00DE019
:1085E00029E02AE009F1070121F00702F2E802C1BF
:1085F000914609E00FFA8CFC4FEAEC71042A03D192
:108600004FFA8CFC4FEAEC71002907DA0A46002188
:10861000DCF1000C61EB02012D2202E0220504D501
:108620002B228DF80420012203E0E20701D0202252
:10863000F7E7904659E00A2102E010220DE01021F0
:108640004FF0000A00910BE010224FF0000A44F0B6
:1086500004040827009203E008224FF0000A009269
:10866000C4F30252022A05D059F804CB0021032A90
:1086700008D009E009F1070121F00702F2E802C180
:10868000914605E01FFA8CFC042A01D10CF0FF0C86
:108690004FF00008220728D5702806D0009B83F0F1
:1086A000100353EA0A0305D00EE040228DF804209F
:1086B000012208E05CEA010206D030228DF8042095
:1086C0008DF8050002229046009B83F0080353EAD0
:1086D0000A030AD15CEA010201D1620705D5302202
:1086E0008DF804204FF001087F1E582804D034A0D4
:1086F00003900EA802900DE036A0F9E753466046BD
:10870000009AF7F76EFE84460398825C0298401E3A
:10871000029002705CEA0100F0D1029806A9081AE2
:1087200000F1200A600702D524F4803400E001271C
:10873000574502DDA7EB0A0000E0002000EB0A012C
:10874000009005984144401A0590E00306D45B462A
:108750002146179A059800F0B3F90544002706E072
:1087600001A85A46C05D179990476D1C7F1C47456C
:10877000F6DBE0030CD55B462146179A059800F01E
:108780009FF9054404E030205A46179990476D1C24
:108790000099481E00900029F5DC08E00298029933
:1087A0005A460078491C0291179990476D1CBAF1FE
:1087B0000001AAF1010AF1DC65E1000009280100CD
:1087C0003031323334353637383961626364656647
:1087D0000000000030313233343536373839414209
:1087E000434445460000000000F058F90544761C5B
:1087F000307800287FF4ECAD19B02846BDE8F08F42
:10880000620700D4062709F1070222F0070CFCE8F2
:108810000223E14603F000485FEA080C02D00FF2A1
:10882000702C0DE05FEA045C02D50FF2682C07E0C3
:108830005FEAC47C02D00FF2602C01E0AFF2700C52
:108840004FF0FF3823F00043CDF850C065280CD01E
:1088500006DC452809D046281DD047283DD13DE0FB
:10886000662818D067287ED138E00021112F01DB5F
:10887000112000E0781CCDE9000106A90EA8FFF741
:10888000EDFCDDE90F010E9A03910021009207F142
:10889000010A04914DE04FF000400097CDE901102E
:1088A00006A90EA8FFF7DAFCDDE90F0203920E9B82
:1088B00011990022DDF80CA00093049211B9791CE3
:1088C00000EB010AB7EB0A0004D4C0F1FF3007F156
:1088D000010A0490AAEB0700019044E0012F00DA9E
:1088E00001270021112F01DD112000E03846CDE9DC
:1088F000000106A90EA8FFF7B1FCDDE90F010E9AF1
:108900000391002104910092BA4621070CD40399E7
:10891000514500DA8A46BAF1010F05DD009AAAF145
:108920000101515C302908D0B84202DA10F1040F7D
:1089300006DA0121CDE9011015E0AAF10101E9E70C
:10894000002805DC049901440491AAEB000102E02F
:10895000411C514500DD8A460499401A401C019093
:108960004FF000400290200704D40198504501DBED
:10897000CDF8048000208DF84F0002980DF14F07CC
:10898000B0F1004F25D02B200E9002984FF0020836
:1089900000280CDA404202902D200E9007E00A21B8
:1089A0000298F7F708FD3031029007F8011DB8F181
:1089B0000001A8F10108F2DC02980028EFD1791E2D
:1089C0000E980870307800F0200040F0450007F85D
:1089D000020D12A8C01B00F107081498007800B11E
:1089E000012000EB0A01019801EBE0710598414478
:1089F000401A401E0590E00306D45B462146179AB4
:108A0000059800F05DF805441498007818B15A46AE
:108A1000179990476D1CE00324D55B462146179AB1
:108A2000059800F04DF805441CE00498002807DB89
:108A3000DDE90301884203DD0098405C179901E0FD
:108A4000179930205A469047049805F10105401CBB
:108A500004900198401E019004D12E205A46179987
:108A600090476D1CBAF10001AAF1010ADDDC05E0B6
:108A700017F8010B5A46179990476D1CB8F1000181
:108A8000A8F10108F4DC5B462146179A0598ABE68D
:108A90002D0000002B000000200000002DE9F04117
:108AA000044600251E461746880404D405E03946CE
:108AB0002020B0476D1C641EF9D52846BDE8F08122
:108AC0002DE9F041044600251E469046C80301D515
:108AD000302700E02027880404D505E041463846C9
:108AE000B0476D1C641EF9D52846BDE8F0810A68C0
:108AF000531C0B601070704713460A46014602A0D3
:108B0000FFF774FBFEE70000617373657274696FB1
:108B10006E206661696C65643A206025736020612F
:108B2000742025733A25640000F00F03000900EB60
:108B3000800003EB4000C0B200F5FA63080901F0C1
:108B40000F0C00EB80000CEB4000110902F00F0C41
:108B5000C0B201EB81010CEB4101421EC9B20C2AEB
:108B600002D209B11F2901D900207047012818BF7E
:108B7000022803D10C305A1EC0B293B2421C02EB41
:108B8000420240F2676C12FB0CF201EB400000EB7A
:108B900052304AF2D731184401FB031100EB930025
:108BA000A0EB91504FF4C871B3FBF1F10844411CA4
:108BB000074B08460022C3FB01208210A2EBE070A5
:108BC000A0EBC000084410F0FF0008BF072070476A
:108BD00093244992FF2330B41A46B1F1010C24BF0B
:108BE000084C04F5807508D310F8011B5940635CEC
:108BF00053406A5CBCF1010CF6D20348027043702A
:108C000030BC7047C60000205A0000200022002817
:108C100098BF704746F2A811491EFDD1521C8242EE
:108C2000F8D370470022002898BF70471921491EC9
:108C3000FDD1521C8242F9D37047000070B5074D38
:108C40000446C1B22846FFF763F980212846FEF7A3
:108C500013FE0028F9D0204670BD000000500040EF
:108C60000148407870470000C602002001480078A3
:108C7000704700002800002000B587B06846FCF768
:108C8000A7FA012140F2FD10FCF708FA01214FF488
:108C90006020FCF7A3F94FF44070FBF711FD0420AE
:108CA000FDF7FEF90B4901980B4BA1FB00104009A1
:108CB0000022401EB0F1807F08D24FF0E0214861D1
:108CC000F02083F8140D8A610720086183F8142DC1
:108CD00007B000BD1F85EB510FE000E030B585B057
:108CE0000424ADF8104018208DF813000320194D0E
:108CF0008DF8120004A92846F9F76AFD0821ADF89D
:108D0000101001218DF812108DF8134004A9284687
:108D1000F9F75EFD4FF4165000900020ADF8040006
:108D2000ADF80600ADF80800ADF80C000C200A4CB8
:108D3000ADF80A0069462046FEF70EFF012240F218
:108D400025512046FEF742FC01212046FEF71CFD7E
:108D500005B030BD000801400044004010B586B0A9
:108D60004FF48060ADF8100018208DF81300032038
:108D7000194C8DF8120004A92046F9F729FDE114D9
:108D8000ADF8101001218DF8121004218DF8131088
:108D900004A92046F9F71CFD4FF41650009000205E
:108DA000ADF80400ADF80600ADF80800ADF80C0011
:108DB0000C200A4CADF80A0069462046FEF7CCFEAE
:108DC000012240F225512046FEF700FC01212046F9
:108DD000FEF7DAFC06B010BD000C01400048004070
:108DE00010B586B04FF48060ADF8100018208DF8F3
:108DF00013000320194C8DF8120004A92046F9F73E
:108E0000E7FCE114ADF8101001218DF812100421D7
:108E10008DF8131004A92046F9F7DAFC4FF4E1307D
:108E200000900020ADF80400ADF80600ADF8080091
:108E3000ADF80C000C200A4CADF80A00694620463B
:108E4000FEF78AFE012240F225512046FEF7BEFBC6
:108E500001212046FEF798FC06B010BD001001402D
:108E6000004C004010B586B001213120FCF716F906
:108E700001210805FCF7B2F84FF48050ADF810005E
:108E800018208DF8130003208DF8120004A916484D
:108E9000F9F79EFC0420ADF810008DF8130004A92A
:108EA0001248F9F795FC4FF4E13000900020ADF83E
:108EB0000400ADF80600ADF80800ADF80C0008207D
:108EC0000B4CADF80A0069462046FEF745FE01222C
:108ED00040F225512046FEF779FB01212046FEF79E
:108EE00053FC208806B010BD001001400014014062
:108EF0000050004026480178012918BF704710B57E
:108F000000210170FFF7B2FE012803D0BDE8104038
:108F1000FDF7BEB90220FBF735FA002818BF10BDD7
:108F200000210420FBF74AFA00210420F8F796FEFE
:108F30000020F8F701F90120FBF724FA012811D0ED
:108F40000120FCF75BFF0120F8F7AEF9012108468C
:108F5000FBF734FA01210846F8F780FEBDE810401F
:108F6000FBF786B90020FCF749FF0020F8F79CF9D1
:108F700000210120FBF722FA09210A20FBF734FA2D
:108F800000210120F8F76AFEBDE81040FBF770B938
:108F9000560000200149012008707047560000204B
:108FA00070B584B00425214EADF8005048248DF8EA
:108FB000034069463046F9F70BFC02210120F9F71E
:108FC00025F800208DF80C000C208DF80D000120F4
:108FD0008DF80E00029502A8F8F774FD1020ADF888
:108FE0000000134D8DF8034069462846F9F7F0FB61
:108FF0004020ADF800008DF8034069462846F9F797
:10900000E7FB2020ADF800008DF8034069460948D1
:10901000F9F7DEFB0220ADF800008DF80340694649
:109020003046F9F7D5FB04B070BD0000000C0140DC
:109030000008014000100140FFF75CBFF8B5202098
:10904000ADF800001025214E8DF8035001248DF855
:10905000024069463046F9F7BBFB20213046F9F75C
:10906000CBFD1B4A4FF4FA710120FFF79DF88021D8
:10907000ADF800108DF803508DF802406946304677
:10908000F9F7A6FB80213046F9F7B6FDADF80050A0
:10909000104E8DF803508DF8024069463046F9F7BE
:1090A00097FB10213046F9F7A7FDADF800408DF889
:1090B00003508DF80240084C69462046F9F788FBBA
:1090C00001212046F9F798FDF8BD00000008014095
:1090D0005139000800100140000C014001490120F5
:1090E00048707047CA020020F7F7B0FFF8F724FA7B
:1090F000F9F7B4FEF9F718FFF8F70AF8FCF75AF990
:10910000FDF778FDFAF740FBF9F750FEF9F7E0FEBE
:10911000F2E70000F0B50B30154D20F007010024F8
:10912000144A0FE003688B420BD38B4205D95E1AB9
:1091300043184768C3E9006700E04368136002C052
:1091400004E0021D10680028ECD12046002802D15E
:10915000286808B10020F0BD064A07481060074A99
:10916000121A22F00702C0E9002401202860D7E784
:10917000DC020020D80200205419002050290020D1
:109180000149012008707047CA02002001490120EE
:1091900008717047CA020020014901208870704799
:1091A000CA02002010B500218F20F7F74CFC0021E7
:1091B0009020F7F748FC00219120F7F744FC0021AC
:1091C0009220F7F740FCF8F7A5FE00210420F7F7FE
:1091D0003AFC01210520F7F736FC00210620F7F7BD
:1091E00032FC01210720F7F72EFC00210820F7F7B9
:1091F0002AFCBDE81040F8F75ABD0000000001024B
:109200000304010203040607080901020406080A10
:109210000C1020202020202020200100020004002B
:10922000060008000A000C0010002000400080002A
:1092300000010001000100010001303132333435FA
:1092400036373839414243444546000000000000AB
:1092500000000000000000000404040404000004F6
:10926000000014140A0000000000000000000000CC
:109270000A0A1F0A0A1F0A0A000000040E15050642
:109280000C14150E0400000012150D152E2C2A12B8
:1092900000000000040A0A36151529160000020213
:1092A0000100000000000000000010080804040491
:1092B000040408081000020404080808080804044C
:1092C000020000000004150E0E150400000000004E
:1092D0000008083E08080000000000000000000030
:1092E00000000202010000000000003F000000003A
:1092F000000000000000000000000002000000204C
:109300001010080804040202010000000E111111DF
:109310001111110E00000000040604040404040EE0
:10932000000000000E1111080402011F00000000DF
:109330000E11100C1010110E00000000080C0C0A89
:10934000091F081C000000001F01010F1110110E61
:10935000000000000C12010D1311110E000000009E
:109360001E10080804040404000000000E11110E71
:109370001111110E000000000E111119161009062E
:1093800000000000000004000000000400000000D5
:1093900000000004000000040400000010080402A3
:1093A000020408100000000000003F003F00000021
:1093B0000000000002040810100804020000000071
:1093C0000E11110804040004000000001C22292DC5
:1093D0002D1D221C0000000004040C0A0A1E12337A
:1093E000000000000F12120E1212120F00000000F7
:1093F0001E1101010101110E000000000F121212D6
:109400001212120F000000001F120A0E0A02121F91
:10941000000000001F120A0E0A02020700000000EE
:109420001C1201013911120C000000003312121E2F
:1094300012121233000000001F0404040404041F6D
:10944000000000003E080808080808080907000096
:1094500037120A060A121237000000000702020241
:109460000202223F000000003B1B1B1B1515153597
:10947000000000003B1216161A1A12170000000016
:109480000E1111111111110E000000000F12120E19
:1094900002020207000000000E1111111117190E2F
:1094A000180000000F12120E0A12123700000000FE
:1094B0001E1101060810110F000000001F15040402
:1094C0000404040E00000000331212121212120CD7
:1094D000000000003312120A0A0C0404000000000D
:1094E000151515150E0A0A0A000000001B0A0A04C9
:1094F000040A0A1B000000001B0A0A0A0404040EE6
:10950000000000001F0908040402121F00001C04D0
:1095100004040404040404041C00000202040404FF
:109520000808081010000E080808080808080808AD
:109530000E00040A0000000000000000000000000F
:109540000000000000000000003F020400000000D6
:1095500000000000000000000000000C121C123C83
:10956000000000030202020E1212120E00000000A0
:109570000000001C1202120C000000181010101C39
:109580001212123C000000000000000C121E021C0F
:10959000000000182404041E0404041E000000003F
:1095A0000000003C120C021C221C00030202020EEE
:1095B0001212123700000004040000060404040E16
:1095C000000000080800000C08080808080700034D
:1095D0000202021A0A060A13000000070404040427
:1095E0000404041F000000000000000F15151515ED
:1095F000000000000000000F1212123700000000EF
:109600000000000C1212120C000000000000000FFD
:109610001212120E020700000000001C1212121C8F
:10962000103800000000001B0602020700000000C6
:109630000000001E020C101E000000000004041EAA
:109640000404041C000000000000001B1212123C65
:10965000000000000000001B0A0A040400000000D3
:1096600000000015150E0A0A000000000000001B93
:109670000A040A1B000000000000003312120C084C
:10968000040300000000001E0804041E0000180867
:109690000808080C0808080818000808080808083E
:1096A000080808080808060404040408040404045C
:1096B0000600160900000000000000000000000085
:1096C000000000000000000000000000000000009A
:1096D00000080808080808080000181800000048DA
:1096E0006C241200000000000000000000000000D8
:1096F000002424247F1212127F1212120000000094
:10970000081C2A2A0A0C1828282A2A1C08080000E3
:109710000022251515152A58545454220000000023
:10972000000C1212120A76252911916E0000000613
:1097300006040300000000000000000000000040DC
:109740002010100808080808081010204000000227
:10975000040808101010101010080804020000007F
:10976000000008086B1C1C6B0808000000000000CB
:109770000000080808087F0808080800000000002A
:1097800000000000000000000000060604030000C6
:10979000000000000000FE000000000000000000CB
:1097A00000000000000000000000060600000000AD
:1097B000804040202010100808040402020000002D
:1097C0000018244242424242424224180000000053
:1097D00000080E08080808080808083E00000000F5
:1097E000003C4242422020100804427E000000005B
:1097F000003C4242201820404042221C0000000051
:1098000000203028242422227E202078000000001E
:10981000007E0202021A26404042221C0000000084
:1098200000382402021A2642424224180000000096
:10983000007E222210100808080808080000000016
:10984000003C4242422418244242423C00000000B4
:1098500000182442424264584040241C000000008A
:109860000000000018180000000018180000000098
:1098700000000000000800000000000808040000CC
:1098800000402010080402040810204000000000DE
:10989000000000007F0000007F00000000000000CA
:1098A00000020408102040201008040200000000FC
:1098B000003C4242464020101000181800000000F2
:1098C000001C225A555555552D42221C00000000FF
:1098D000000808181414243C224242E7000000004B
:1098E000001F2222221E22424242221F00000000AC
:1098F000007C4242010101010142221C00000000E3
:10990000001F2242424242424242221F0000000007
:10991000003F4212121E12120242423F000000009B
:10992000003F4212121E1212020202070000000043
:10993000003C2222010101712122221C00000000B2
:1099400000E7424242427E42424242E700000000BB
:10995000003E0808080808080808083E0000000043
:10996000007C10101010101010101010110F0000BB
:10997000007722120A0E0A1212222277000000003B
:1099800000070202020202020202427F00000000FF
:109990000077363636362A2A2A2A2A6B000000003B
:1099A00000E346464A4A52525262624700000000B3
:1099B000001C2241414141414141221C0000000064
:1099C000003F424242423E02020202070000000003
:1099D000001C2241414141414D53321C60000000B6
:1099E000003F4242423E1212222242C700000000C3
:1099F000007C4242020418204042423E0000000027
:109A0000007F4908080808080808081C0000000032
:109A100000E74242424242424242423C00000000D1
:109A200000E7424222242414141808080000000011
:109A3000006B494949495555362222220000000051
:109A400000E7422424181818242442E700000000EC
:109A500000772222141408080808081C00000000DF
:109A6000007E2120101008040442423F00000078CC
:109A7000080808080808080808080808780000000E
:109A80000202040408080810102020204040001E94
:109A90001010101010101010101010101E000038B0
:109AA0004400000000000000000000000000000072
:109AB00000000000000000000000000000FF0006A1
:109AC000080000000000000000000000000000008E
:109AD00000000000003C4278444242FC00000000CC
:109AE00000030202021A26424242261A0000000027
:109AF0000000000000384402020244380000000068
:109B00000060404040784442424264D80000000077
:109B100000000000003C427E0202423C00000000C7
:109B200000F08808087E08080808083E00000000C9
:109B300000000000007C22221C023C42423C00004B
:109B400000030202023A4642424242E7000000009D
:109B5000000C0C00000E08080808083E0000000079
:109B6000003030000038202020202020221E00005D
:109B7000000302020272120A16122277000000008D
:109B8000000E0808080808080808083E0000000041
:109B900000000000007F9292929292B700000000B5
:109BA00000000000003B4642424242E70000000045
:109BB00000000000003C42424242423C00000000E3
:109BC00000000000001B26424242221E0207000045
:109BD00000000000007844424242447840E0000027
:109BE0000000000000774C040404041F0000000083
:109BF00000000000007C42023C40423E00000000A9
:109C000000000008083E08080808083000000000AE
:109C10000000000000634242424262DC000000009B
:109C20000000000000E7422424140808000000009F
:109C30000000000000EB49495555222200000000B9
:109C400000000000007624181818246E00000000A0
:109C50000000000000E74224241418080807000050
:109C600000000000007E22100808447E000000C0B2
:109C7000202020202010202020202020C000101094
:109C800010101010101010101010101010100006EE
:109C900008080808081008080808080806000C3218
:109CA000C2000000000000000000000000000000F2
:109CB00000000000000000000000000000000000A4
:109CC0000000000000000000000000000000000094
:109CD0000000000000000000000000000000000084
:109CE0000000000000006000600060006000600094
:109CF0006000600040002000200020000000000004
:109D00000000600060006000000000000000000033
:109D100000006006600630039801880044000000DF
:109D20000000000000000000000000000000000033
:109D30000000000000000000000000000000000023
:109D40000000000000001002100210021002FE07C6
:109D5000FE0708020801080108010801FE07FE07C6
:109D600004010401040104010000000000000000DF
:109D70000000000040004000F00158034C03CC03F9
:109D80004C0058007000E000C001C00140034C03CB
:109D90005C034C034801F00040004000000000005C
:109DA0000000000000000E010A01910091009100E6
:109DB000510051003A00AE03A00250045004480480
:109DC00048044804840284030000000000000000EE
:109DD00000000000000038006C006C006C006C009B
:109DE0006C002C0098071C011A0133013301630138
:109DF000E300C308C6093C070000000000000000A3
:109E000000000C001C0010001000080004000000FE
:109E10000000000000000000000000000000000042
:109E20000000000000000000000000000000000032
:109E3000000000040002000180008000400040009B
:109E400020002000200020002000200020004000F2
:109E500040008000800000010002000400000000BB
:109E60000000020004000800100010002000200084
:109E70004000400040004000400040004000200002
:109E80002000100010000800040002000000000084
:109E9000000000000000000000004000C000400082
:109EA000460C4E0FD001F0015E0F460C4000400002
:109EB0004000000000000000000000000000000062
:109EC0000000000000000000000000004000400012
:109ED000400040004000FE0F4000400040004000B5
:109EE0004000000000000000000000000000000032
:109EF0000000000000000000000000000000000062
:109F00000000000000000000000000000000000051
:109F100000000C001C0010001000080004000000ED
:109F20000000000000000000000000000000000031
:109F3000000000000000FE0700000000000000001C
:109F40000000000000000000000000000000000011
:109F50000000000000000000000000000000000001
:109F600000000000000000000000000000000000F1
:109F700000001C001C001C0000000000000000008D
:109F80000000000400060002000300010001800040
:109F90008000400040006000200020001000100001
:109FA000080008000C000400060002000000000089
:109FB0000000000000000000F00098010C030C03FA
:109FC0000606060606060606060606060606060631
:109FD0000C030C039801F0000000000000000000DA
:109FE000000000000000000040007C0060006000F5
:109FF0006000600060006000600060006000600061
:10A00000600060006000FC03000000000000000031
:10A010000000000000000000F800840102030603B5
:10A020000603000300018001C00060002000100052
:10A03000080204020602FE03000000000000000007
:10A0400000000000000000007800C60086018601C4
:10A0500080018001C0007000800100010003000346
:10A06000060306038601F80000000000000000005F
:10A07000000000000000000080018001C001A0017C
:10A08000A00190018801880184018201FE0F8001F6
:10A09000800180018001E007000000000000000056
:10A0A0000000000000000000FC03040004000400A5
:10A0B00004000400F4008C01040300030003060301
:10A0C000060382018401F800000000000000000087
:10A0D0000000000000000000E00118030C030C0069
:10A0E00004000600E60116030E060606060606062E
:10A0F00004060C021803F00000000000000000003D
:10A100000000000000000000F8070C060402040133
:10A11000000100018000800040004000400060001D
:10A1200060006000600060000000000000000000AF
:10A130000000000000000000F8010C0306060606FF
:10A1400006060C021C03F000C8010C0306060606F6
:10A15000060606060C03F0010000000000000000E7
:10A160000000000000000000F0000C010C030602DB
:10A1700006060606060606078C0678060006000395
:10A1800000030C018C0178000000000000000000BA
:10A1900000000000000000000000000000000000BF
:10A1A0000000E000E000E00000000000000000000F
:10A1B0000000E000E000E0000000000000000000FF
:10A1C000000000000000000000000000000000008F
:10A1D00000006000600000000000000000000000BF
:10A1E000000000006000600040002000200000002F
:10A1F0000000000000000004000200018000400098
:10A20000200010000800040008001000200040009A
:10A2100080000001000200040000000000000000B7
:10A22000000000000000000000000000000000002E
:10A230000000FE07000000000000FE070000000014
:10A24000000000000000000000000000000000000E
:10A250000000000000000400080010002000400082
:10A2600080000001000200040002000180004000A4
:10A2700020001000080004000000000000000000A2
:10A280000000000000000000E0031806040C040CAD
:10A290000C0C0C0C00078001400040004000000046
:10A2A0000000E000E000E00000000000000000000E
:10A2B000000000000000E00018030C02CC0564055B
:10A2C0006605A605B604B604B604B604B602E401F3
:10A2D0000C040C021803F000000000000000000055
:10A2E0000000000000000000600060005000D0008E
:10A2F00090009000880088010801F801040304031D
:10A300000402020202060F0F00000000000000001D
:10A310000000000000000000FE008C030C030C0392
:10A320000C030C038C01FC000C030C020C060C0645
:10A330000C060C060C03FE010000000000000000EB
:10A340000000000000000000E00318030C060C04ED
:10A3500004040600060006000600060006000604C7
:10A360000C040C021803F0000000000000000000C4
:10A3700000000000000000007F008C010C030C03B3
:10A380000C060C060C060C060C060C060C060C063D
:10A390000C030C038C017F00000000000000000093
:10A3A0000000000000000000FF030603060406048E
:10A3B000060086008600FE008600860086000600F5
:10A3C000060406040602FF0300000000000000006F
:10A3D0000000000000000000FF030603060406045E
:10A3E000060086008600FE008600860086000600C5
:10A3F0000600060006001F0000000000000000002C
:10A400000000000000000000F00018010C020C0227
:10A4100004020600060006000600C60F0603060337
:10A420000C030C031803F000000000000000000003
:10A4300000000000000000000F0F060606060606DA
:10A44000060606060606FE070606060606060606B3
:10A450000606060606060F0F0000000000000000BA
:10A460000000000000000000FC03600060006000CD
:10A4700060006000600060006000600060006000DC
:10A48000600060006000FC030000000000000000AD
:10A490000000000000000000F807C000C000C0007D
:10A4A000C000C000C000C000C000C000C000C000AC
:10A4B000C000C000C000C000C60066003C00000034
:10A4C0000000000000000000CF038601C600460027
:10A4D0002600160036002E006E004600C6008600DC
:10A4E0008601060106038F0700000000000000003F
:10A4F00000000000000000001F000600060006002B
:10A50000060006000600060006000600060006001B
:10A51000060406040602FF0300000000000000001D
:10A5200000000000000000000707860386038E037A
:10A530008E034E034E034A035A035A033A0332036F
:10A5400032033203120387070000000000000000FE
:10A5500000000000000000008E0F0C021C021C0214
:10A5600034023402640264024402C402840284039A
:10A570008403040304031F02000000000000000025
:10A580000000000000000000F00098010C030C0225
:10A59000060606060606060606060606060606065B
:10A5A0000C020C039801F000000000000000000005
:10A5B0000000000000000000FF000603060606067B
:10A5C0000606060606068603FE00060006000600CE
:10A5D0000600060006001F0000000000000000004A
:10A5E0000000000000000000F00098010C030C02C5
:10A5F000060606060606060606060606060676068B
:10A600004C02CC039801F00080070003000000001A
:10A610000000000000000000FF0106030606060619
:10A62000060606060603FE004600C60086008601F2
:10A630000603060306060F0E0000000000000000DF
:10A640000000000000000000F8020C0306020602F1
:10A6500006000E003C00F800E0038003000702063D
:10A66000020606060C03F0010000000000000000D6
:10A670000000000000000000FE076204610861089D
:10A6800060006000600060006000600060006000CA
:10A69000600060006000F8010000000000000000A1
:10A6A00000000000000000001E070C020C020C025B
:10A6B0000C020C020C020C020C020C020C020C022A
:10A6C0000C020C021801F000000000000000000065
:10A6D00000000000000000000F0706020401040152
:10A6E0000C010C0188008800980098005000500070
:10A6F000700030002000200000000000000000007A
:10A700000000000000000000F70E6204420446044E
:10A71000460464026402E402E4029C029C01980183
:10A7200098018801880088000000000000000000F7
:10A7300000000000000000009E070C010801180145
:10A740009000B0006000200060006000D000900029
:10A750008801080104038E070000000000000000CB
:10A7600000000000000000000F0F060404020C02AD
:10A7700008011801B800B0007000600060006000BF
:10A78000600060006000F8010000000000000000B0
:10A790000000000000000000FC070C02060302019C
:10A7A00080018000400040002000200010001800C0
:10A7B00008040C040402FE03000000000000000076
:10A7C0000000E003200020002000200020002000E6
:10A7D0002000200020002000200020002000200079
:10A7E00020002000200020002000E00300000000E6
:10A7F0000000000000000400040008000800100031
:10A80000100010002000200040004000C000800028
:10A8100080000001000100020002000200040000AC
:10A8200000007C004000400040004000400040002C
:10A830004000400040004000400040004000400018
:10A84000400040004000400040007C00000000004C
:10A8500060009000080100000000000000000000FF
:10A8600000000000000000000000000000000000E8
:10A8700000000000000000000000000000000000D8
:10A8800000000000000000000000000000000000C8
:10A8900000000000000000000000000000000000B8
:10A8A000000000000000000000000000FF0F00009A
:10A8B0000000180060000000000000000000000020
:10A8C0000000000000000000000000000000000088
:10A8D0000000000000000000000000000000000078
:10A8E0000000000000000000000000000000000068
:10A8F0000000F0010C030C030003E0031C030E0333
:10A90000060306038E0B7C0E000000000000000012
:10A9100000000000000008000E000C000C000C00FD
:10A920000C00CC013C031C060C060C060C060C06A5
:10A930000C060C021C03E4010000000000000000F3
:10A940000000000000000000000000000000000007
:10A950000000F0008C018C01860106000600060054
:10A9600006020C020C01F0000000000000000000D4
:10A970000000000000000002C00300030003000309
:10A98000000378038C030C03060306030603060387
:10A99000060304038C07780100000000000000009B
:10A9A00000000000000000000000000000000000A7
:10A9B0000000E001180308020C060C06FC070C005E
:10A9C0000C0018041802E001000000000000000064
:10A9D0000000000000000000C003600630063000E8
:10A9E0003000FE0130003000300030003000300018
:10A9F000300030003000FC010000000000000000CA
:10AA00000000000000000000000000000000000046
:10AA10000000F007D8068C018C018C019801F80029
:10AA20000C00FC00CC03060306038E03F8000000B4
:10AA300000000000000008000E000C000C000C00DC
:10AA40000C00EC011C030C030C030C030C030C03A3
:10AA50000C030C030C039E07000000000000000024
:10AA60000000000000000000600060000000000026
:10AA700040007C00600060006000600060006000DA
:10AA8000600060006000FC030000000000000000A7
:10AA90000000000000000000C001C0010000000034
:10AAA0000001F001800180018001800180018001AE
:10AAB00080018001800180018001CC007C000000C9
:10AAC00000000000000008000E000C000C000C004C
:10AAD0000C008C038C008C004C006C005C008C0023
:10AAE0008C010C010C039E07000000000000000018
:10AAF00000000000000040007C006000600060007A
:10AB00006000600060006000600060006000600045
:10AB1000600060006000FC03000000000000000016
:10AB20000000000000000000000000000000000025
:10AB300000003707EE0666066606660666066606C7
:10AB4000660666066606FF0F0000000000000000B3
:10AB500000000000000000000000000000000000F5
:10AB60000000EE011C030C030C030C030C030C038C
:10AB70000C030C030C039E07000000000000000003
:10AB800000000000000000000000000000000000C5
:10AB90000000F00098010C030606060606060606ED
:10ABA00006060C030C03F00000000000000000008B
:10ABB0000000000000000000000000000000000095
:10ABC0000000EE011C030C060C060C060C060C061D
:10ABD0000C060C031C03EC010C000C003E000000F2
:10ABE0000000000000000000000000000000000065
:10ABF000000078028C030C03060306030603060319
:10AC0000060304038C03780300030003C00700005D
:10AC10000000000000000000000000000000000034
:10AC200000009F0358063806180018001800180086
:10AC3000180018001800FF000000000000000000CD
:10AC40000000000000000000000000000000000004
:10AC50000000F0031C030C020C023800F000C003DB
:10AC6000040304038C03FC0100000000000000004A
:10AC70000000000000000000000020002000300064
:10AC80003000FE0130003000300030003000300075
:10AC9000300030023002E00100000000000000003F
:10ACA00000000000000000000000000000000000A4
:10ACB00008028E030C030C030C030C030C030C039F
:10ACC0000C030C039C07780100000000000000004A
:10ACD0000000000000000000000000000000000074
:10ACE00000001E070C020801080118019000B000C6
:10ACF000B0006000600020000000000000000000C4
:10AD00000000000000000000000000000000000043
:10AD10000000F70E6204460464026402EC029C0127
:10AD20009801980198010800000000000000000050
:10AD30000000000000000000000000000000000013
:10AD40000000BC0718011001B00060006000E000C6
:10AD50009000080108039E070000000000000000AA
:10AD600000000000000000000000000000000000E3
:10AD700000009E0708010801080190009000B00043
:10AD80006000600060002000200024001C00000023
:10AD900000000000000000000000000000000000B3
:10ADA0000000FC018401C400440060002000300069
:10ADB000180208020C03FC01000000000000000063
:10ADC0000000000380008000800080008000800080
:10ADD0008000800040002000400080008000800053
:10ADE00080008000800080008000000300004000A0
:10ADF0004000400040004000400040004000400053
:10AE00004000400040004000400040004000400042
:10AE10004000400040004000400040004000000072
:10AE200000000C00100010001000100010001000B6
:10AE30001000100020004000200010001000100042
:10AE4000100010001000100010000C0000000000A6
:10AE50001C002204C2048003000000000000000067
:10AE600000000000000000000000000000000000E2
:10AE700000000000000000000000000000000000D2
:10AE800000000000000000000000000000000000C2
:10AE9000000001FFFF0000FFFF00008204000082AD
:10AEA000040000820400008204000082040000828A
:10AEB0000400008204003FFFFFF81FFFFFFC108228
:10AEC000040C0082040C0082040C0082040C00823A
:10AED000040C0082040C0082040C0082040C01FFAC
:10AEE000FE0C00FFFE0C0000000C0000001C000027
:10AEF00001FC00000008000000000000000000004D
:10AF00000000000000020000000400000018000023
:10AF1000007000000FC80FFFFF080FFF8008080037
:10AF200000080801000808010008080100080801DD
:10AF300000080801000808010008080100080BFFCC
:10AF4000FFF809FFFFF8098100080801000808015F
:10AF50000008080110080801180808010E08080375
:10AF600007C8180303C838010008180000180800B3
:10AF700000180000000800000000000000000000B1
:10AF800000000000000000100200000C0200000F92
:10AF9000033C080707FC06001F80078070020303BC
:10AFA0008004000C0004003000180200003002048D
:10AFB00007E00207FF80020E400002160000026454
:10AFC000000032C480021F847FFC1E844000020403
:10AFD000000002040000020400000224FFFC021C26
:10AFE0007FEC020E000406070004060000040200C5
:10AFF00000FC0000001C0000000800000000000031
:10B0000000000000000001000180010001C00100FB
:10B01000018001000180010003000100030001FF25
:10B02000FE0001FFFE02010004040100040401000F
:10B03000040803000818031008100110086000102D
:10B0400000C00010018000100F000010FC103FFF36
:10B05000E0101FF80008101000080010000C00108D
:10B06000000E0010000C001001FC001FFFF0003F5C
:10B07000E0000010000000000000000000000000E0
:10B08000000000000000000001000200110002406A
:10B0900039000260310002306100023C41000210C0
:10B0A000810002010100020C3100021C3100023C4F
:10B0B00071000268B10033C9A1001F8B3FFE1E0E54
:10B0C0002FFC020C21000238A10002706100022056
:10B0D00079000204310002090100021881000230E7
:10B0E000C1000260C10006207100020033000000B0
:10B0F000030000000100000000000000000000004C
:10B10000000000000000000000000000000200003D
:10B11000000400000008000002080FF84710089023
:10B12000E7300890C6600890CAE008914BC00891CB
:10B130004A48089252080896520C089C640E0FF474
:10B1400067FC089047F80890C400089084000891B4
:10B1500084000891A480089014C008901C400890B6
:10B160000C601FF80E30080007380000001C0000BB
:10B1700000000000000000000000000000000000CF
:10B1800000000004000000040000000400000004AF
:10B19000000020040000100400100C0FFFF80F0442
:10B1A000003807000060000000C0000401800004B7
:10B1B000020000040000000400000004000000047D
:10B1C000000000040000000400003FFFFFFE1FFF1E
:10B1D000FFFC100400000004000000040000000454
:10B1E00000000004000000040000000C0000000C3F
:10B1F000000000040000000000000000000000004B
:10B20000000000000000000000000000000000003E
:10B21000000001FFFF0000FFFF0000820400008229
:10B220000400008204000082040000820400008206
:10B230000400008204003FFFFFF81FFFFFFC1082A4
:10B24000040C0082040C0082040C0082040C0082B6
:10B25000040C0082040C0082040C0082040C01FF28
:10B26000FE0C00FFFE0C0000000C0000001C0000A3
:10B2700001FC0000000800000000000000000000C9
:10B28000000000000000004000000070000000EF1F
:10B29000FFFE01A7FFFC03244200062442001C24F9
:10B2A000420818244208102442080044420C024478
:10B2B000420E01CFFFFC01E4000000F0000000009E
:10B2C0000000000000001FF87FF81FFE7FFC08460A
:10B2D000020C0082020C0082040C01820C0C03029E
:10B2E000180C0702380C0202300C0006100C003E4D
:10B2F00001FC000400080000000000000000000045
:10B3000000000100000001038300010F0300017928
:10B31000020007C102003F010200193FFFFE111F9A
:10B32000FFFE0111040001030400030504000109EC
:10B330000400001FFFFE0033FFFC0062220000D269
:10B34000220003A222040F13FFFE3C17FFFC181279
:10B350000000141000000330000001F1FFC800D00D
:10B3600000080060000C0030000E003BFFFC001ADB
:10B3700000000010000000100000000000000000AD
:10B3800000000000000000000000000000000000BD
:10B39000000800011FFC01FF8FF801FF00080001F9
:10B3A0000008000100080001000800010008000179
:10B3B000000800010008000100083FFFFFF81FFF20
:10B3C000FFF810010008000100080001000800015A
:10B3D000000800010008000100080001000803FF48
:10B3E000800801FF9FFE01000FFE00000800000022
:10B3F000000000000000000000000000000000004D
:10B40000000000000000004020000040301000401C
:10B410006008004060080040400C0040C00E3FFF44
:10B42000FFFC1FFFFFF8004100000041000000C2C8
:10B43000000000C200000240000002000000020004
:10B4400000000200001002000008020000080200D4
:10B45000000E03FFFFFC03FFFFFC020000000200E0
:10B4600000000200000002000000060000000600CC
:10B4700000000200000000000000000000000000CA
:10B4800000000000000000010002040100040401AB
:10B49000000404010008040100100401002004015C
:10B4A00000C00401038007FFFF0007FFF80004014C
:10B4B0000000040100000401000004010000040178
:10B4C000000004010000040100000401000007FF67
:10B4D000FFFE07FFFFFC040100000401000004015F
:10B4E00000000C0100001C0100000C03000004031C
:10B4F000000000010000000000000000000000004B
:10B500000000000000000000400200004002002097
:10B510004004002040040020400800204018002083
:10B52000401010204020182040600E2040C007A08E
:10B53000438003A0470000207C00003FF800003F4C
:10B54000C0000020600000E0580003A046003E203C
:10B5500043801C2040C01820406000204070002024
:10B560004038002040180060401C0060C00C0020E3
:10B57000C00C0000400800000000000000000000B7
:10B58000000000000000000000000000000003FFB9
:10B59000FFFE03FFFFFC010000002000010018086F
:10B5A00001001E0802000E08040000080800000840
:10B5B0001000040860800408C040040B8040040EA2
:10B5C000007007FFFFE005FFFFC0048800000408CB
:10B5D000000004080000040800080418000804081B
:10B5E000000C0408000E07FFFFFE0FFFFFFC040025
:10B5F000000000000000000000000000000000004B
:10B6000000000001000000062000000C200000786F
:10B61000200003C820003F0FFFF01D0FFFF81108A6
:10B62000203001082062010820C20318608201084E
:10B6300021040000000408000004043FFF08071F65
:10B64000FE0803D0001000100030001000E03FF3AF
:10B65000FF801FF3FE00101100800050004000909A
:10B660000040031000200E3FFE300C100038000098
:10B67000001C0000000E00000000000000000000A0
:10B68000000000000000004020000040301000409A
:10B690006008004060080040400C0040C00E3FFFC2
:10B6A000FFFC1FFFFFF0104180000041000000C1BF
:10B6B000000000C200000042000000000000000086
:10B6C000000000FFFFFC00FFFFF80080004000804A
:10B6D000004000800040008000400080004000806A
:10B6E00000400080004000FFFFFC01FFFFF80080E9
:10B6F000000000000000000000000000000000004A
:10B70000000000000400010008000100100001001A
:10B710003000010060000100C0000103FFFE0103D2
:10B72000FFFC010E0010011C00100170801003C00E
:10B7300080100F0080103D0080101100801011005B
:10B74000801001008010017FFFF0013FFFF0010039
:10B7500080100100801001008010010080100100A5
:10B76000801001018010030180100300803001006F
:10B770000030000000100000000000000000000089
:10B7800000000000000002000000020000000200B3
:10B790003FFE02001FFE0201100003FF900002FFA7
:10B7A0009000028310C0020310C0028511C0024540
:10B7B00012C022491CC0324938801A31F0801E3133
:10B7C000D0800A71548002D9128002CD1380020FFA
:10B7D0001180020111C8030110E802FF900802FF66
:10B7E000900C0200100E02003FFC06001FF0060045
:10B7F0000000020000000000000000000000000047
:10B8000000000000000000040830000E0C3000347E
:10B810001E3000E43C200384EC201F0588601C07D8
:10B820000840080C08400038104400F0504400D094
:10B830005084001040880010800800108010001014
:10B840008030001080203FFFF060101FFFC00020FC
:10B8500087C0002083E0082107700C210E380621E4
:10B860001C1C07E1780C00E3300E0063101E00235F
:10B8700000FE0001000200000000000000000000C7
:10B8800000000000000000000008000000080000A8
:10B890000008000000080000000800000008000088
:10B8A0000008000000080000000800000008000078
:10B8B0000008000000083FFFFFF81FFFFFF810041A
:10B8C0000008000400080004000800040008000448
:10B8D0000008000400080004000800040008000C30
:10B8E0000008000C00080004000800000018000018
:10B8F0000018000000080000000000000000000028
:10B90000000000000002000C000C00100030007F5E
:10B91000FFC001DFFC00071088003E108800121FE6
:10B92000FFF8123FFFF002D0880003908804031054
:10B930008806003FFFFC0010000000040600080815
:10B940001A00081072000833C20008E342000FC258
:10B9500042000E004200082FFFFE0827FFFC0814DB
:10B96000420008184200083842001FF0C2000800D8
:10B970004600000002000000000000000000080176
:10B9800030022204227822042202A20263FE222232
:10B99000222222222222222228023002000000003B
:10B9A0003FFC2108210821083FFC00000800088016
:10B9B000086008020801FFFE0800080000000000FF
:10B9C00000000FF00820082008200820FFFF0820B2
:10B9D0000820082008200FF00000000000000040B0
:10B9E0004040404040404040414141414140404052
:10B9F0004040404040404040404040404040400582
:10BA000002020202020202020202020202020220F8
:10BA100020202020202020202002020202020202F8
:10BA20009090909090901010101010101010101016
:10BA3000101010101010101010100202020202025A
:10BA40008888888888880808080808080808080876
:10BA5000080808080808080808080202020240004E
:10BA6000DFB9000849535F4E5649435F5355425F63
:10BA70005052494F52495459284E5649435F496ED6
:10BA800069745374727563742D3E4E5649435F4911
:10BA900052514368616E6E656C5375625072696F86
:10BAA000726974792900000049535F4E5649435F1B
:10BAB000505245454D5054494F4E5F5052494F5298
:10BAC000495459284E5649435F496E6974537472FC
:10BAD0007563742D3E4E5649435F49525143686128
:10BAE0006E6E656C507265656D7074696F6E5072C4
:10BAF000696F72697479290049535F5553415254F3
:10BB00005F48415244574152455F464C4F575F434F
:10BB10004F4E54524F4C2855534152545F496E6911
:10BB2000745374727563742D3E48617264776172E8
:10BB300065466C6F77436F6E74726F6C29000000FE
:10BB40002E2E5C2E2E5C2E2E5C323032353132336E
:10BB5000302D2DB2BBB4F84C76676C5C4E33324757
:10BB600034353752454C375C6669726D7761726562
:10BB70005C6E3332673435785F7374645F706572FE
:10BB80006970685F6472697665725C7372635C6E1B
:10BB90003332673435785F657874692E630000004E
:10BBA000C0BB000800000020E402000046090008B5
:10BBB00004BD0008E40200206C6600004C8200080E
:10BBC000111810E1F505313231303032323530396B
:10BBD0003230015233024801036380252808C181B5
:10BBE0004001C0804104690C2908E918A91C091A00
:10BBF00030091638093660092E70092F6000FF00E1
:10BC0000C0C101C30302C2C60607C705C5C404CC30
:10BC10000C0DCD0FCFCE0E0ACACB0BC90908C8D860
:10BC20001819D91BDBDA1A1EDEDF1FDD1D1CDC1420
:10BC3000D4D515D71716D6D21213D311D1D010F0F0
:10BC40003031F133F3F23236F6F737F53534F43C70
:10BC5000FCFD3DFF3F3EFEFA3A3BFB39F9F8382840
:10BC6000E8E929EB2B2AEAEE2E2FEF2DEDEC2CE460
:10BC70002425E527E7E62622E2E323E12120E0A0D0
:10BC80006061A163A3A26266A6A767A56564A46CB0
:10BC9000ACAD6DAF6F6EAEAA6A6BAB69A9A86878E0
:10BCA000B8B979BB7B7ABABE7E7FBF7DBDBC7CB4A0
:10BCB0007475B577B7B67672B2B373B17170B050B0
:10BCC0009091519353529296565797559594549CF0
:10BCD0005C5D9D5F9F9E5E5A9A9B5B9959589888C0
:10BCE0004849894B8B8A4A4E8E8F4F8D4D4C8C44E0
:10BCF0008485458747468682424383418180021E70
:04BD000040000000FF
:040000050800019955
:00000001FF
