:020000040800F2
:10000000B8660020AD010008393F0008C52B000884
:10001000893D00087D1000081978000800000000E4
:10002000000000000000000000000000BF01000808
:100030007F10000800000000C3010008F15800080C
:10004000C7010008C7010008C7010008C701000870
:10005000C7010008C7010008C7010008C701000860
:1000600051190008C7010008C7010008C7010008AE
:10007000C7010008C7010008C7010008C701000840
:10008000C7010008C7010008C7010008C701000830
:10009000C7010008C7010008C7010008C701000820
:1000A000C7010008C7010008C7010008C701000810
:1000B000C7010008C7010008C7010008C701000800
:1000C000C7010008C7010008C7010008C7010008F0
:1000D000C7010008C7010008E56B00083D6C000877
:1000E000C7010008C7010008C7010008C7010008D0
:1000F000C7010008C7010008C7010008C7010008C0
:10010000C7010008C7010008C7010008C7010008AF
:10011000C56B0008C7010008F1630008C7010008AB
:10012000C7010008C7010008C7010008C70100088F
:10013000C7010008C7010008C7010008C70100087F
:10014000C7010008C7010008C7010008C70100086F
:10015000C7010008C7010008C7010008C70100085F
:10016000C7010008C7010008C7010008C70100084F
:10017000C7010008C7010008C7010008C70100083F
:10018000C7010008C7010008C7010008C70100082F
:10019000C7010008C7010008DFF80CD000F06AFBB7
:1001A0000048004799870008B86600200648804745
:1001B00006480047FEE7FEE7FEE7FEE7FEE7FEE74C
:1001C000FEE7FEE7FEE7FEE7F558000899010008A4
:1001D0000649074A0868504343F239021044086050
:1001E0004008704701490860704700007000002017
:1001F0006D4EC64140EA01039B0703D009E008C9E0
:10020000121F08C0042AFAD203E011F8013B00F8DB
:10021000013B521EF9D27047D2B201E000F8012B27
:10022000491EFBD270470022F6E710B513460A4676
:1002300004461946FFF7F0FF204610BD421E12F893
:10024000013F002BFBD111F8013B02F8013B002BD1
:10025000F9D1704730B505462A460B4612F8010B16
:1002600013F8014B08B1A042F8D01CB1002802D00D
:100270006D1CF1E7284630BD421C10F8011B002917
:10028000FBD1801A704710B5002200E0521C835C3D
:100290008C5CA34201D1002BF8D1D8B2E1B2401A54
:1002A00010BD70B5064607F029FB046805460A2212
:1002B0000021304600F002F92C6070BD2DE9FE4FA0
:1002C00081EA030404F0004421F0004100944FF05F
:1002D000000B23F0004350EA01045ED052EA03040D
:1002E0005BD0C3F30A54C1F30A552C44A4F2F3348F
:1002F0000194A0FB0254C1F3130141F48011C3F334
:10030000130343F4801301FB024400FB034E840AF1
:10031000970A44EA815447EA8357A4FB0768029589
:100320008D0A05FB07854FEA932C04FB0C54270527
:10033000029D4FEA065847EA1637B5EB08056EEB03
:10034000070C870E920E47EA811742EA8312A7FB39
:100350000201B6EB0B0164EB00042B0D43EA0C33F6
:100360005E1844EB1C50DA465146E7FB0201C5F328
:1003700013044FEA0B3343EA14534FEA0432019C4F
:1003800043EA0603A4F10C040294009CCDE900B4F6
:1003900000F0DBF803B0BDE8F08F00200146F9E77C
:1003A0000EB5C10F80EAE0700844CA07002140F290
:1003B00033438DE80E000A460B4600F0C6F803B042
:1003C00000BD0EB540F2334102910021CDE900118C
:1003D0000A460B4600F0B9F803B000BDC1F30A525B
:1003E00010B5C1F3130140F2FF3341F480119A427A
:1003F00001DA002010BD40F233439A42A2F23342A8
:1004000003DC524200F04AF810BD904010BD30B5F8
:100410000B46014600202022012409E021FA02F5C2
:100420009D4205D303FA02F5491B04FA02F528445C
:10043000151EA2F10102F1DC30BD2DE9F05F054689
:10044000002092469B4688460646814640241BE093
:10045000284641464746224600F020F853465A4671
:10046000C01A914110D311461846224600F014FAE2
:100470002D1A67EB01084F4622460120002100F0AB
:100480000BFA17EB00094E41201EA4F10104DFDC3A
:10049000484631462A464346BDE8F09F202A04DB01
:1004A000203A21FA02F00021704721FA02F3D040ED
:1004B000C2F1200291400843194670472DE9F047E8
:1004C00091460F4680460446002614F8015B2DB184
:1004D00000F004FA0068405DC007F6D12B2D02D071
:1004E0002D2D18D0641E4A463946204600F0FAF9F0
:1004F00027B13968A14201D1C7F8008071054FF0DA
:1005000002040BD54042002803DD07F0F7F9046030
:10051000A007BDE8F08746F48066E4E70028F8DA33
:1005200007F0ECF904606FF00040F2E710B5141E1C
:1005300073F1000408DA401C41F1000192185B419C
:100540001A4301D120F0010010BD2DE9F04D924673
:100550009B4611B1B1FA81F202E0B0FA80F220328A
:10056000904600F099F904460F4640EA0A0041EA35
:100570000B0153465A46084313D0114653EA010073
:1005800019D0C8F140025046FFF788FF05460E46D5
:1005900050465946424600F07FF9084305D00120F5
:1005A00004E020463946BDE8F08D0020054346EAC8
:1005B000E0762C4337430A986305E40AA0EB080071
:1005C0000022FD0A44EA47540A3002D500200146C1
:1005D000E9E7010510196941DDE90845001969419C
:1005E000BDE8F04DA2E72DE9FE4F804681EA030009
:1005F000C00F0C46009021F0004123F00045B8EBFD
:100600000200A94105D24046214690461C460B46B1
:10061000024623F00040104347D0270DC7F30A00DD
:10062000C3F30A510290401A019040286BDAC3F3D9
:10063000130040F4801B0098924620B10023D2EBB7
:10064000030A63EB0B0B01985946C0F14002504678
:1006500000F022F906460D4650465946019A00F030
:100660002AF910EB08006141002487EA115284EA5C
:10067000E7731A4340D0009A62B3019A012A4FEA05
:10068000075215DC001B61EB02014FF0004202EA49
:100690000752CDE90042001C41F5801132462B463D
:1006A000FFF753FF03B0BDE8F08F40462146F9E75E
:1006B000001B61EB0201001C41F5801300185B4137
:1006C0002018A2F5001747EB030140EAD570B619D0
:1006D0006D4111E06D084FEA360645EAC0754FEAF4
:1006E0000752001B61EB0201001C41F58011490813
:1006F0004FEA30000019514132462B4603B0BDE8A5
:10070000F04FFFF713BF0098012240000023D0EB09
:10071000020263EBE073009821464FEAE074B8EB05
:10072000000061EB0401E9E783F000435BE781F03F
:10073000004158E72DE9F04D81EA030404F0004B35
:1007400021F0004514464FF0000A23F0004150EA22
:10075000050220D054EA01021DD0C5F30A57024613
:10076000C5F31303C1F31300C1F30A5640F4801517
:1007700043F48013A7EB0608101BD64608F2FD3899
:1007800073EB050002D308F1010801E092185B4108
:10079000B8F1000F03DA00200146BDE8F08D00201B
:1007A0004FF48011064684460EE0171B73EB0507D5
:1007B00005D3121B63EB050306434CEA010C490801
:1007C0004FEA300092185B4150EA0107EDD152EA3E
:1007D000030012D082EA040083EA0501084305D031
:1007E000101BAB4106D20122002306E000224FF08D
:1007F000004302E06FF0010253101AEB06004CEBCD
:10080000085110EB0A0041EB0B01BDE8F04DFFF77A
:100810008DBEC1F30A52C1F3130140F2FF3341F41C
:1008200080119A4202DA00200146704740F23343B9
:100830009A42A2F2334202DC5242FFF72FBE00F08E
:100840002BB8000030B5041E71F1000404DB4FF03A
:100850000044404264EB0101141E73F1000405DB07
:100860001C464FF00043524263EB0403994208BF19
:10087000904230BD064C074D06E0E06840F00103B1
:1008800094E8070098471034AC42F6D3FFF788FC91
:10089000B4B10008D4B10008202A04DB203A00FAE1
:1008A00002F1002070479140C2F1200320FA03F3C7
:1008B000194390407047202A06DBCB17203A41FAB3
:1008C00002F043EAE07306E041FA02F3D040C2F1DD
:1008D00020029140084319467047000000487047C5
:1008E00090B000082DE9F05F824600780027154699
:1008F0008B460AF10104B946302801D09DB113E0BE
:1009000014F8010B0127782803D0582801D045B1ED
:100910000AE00DB1102D07D10027102514F8010BA6
:1009200002E0082500E00A250026B0460EE005FB9F
:10093000080005FB06F1012701EB10461FFA80F8BD
:10094000B6F5803F00D3B94614F8010B294600F0F4
:1009500018F80028EBDABBF1000F05D00FB1641EC8
:1009600000E05446CBF80040B9F1000F06D006F085
:10097000C5FF02210160C81EBDE8F09F48EA06409D
:10098000FAE73A2800D2303820F02002412A01D379
:10099000A2F13700884201D34FF0FF3070470000CA
:1009A000F8B54FF40050ADF8000010250E4E8DF84C
:1009B000035001248DF802406946304601F028FEBC
:1009C0002103ADF800108DF803508DF80240694600
:1009D000304601F01DFE6103304602F02DF8210380
:1009E000304602F029F8F8BD000C014070B5C0F3A4
:1009F00007110E2202EAD10200F00F0001F00F01F0
:100A000042F0A00440EA011502F012FB04F0FE00DF
:100A100002F0D0FA02F05AFB284602F0CBFA02F0BC
:100A200055FB02F005FB44F0010002F0C3FA02F0AE
:100A30004DFB002002F040FA044602F023FB44F68E
:100A4000206007F037FC204670BD70B502460E46A8
:100A5000C0F307100E2101EAD00102F00F0200F0EE
:100A60000F0041F0A00442EA001502F0E1FA20462E
:100A700002F0A0FA02F02AFB284602F09BFA02F0EC
:100A800025FB304602F096FA02F020FB02F0FAFA5B
:100A9000BDE8704044F6206007F00CBC70B51D4CFA
:100AA0000025E07A10B1012813D010E02079401C15
:100AB000207103F02BFA0C2117A006F091FE64219F
:100AC0006570194A0F2006F0D3FE0120E072002065
:100AD00070BD03F00FFA002808BF70BD134E3068D8
:100AE00003F08AFD01461248326801F091F911497C
:100AF0000F48FFF7AFFB00281EBFE572012070BD55
:100B000020790A2898BFE572E1D92571E5720220A3
:100B100070BD00005400002041542B514941435402
:100B20003D310D0A000000002D3F0008500000205C
:100B3000B0100020D85700080146064A0978002066
:100B4000135C994208BF7047401CC0B20A28F7D313
:100B5000704700006888000838B5044600200090FF
:100B6000042C18BF082C54D00C2C18BF102C50D0BB
:100B7000142C18BF182C4CD01C2C18BF202C48D07B
:100B8000242C18BF282C44D0402C18BF442C40D013
:100B9000482C18BF4C2C3CD0502C18BF542C38D0AB
:100BA000582C18BF5C2C34D0602C18BF642C30D06B
:100BB000682C18BF6C2C2CD0702C18BF742C28D02B
:100BC000782C18BF7C2C24D0802C18BF842C20D0EB
:100BD000882C18BF8C2C1CD0902C18BF942C18D0AB
:100BE000982C18BF9C2C14D0A02C18BFA42C10D06B
:100BF000A82C18BFAC2C0CD0B02C18BFB42C08D02B
:100C0000B82C18BFBC2C04D0C62205A112A007F036
:100C1000D7FA04F1804000F5D8400090008838BD34
:100C20002E2E5C6669726D776172655C6E33326719
:100C30003435785F7374645F7065726970685F647F
:100C400072697665725C7372635C6E3332673435D9
:100C5000785F626B702E630049535F424B505F4474
:100C6000415428424B505F444154290038B5044652
:100C700000200D460090042C18BF082C54D00C2CDA
:100C800018BF102C50D0142C18BF182C4CD01C2C72
:100C900018BF202C48D0242C18BF282C44D0402C1E
:100CA00018BF442C40D0482C18BF4C2C3CD0502CA2
:100CB00018BF542C38D0582C18BF5C2C34D0602C62
:100CC00018BF642C30D0682C18BF6C2C2CD0702C22
:100CD00018BF742C28D0782C18BF7C2C24D0802CE2
:100CE00018BF842C20D0882C18BF8C2C1CD0902CA2
:100CF00018BF942C18D0982C18BF9C2C14D0A02C62
:100D000018BFA42C10D0A82C18BFAC2C0CD0B02C21
:100D100018BFB42C08D0B82C18BFBC2C04D0B322F8
:100D200005A113A007F04CFA04F1804000F5D8406B
:100D30000090056038BD00002E2E5C6669726D77EC
:100D40006172655C6E3332673435785F7374645FEB
:100D50007065726970685F6472697665725C7372DF
:100D6000635C6E3332673435785F626B702E63007C
:100D700049535F424B505F44415428424B505F44BB
:100D800041542900000000002DE9F041504C8188B9
:100D9000A1808179A171B0F801102180C178A17082
:100DA000B0F807102181417AA1724189A181017BAC
:100DB000A173B0F80D102182C17BA174018AA182B8
:100DC000817CA175B0F813102183407DA076606806
:100DD000FFF7F7FA9FED401B53EC112BFFF76EFA6C
:100DE000FFF7FCFA04F11C0587B22F802068FFF79B
:100DF000E8FA9FED3B1B53EC112BFFF75FFAFFF76F
:100E0000EDFA002668601E2898BF6E60E068B0F5B5
:100E1000000F03DBC043401CC0F31600FFF7C0FA0D
:100E20009FED311B53EC112BFFF748FAFFF7D6FA71
:100E300080B200EE100A28812F4BB8EE401A00EE67
:100E4000107AB8EE400AC1EE000A95ED010AB8EE3C
:100E5000401A80EE810ADFED260A20EE200ADFED3F
:100E6000250A20EE200ABCEEC00A10EE100A2874F3
:100E7000206959680844586019469A68C9689042C0
:100E800003D3821A1144D96006E06FF07F4CACEBBB
:100E9000020202441144D960C3E901600D2938BF40
:100EA000BDE8F08100EE101AE9689FED141AB8EE63
:100EB000400A20EE010A20EE200ABCEEC00A10EE25
:100EC000100A0844E860DE60BDE8F04100F06ABF47
:100ED000D00B0020000000009FE74A621B81103FFA
:100EE000CD2D44350B4E903F56B7DD7835487A3FCF
:100EF0000000C84200007A4440000020EDF8433A68
:100F000008B507A00068009006480178012918BFBD
:100F100008BD002101700221684606F0CBFB08BD28
:100F200058AA000040000020084808B5006800905A
:100F300007480178012905D1002101700221684686
:100F400006F0B8FBBDE8084006F0D0BB200F000853
:100F50004000002038B50220ADF8000010208DF8C8
:100F600003000120104C8DF802006946204601F074
:100F70004FFB0221204601F0F5FC0221204601F042
:100F80005BFD4FF4FA7007F089F90221204601F069
:100F9000E9FC40F6B83007F081F9044A40F6B83170
:100FA000042006F065FC38BD00080140C15500086A
:100FB00038B507F0D1F906F041FC0124ADF8004046
:100FC00010258DF803508DF802406946214801F044
:100FD0001FFB214A1E21022006F04AFC03F0F4FA0E
:100FE00007F0B0FA07F0EAF907F06AFA02F0A5FF95
:100FF00004F048FBFFF7AEFF07F07EFB2003ADF8DF
:1010000000008DF80350154D8DF8024069462846C2
:1010100001F0FEFA2103284601F0A4FCADF80040DF
:1010200004218DF803106946284601F0F1FA04F016
:1010300001FE04F001FB03F091FDFFF7B1FC00F0AD
:1010400035FE02F07DFB07F009FBBDE8384005F0F6
:10105000C3B90000001001408118000800080140D9
:10106000054910B50120487002F02AFCFFF75CFF2B
:10107000BDE8104007F03EBB2A000020FEE77047A5
:1010800070B584B000254CF2186428B301281CBF49
:1010900004B070BD1026CDE900464FF61F030022B4
:1010A0000C21E820029504F0C3FFCDE900464FF67D
:1010B0001F0301220C21F820029504F0B9FFCDE9AD
:1010C00000464FF61F0302220C214FF48470029554
:1010D00004F0AEFF04B070BD1820CDE9004000233D
:1010E00003A20C210295E82005F01AF904B070BDA6
:1010F000202020200000000070B5002484B02025AE
:101100004CF21866E8B101281CBF04B070BD012084
:1011100002F0BEFB0096CDE901544FF4784314224F
:10112000C021E02004F084FF0096CDE901544FF483
:1011300078430F22C0214FF4807004F079FF04B08F
:1011400070BD002002F0A4FB0096CDE901544FF4DD
:10115000FC631522C021E02004F06AFF0096CDE96F
:1011600001544FF4FC630F22C0214FF4807004F04F
:101170005FFF04B070BD70B5002484B020254CF230
:101180001866E0B101281CBF04B070BD012002F058
:101190008BFB0096CDE901544FF4FC6311224021F2
:1011A000E02004F045FF0096CDE9015440214FF4C2
:1011B000FC631322880004F03BFF04B070BD0020E4
:1011C00002F072FB0096CDE901544FF478431222ED
:1011D0004021E02004F02CFF0096CDE9015440218D
:1011E0004FF478431322880004F022FF04B070BD4E
:1011F00070B5002484B020254CF21866E0B10128B7
:101200001CBF04B070BD012002F088FB0096CDE940
:1012100001544FF4FC630B22C021582004F008FF56
:101220000096CDE901544FF4FC630C22C0217820D4
:1012300004F0FEFE04B070BD002002F06FFB0096CB
:10124000CDE901544FF478430D22C021582004F019
:10125000EFFE0096CDE901544FF478430E22C021F1
:10126000782004F0E5FE04B070BD0000000000002E
:10127000F0B5754A18252DED028B87B05078734F65
:10128000401CC0B20024724950704CF21866072806
:1012900080F0D480DFE800F0D204273845535B00AB
:1012A000CDE9004602953A8804230821002004F085
:1012B000DDFFCDE900460295BA78022308213C20E3
:1012C00004F0D4FFCDE900460295FA780223082104
:1012D000602004F0CBFFCDE90046029501230821F0
:1012E000FA79CC2025E0CDE9004602953A7902232F
:1012F0000821842004F0BAFFCDE9004602950223BC
:1013000008217A79A82014E0CDE9004602950A88E0
:1013100004234021582004F0A9FF07B0BDEC028B44
:10132000F0BDCDE9004602958888052382B2602190
:101330000BE004F09BFF07B0BDEC028BF0BDCDE9E4
:10134000004602950A89062380215820F1E7C868E3
:10135000002866D03F49A1FB002149096FF018021F
:10136000514310EB81019FED3C8B24D03C49A1FB04
:101370000021C908494201EB810110EB410135D040
:10138000FFF71FF853EC182BFEF798FF41EC100BFA
:1013900034A153EC102B03A806F09CFA0096CDE97B
:1013A0000154002303AAA021642004F0B9FF07B070
:1013B000BDEC028BF0BDFFF704F853EC182BFEF7E1
:1013C0007DFF41EC100B29A153EC102B03A806F074
:1013D00081FA0096CDE90154002303AAA0216420DC
:1013E00004F09EFF07B0BDEC028BF0BDFEF7E9FFF5
:1013F00053EC182BFEF762FF41EC100B1DA153ECD0
:10140000102B03A806F066FA0096CDE901540023DC
:1014100003AAA021642004F083FF07B0BDEC028B77
:10142000F0BD0096CDE90154002314A2A021642050
:1014300004F076FF07B0BDEC028BF0BD547007B02E
:10144000BDEC028BF0BD00006B00002036000020D8
:10145000EC0B00201F85EB51FCA9F1D24D62503FEF
:10146000CDCCCCCC252E336600000000252E316675
:1014700000000000252E3266000000003000000051
:101480002DE9F0412DED028B86B04CF2186400215D
:10149000F0234FF4A0720846009404F0A4FB4FF42C
:1014A0007840302300904FF4A0721946002004F0D9
:1014B0003BFB0025DC4FCDE90054182602963A8804
:1014C00004230821284604F0D1FECDE9004600237C
:1014D000D6A208213020029504F022FFCDE9005465
:1014E0000296BA78022308213C2004F0BFFECDE921
:1014F00000460023CDA208215420029504F010FFDD
:10150000CDE900540296FA7802230821602004F005
:10151000ADFECDE9005402963A79022308218420D9
:1015200004F0A4FECDE900460023C1A208219C20BE
:10153000029504F0F5FECDE9005402967A79022373
:101540000821A82004F092FECDE900540296FA7911
:1015500001230821CC2004F089FE0120FFF790FD33
:10156000CDE900460023B3A208214FF49170029503
:1015700004F0D6FE20270023CDE900471A4640217B
:101580001846029504F054FDCDE9004700230122DE
:1015900040212020029504F04BFDCDE9004640217A
:1015A0000023A3A20846029504F0BAFEDFF8888261
:1015B000CDE900540296B8F80020042340215820B9
:1015C00004F054FECDE9004600239CA24021A02057
:1015D000029504F0A5FECDE900474FF478431222AE
:1015E0004021E020029504F023FDCDE90047402191
:1015F0004FF4784313228800029504F019FD00236C
:10160000CDE900471A4660211846029504F010FD06
:10161000CDE900470023022260212020029504F03A
:1016200007FDCDE90046002381A2602140200295FC
:1016300004F076FECDE900540296B8F804000523C4
:1016400082B26021582004F011FECDE9004600234B
:101650007BA26021AC20029504F062FECDE9004738
:101660000023032280211846029504F0E1FCCDE915
:1016700000470023042280212020029504F0D8FC9A
:10168000CDE9004600236AA280214020029504F0A3
:1016900047FECDE900540296B8F8082006238021C1
:1016A000582004F0E3FDCDE90046002365A2802127
:1016B000D020029504F034FECDE900470023072234
:1016C000A0211846029504F0B3FCCDE900470023A1
:1016D0000822A0212020029504F0AAFCCDE90046B2
:1016E000002353A2A0214020029504F019FED8F84F
:1016F0000C0000285CD05449A1FB00214909F243A9
:10170000514310EB81019FED528B21D05249A1FB37
:101710000021C908494201EB810110EB41012FD0A2
:10172000FEF74FFE53EC182BFEF7C8FD41EC100BF3
:101730004AA153EC102B03A806F0CCF8CDE90046E3
:10174000002303AAA0216420029504F0E9FD38E0FB
:10175000FEF737FE53EC182BFEF7B0FD41EC100BF3
:1017600040A153EC102B03A806F0B4F8CDE90046D5
:10177000002303AAA0216420029504F0D1FD20E0FB
:10178000FEF71FFE53EC182BFEF798FD41EC100BF3
:1017900036A153EC102B03A806F09CF8CDE90046C7
:1017A000002303AAA0216420029504F0B9FD08E0FB
:1017B000CDE9004600232FA2A0216420029504F069
:1017C000AFFDCDE9004600232BA2A0214FF480708D
:1017D000029504F0A5FDCDE9004700230922C021B0
:1017E0001846029504F024FCCDE9004700230A22A4
:1017F000C0212020029504F01BFCCDE90046002307
:101800000BA2C0214020029504F08AFD0120FFF7C1
:10181000EFFC0020FFF770FC06B0BDEC028BBDE8CA
:10182000F081000000000000360000202F000000C2
:101830003A00000034470000EC0B00205600000086
:101840006D410000570000001F85EB5100000000B3
:10185000FCA9F1D24D62503FCDCCCCCC252E3366C5
:1018600000000000252E316600000000252E3266A3
:1018700000000000300000004B572F48000000001F
:1018800010B5174CE07868B12179164800294FF05F
:10189000010102D001F0D0F801E001F063F82079F5
:1018A000C043207120890021B0F57A7F28BF2181B3
:1018B0000CD2401C0004000C208107D0A0F540721F
:1018C000E73A02BF60780028E17000E06170AFF293
:1018D0004F021E21BDE81040022005F0C9BF0000E4
:1018E0002A0000200010014070B504460025FFF7D3
:1018F0007DF845EA0065601C80B2FFF777F845EA9D
:101900000045A01C80B2FFF771F845EA0025E01CF5
:1019100080B2FFF76BF8284370BD70B50C460546E2
:10192000090EFFF792F8681C80B2C4F30741FFF775
:101930008CF8A81C80B2C4F30721FFF786F8E81CD6
:10194000E1B2BDE8704080B2FFF77FB8FFF77DB825
:1019500010B5042000F044F8002808BF10BD06F0C0
:1019600077FEBDE810400420AFF3008010B50446B8
:10197000800D00D12CB940F2011203A111A006F094
:101980001FFC1648046010BD2E2E5C6669726D77D0
:101990006172655C6E3332673435785F7374645F8F
:1019A0007065726970685F6472697665725C737283
:1019B000635C6E3332673435785F657874692E63A3
:1019C0000000000049535F455854495F4C494E455B
:1019D00028455854495F4C696E652900140401403C
:1019E00070B500250446012818BF022C3AD0042CFB
:1019F00018BF082C36D0102C18BF202C32D0402C09
:101A000018BF802C2ED0B4F5807F18BFB4F5007FAE
:101A100028D0B4F5806F18BFB4F5006F22D0B4F5AC
:101A2000805F18BFB4F5005F1CD0B4F5804F18BFBD
:101A3000B4F5004F16D0B4F5803F18BFB4F5003FA1
:101A400010D0B4F5802F18BFB4F5002F0AD0B4F52C
:101A5000801F18BFB4F5001F04D0EB2207A116A009
:101A600006F0AEFB1B4800681B4920400968214274
:101A70001CBF00280125284670BD00002E2E5C6684
:101A800069726D776172655C6E3332673435785F89
:101A90007374645F7065726970685F64726976659B
:101AA000725C7372635C6E3332673435785F65786D
:101AB00074692E630000000049535F4745545F4539
:101AC0005854495F4C494E4528455854495F4C6924
:101AD0006E652900000401401404014010B504465D
:101AE0000079002818BF042804D073222FA13EA03B
:101AF00006F066FB607908281CBF0C28102804D06B
:101B000074222AA143A006F05BFB2068810D00D15E
:101B100020B9752225A14BA006F052FBA079002820
:101B200018BF012804D0762220A151A006F048FB5E
:101B3000A1795C48002930D0016822689143016096
:101B4000001D0168226891430160207900F1804006
:101B500000F582300168226811430160524908682B
:101B60002268904308600A1D10682368984310603B
:101B70006079102808D000F1804000F582300168BB
:101B800022681143016010BD08682368184308608B
:101B9000106821680843106010BD207900F1804072
:101BA00000F58230016822689143EBE72E2E5C66D7
:101BB00069726D776172655C6E3332673435785F58
:101BC0007374645F7065726970685F64726976656A
:101BD000725C7372635C6E3332673435785F65783C
:101BE00074692E630000000049535F455854495FF3
:101BF0004D4F444528455854495F496E69745374A4
:101C0000727563742D3E455854495F4D6F64652964
:101C10000000000049535F455854495F54524947FA
:101C200047455228455854495F496E697453747248
:101C30007563742D3E455854495F547269676765F2
:101C40007229000049535F455854495F4C494E453D
:101C500028455854495F496E6974537472756374AA
:101C60002D3E455854495F4C696E652900000000BF
:101C700049535F46554E4354494F4E414C5F535470
:101C800041544528455854495F496E6974537472EC
:101C90007563742D3E455854495F4C696E65436DBC
:101CA00064290000000401400804014038B5002404
:101CB0006D462046FEF79AFE2855601CC4B2042CDF
:101CC000F7D39DF800001A4CA12804BF9DF801002D
:101CD000582807D19DF80200592804BF9DF8030039
:101CE000A22820D0A1210020FEF7AFFE582101201C
:101CF000FEF7ABFE59210220FEF7A7FEA22103202A
:101D0000FEF7A3FE00218F20FFF707FE8F20FFF7CD
:101D1000EBFDE0608F20FFF7E7FDE06000F04AF8A0
:101D200000F008F838BD8F20FFF7DEFDE060F7E730
:101D3000EC0B002070B50420FEF758FE184C207004
:101D40000520FEF753FE607006200025FEF74EFECC
:101D500045EA00250720FEF749FE28436080082059
:101D60000025FEF743FE45EA00250920FEF73EFE6A
:101D70002843A0800A20FFF7B7FDA0600E20FFF7E0
:101D8000B3FDE0601220FEF731FE20741320FEF751
:101D90002DFE60742078BDE8704003F01DBC00008B
:101DA000840000200248C1688F20FFF7B6BD000004
:101DB000EC0B002010B504200121FEF746FE0520A3
:101DC0000021FEF742FE06200121FEF73EFE0E2115
:101DD0000720FEF73AFE08200021FEF736FEB42168
:101DE0000920FEF732FE09490A20FFF796FD44F26A
:101DF000C0410E20FFF791FD12201E21FEF725FEA7
:101E00001320BDE810405021FEF71FBE80380100AE
:101E10000023002998BF7047F0B40026D2E902C41D
:101E2000644508BF34460BD01468556814F80C405C
:101E30000CF1010C9CFBF5F705FB17CCC2F808C0B0
:101E4000C4545B1C8B42E9D3F0BC704770B50C46A0
:101E5000050018BF012D0ED0022D18BF032D0AD08A
:101E6000042D1CBF052D062D05D040F247321FA1C1
:101E70002DA006F0A5F9002C18BF012C21D0022CB2
:101E800018BF032C1DD0042C18BF052C19D0062C0C
:101E900018BF072C15D0082C18BF092C11D00A2CFC
:101EA00018BF0B2C0DD00C2C18BF0D2C09D00E2CEC
:101EB00018BF0F2C05D04FF452720CA124A006F0CD
:101EC0007FF9A007010F0F2000FA01F224F00300B0
:101ED00000F1804000F58030836823EA02028260CE
:101EE000826805FA01F11143816070BD2E2E5C6697
:101EF00069726D776172655C6E3332673435785F15
:101F00007374645F7065726970685F647269766526
:101F1000725C7372635C6E3332673435785F6770FE
:101F2000696F2E630000000049535F4750494F5FBF
:101F3000455854495F504F52545F534F5552434593
:101F400028506F7274536F7572636529000000002A
:101F500049535F4750494F5F50494E5F534F555269
:101F600043452850696E536F757263652900000000
:101F700070B50D460446012818BF022C00F0E08120
:101F8000042C18BF082C00F0DB81A4F5A010103839
:101F90001CBFA4F5A010B0F1300000F0D181A4F571
:101FA000B01040381CBFA4F5B010B0F1C00000F074
:101FB000C781A4F5C010B0F580701CBFA4F5C01097
:101FC000B0F5007000F0BC81A4F5C010B0F5407011
:101FD0001CBFA4F5C010B0F5023000F0B181A4F52B
:101FE000C010B0F5033018BFB4F5805F00F0A881D1
:101FF000B4F5E91F18BFB4F5EA1F00F0A181B4F5EC
:10200000EB1F18BFB4F5004F00F09A816FF4001079
:10201000C4421CBFA4F50010B0F1020000F0908192
:10202000A4F50010001F1CBFA4F50010B0F10800BB
:1020300000F08681A4F5001010381CBFA4F54010F4
:10204000B0F5807000F07C81A4F54010B0F5007010
:102050001CBFA4F54010B0F5806000F07181FB4812
:1020600084421CBF6FF08040C44200F06981F84890
:1020700084421CBFF748844200F06281F6488442E3
:102080001CBFF648844200F05B81F54884421CBFC7
:10209000F448844200F05481F34884421CBFF34862
:1020A000844200F04D81F24884421CBFF1488442D2
:1020B00000F04681F04884421CBFF048844200F0A2
:1020C0003F81A4F18040B0F5F2101CBFA4F1804024
:1020D000B0F5F41000F03481A4F18040B0F5F610B2
:1020E0001CBFE748844200F02B81E64884421CBFB5
:1020F000E548844200F02481A4F18040B0F1907062
:102100001CBFE248844200F01B81E14884421CBFAE
:10211000A4F18040B0F1846000F01281DD48844277
:102120001CBFDD48844200F00B81DC4884421CBFA8
:10213000DB48844200F00481DA4884421CBFDA485C
:10214000844200F0FD80D94884421CBFD8488442B4
:1021500000F0F680D74884421CBFD748844200F084
:10216000EF80D64884421CBFD548844200F0E88006
:10217000D44884421CBFD448844200F0E180A4F1DA
:102180008040B0F579101CBFA4F18040B0F57B1001
:102190007ED0CE4884421CBFCD48844278D0CD4802
:1021A00084421CBFCC48844272D0CC4884421CBFBD
:1021B000CB4884426CD0CB4884421CBFCA4884427E
:1021C00066D0CA4884421CBFC948844260D0C9480E
:1021D00084421CBFC84884425AD0C84884421CBFAD
:1021E000C748844254D0C74884421CBFA4F1005061
:1021F000B0F580504CD0A4F10050B0F580401CBF29
:10220000A4F10050B0F5004042D0BF4884421CBF4A
:10221000BE4884423CD0BE4884421CBFBD48844274
:1022200036D0BD4884421CBFBC48844230D0BC4834
:1022300084421CBFBB4884422AD0BB4884421CBF96
:10224000BA4884427CD0A4F5001080381CBFA4F5A5
:10225000B010B0F1800073D0A4F1815080381CBF61
:10226000A4F18150B0F140006AD0A4F1815020382F
:102270001CBFA4F18150B0F1100061D0A4F18150D5
:1022800008381CBFA4F18150B0F1040058D000E020
:1022900056E0A4F18150801E1CBF6FF08150C442F3
:1022A0004ED0A4F18050B0F500401CBFA4F1805086
:1022B000B0F5804044D0A4F18050B0F5005018BF74
:1022C000B4F1102F3CD0A4F18050B0F500601CBFD9
:1022D000A4F18050B0F5806032D0A4F18050B0F508
:1022E00000701CBFA4F18050B0F5807028D0A4F11C
:1022F000805080381CBFA4F18050B0F140001FD046
:10230000A4F1805020381CBFA4F18050B0F110001F
:1023100016D0A4F1805008381CBFA4F18050B0F151
:1023200004000DD0A4F18050801E1CBF6FF08050BF
:10233000C44205D040F27A227DA18CA005F040FF76
:10234000002D18BF012D05D040F27B2278A18DA071
:1023500005F036FF924A14F0004F18BFD0691ED026
:1023600090491FFA84FC04EA0106C4F340510B01B2
:10237000A1B29940B6F5401F21D014F4801F24D09B
:1023800014F4001F4FF00303C4F3034603FA06F3EB
:1023900018BF1B04984314F0E04F52D11EE114F013
:1023A000804F18BF106ADBD114F0005F18BF506A6D
:1023B000D6D114F0805F14BF906A5068D0E753689C
:1023C00020F0706023F07063FAE014F0807F25D075
:1023D00014F0040F1AD014F0007F20EA01000ED090
:1023E00035B1536843F0010343F070635360F8E084
:1023F000516821F0010141F070615160F2E05368D1
:1024000023F0010343F070635360E9E04CF0040CE7
:102410000CFA03F39843002DEAD0E2E714F0806F42
:1024200011D014F0080F0FD014F0007F20EA010043
:102430000BD03DB1536843F0080343F07063536021
:10244000CFE0CDE0B0E0C5E0BCE0B4E00004008047
:1024500002001140060011402000144030001440DA
:1024600040001640C000164000021840000318400B
:1024700000041A40000C1A4000101C4000301C40A0
:102480000100304002003040030030400400204191
:102490000400204308002044080020461000344077
:1024A0002000344030003440400036408000364048
:1024B000C0003640000238400003384000043A4073
:1024C000000C3A4000103C4000303C40010010201D
:1024D0000200102003001020040012200800122027
:1024E0000C00122010001420300014204000162090
:1024F000C000162000011820000218200003182038
:1025000000041A20000C1A200100202002002020C4
:102510000400202008002020100034203000342047
:1025200040002020800020200001202000022020E8
:102530002E2E5C6669726D776172655C6E333267F0
:102540003435785F7374645F7065726970685F6456
:1025500072697665725C7372635C6E3332673435B0
:10256000785F6770696F2E630000000049535F4712
:1025700050494F5F52454D415028526D7050696E21
:102580002900000049535F46554E4354494F4E4180
:102590004C5F535441544528436D642900000000AA
:1025A0000000014000003070516821F0080141F046
:1025B0007061516016E0536823F0080343F07063C4
:1025C00053600DE04CF0080C0CFA03F39843002D17
:1025D000EAD02FE7884314F0E04F01D140F070605B
:1025E00005B1084314F0004F1CBFD06170BD14F05A
:1025F000804F1CBF106270BD14F0005F1CBF5062A2
:1026000070BD14F0805F14BF9062506070BD000018
:102610002DE9F04104460026A0F180400D46B0F5BA
:1026200084301CBFA4F18040B0F586301CD0A4F1EA
:102630008040B0F588301CBFA4F18040B0F58A30EE
:1026400012D0A4F18040B0F58C301FBFA4F18040BF
:10265000B0F58E30A4F18040B0F5903004D0BE22A9
:102660003FA14EA005F0ACFDE878002818BF042873
:1026700010D0282818BF48280CD0142818BF1028BC
:1026800008D01C2818BF182804D0BF2234A14AA0A3
:1026900005F096FD288820B9C02231A151A005F08F
:1026A0008FFDE87800F00F0710F0100F0FD0A8781A
:1026B000002818BF022808D0012818BF032804D01A
:1026C000C72227A150A005F07BFDA87807432878F2
:1026D0004FF00F0C10F0FF0F4FF0010318BF2168EF
:1026E00019D02A8803FA06F0024082420FD1B200C4
:1026F0000CFA02F821EA080107FA02F21143EA781B
:10270000282A08BF606102D0482A08BF2061761CD1
:10271000082EE6D321602888FF2886BF6268002043
:10272000BDE8F08100F108012E8803FA01F10E40A6
:102730008E420FD186000CFA06F822EA080207FA48
:1027400006F63243EE78282E08BF6161EE78482EF7
:1027500008BF2161401C0828E4D36260BDE8F08115
:102760002E2E5C6669726D776172655C6E333267BE
:102770003435785F7374645F7065726970685F6424
:1027800072697665725C7372635C6E33326734357E
:10279000785F6770696F2E630000000049535F47E0
:1027A00050494F5F414C4C5F504552495048284773
:1027B00050494F782900000049535F4750494F5F07
:1027C0004D4F4445284750494F5F496E69745374D3
:1027D000727563742D3E4750494F5F4D6F64652994
:1027E0000000000049535F4750494F5F50494E2851
:1027F0004750494F5F496E69745374727563742D05
:102800003E50696E2900000049535F4750494F5FB1
:102810005350454544284750494F5F496E697453AA
:1028200074727563742D3E4750494F5F53706565F0
:102830006429000070B505460026A0F180400C46D2
:10284000B0F584301CBFA5F18040B0F586301DD0B6
:10285000A5F18040B0F588301CBFA5F18040B0F5EF
:102860008A3013D0A5F18040B0F58C301FBFA5F1A0
:102870008040B0F58E30A5F18040B0F5903005D0A5
:1028800040F229121BA12AA005F09AFC012C18BFC6
:10289000022C28D0042C18BF082C24D0102C18BFD0
:1028A000202C20D0402C18BF802C1CD0B4F5807F69
:1028B00018BFB4F5007F16D0B4F5806F18BFB4F51B
:1028C000006F10D0B4F5805F18BFB4F5005F0AD078
:1028D000B4F5804F18BF052C05D04FF4957205A1B3
:1028E0001AA005F06DFCA868204218BF01263046EA
:1028F00070BD00002E2E5C6669726D776172655C3A
:102900006E3332673435785F7374645F70657269F3
:1029100070685F6472697665725C7372635C6E3353
:1029200032673435785F6770696F2E63000000008E
:1029300049535F4750494F5F414C4C5F50455249A6
:102940005048284750494F782900000049535F47B5
:1029500045545F4750494F5F50494E2850696E2992
:102960000000000070B50446A0F180400D46B0F5AF
:1029700084301CBFA4F18040B0F586301DD0A4F196
:102980008040B0F588301CBFA4F18040B0F58A309B
:1029900013D0A4F18040B0F58C301FBFA4F180406B
:1029A000B0F58E30A4F18040B0F5903005D04FF4F2
:1029B000C57206A114A005F003FC2DB940F28B12DC
:1029C00002A118A005F0FCFB656170BD2E2E5C66AF
:1029D00069726D776172655C6E3332673435785F2A
:1029E0007374645F7065726970685F64726976653C
:1029F000725C7372635C6E3332673435785F677014
:102A0000696F2E630000000049535F4750494F5FD4
:102A1000414C4C5F504552495048284750494F78E7
:102A20002900000049535F4750494F5F50494E28E5
:102A300050696E290000000070B50446A0F1804086
:102A40000D46B0F584301CBFA4F18040B0F586304F
:102A50001DD0A4F18040B0F588301CBFA4F18040A7
:102A6000B0F58A3013D0A4F18040B0F58C301FBF90
:102A7000A4F18040B0F58E30A4F18040B0F59030E4
:102A800005D040F2731206A114A005F099FB2DB9F0
:102A90004FF4BA7202A118A005F092FB256170BD37
:102AA0002E2E5C6669726D776172655C6E3332677B
:102AB0003435785F7374645F7065726970685F64E1
:102AC00072697665725C7372635C6E33326734353B
:102AD000785F6770696F2E630000000049535F479D
:102AE00050494F5F414C4C5F504552495048284730
:102AF00050494F782900000049535F4750494F5FC4
:102B000050494E2850696E290000000010B582B06F
:102B10006946002002F09CFA01A9002002F032FA76
:102B2000DFF898C09DF800008CF804009DF80100C3
:102B30008CF805009DF802008CF806009DF8051041
:102B40008CF802109DF806308CF803309DF80720B1
:102B5000012902F5FA60ACF8000018BF022904D17F
:102B600001F10C00C1B202F2CF704A1C02EB42022A
:102B700040F2676412FB04F203EB410100EB5232B6
:102B800011444AF2D73202FB002201EB9001A1EB83
:102B900092514FF4C872B0FBF2F00144084B084662
:102BA0000022C3FB01208210A2EBE070A0EBC0006A
:102BB0000844401C8CF8070002B010BD360000200D
:102BC0009324499201A004F075FEFBE7766F6964D7
:102BD00020486172644661756C745F48616E646C14
:102BE000657228766F6964290D0A000070B50F4C74
:102BF000A078002808BF70BD0025A57000F030F84F
:102C00002078401CC0B220700A2838BF70BD2570E3
:102C1000BFF34F8F06480168064A01F4E061114393
:102C20000160BFF34F8F00BFFDE700006D00002083
:102C30000CED00E00400FA05044901208870AFF2B1
:102C400007024EF660210A2004F012BE6D0000203B
:102C5000024A4EF660210A2004F00ABE392C000810
:102C600070B59CB0474A48A10EA804F033FE4FF45B
:102C70007A7005F0A3FD060004BF1CB070BD0020F3
:102C8000307044A13046FDF7D9FA434C43A101A866
:102C9000227804F01FFE01A93046FDF7CFFA6278D2
:102CA00044A101A804F016FE01A93046FDF7C6FABA
:102CB000464D47A101A82A8804F00CFE01A9304620
:102CC000FDF7BCFA48A101A86A6804F003FE01A957
:102CD0003046FDF7B3FA2A8949A101A804F0FAFDAC
:102CE00001A93046FDF7AAFA2A7C4BA101A804F0FD
:102CF000F1FD01A93046FDF7A1FA4DA101A8EA684E
:102D000004F0E8FD01A93046FDF798FA62884EA16B
:102D100001A804F0DFFD01A93046FDF78FFAA28873
:102D200050A101A804F0D6FD01A93046FDF786FAAE
:102D300053A101A8A26804F0CDFD01A93046FDF71A
:102D40007DFA56A101A8E26804F0C4FD01A930464D
:102D5000FDF774FA57A13046FDF770FA3046FDF7DB
:102D60008BFA84B20EA8FDF787FA82B233460EA919
:102D70000120009402F032FD304605F0B9FA1CB093
:102D800070BD0000040000207374617475732F25FA
:102D9000730000005B000000840000207B20226B99
:102DA000223A224F6E222C2276223A222564227D5C
:102DB0002C0000007B20226B223A224C6F636B2296
:102DC0002C2276223A222564227D2C00EC0B002056
:102DD0007B20226B223A2256222C2276223A22256E
:102DE00064227D2C000000007B20226B223A2243CB
:102DF000222C2276223A222564227D2C000000001B
:102E00007B20226B223A2250222C2276223A222543
:102E100064227D2C000000007B20226B223A22508D
:102E200066222C2276223A222564227D2C00000084
:102E30007B20226B223A2245222C2276223A22251E
:102E400064227D2C000000007B20226B223A224F5E
:102E500076657256222C2276223A222564227D2C17
:102E6000000000007B20226B223A22556E646572BE
:102E700056222C2276223A222564227D2C00000044
:102E80007B20226B223A224F76657243222C2276D7
:102E9000223A222564227D2C000000007B20226B38
:102EA000223A224F76657250222C2276223A22252F
:102EB00064227D005D0000002DE9F84380464FF458
:102EC0008057ADF800700420394E8DF803000024BF
:102ED00069463046FFF79CFB00254FF40051304611
:102EE000FFF740FD022005F0E5F94FF400513046B0
:102EF000FFF7A2FD6006040E4FF480513046FFF745
:102F000099FC00281CBF601CC4B2012005F0D2F956
:102F1000681CC5B2082DE0D310254FF00109B8F1A7
:102F2000000F4FF40051304620D0FFF71BFDADF8E5
:102F300000708DF803508DF8029069463046FFF717
:102F400067FB29023046FFF70DFD022005F0B2F9BC
:102F500069023046FFF770FD022005F0ABF9690207
:102F60003046FFF7FFFC2046BDE8F883FFF7FAFC88
:102F7000ADF800708DF803508DF802906946304628
:102F8000FFF746FB4FF480513046FFF755FD022016
:102F900005F090F94FF400513046FFF74DFD022047
:102FA00005F088F94FF400513046FFF7DBFCDAE713
:102FB000000C0140F8B505464FF48050ADF8000014
:102FC00010208DF803000120184E8DF8020069468C
:102FD0003046FFF71DFB71143046FFF7C3FC002499
:102FE00015F0800F4FF48051304602D0FFF724FDDA
:102FF00001E0FFF7B7FC6806050E022005F05AF95C
:103000004FF400513046FFF717FD022005F052F94A
:103010004FF400513046FFF7A5FC022005F04AF9B5
:10302000601CC4B2082CDBD3F8BD0000000C0140CA
:1030300038B54FF48050ADF8000010208DF8030033
:1030400001200F4C8DF8020069462046FFF7E0FA98
:10305000A1142046FFF7F0FC61142046FFF7ECFCBA
:10306000022005F027F9A1142046FFF77BFC02207F
:1030700005F020F961142046BDE83840FFF772BC26
:10308000000C014038B54FF48050ADF8000010201E
:103090008DF8030001200C4C8DF802006946204693
:1030A000FFF7B6FAA1142046FFF75CFC6114204636
:1030B000FFF7C2FC022005F0FDF8A1142046BDE890
:1030C0003840FFF7B9BC0000000C0140F8B54FF4E0
:1030D0008056ADF800600420264D8DF803000024D2
:1030E00069462846FFF794FAA9142846FFF7A4FC7E
:1030F000012005F0DFF869142846FFF79DFC012048
:1031000005F0D8F8A9142846FFF794FB50B3601CCB
:10311000C4B2FA2C1FD9ADF8006010208DF803005E
:1031200001208DF8020069462846FFF771FA4FF436
:1031300080512846FFF716FC4FF400512846FFF750
:103140007BFC022005F0B6F84FF480512846FFF7CB
:1031500073FC0120F8BD4FF480512846FFF76AFB4D
:103160000028D4D14FF400512846FFF7FBFB002084
:10317000F8BD0000000C014010B4C268D0F804C0D3
:10318000531C93FBFCF40CFB1433D0F808C06345CC
:1031900004BF10BC704703689954C1684268491C59
:1031A00091FBF2F302FB1311C16010BC70470000E9
:1031B0002DE9F04F584E83B00027307B10B1012825
:1031C00013D09EE07079401C707100F09FFE0A21C0
:1031D00052A004F005FB4FF47A717770524A0F2029
:1031E00004F046FB012030738BE000F083FE0028E2
:1031F00004BF03B0BDE8F08F4C4C206801F0FCF92F
:1032000001464B482268FEF703FE4AA14848FDF7F5
:1032100021F8002871D000F108040930FDF78CFC7A
:1032200005462046FDF788FC00EB800005EB4000DA
:1032300000F5FA68201DE41CFDF77EFC05462046DB
:10324000FDF77AFC00EB800005EB4000C0B2029075
:10325000201DE41CFDF770FC05462046FDF76CFCC4
:1032600000EB800005EB400000F0FF0933A130487F
:10327000FCF7F0FF00283BD0441C7771801CFDF761
:103280005BFC05462046FDF757FC00EB800005EB94
:103290004000C0B210282CBF10380830C5B204F16D
:1032A000040B5846E41CFDF747FC82462046FDF718
:1032B00043FC00EB80000AEB400000F0FF0A584698
:1032C000FDF73AFC83462046FDF736FC00EB800014
:1032D0000BEB4000C0B2CDE900A02B464A46404669
:1032E000029902F0A1FA377303B00120BDE8F08F14
:1032F00070790A2804D108E0FFE770790A2804D021
:10330000377303B00020BDE8F08F7771377303B0D7
:103310000220BDE8F08F00005400002041542B43F0
:10332000434C4B3F0D0A00002D3F00085000002089
:10333000B01000202B43434C4B3A00002C000000FF
:103340002DE9F047B44E0024DFF8D092B07BADF504
:10335000C56D25464FF001082746092880F05581A4
:10336000DFE800F005121B2D8E97ADFDFC00F07814
:10337000012807BFF770042086F80E800DF5C56D93
:1033800018BFBDE8F08795E04FF47A717770A44AD2
:103390000F2004F06DFA02208CE000F0ABFD002855
:1033A00076D000F0B3FD11219EA004F019FA64213B
:1033B00077709B4A0F2004F05BFA03207AE000F05C
:1033C00099FD002877D0D9F8000001F015F90146E1
:1033D0009948D9F80020FEF71BFD98A19648FCF704
:1033E00039FF002800F0118197A19348FCF732FFC4
:1033F0001030044601782C2903D010F8011F2C2925
:10340000FBD1001BA0F10108C8216846FCF70BFFA7
:10341000424621466846FCF7EDFE04EB08008EA10B
:10342000FCF718FF002800F0F080841C81780DF56F
:10343000C1602C2907D014F8011B4155691C8DB2BD
:1034400021782C29F7D14755FCF72BFF0546C821D9
:103450006846FCF7E8FE2A46611C6846FCF7CAFE8F
:103460001A2D07D0A9B20122684600F08FFCB7736D
:1034700000F0CBB81A210022684600F087FCF6E77E
:1034800064217770664A0F2004F0F2F9052011E0FC
:1034900011E000F02FFD00280DD000F037FD0821CD
:1034A0006EA004F09DF9642177705D4A0F2004F04E
:1034B000DFF90620B0730DF5C56DBDE8F08700F0AB
:1034C00019FD002804BF0DF5C56DBDE8F087D9F8DA
:1034D000000001F091F801465748D9F80020FEF7A6
:1034E00097FC61A15448FCF7B5FE28B310F8061FFD
:1034F0002C2904D010F8011F641C2C29FAD1DFF804
:1035000070817125A0EB040A08F52379012C02D003
:10351000022C12D02EE05046FDF70EFBA5EB40002A
:10352000C2B254A10DF2DC5004F0D4F99DF8DC05D0
:1035300088F88C0289F801701CE00AF10100FDF79F
:10354000FBFA04465046FDF7F7FA00EB800004EB67
:103550004000A5EB4000C2B246A101E041E00CE012
:103560000DF2DC5004F0B6F9BDF8DC05A8F88C02C9
:1035700089F802700720B0739DE70E213EA004F089
:103580002FF9318A404804F02BF9022132A004F0CF
:1035900027F906213DA004F023F9728A35A10DF523
:1035A000BC6004F097F90DF5BC60FCF765FE81B2D4
:1035B0000DF5BC6004F014F9022132A004F010F9FA
:1035C000718A344804F00CF9032133A004F008F99F
:1035D000F770C8217770124A0F2004F049F90820CB
:1035E00068E700F087FC00283FF465AFD9F80000D9
:1035F00001F002F801461048D9F80020FEF708FC57
:1036000026A10D48FCF726FE08B1B77353E786F8EC
:103610000080B770B7734EE75400002050000020C0
:103620002D3F000841542B4D515454524541443DC7
:10363000302C310D0A000000B01000202B4D5154E9
:1036400054524541443A00002B4D51545452454187
:10365000443A20302C302C00222C000041542B43C3
:1036600053510D0A000000002B4353513A20000033
:10367000001400202564000041542B4D5154545037
:1036800055423D302C220000000C0020302C302C04
:10369000302C0000C80C0020220D0A004F4B000007
:1036A0002DE9F041214C224F0025A07920B10128BD
:1036B0001FD0022831D02DE01E4EA570306800F0DA
:1036C0009BFF01461C483268FEF7A2FB00F01EFC7F
:1036D0004FF400413846FFF7AFF94FF4FA716570C7
:1036E000164A0F2004F0C4F80120A0710020BDE8A4
:1036F000F08100F0FFFB68B14FF400413846FFF75E
:1037000031F942F2107165700C4A0F2004F0B0F8E4
:103710000220A0710020BDE8F08100F0EBFB002842
:103720001CBFA5710120BDE8F081000054000020FD
:103730000008014050000020B01000202D3F00087C
:1037400038B54FF40040ADF8000010208DF80300AC
:103750000120064C8DF8020069462046FEF758FF0E
:103760004FF400412046FFF767F938BD00080140DB
:10377000464810B5C07B0B2828BF10BDDFE800F01D
:103780000618263446545E0F680F7A00FFF788FF4C
:10379000002808BF10BD012802D0022804D010BDA7
:1037A0003A490120C87310BD38490020C87310BDC4
:1037B00000F0BAFD002808BF10BD012802D0022881
:1037C000F2D010BD31480221C17310BD00F05CFD84
:1037D000002808BF10BD012802D00228E4D010BD87
:1037E0002A490320C87310BD00F0FEFC002808BF62
:1037F00010BD012806D0022818BF10BD00212348A3
:10380000C17310BD21490420C87310BDFFF7D0FC5F
:10381000002808BF10BD012802D00228C4D010BD66
:103820001A490820C87310BD01F08AFF002808BF9C
:1038300010BD0128F4D00228B6D010BDFDF72EF936
:10384000002808BF10BD0128EAD00228ACD010BD66
:1038500000F07CF8002808BF10BD012802D0022823
:10386000A2D010BDFFF7FCF908480A21C17301215D
:10387000817010BD05480178012902D10021017035
:10388000C173BDE81040FFF75BBD0000540000208D
:10389000010004484FF0100101D0FFF763B8FFF7B3
:1038A000CBB8000000100140010004484FF0800137
:1038B00001D0FFF757B8FFF7BFB80000000801407C
:1038C000144A10B51078144C01280CD10020107047
:1038D0009178491CC9B2917001290FD090702021B4
:1038E0002046FFF73FF804F02BFD00284FF0800141
:1038F00020460AD0BDE81040FFF734B8FFF706F9BC
:1039000020212046FFF798F8EDE7BDE81040FFF7CB
:1039100093B800002A00002000080140010004487C
:103920004FF0010101D0FFF71DB8FFF785B8000087
:10393000000C0140044901200870AFF207024FF467
:103940007A7103F095BF00002A00002010B5CC4822
:1039500096B0407B0C2834D2DFE800F0061A3648D7
:1039600062748EE6FDFCFBFA00F0D0FA1921C5A0C6
:1039700003F036FFC24C00204FF4FA616070C84A71
:103980000F2003F075FF0120607316B0002010BDFA
:1039900000F0B0FA002804BF16B010BDC14C20687A
:1039A00000F02AFE0146C0482268FEF731FABFA1A6
:1039B000BD48FCF74FFC002800F05B81B0490220B5
:1039C000487316B0002010BD00F0A0FA1821B8A06E
:1039D00003F006FFAA4C00204FF4FA616070B04A71
:1039E0000F2003F045FF03206073EAE700F082FA3E
:1039F000002804BF16B010BDAA4C206800F0FCFDE2
:103A00000146A9482268FEF703FAA8A1A648FCF7D8
:103A100021FC002800F02D81994904204873D0E74B
:103A200000F074FA1D21A9A003F0DAFE944C0020E6
:103A30004FF4FA6160709A4A0F2003F019FF0520D5
:103A400000F0F1B800F056FA002804BF16B010BD1F
:103A5000944C206800F0D0FD014693482268FEF7A0
:103A6000D7F992A19048FCF7F5FB002800F00181FE
:103A7000834906204873A4E700F048FA0F219BA071
:103A800003F0AEFEC621B820CDE90001EA233122C1
:103A90009AA102A803F01EFF02A8FCF7EDFB81B279
:103AA00002A803F09DFE42F6483298A102A803F056
:103AB00011FF02A8FCF7E0FB81B202A803F090FE20
:103AC000022193A003F08CFE92494FF461620879C1
:103AD00010FB02F248798979C0EB001002EB8000FC
:103AE0000844FCF77FFBFCF773FB024687A10CA898
:103AF00003F0F0FE0CA8FCF7BFFB81B20CA803F0AA
:103B00006FFE022184A003F06BFE4321834803F083
:103B100067FE5B4C002044F620616070604A0F2015
:103B200003F0A6FE07207EE000F0E4F9002804BFC1
:103B300016B010BD5B4C206800F05EFD01465A488F
:103B40002268FEF765F976A15748FCF783FB03E08E
:103B50006BE048E027E005E000287DD048490820D8
:103B600048732EE700F0D2F9162173A003F038FE57
:103B7000774A78A102A803F0ADFE02A8FCF77CFB0F
:103B800081B202A803F02CFE052173A003F028FEE9
:103B90003B4C002042F210716070414A0F2003F04C
:103BA00067FE09203FE000F0A5F9002804BF16B029
:103BB00010BD3C4C206800F01FFD01463A482268C9
:103BC000FEF726F939A13848FCF744FB044664A106
:103BD0003548FCF73FFB002C18BF002849D0284986
:103BE0000A204873EDE600F091F91B215FA003F075
:103BF000F7FD574A57A102A803F06CFE02A8FCF794
:103C00003BFB81B202A803F0EBFD052152A003F0BB
:103C1000E7FD1B4C002042F210716070204A0F201B
:103C200003F026FE0B206073CBE600F063F900285A
:103C300004BF16B010BD1B4C206800F0DDFC01462F
:103C400019482268FEF7E4F818A11748FCF702FBB0
:103C5000044643A1144800E00BE0FCF7FBFA002CFB
:103C600018BF002805D006490020487316B001206F
:103C700010BD03490020487316B0022010BD00009B
:103C80005400002041542B4D5154544346473D228B
:103C9000636163686564222C302C310D0A000000DA
:103CA0002D3F000850000020B01000204F4B0000B6
:103CB00041542B4D5154544346473D22636C65613A
:103CC0006E222C302C310D0A0000000041542B4D87
:103CD0005154544346473D226B656570616C69766B
:103CE00065222C302C36300D0A00000041542B4D3B
:103CF000515454434F4E4E3D302C220025642E2506
:103D0000642E25642E2564222C000000256400000A
:103D10002C22000036000020222C000070B1000888
:103D20002B4D5154545552433A2022636F6E6E22EC
:103D30002C302C300000000041542B4D5154545372
:103D400055423D302C22636F6E74726F6C2F0000F1
:103D50000400002025730000222C300D0A00000012
:103D60002B4D5154545355423A20300041542B4D61
:103D70005154545355423D302C2273746174757301
:103D80005F7265706C792F00FEE700002DE9F04747
:103D9000484F00259CB0884604460126CAB1012A36
:103DA0001CBF1CB0BDE8F0877E700120FDF7E3F971
:103DB0003D70424621464048FCF71CFA3F4840A16E
:103DC000A0F800803C48FCF75EFA434C002858D12C
:103DD0004AE07E700120FDF7CEF93D702068029028
:103DE0008DF80C5002A8FCF75CFA1FFA80FAB4F8C0
:103DF0000500ADF808008DF80A5002A8FCF751FA4A
:103E000000F0FF092089ADF808008DF80A5002A8DB
:103E1000FCF747FA00F0FF08B4F80B00ADF8080013
:103E20008DF80A5002A8FCF73CFAC7B2E089ADF859
:103E300008008DF80A5002A8FCF733FAC6B2B4F8AD
:103E40001100ADF808008DF80A5002A8FCF729FA15
:103E5000C0B2CDE900603B4642464946504601F0BB
:103E6000E3FC1CB0BDE8F087002001F0B5FB0020AA
:103E7000FDF7BEF9257029460420FDF767FDFEF722
:103E8000EFFE16A10C48FCF7FEF900281CBF1CB081
:103E9000BDE8F087012001F09FFB0120FDF7A8F9A4
:103EA000314626700420FDF751FDFEF7D9FE1CB007
:103EB000BDE8F0876D00002098000020340000204D
:103EC0005B7B226B223A224F6E222C2276223A22F0
:103ED00030227D5D00000000840000205B7B226BAF
:103EE000223A224F6E222C2276223A2231227D5D06
:103EF0000000000004494878002808BF70470120EE
:103F000000224A7070470000540000200020054A3B
:103F100001461154401C80B2B0F57A7FF9D30248B3
:103F200081827047B0100020540000200149012018
:103F30004870704754000020704738B535208DF820
:103F4000000001248DF8014000258DF802508DF805
:103F50000340684600F032F826208DF800008DF806
:103F600001408DF802508DF80340684600F026F8B5
:103F700027208DF800008DF801408DF802508DF853
:103F80000340684600F01AF834208DF800008DF8E0
:103F900001508DF802508DF80340684600F00EF88D
:103FA00008208DF800008DF801508DF802408DF842
:103FB0000340684600F002F838BD000070B50446C2
:103FC000C0780F25002818BF012804D07D2223A126
:103FD0002FA004F0F5F86078102804D37E221FA1EA
:103FE0003A4804F0EDF8A078102804D37F221BA1F2
:103FF000374804F0E5F8E078012210B3354800684E
:10400000637800F4E060C0F5E060000AC0F10401EC
:1040100003FA01F1A37825FA00F01840084321784B
:10402000000101F1E02181F80004207800F01F0177
:1040300002FA01F14009800000F1E020C0F800110F
:1040400070BD207800F01F0102FA01F140098000E4
:1040500000F1E020C0F8801170BD00002E2E5C66DB
:1040600069726D776172655C6E3332673435785F83
:104070007374645F7065726970685F647269766595
:10408000725C7372635C6D6973632E630000000081
:1040900049535F46554E4354494F4E414C5F53542C
:1040A000415445284E5649435F496E6974537472B2
:1040B0007563742D3E4E5649435F495251436861C2
:1040C0006E6E656C436D642900000000D8B0000876
:1040D00094B000080CED00E010B50446B0F5E06FB8
:1040E00018BFB4F5C06F0CD0B4F5A06F1CBFB4F509
:1040F000806FB4F5407F04D06C2205A111A004F0BC
:104100005FF81B4944F0FD7040F08060086010BD0E
:104110002E2E5C6669726D776172655C6E333267F4
:104120003435785F7374645F7065726970685F645A
:1041300072697665725C7372635C6D6973632E631A
:104140000000000049535F4E5649435F5052494FAB
:10415000524954595F47524F5550284E5649435F74
:104160005072696F7269747947726F7570290000B7
:104170000CED00E010B5040018BF012C04D086221D
:1041800003A111A004F01CF81648046210BD000041
:104190002E2E5C6669726D776172655C6E33326774
:1041A0003435785F7374645F7065726970685F64DA
:1041B00072697665725C7372635C6E333267343534
:1041C000785F7077722E630049535F46554E4354B3
:1041D000494F4E414C5F535441544528436D642927
:1041E0000000000000000E4270B51D4C0025607AF2
:1041F00010B1012813D010E02079401C2071FFF786
:1042000085FE0B2117A003F0EBFA64216570184AB4
:104210000F2003F02DFB01206072002070BDFFF71E
:1042200069FE002808BF70BD124E306800F0E4F946
:10423000014611483268FDF7EBFD10A10E48FCF76E
:1042400009F818B165722571012070BD2079B42874
:1042500098BF6572E1D925716572022070BD0000BA
:104260005400002041542B43474154543F0D0A0051
:104270002D3F000850000020B01000202B43474184
:1042800054543A203100000070B51D4C0025207AAE
:1042900010B1012813D010E02079401C2071FFF7E5
:1042A00035FE0B2117A003F09BFA64216570184AB4
:1042B0000F2003F0DDFA01202072002070BDFFF70F
:1042C00019FE002808BF70BD124E306800F094F946
:1042D000014611483268FDF79BFD10A10E48FBF71F
:1042E000B9FF18B125722571012070BD2079B4285D
:1042F00098BF2572E1D925712572022070BD00009A
:104300005400002041542B43455245473F0D0A00BD
:104310002D3F000850000020B01000202B434552D4
:1043200045473A20302C31008B4810B5C0790B2816
:104330003BD2DFE800F006223C495163748C9CCCF0
:10434000DD00864C206800F057F901468448226859
:10435000FDF75EFDFFF7DAFD042182A003F040FACD
:104360007D4C00204FF4FA616070804A0F2003F00A
:104370007FFA0120E071002010BDFFF7BBFD00288F
:1043800008BF10BD754C206800F036F9014674482E
:104390002268FDF73DFD76A17148FBF75BFF002821
:1043A00000F0D4806C490220C871002010BD6A4C16
:1043B00000204FF4FA6160706C4A0F2003F058FA45
:1043C0000320E071002010BDFFF794FD0028ECD021
:1043D00061490420C871E8E7FFF798FD062165A050
:1043E00003F0FEF95C4C0020642160705F4A0F20EE
:1043F00003F03EFA0520E071002010BDFFF786FDB6
:104400000A215EA003F0ECF9534C00206421607097
:10441000564A0F2003F02CFA0620E071C5E7FFF79B
:1044200069FD002808BF10BD4C4C206800F0E4F87E
:1044300001464B482268FDF7EBFC53A14848FBF7C7
:1044400009FF00287ED044490720C871ADE7FFF777
:104450005DFD0B2150A003F0C3F93F4C0020642107
:104460006070424A0F2003F003FA08203EE0FFF795
:1044700041FD002808BF10BD384C206800F0BCF892
:10448000014637482268FDF7C3FC46A13448FBF7D4
:10449000E1FE00285AD04549D0F80720C1F8912202
:1044A000D0F80B20C1F89522D0F80F20C1F899223E
:1044B000B0F81320A1F89D22407D81F89F0201F5FC
:1044C00023710020087524490920C8716DE7FFF7A2
:1044D0001DFD0A2136A003F083F91F4C0020642142
:1044E0006070224A0F2003F0C3F90A20E0715CE7F4
:1044F000FFF700FD002808BF10BD184C206800F031
:104500007BF8014616482268FDF782FC2BA114486F
:10451000FBF7A0FEB0B125498268C1F8A122C268AC
:10452000C1F8A5220269C1F8A9224269C1F8AD22E9
:104530008069C1F8B10201F52371002081F82900DA
:10454000054900E002E0C871012010BD02490020C9
:10455000C871022010BD000054000020500000204F
:10456000B010002041540D0A000000002D3F00084B
:104570004F4B0000415445300D0A000041542B437D
:1045800050494E3F0D0A00002B4350494E3A2052ED
:10459000454144590000000041542B4347534E3DD0
:1045A000310D0A002B4347534E3A200000140020DF
:1045B00041542B49434349440D0A00002B494343CE
:1045C00049443A200000000070B5102004F0F6F8CD
:1045D00004004FF0000508BF2C4607D040F2DD5024
:1045E000606004F0EBF8E560A560206001480460BD
:1045F00070BD0000500000200146D1E90220801A61
:1046000044BF49680844704710B504001CBF012C22
:10461000042C05D040F203320AA118A003F0D0FD0B
:104620001B48002180F8201080F82010012C08BFC2
:10463000012103D0042C0CBF052110BD80F82010EF
:1046400010BD00002E2E5C6669726D776172655C2C
:104650006E3332673435785F7374645F7065726986
:1046600070685F6472697665725C7372635C6E33E6
:1046700032673435785F7263632E630049535F524B
:1046800043435F4C5345285243435F4C53452900F5
:104690000010024010B5040018BFB4F5806F0DD0B3
:1046A000B4F5A06F1CBFB4F5C06FB4F5E06F05D0D2
:1046B00040F2C31205A113A003F082FD1849486817
:1046C00020F4E0602043486010BD00002E2E5C66A0
:1046D00069726D776172655C6E3332673435785F0D
:1046E0007374645F7065726970685F64726976651F
:1046F000725C7372635C6E3332673435785F7263F9
:10470000632E630049535F5243435F48434C4B5F02
:10471000444956285243435F48434C4B290000000C
:104720000010024010B50446B0F5807F1CBFB4F500
:10473000007FB4F5407F05D040F2333206A114A0CB
:1047400003F03EFD1B48016A21F440710162016AD9
:104750002143016210BD00002E2E5C6669726D77E8
:104760006172655C6E3332673435785F7374645F91
:104770007065726970685F6472697665725C737285
:10478000635C6E3332673435785F7263632E630027
:1047900049535F5243435F525443434C4B5F535220
:1047A00043285243435F525443434C4B536F7572FB
:1047B000636529000010024070B504460E480D469E
:1047C000044200D12CB940F2FE320CA119A003F032
:1047D000F7FC214E002D04BFF069A04309D0012D44
:1047E00005D040F2FF3205A11CA003F0E9FCF069FE
:1047F0002043F06170BD0000003301412E2E5C6645
:1048000069726D776172655C6E3332673435785FDB
:104810007374645F7065726970685F6472697665ED
:10482000725C7372635C6E3332673435785F7263C7
:10483000632E630049535F5243435F415042315FEF
:10484000504552495048285243435F4150423150ED
:1048500065726970682900000010024049535F4684
:10486000554E4354494F4E414C5F53544154452893
:10487000436D64290000000070B504460E480D46E3
:10488000044200D12CB940F2DF320CA119A003F090
:1048900097FC214E002D04BFB069A04309D0012D23
:1048A00005D04FF4787205A11CA003F089FCB06913
:1048B0002043B06170BD00000286E0FF2E2E5C66D2
:1048C00069726D776172655C6E3332673435785F1B
:1048D0007374645F7065726970685F64726976652D
:1048E000725C7372635C6E3332673435785F726307
:1048F000632E630049535F5243435F415042325F2E
:10490000504552495048285243435F41504232502B
:1049100065726970682900000010024049535F46C3
:10492000554E4354494F4E414C5F535441544528D2
:10493000436D64290000000010B5040018BF012C6D
:1049400005D04FF4517203A110A003F039FC1648B2
:10495000046010BD2E2E5C6669726D776172655CB5
:104960006E3332673435785F7374645F7065726973
:1049700070685F6472697665725C7372635C6E33D3
:1049800032673435785F7263632E630049535F4644
:10499000554E4354494F4E414C5F53544154452862
:1049A000436D6429000000003C044242324B30B4A5
:1049B0005968324A11405A6811F0006F02F480328F
:1049C0000CBF4FF0020C6FF4F77C0CEB9141002A06
:1049D00004BF2B4A514306D05A6812F4003F14BF5B
:1049E000274A284A51435A68DFF898C012F00C024F
:1049F00018BF042A03D0082A08BF016001D0C0F8FC
:104A000000C05A684FF00F0C1F4D0CEA1212D0F87C
:104A100000C0AA5C2CFA02F24260D3F804C007245A
:104A200004EA1C2C15F80CC022FA0CFCC0F808C0D3
:104A3000D3F804C004EADC2C15F80CC022FA0CFCF4
:104A4000C0F80CC0D3F82CC005F110040CF00F0C0A
:104A500014F80CC0B2FBFCF24261DA6A1F2303EACD
:104A6000121202F00F0204F1100333F81220B1FB0E
:104A7000F2F1016130BC70470010024000003C08B8
:104A800000093D0000127A002888000870B5002552
:104A90000446212818BF312C21D0392C18BF412CB5
:104AA0001DD0612C18BF732C19D0742C18BF752C15
:104AB00015D0772C18BF792C11D07A2C18BF7B2CED
:104AC0000DD07C2C18BF7D2C09D07E2C18BF7F2CDC
:104AD00005D040F2E3420CA119A003F071FB60097C
:104AE0001D49012808BF086803D002280CBF086AC6
:104AF000486A04F01F01012202FA01F1014218BFC5
:104B00000125284670BD00002E2E5C6669726D7707
:104B10006172655C6E3332673435785F7374645FDD
:104B20007065726970685F6472697665725C7372D1
:104B3000635C6E3332673435785F7263632E630073
:104B400049535F5243435F464C4147285243435FBA
:104B5000464C4147290000000010024038B503F0E0
:104B60006DFC4FF40060ADF8000010208DF80300DC
:104B70000120064C8DF8020069462046FDF748FDED
:104B8000E1142046FDF7EEFE38BD000000080140AC
:104B900002F0E2BD00210A2805D3491C0A38C0B240
:104BA000C9B20A28F9D2090740EA1160704700002B
:104BB00070B50026674D0C4600282AD0012805D084
:104BC0004FF4E37264A172A003F0FAFA286810F0BF
:104BD000400F00F07F802078010901EB810100F097
:104BE0000F0000EB4100C0B2401E0B2805D94FF466
:104BF000EE7259A16DA003F0E3FAE078002818BF27
:104C0000402800F0798040F2DD1253A16EA000F040
:104C100071B8286810F0400F13D02078401E0B2880
:104C200005D94FF4E6724CA16FA003F0C9FAE07801
:104C3000002818BF40280ED040F2CD1246A162A035
:104C400007E0E6702078172805D94FF4E97242A1F1
:104C50006FA003F0B5FA60783B2805D94FF4EA72EB
:104C60003DA175A003F0ACFAA0783B2805D940F22D
:104C7000D51239A17AA003F0A3FA2078FFF78AFFB2
:104C800006046078FFF786FF46EA0026A078FFF763
:104C900081FFE178304340EA01437B4CCA20206029
:104CA0005320206000F04CF970B1784878491840E2
:104CB00008607848016821F080010160286810F0E0
:104CC000200F08BF00F056FCFF202060BDE87040B8
:104CD00000F050BCE6702078010901EB810100F082
:104CE0000F0000EB4100C0B2172805D94FF4F17254
:104CF00019A169A003F064FA6078010901EB810150
:104D000000F00F0000EB4100C0B23B2805D94FF482
:104D1000F27211A16EA003F053FAA078010901EB21
:104D2000810100F00F0000EB4100C0B23B2805D923
:104D300040F2E51208A174A003F042FAA0782178AD
:104D4000E27840EA01406178090241EA024140EA22
:104D50000103A2E7082800402E2E5C6669726D7779
:104D60006172655C6E3332673435785F7374645F8B
:104D70007065726970685F6472697665725C73727F
:104D8000635C6E3332673435785F7274632E630010
:104D900049535F5254435F464F524D415428525439
:104DA000435F466F726D61742900000049535F5282
:104DB00054435F3132484F555228746D70726567A5
:104DC000697374657229000049535F5254435F4808
:104DD0003132285254435F54696D65537472756360
:104DE000742D3E483132290049535F5254435F319C
:104DF00032484F5552285254435F54696D6553747D
:104E0000727563742D3E486F75727329000000003F
:104E100049535F5254435F3234484F5552285254DD
:104E2000435F54696D655374727563742D3E486FAA
:104E3000757273290000000049535F5254435F4D5F
:104E4000494E55544553285254435F54696D655338
:104E500074727563742D3E4D696E757465732900A7
:104E600049535F5254435F5345434F4E4453285276
:104E700054435F54696D655374727563742D3E536A
:104E800065636F6E64732900242800407F7F7F0074
:104E9000002800400C28004049535F5254435F32C1
:104EA00034484F5552285254435F42636432546F22
:104EB00042797465285254435F54696D6553747226
:104EC0007563742D3E486F757273292900000000C8
:104ED00049535F5254435F4D494E555445532852F0
:104EE00054435F42636432546F427974652852546C
:104EF000435F54696D655374727563742D3E4D69DB
:104F00006E7574657329290049535F5254435F538A
:104F100045434F4E4453285254435F4263643254D6
:104F20006F42797465285254435F54696D655374B8
:104F3000727563742D3E5365636F6E647329290027
:104F400081B00F4900200090086810F0400F04BFA6
:104F50008020086010D10868009A00F04000521CC0
:104F60000092B2F5005F01D00028F4D0086810F07C
:104F7000400004BF01B07047012001B0704700003D
:104F80000C28004070B50C46050018BF012D05D057
:104F90004FF4377218A126A003F012F92B480068CD
:104FA00020F0C00121F07F410B0CC1F30422E3701B
:104FB00001F03F006270A070C1F342312170002DFA
:104FC00018BF70BD190901EB810103F00F0303EB5A
:104FD0004101E170110901EB810102F00F0202EBC6
:104FE00041016170010901EB810100F00F0000EB4C
:104FF0004100A07070BD00002E2E5C6669726D7756
:105000006172655C6E3332673435785F7374645FE8
:105010007065726970685F6472697665725C7372DC
:10502000635C6E3332673435785F7274632E63006D
:1050300049535F5254435F464F524D415428525496
:10504000435F466F726D61742900000004280040C0
:1050500070B50C46050018BF012D05D040F23D2269
:1050600018A126A003F0ACF82B4800682B494FF09C
:10507000400C0140C1F30542C1F30623227001F048
:105080007F006370A0700CEA1141E170002D18BF21
:1050900070BD110901EB810102F00F0202EB410129
:1050A0002170190901EB810103F00F0202EB4101AC
:1050B0006170010901EB810100F00F0000EB41007C
:1050C000A07070BD2E2E5C6669726D776172655C32
:1050D0006E3332673435785F7374645F70657269FC
:1050E00070685F6472697665725C7372635C6E335C
:1050F00032673435785F7274632E630049535F52B0
:1051000054435F464F524D4154285254435F466FBB
:10511000726D617429000000002800407F7F7F00CD
:1051200070B50546002600683446402818BF0028A0
:1051300004D0C7221EA12CA003F042F868687F2883
:1051400004D9C8221AA135A003F03AF8A868B0F52E
:10515000004F04D3C92216A13EA003F031F84B4BF7
:10516000CA20186053201860FFF7EAFEB0B1484823
:10517000016821F04001016001682A681143016063
:105180004448A96801600168AA8841EA02410160B7
:10519000001F016821F0800101600126FF201860D6
:1051A00040F2FF20641C8442FCD3304670BD0000F6
:1051B0002E2E5C6669726D776172655C6E33326744
:1051C0003435785F7374645F7065726970685F64AA
:1051D00072697665725C7372635C6E333267343504
:1051E000785F7274632E630049535F5254435F4883
:1051F0004F55525F464F524D4154285254435F49D8
:105200006E69745374727563742D3E5254435F48D3
:105210006F7572466F726D617429000049535F5259
:1052200054435F5052454449565F4153594E434899
:10523000285254435F496E69745374727563742DB8
:105240003E5254435F4173796E636850726564697E
:105250007629000049535F5254435F5052454449F8
:10526000565F53594E4348285254435F496E697400
:105270005374727563742D3E5254435F53796E6359
:105280006850726564697629000000002428004097
:10529000082800401028004070B50C46050000F0BA
:1052A0005F80012D05D040F2722256A163A002F06A
:1052B00087FFE078010901EB810100F00F0000EBAE
:1052C0004100C0B2632805D94FF420724DA162A0FD
:1052D00002F076FF6078010901EB810100F00F0018
:1052E00000EB4100C0B2401E0B2805D940F28222DB
:1052F00044A166A002F064FFA078010901EB8101DE
:1053000000F00F0000EB4100C0B2401E1E2805D97E
:105310004FF421723BA164A002F052FF21780129D1
:1053200018BF02290ED0032918BF04290AD0052965
:105330001CBF0629072905D040F2862231A161A0B1
:1053400002F03EFF002D2FD0A078E178227840EACD
:1053500001406178090241EA423140EA010333E049
:10536000607810F0100F03D020F010000A30607049
:10537000E078632805D940F27A2222A15BA002F0EE
:105380001FFF6078401E0B2805D940F27B221DA12B
:105390005FA002F015FFA078401E1E28BED94FF472
:1053A0001F7218A163A0B7E7E078FFF7F3FB0504CD
:1053B0006078FFF7EFFB45EA0025A078FFF7EAFBEE
:1053C0002178284340EA4133634CCA2020605320AF
:1053D0002060FFF7B5FD78B1604823F0C00101609F
:1053E0005F48016821F080010160001F006810F033
:1053F000200F08BF00F0BEF8FF202060BDE870401D
:1054000000F0B8B82E2E5C6669726D776172655CCB
:105410006E3332673435785F7374645F70657269B8
:1054200070685F6472697665725C7372635C6E3318
:1054300032673435785F7274632E630049535F526C
:1054400054435F464F524D4154285254435F466F78
:10545000726D61742900000049535F5254435F59D3
:10546000454152285254435F42636432546F42793B
:105470007465285254435F44617465537472756354
:10548000742D3E59656172292900000049535F520D
:1054900054435F4D4F4E544828746D707265676970
:1054A000737465722900000049535F5254435F448E
:1054B00041544528746D707265676973746572290B
:1054C0000000000049535F5254435F5745454B4429
:1054D0004159285254435F44617465537472756333
:1054E000742D3E5765656B446179290049535F52BD
:1054F00054435F59454152285254435F4461746597
:105500005374727563742D3E5965617229000000F1
:1055100049535F5254435F4D4F4E544828525443B1
:105520005F446174655374727563742D3E4D6F6E84
:105530007468290049535F5254435F4441544528DD
:105540005254435F446174655374727563742D3EA5
:1055500044617465290000002428004004280040AC
:105560000C280040002101607F214160FF21816003
:105570007047000081B000200F4B0090CA201860D7
:10558000532018600D49086820F020000860086862
:10559000009A00F02000521C0092B2F5004F01D09A
:1055A0000028F4D0086810F0200018BF0120FF2167
:1055B000196001B070470000242800400C2800400A
:1055C000044901200870AFF207024FF47A710420F9
:1055D00002F04EB94000002010B5164C10B1012861
:1055E0000ED01AE04FF400412046FDF725FA4FF4A3
:1055F00080412046FDF7B6F9142002F04FFE0CE082
:105600004FF480412046FDF717FA4FF40041204641
:10561000FDF7A8F9142002F041FE4FF400412046A6
:10562000FDF7A0F92046BDE810404FF48041FDF79A
:1056300099B90000000C0140F8B54FF40040ADF8F6
:10564000000010250E4E8DF8035003248DF8024003
:1056500069463046FCF7DCFFE9023046FDF7ECF91D
:10566000A902ADF800108DF803508DF8024069468C
:105670003046FCF7CDFFA9023046FDF7DDF9F8BD55
:10568000000C014010B5012186B00807FFF794F81F
:105690000121C806FFF790F80120FEF76BFD0420FA
:1056A000FBF75AFAA0F5A061053904BF06B010BD9A
:1056B0004FF48070FFF736F80120FEF7A5FF412078
:1056C000FFF7E4F90028FAD00120FFF735F97F2031
:1056D0000190FF200024029000946846FFF742FFEB
:1056E0006846FFF71DFD014611A002F0E3F81920FE
:1056F0008DF8130001208DF811008DF812000320A1
:105700008DF80D408DF810008DF80E408DF80C408E
:1057100004A90020FFF7C0FD03A90020FFF748FA05
:1057200040F205510420FBF7A1FA06B010BD0000BD
:10573000525443B3F5CABCBBAF25640D0A00000048
:1057400070B51D4C0025A07A10B1012813D010E0CF
:105750002079401C2071FEF7D9FB0E2117A002F022
:105760003FF864216570194A0F2002F081F801208A
:10577000A072002070BDFEF7BDFB002808BF70BD01
:10578000134E3068FEF738FF014612483268FCF7C6
:105790003FFB11A10F48FAF75DFD00281EBFA5725F
:1057A000012070BD20790A2898BFA572E1D9257122
:1057B000A572022070BD00005400002041542B430C
:1057C000474143543D312C310D0A00002D3F000864
:1057D00050000020B01000204F4B00002DE9F04198
:1057E0000E4E069D8846F0701F4614463282C82130
:1057F0000B48FAF718FD224641460948FAF7FAFC29
:105800002C4675824FF47A710648FAF70CFD224651
:105810003946BDE8F0410348FAF7ECBC54000020DB
:10582000000C0020C80C002070B582B0A0F5FA6012
:10583000C0B2DDE906458DF803008DF801101E4663
:105840008DF8022002F0D4FC8DF804608DF8000081
:105850008DF805408DF8065069460020FFF71CFDC5
:1058600001A90020FFF7A4F902B070BD042808D0F8
:1058700010F1050F08BF7047CF2205A111A002F05B
:105880009FBC4FF0E020016941F0040101617047C5
:105890002E2E5C6669726D776172655C6E3332675D
:1058A0003435785F7374645F7065726970685F64C3
:1058B00072697665725C7372635C6D6973632E6383
:1058C0000000000049535F5359535449434B5F4311
:1058D0004C4B5F534F55524345285379735469637A
:1058E0006B5F434C4B536F7572636529000000007A
:1058F000704700004B4883B0016841F470010160BB
:105900004948016841F0010101604268474911407E
:105910004160016821F4102121F08071016001686B
:1059200021F480210160416821F47F0121F00061B0
:1059300041600021C16201634FF41F028260C269AD
:1059400042F08052C2613A4AD36843F00103D36007
:10595000C26922F08052C261364A136843F0900354
:10596000136000918DF804100291016841F48031B8
:1059700001600168C1F340418DF804100299491C8F
:1059800002919DF8041019B90299B1F5004FF0D1B8
:105990000168C1F340418DF804109DF804100029FE
:1059A0003BD0116821F007011160116841F003013B
:1059B000116041684160416841F4005141604168B3
:1059C00041F4A0614160416821F47C1121F0006143
:1059D0004160416841F4803141F4003141F002619D
:1059E00000914160016841F080710160016811F02F
:1059F000007FFBD0416821F003014160416841F024
:105A000002014160416801F00C010829FAD10A49FC
:105A10004FF00060086003B070470949074808600C
:105A2000F5E7000088ED00E00010024000C0FFF83C
:105A3000007000400020024008ED00E000127A00F3
:105A40000000002003490020087010210248FCF7E4
:105A5000F3BF00003E000020000C0140074910B5D4
:105A60000120087010210648FCF77CFFBDE81040BB
:105A7000044A4EF66021112001F0FABE3E000020DB
:105A8000000C0140455A00082DE9F047DFF89490DA
:105A90000D4607461C4616464FF02A084FF4807103
:105AA0004846FCF75FFF404600F060FC4FF4807111
:105AB0004846FCF7C1FF380A00F058FCF8B200F085
:105AC00055FC300A00F052FCF0B200F04FFC2B26DF
:105AD0004FF480714846FCF745FF304600F046FC25
:105AE0004FF480714846FCF7A7FF280A00F03EFCFF
:105AF000E8B200F03BFC200A00F038FCE0B200F015
:105B000035FC2C244FF480714846FCF72BFF2046CF
:105B100000F02CFC4846BDE8F0474FF48071FCF7DC
:105B20008BBF0000000C01402DE9F04F0026A2EBD6
:105B300000085F1A85B0354682468946B8F1000FE5
:105B4000C8BF012007DC0FBF00204FF0FF30C8F1B5
:105B50000008019000D10190002FC8BF012006DC91
:105B60000FBF00204FF0FF307F42009000D1009027
:105B7000B845CCBF44463C464FF0000B601C039038
:105B80000028DCBF05B0BDE8F08F0E98000A029037
:105B90001FFA8AF01FFA89F1DDF838C00B46024679
:105BA000CDF810C0FFF770FF029800F0DFFBDDF8C2
:105BB00010C00CF0FF0000F0D9FB46443D44A64263
:105BC00002DD0198361B8244A54202DD00982D1BA0
:105BD00081440BF101001FFA80FB03988345D7DB5A
:105BE00005B0BDE8F08F2DE9F04781469846581E74
:105BF00083B21746501E82B20D464846089EFFF7F4
:105C000043FF454534BF4FEA162ABDE8F0874C46AE
:105C1000B94509D2504600F0A9FBF0B200F0A6FB4E
:105C2000601C84B2BC42F5D3681C85B24545EED3F6
:105C3000BDE8F087F8B54FF47C70ADF80000102097
:105C40008DF803000320F64E8DF8020069463046B9
:105C5000FCF7DEFC01210920FEF70EFE0121F148D0
:105C6000FCF786F971153046FCF77CFE64230022B0
:105C700046F2A811491EFDD1521C9A42F8D34FF4A6
:105C800000713046FCF7D8FE6423002246F2A811CA
:105C9000491EFDD1521C9A42F8D3E34901200870F5
:105CA00010213046FCF75EFEE04A4EF660211120DE
:105CB00001F0DEFD6420002246F2A811491EFDD14C
:105CC000521C8242F8D3002436254FF480713046AE
:105CD000FCF748FE284600F049FB4FF4807130463F
:105CE000FCF7AAFE602000F041FB3A254FF48071DA
:105CF0003046FCF737FE284600F038FB4FF4807141
:105D00003046FCF799FE052000F030FBB2254FF439
:105D100080713046FCF726FE284600F027FB4FF442
:105D200080713046FCF788FE0C2000F01FFB0C2031
:105D300000F01CFB002000F019FB332000F016FBE4
:105D4000332000F013FBB7254FF480713046FCF789
:105D500009FE284600F00AFB4FF480713046FCF73C
:105D60006BFE352000F002FBBB254FF480713046FE
:105D7000FCF7F8FD284600F0F9FA4FF48071304640
:105D8000FCF75AFE192000F0F1FAC0254FF480719B
:105D90003046FCF7E7FD284600F0E8FA4FF4807142
:105DA0003046FCF749FE2C2000F0E0FAC2254FF403
:105DB00080713046FCF7D6FD284600F0D7FA4FF444
:105DC00080713046FCF738FE012000F0CFFAC32581
:105DD0004FF480713046FCF7C5FD284600F0C6FA46
:105DE0004FF480713046FCF727FE122000F0BEFA17
:105DF000C4254FF480713046FCF7B4FD284600F00E
:105E0000B5FA4FF480713046FCF716FE202000F002
:105E1000ADFAC6254FF480713046FCF7A3FD284645
:105E200000F0A4FA4FF480713046FCF705FE0F2015
:105E300000F09CFAD0254FF480713046FCF792FDBB
:105E4000284600F093FA4FF480713046FCF7F4FDD9
:105E5000A42000F08BFAA12000F088FAE0254FF48E
:105E600080713046FCF77EFD284600F07FFA4FF443
:105E700080713046FCF7E0FDD02000F077FA042076
:105E800000F074FA0D2000F071FA112000F06EFAA3
:105E9000132000F06BFA2B2000F068FA3F2000F08E
:105EA00065FA542000F062FA4C2000F05FFA1820E6
:105EB00000F05CFA0D2000F059FA0B2000F056FAC1
:105EC0001F2000F053FA232000F050FAE1254FF490
:105ED00080713046FCF746FD284600F047FA4FF443
:105EE00080713046FCF7A8FDD02000F03FFA042076
:105EF00000F03CFA0C2000F039FA112000F036FADC
:105F0000132000F033FA2C2000F030FA3F2000F08C
:105F10002DFA442000F02AFA512000F027FA2F2011
:105F200000F024FA1F2000F021FA1F2000F01EFAD2
:105F3000202000F01BFA232000F018FA21254FF44E
:105F400080713046FCF70EFD284600F00FFA4FF442
:105F500080713046FCF770FD11254FF4807130469A
:105F6000FCF700FD284600F001FA4FF4807130463E
:105F7000FCF762FD29254FF480713046FCF7F2FCF6
:105F8000284600F0F3F94FF480713046FCF754FDD9
:105F90002A254FF480713046FCF7E4FC284600F0D7
:105FA000E5F94FF480713046FCF746FD002000F023
:105FB000DDF9002000F0DAF9002000F0D7F9EF2039
:105FC00000F0D4F92B254FF480713046FCF7CAFC61
:105FD000284600F0CBF94FF480713046FCF72CFDD9
:105FE000002000F0C3F9002000F0C0F9002000F00C
:105FF000BDF9C52000F0BAF92C254FF48071304668
:10600000FCF7B0FC284600F0B1F94FF4807130463F
:10601000FCF712FD601CC4B2022CFFF455AEF8BDB3
:10602000000C0140000230003E000020455A0008EC
:106030002DE9FF4F85B00746DDF84C800C468B46B6
:1060400018F0070018BF012000EBD80000FB08F093
:106050004FF00009009000289CBF09B0BDE8F08F08
:106060002D4800EB421004902C4800EBC210039026
:106070000898000A02901298000A0190B8F1100FD7
:1060800008BF049806D0B8F1200F0EBF039809B0DE
:10609000BDE8F08F10F80950002615F0800F0FD0E2
:1060A00023463A4619461046DDF820A0FFF7ECFCDF
:1060B000029800F05BF90AF0FF0000F057F90EE0DB
:1060C00023463A4619461046DDF848A0FFF7DCFCA7
:1060D000019800F04BF90AF0FF0000F047F94FF685
:1060E000FF7000EA4505601C84B2A4EB0B0040453C
:1060F00003D1781C5C4687B203E0701C86B2082E80
:10610000CBD309F101001FFA80F900988145B5D37E
:1061100009B0BDE8F08F0000ACAF0008ACA40008E7
:106120002DE9FF4F89B00546DDF85CA000264FEA57
:106130005A0901909B4619F0070018BF012000EB97
:10614000D90000FB0AF00290A2F12000C4B20A9824
:106150000A995044401E83B205EB0900401E82B2EA
:106160002846FFF791FC02984FF0000800289CBFDA
:106170000DB0BDE8F08F3A4904EB440001EB80011B
:106180000791384901EB04110691374901EB0010E2
:1061900005901698000A04904FEA1B200090BAF16F
:1061A0000C0F04BF079810F808700DD0BAF1100F4B
:1061B00008BF069806D0BAF1180F0EBF05980DB0AB
:1061C000BDE8F08F10F808700024189800284FF0F0
:1061D000010000FA04F000EA070019D060B10A9942
:1061E0002A460B461046FFF74FFC009800F0BEF819
:1061F0000BF0FF0000F0BAF8681C85B20198281A6D
:1062000048451FD10A98019D401C80B20A901DE0AC
:1062100028B1009800F0AAF80BF0FF0006E01698ED
:106220000390049800F0A2F80398C0B200F09EF822
:10623000701CC6B2B6FBF9F009FB1060002808BF5D
:10624000002603D0601CC4B2082CBED308F10100A4
:106250001FFA80F802988045A1D30DB0BDE8F08FF9
:1062600078880008EC8C0008DC9200082DE9FF4FCC
:1062700083B04FF00008DDE911961D0082464FEA19
:106280005607444612BFA5F1010B07B0BDE8F08FD9
:106290000A23281B401EC2B20121501EC0B203D3E4
:1062A0005943401EC0B2FBD20598B0FBF1F01B4928
:1062B000A1FB0021C908494201EB810100EB41002B
:1062C000B8F1000F06D15C4504DA002818BF4FF082
:1062D000010814D00021CDF800903030CDE90161E3
:1062E000C2B204FB07A080B2109B0499FFF718FF0D
:1062F000601CC4B2AC42CBD307B0BDE8F08F002025
:10630000CDF80090CDE9016004FB07A080B2202207
:10631000109B0499FFF704FFEAE70000CDCCCCCC3A
:106320002DE9F04784B00646DDE90D571078DDF819
:106330003080994614468A46002804BF04B0BDE860
:10634000F087CDF80080CDE9015722784B465146C1
:106350003046FFF7E5FE06EB550086B214F8010F54
:106360000028EED104B0BDE8F087000070B5134EF0
:10637000054620213046FCF7F5FA0024402130463E
:10638000FCF7F0FA15F0800F4FF08001304602D094
:10639000FCF752FB01E0FCF7E5FA40213046FCF740
:1063A0004BFB6806050E601CC4B2082CE6D33046D1
:1063B000BDE870402021FCF73FBB0000000C01400D
:1063C00004480178012918BF704700210170FAF7CD
:1063D0004FBF00006B000020044901200870AFF29D
:1063E00007024FF4FA71062001F042BA6B00002058
:1063F00010B5084C0121204600F038FA002808BFEB
:1064000010BD0121204600F007F8BDE8104001F062
:1064100039BA00000010004070B50446A0F1804079
:106420000D46B0F5963018BFB4F1804F23D0A4F1DB
:106430008040B0F580601CBFA4F18040B0F50060E2
:1064400019D0A4F18040B0F540601CBFA4F1804099
:10645000B0F580500FD0A4F18040B0F5A0501CBF23
:10646000A4F18040B0F59A3005D040F6224209A14F
:1064700016A001F0A5FE15F47F4F00D12DB940F60E
:10648000234204A117A001F09BFE2069A8432061CC
:1064900070BD00002E2E5C6669726D776172655C5E
:1064A0006E3332673435785F7374645F7065726918
:1064B00070685F6472697665725C7372635C6E3378
:1064C00032673435785F74696D2E6300497354699F
:1064D0006D416C6C4D6F64756C652854494D78291D
:1064E00000000000497354696D496E742854494D89
:1064F0005F4954290000000070B50446A0F18040B7
:1065000016460D46B0F5963018BFB4F1804F23D033
:10651000A4F18040B0F580601CBFA4F18040B0F5CC
:10652000006019D0A4F18040B0F540601CBFA4F118
:106530008040B0F580500FD0A4F18040B0F5A0505D
:106540001CBFA4F18040B0F59A3005D04FF47B72A7
:106550000FA11DA001F034FE15F47F4F00D12DB91D
:1065600040F2ED320AA11EA001F02AFE002E04BF67
:10657000A089A84309D0012E05D040F2EE3204A133
:106580001CA001F01DFEA0892843A08170BD000061
:106590002E2E5C6669726D776172655C6E33326750
:1065A0003435785F7374645F7065726970685F64B6
:1065B00072697665725C7372635C6E333267343510
:1065C000785F74696D2E6300497354696D416C6C1A
:1065D0004D6F64756C652854494D782900000000A2
:1065E000497354696D496E742854494D5F49542963
:1065F0000000000049535F46554E4354494F4E41F9
:106600004C5F535441544528436D642900000000F9
:1066100070B50446A0F1804015460E46B0F59630A0
:1066200018BFB4F1804F23D0A4F18040B0F5806052
:106630001CBFA4F18040B0F5006019D0A4F18040E7
:10664000B0F540601CBFA4F18040B0F580500FD081
:10665000A4F18040B0F5A0501CBFA4F18040B0F57B
:106660009A3005D040F2195208A116A001F0A8FDF9
:10667000002D18BF012D05D040F21A5203A117A01A
:1066800001F09EFD2685A58270BD00002E2E5C6661
:1066900069726D776172655C6E3332673435785F2D
:1066A0007374645F7065726970685F64726976653F
:1066B000725C7372635C6E3332673435785F746911
:1066C0006D2E6300497354696D416C6C4D6F647538
:1066D0006C652854494D78290000000049735469BD
:1066E0006D50736352656C6F61644D6F64652854BF
:1066F000494D5F50534352656C6F61644D6F6465E3
:1067000029000000F8B51A4E41F63F70F0804FF4B2
:10671000A060FDF7BFFF01211020FEF74DF83620E5
:106720008DF8000003258DF8015000248DF80240FB
:1067300001208DF803006846FDF740FC0D48042158
:1067400085800180C48044800B4C0146204600F0C7
:106750000FF90122F1882046FFF75AFF0122114666
:106760002046FFF7C9FE0121204600F007F8F8BDDA
:106770002A0000208C0200200010004070B5044662
:10678000A0F180400D46B0F5963018BFB4F1804FAF
:1067900023D0A4F18040B0F580601CBFA4F18040FC
:1067A000B0F5006019D0A4F18040B0F540601CBF86
:1067B000A4F18040B0F580500FD0A4F18040B0F536
:1067C000A0501CBFA4F18040B0F59A3005D040F233
:1067D000AF320BA118A001F0F3FC002D04BF20681C
:1067E00020F001000AD0012D05D04FF46C7204A1F5
:1067F00017A001F0E5FC206840F00100206070BDAA
:106800002E2E5C6669726D776172655C6E333267DD
:106810003435785F7374645F7065726970685F6443
:1068200072697665725C7372635C6E33326734359D
:10683000785F74696D2E6300497354696D416C6CA7
:106840004D6F64756C652854494D7829000000002F
:1068500049535F46554E4354494F4E414C5F535444
:1068600041544528436D64290000000070B5054679
:106870000026A0F180400C46B0F5963018BFB5F167
:10688000804F23D0A5F18040B0F580601CBFA5F1FA
:106890008040B0F5006019D0A5F18040B0F54060AF
:1068A0001CBFA5F18040B0F580500FD0A5F180400D
:1068B000B0F5A0501CBFA5F18040B0F59A3005D0CE
:1068C00040F6FC3211A11FA001F07AFC012C18BF88
:1068D000022C11D0042C18BF082C0DD0102C18BF7E
:1068E000202C09D0402C18BF802C05D040F6FD325A
:1068F00006A11AA001F064FC2869A989204201EAD6
:1069000004011CBF00290126304670BD2E2E5C6696
:1069100069726D776172655C6E3332673435785FAA
:106920007374645F7065726970685F6472697665BC
:10693000725C7372635C6E3332673435785F74698E
:106940006D2E6300497354696D416C6C4D6F6475B5
:106950006C652854494D782900000000497354693A
:106960006D476574496E742854494D5F4954290038
:106970002DE9F05FDFF888A1DFF888B1DFF88881C2
:10698000DFF88891624F634E0D460446504518BFAC
:10699000B4F1804F13D0BC4218BFB4420FD04C4565
:1069A00018BF5C450BD0A4F18040B0F5A05018BFD3
:1069B000444504D0BD2258A165A001F001FC6888BF
:1069C000002818BF102809D020281CBF40286028A4
:1069D00004D0BE2250A164A001F0F2FBE888002898
:1069E0001CBFB0F5807FB0F5007F04D0BF224AA164
:1069F00069A001F0E5FB2068544518BF444508D064
:106A0000B4F1804F18BFBC4203D0B44218BF4C450C
:106A100003D1698820F0700008435C451CBFA4F1D5
:106A20008041B1F5A05103D0E98820F440700843BB
:106A30002060A888A08528882085544512BF444539
:106A4000287A20860120A0822068544518BF44453A
:106A500008D0B4F1804F18BFBC4203D0B44218BF75
:106A60004C4509D1697A002914BF40F4006020F434
:106A70000060B4F1804F04D0BC421CBFB4424C450E
:106A800010D1A97A002914BF40F4805020F480501E
:106A9000E97A002914BF40F4005020F40050B4F10A
:106AA000804F03D0BC4218BFB44206D1297B0029D5
:106AB00014BF40F4804020F48040544518BF444542
:106AC00005D0B4F1804F1CBFBC42B44206D1697BF3
:106AD000002914BF40F4004020F4004020606068AA
:106AE000B4F1804F18BFB44206D1A97B002914BF6E
:106AF00040F4807020F480706060BDE8F09F00007A
:106B0000002C01400010004000340140000C004007
:106B100000040040000800402E2E5C6669726D770C
:106B20006172655C6E3332673435785F7374645FAD
:106B30007065726970685F6472697665725C7372A1
:106B4000635C6E3332673435785F74696D2E630031
:106B5000497354696D416C6C4D6F64756C65285454
:106B6000494D782900000000497354696D436E74E3
:106B70004D6F64652854494D5F54696D654261737A
:106B800065496E69745374727563742D3E436E74F7
:106B90004D6F646529000000497354696D436C6B47
:106BA0004469762854494D5F54696D654261736547
:106BB000496E69745374727563742D3E436C6B44F3
:106BC0006976290010B5054800F0ACFCC1B2044854
:106BD0000068BDE81040FCF7CFBA0000004C004050
:106BE0005000002070B5114D40F22551284600F0AC
:106BF0004BFA10B10E4C207820B12846BDE8704009
:106C000000F090BC284600F08DFC6188094A885449
:106C10006088401C6080032000F020FEBDE87040CA
:106C20003221054A032000F023BE0000004400404A
:106C30007E070020820700201D78000870B5114DE6
:106C400040F22551284600F01FFA10B10E4C207872
:106C500020B12846BDE8704000F064BC284600F032
:106C600061FC6188094A88546088401C6080052066
:106C700000F0F4FDBDE870403221054A052000F027
:106C8000F7BD0000004800402C0300203003002026
:106C90002D7800082DE9F047DFF8FC80DFF8FC9044
:106CA000DFF8FCA016460D460446404518BF4C458B
:106CB0001AD054451CBFA4F18040B0F5984013D0C1
:106CC000A4F18040B0F5A0401FBFA4F18040B0F512
:106CD000A830A4F18040B0F5AA3005D040F27F1270
:106CE00030A13FA001F06CFA40F66A17282D1CBFB6
:106CF000A5F5E060B0F127001BD0A5F5C0602638EF
:106D00001CBFA5F5A060B0F1250012D0A5F58060EC
:106D100024381CBFA5F50060B0F1460009D0BD4283
:106D200018BF602D05D04FF4C0721EA133A001F032
:106D300047FA002E18BF012E05D040F2811219A18A
:106D400035A001F03DFABD420AD144451CBF4C4577
:106D5000544505D040F2851212A136A001F030FA58
:106D600005F01F010122C5F3421002FA01F10128CA
:106D700008BF04F10C0005D002280CBF04F110007C
:106D800004F11400002E026814BF114322EA01012D
:106D90000160BDE8F0870000003801400044004079
:106DA000004800402E2E5C6669726D776172655CEA
:106DB0006E3332673435785F7374645F70657269FF
:106DC00070685F6472697665725C7372635C6E335F
:106DD00032673435785F75736172742E630000001A
:106DE00049535F55534152545F414C4C5F5045529B
:106DF00049504828555341525478290049535F550A
:106E0000534152545F4346475F494E5428555341BE
:106E100052545F494E54290049535F46554E4354DE
:106E2000494F4E414C5F535441544528436D6429AA
:106E30000000000049535F55534152545F313233D3
:106E40005F504552495048285553415254782900C3
:106E500070B50446A0F180400D46B0F59C301CBFD3
:106E6000A4F18040B0F588401DD0A4F18040B0F579
:106E700090401CBFA4F18040B0F5984013D0A4F11D
:106E80008040B0F5A0401FBFA4F18040B0F5A8300D
:106E9000A4F18040B0F5AA3005D040F259120BA100
:106EA00019A001F08DF9002D04BFA08920F4005035
:106EB0000AD0012D05D04FF4AD7204A119A001F044
:106EC0007FF9A08940F40050A08170BD2E2E5C6631
:106ED00069726D776172655C6E3332673435785FE5
:106EE0007374645F7065726970685F6472697665F7
:106EF000725C7372635C6E3332673435785F7573BE
:106F00006172742E6300000049535F55534152541F
:106F10005F414C4C5F5045524950482855534152AF
:106F20005478290049535F46554E4354494F4E41CA
:106F30004C5F535441544528436D642900000000C0
:106F40002DE9F047294F0026DFF8A480DFF8A49050
:106F50000C460546B84218BF45451AD04D451CBFE2
:106F6000A5F18040B0F5984013D0A5F18040B0F570
:106F7000A0401FBFA5F18040B0F5A830A5F180402A
:106F8000B0F5AA3005D040F219321BA129A001F0BA
:106F900017F9012C18BF802C20D0402C18BF202CB2
:106FA0001CD0102C18BFB4F5807F17D0B4F5007F2B
:106FB00009D0082C1CBF042C022C0FD040F21A322E
:106FC0000DA123A008E0BD421CBF45454D4505D09D
:106FD00040F21E3208A125A001F0F2F828882042D4
:106FE00018BF01263046BDE8F08700000038014098
:106FF00000440040004800402E2E5C6669726D77A8
:107000006172655C6E3332673435785F7374645FC8
:107010007065726970685F6472697665725C7372BC
:10702000635C6E3332673435785F75736172742ECA
:107030006300000049535F55534152545F414C4C2B
:107040005F504552495048285553415254782900C1
:1070500049535F55534152545F464C41472855535D
:107060004152545F464C41472900000049535F5547
:10707000534152545F3132335F5045524950482892
:1070800055534152547829002DE9F047DFF8F48038
:107090000026DFF8F490DFF8F4A00C4605464045E2
:1070A00018BF4D451AD055451CBFA5F18040B0F51D
:1070B000984013D0A5F18040B0F5A0401FBFA5F1C6
:1070C0008040B0F5A830A5F18040B0F5AA3005D0D9
:1070D00040F26B322EA13DA001F072F8282C34D082
:1070E000A4F5E06040F66A1727381CBFA4F5C0601D
:1070F000B0F126001CD0A4F5A06025381CBFA4F573
:107100008060B0F1240013D0A4F50060463818BFA9
:10711000BC420DD0B4F5587F1CBFB4F5187FB4F550
:10712000B07F12D04FF45B7219A12FA001F048F884
:10713000BC420AD145451CBF4D45554505D04FF4CD
:107140005C7213A12FA001F03BF804F01F00012294
:10715000C4F3421102FA00F0012904BFA9890840D2
:1071600004D002290CBF298AA98A0840210A02FA00
:1071700001F12A88114000281CBF00290126304651
:10718000BDE8F0870038014000440040004800405E
:107190002E2E5C6669726D776172655C6E33326744
:1071A0003435785F7374645F7065726970685F64AA
:1071B00072697665725C7372635C6E333267343504
:1071C000785F75736172742E6300000049535F55D8
:1071D000534152545F414C4C5F50455249504828EE
:1071E000555341525478290049535F5553415254E5
:1071F0005F4745545F494E542855534152545F49A7
:107200004E54290049535F55534152545F31323334
:107210005F504552495048285553415254782900EF
:107220002DE9F047604EDFF88491DFF884A1614FCB
:10723000DFF8848186B00D460446B04218BF4C4545
:1072400013D054451CBFA4F18040B0F598400CD039
:10725000A4F18040B0F5A0401CBFBC42444504D01E
:10726000C42256A164A000F0ABFF28686949401E03
:10727000884204D3C52251A167A000F0A1FFA888CD
:10728000002818BFB0F5805F04D0C6224BA16EA0C5
:1072900000F096FFE888002818BFB0F5805F0AD09C
:1072A000B0F5005F18BFB0F5405F04D0C72243A11E
:1072B00072A000F085FF288900281CBFB0F5806F00
:1072C000B0F5C06F04D0C8223CA178A000F078FFD0
:1072D000688930F00C0100D120B9C92237A17EA005
:1072E00000F06EFFA889002818D0B0F5807F1CBF81
:1072F000B0F5007FB0F5407F06D0CA222FA18048AC
:1073000000F05EFFA88948B1B4421CBF4C4554450B
:1073100004D0CE2229A17BA000F052FF208A4CF697
:10732000FF710840E98808432082A0894EF6F311D6
:107330000840A9882A8911436A8910430843A0811B
:10734000A08A4FF6FF410840A9890843A0826846F9
:10735000FDF72CFBB44218BFBC4203D0444518BF14
:10736000029800D103986E4A00EBC00101EB0010B7
:1073700029686FF0180C8900B0FBF1F0A2FB003116
:10738000490909010B0903FB0CF300EB83003223CD
:1073900003EB0010A2FB0020C0F343100843208140
:1073A00006B0BDE8F087000000380140004400400E
:1073B0000048004000500140005401402E2E5C6601
:1073C00069726D776172655C6E3332673435785FF0
:1073D0007374645F7065726970685F647269766502
:1073E000725C7372635C6E3332673435785F7573C9
:1073F0006172742E6300000049535F55534152542B
:107400005F414C4C5F5045524950482855534152BA
:107410005478290020AA440049535F5553415254DF
:107420005F42415544524154452855534152545F9F
:10743000496E69745374727563742D3E426175644C
:10744000526174652900000049535F5553415254FD
:107450005F574F52445F4C454E475448285553415F
:1074600052545F496E69745374727563742D3E573C
:107470006F72644C656E67746829000049535F55EC
:10748000534152545F53544F50424954532855531B
:107490004152545F496E69745374727563742D3E22
:1074A00053746F70426974732900000049535F552B
:1074B000534152545F5041524954592855534152F7
:1074C000545F496E69745374727563742D3E5061D4
:1074D000726974792900000049535F555341525431
:1074E0005F4D4F44452855534152545F496E69746E
:1074F0005374727563742D3E4D6F646529000000EE
:1075000028B1000849535F55534152545F3132331B
:107510005F504552495048285553415254782900EC
:107520001F85EB5110B50446A0F18040B0F59C30AA
:107530001CBFA4F18040B0F588401DD0A4F180406C
:10754000B0F590401CBFA4F18040B0F5984013D036
:10755000A4F18040B0F5A0401FBFA4F18040B0F579
:10756000A830A4F18040B0F5AA3005D040F25122F5
:1075700003A112A000F024FEA088C0F3080010BDF3
:107580002E2E5C6669726D776172655C6E33326750
:107590003435785F7374645F7065726970685F64B6
:1075A00072697665725C7372635C6E333267343510
:1075B000785F75736172742E6300000049535F55E4
:1075C000534152545F414C4C5F50455249504828FA
:1075D000555341525478290070B50446A0F18040BB
:1075E0000D46B0F59C301CBFA4F18040B0F588403A
:1075F0001DD0A4F18040B0F590401CBFA4F18040A4
:10760000B0F5984013D0A4F18040B0F5A0401FBF62
:10761000A4F18040B0F5A830A4F18040B0F5AA30C4
:1076200005D04FF4107208A116A000F0C9FDB5F501
:10763000007F05D340F2412203A119A000F0C0FD54
:10764000C5F30800A08070BD2E2E5C6669726D7750
:107650006172655C6E3332673435785F7374645F72
:107660007065726970685F6472697665725C737266
:10767000635C6E3332673435785F75736172742E74
:107680006300000049535F55534152545F414C4CD5
:107690005F5045524950482855534152547829006B
:1076A00049535F55534152545F444154412844610A
:1076B000746129002DE9F0410E0005464FF00004E9
:1076C00014BF094FBDE8F081295D3846FFF784FFFC
:1076D00080213846FFF734FC0028F9D0601C84B2C2
:1076E000B442F1D3BDE8F0810044004010B5184C1D
:1076F000002058212278012A18BF10BDB4F802C01A
:10770000BCF1170F08BFACF1010211D12318401CC6
:107710001B79C0B2194489B28242F7DCC8430D49D3
:10772000C0B21CF80110814204BF201DF9F72CFBE8
:10773000002062880146002A06D92218401C1171D7
:107740006288C0B28242F8D86180217010BD00000A
:107750007E070020810700202DE9F0471D4E30787C
:10776000012818BFBDE8F0874FF40061DFF868908A
:107770004846FBF761F97588371D0024002D88BF46
:10778000DFF858800DD9395D4046FFF725FF80218D
:107790004046FFF7D5FB0028F9D0601C84B2AC420C
:1077A000F1D3642000F07AFD4FF400614846FBF706
:1077B000D9F8002072880146002A06D93218401CE8
:1077C00011717288C0B28242F8D871803170BDE800
:1077D000F08700002C030020000801400048004012
:1077E0002DE9F0410E0005464FF0000414BF094F8B
:1077F000BDE8F081295D3846FFF7EEFE802138466E
:10780000FFF79EFB0028F9D0601C84B2B442F1D38C
:10781000BDE8F081004C0040FEE700000249012075
:107820000870032000F01AB87E07002002490120EA
:107830000870052000F012B82C0300200020064933
:10784000024601EBC00341F83020401CC0B25A6030
:107850001228F6D3FEF756BF9C020020034A0021EF
:1078600042F8301002EBC000416070479C020020DB
:10787000034B43F8301003EBC00042607047000038
:107880009C02002070B50A4D002455F8340048B120
:10789000411E05EBC40045F83410406810B10029C2
:1078A00008BF8047601CC4B2122CEED370BD00002C
:1078B0009C0200200FB4054B10B503A9044A02989E
:1078C00000F0E2F810BC5DF814FB0000CD82000867
:1078D000740000200FB4084B10B504A902AA039845
:1078E00000F0D2F8044602A9002000F064FC204613
:1078F00010BC5DF814FB0000B78100080048704719
:107900008000002002E008C8121F08C1002AFAD136
:1079100070477047002001E001C1121F002AFBD10F
:10792000704700002DE9FF5FDDE90220010DDDF861
:1079300038B0024318D044F61050A1F2FF31414351
:107940000D140F98012820D0A5EB0B00401C5FEA16
:10795000000A4FF00004474EDFF81C91A046504645
:1079600016D5CAF1000728E00F98012443A2012888
:1079700008D0002100980F9BC0E90021C0E9024314
:10798000BDE8FF9F6FEA0B01F4E7CBF10000DEE7F3
:10799000074612E0F80707D02246334640464946DC
:1079A000F8F78CFC80468946224633461046194635
:1079B000F8F784FC04460E467F10002FEAD1DDE97B
:1079C0000201BAF1000F42464B4602DAF8F776FCA4
:1079D00001E0F8F7AFFE04460E460022284BF8F708
:1079E00031FF03D84FF0FF30014607E00022254B5E
:1079F00020463146F8F7F7FDF8F70BFF102409E0B1
:107A0000002C0ADB0A220023F8F717FD019B303215
:107A10001A55641E50EA0102F2D1641C019AC4F1A5
:107A2000110314440F9A012A03D0012208430DD1F7
:107A30000AE0084304D000204FF0110B0F9080E7BC
:107A4000A3EB0B056D1E0DE05B4504DD4FF000025E
:107A500005F1010504E003DA4FF00002A5F101058C
:107A6000002AECD000980F99C0E90231C0E9004526
:107A700086E70000000024400000F03F30000000D6
:107A80000000F0430000E03F2DE9FF4F95B09B461A
:107A90008946064600250FE2252877D1002427468F
:107AA000F84A0121059400E0044316F8013F203B09
:107AB00001FA03F01042F7D130782A2811D06FF084
:107AC0002F033078A0F13002092A16D8059A44F025
:107AD000020402EB820203EB42021044761C059082
:107AE000EFE759F8042B0592002A03DA504244F4D8
:107AF0000054059044F00204761C30782E2816D1EC
:107B000016F8010F44F004042A280DD06FF02F025C
:107B10003078A0F13003092B09D807EB870302EB7B
:107B20004303C718761CF3E759F8047B761C3078BA
:107B30006C280FD006DC4C2817D068280DD06A2896
:107B400014D104E0742810D07A280FD10DE044F449
:107B500000140AE044F4801401E044F44014727804
:107B6000824202D104F58014761C761C3078662897
:107B70000BD013DC582877D009DC002875D04528B5
:107B8000F6D04628F4D047281AD19DE118E06328A2
:107B900035D0642879D0652812D195E1702873D04A
:107BA00008DC6728F1D069286FD06E280DD06F28C7
:107BB00006D1B5E073282CD0752875D0782874D0FC
:107BC0005A46179990476D1C75E1C4F3025002287C
:107BD00009D003280DD0D9F8001004280DD00D606D
:107BE00009F1040967E1D9F80010EA17C1E9005268
:107BF000F6E7D9F800100D80F2E70D70F0E719F8FC
:107C0000041B8DF8001000208DF80100EA460120C9
:107C100003E059F804AB4FF0FF3061074FF000016B
:107C200002D40DE008F101018846B9420FDA80451F
:107C3000F8DB1AF808100029F4D108E008F1010176
:107C400088468142FADB1AF808100029F6D1059817
:107C50005B46A0EB080721463846179A00F094FAD5
:107C6000284400EB080507E04DE029E10DE01AF893
:107C7000010B5A4617999047B8F10108F7D25B46B5
:107C800021463846179A13E142E00A220092C4F3D3
:107C900002524FF0000A022A08D059F804CB032AF6
:107CA0004FEAEC710AD00DE029E02AE009F1070162
:107CB00021F00702F2E802C1914609E00FFA8CFCBC
:107CC0004FEAEC71042A03D14FFA8CFC4FEAEC71B5
:107CD000002907DA0A460021DCF1000C61EB020101
:107CE0002D2202E0220504D52B228DF8042001224A
:107CF00003E0E20701D02022F7E7904659E00A218D
:107D000002E010220DE010214FF0000A00910BE07C
:107D100010224FF0000A44F004040827009203E008
:107D200008224FF0000A0092C4F30252022A05D042
:107D300059F804CB0021032A08D009E009F1070112
:107D400021F00702F2E802C1914605E01FFA8CFC1F
:107D5000042A01D10CF0FF0C4FF00008220728D5AF
:107D6000702806D0009B83F0100353EA0A0305D065
:107D70000EE040228DF80420012208E05CEA0102B6
:107D800006D030228DF804208DF80500022290469E
:107D9000009B83F0080353EA0A030AD15CEA01025C
:107DA00001D1620705D530228DF804204FF001087B
:107DB0007F1E582804D034A003900EA802900DE036
:107DC00036A0F9E753466046009AF8F736FB84463A
:107DD0000398825C0298401E029002705CEA0100E7
:107DE000F0D1029806A9081A00F1200A600702D50E
:107DF00024F4803400E00127574502DDA7EB0A0098
:107E000000E0002000EB0A01009005984144401A70
:107E10000590E00306D45B462146179A059800F0CA
:107E2000B3F90544002706E001A85A46C05D17993A
:107E300090476D1C7F1C4745F6DBE0030CD55B4685
:107E40002146179A059800F09FF9054404E0302078
:107E50005A46179990476D1C0099481E00900029BA
:107E6000F5DC08E0029802995A460078491C029114
:107E7000179990476D1CBAF10001AAF1010AF1DCD3
:107E800065E10000092801003031323334353637DE
:107E90003839616263646566000000003031323356
:107EA00034353637383941424344454600000000F6
:107EB00000F058F90544761C307800287FF4ECADCA
:107EC00019B02846BDE8F08F620700D4062709F1F3
:107ED000070222F0070CFCE80223E14603F0004809
:107EE0005FEA080C02D00FF2702C0DE05FEA045C30
:107EF00002D50FF2682C07E05FEAC47C02D00FF2D3
:107F0000602C01E0AFF2700C4FF0FF3823F000431B
:107F1000CDF850C065280CD006DC452809D046288D
:107F20001DD047283DD13DE0662818D067287ED176
:107F300038E00021112F01DB112000E0781CCDE991
:107F4000000106A90EA8FFF7EDFCDDE90F010E9A6E
:107F500003910021009207F1010A04914DE04FF0D6
:107F600000400097CDE9011006A90EA8FFF7DAFC42
:107F7000DDE90F0203920E9B11990022DDF80CA09F
:107F80000093049211B9791C00EB010AB7EB0A00C7
:107F900004D4C0F1FF3007F1010A0490AAEB0700F6
:107FA000019044E0012F00DA01270021112F01DDAB
:107FB000112000E03846CDE9000106A90EA8FFF720
:107FC000B1FCDDE90F010E9A0391002104910092AA
:107FD000BA4621070CD40399514500DA8A46BAF112
:107FE000010F05DD009AAAF10101515C302908D08A
:107FF000B84202DA10F1040F06DA0121CDE90110CE
:1080000015E0AAF10101E9E7002805DC0499014423
:108010000491AAEB000102E0411C514500DD8A46B3
:108020000499401A401C01904FF000400290200734
:1080300004D40198504501DBCDF8048000208DF870
:108040004F0002980DF14F07B0F1004F25D02B20C3
:108050000E9002984FF0020800280CDA404202907D
:108060002D200E9007E00A210298F8F7D0F9303160
:10807000029007F8011DB8F10001A8F10108F2DC37
:1080800002980028EFD1791E0E980870307800F021
:10809000200040F0450007F8020D12A8C01B00F1B7
:1080A00007081498007800B1012000EB0A0101983C
:1080B00001EBE07105984144401A401E0590E00331
:1080C00006D45B462146179A059800F05DF80544F2
:1080D0001498007818B15A46179990476D1CE00320
:1080E00024D55B462146179A059800F04DF80544C3
:1080F0001CE00498002807DBDDE90301884203DD6A
:108100000098405C179901E0179930205A46904733
:10811000049805F10105401C04900198401E01904F
:1081200004D12E205A46179990476D1CBAF10001D0
:10813000AAF1010ADDDC05E017F8010B5A46179990
:1081400090476D1CB8F10001A8F10108F4DC5B4612
:108150002146179A0598ABE62D0000002B00000081
:10816000200000002DE9F041044600251E46174678
:10817000880404D405E039462020B0476D1C641EF5
:10818000F9D52846BDE8F0812DE9F04104460025E7
:108190001E469046C80301D5302700E020278804FA
:1081A00004D505E041463846B0476D1C641EF9D53C
:1081B0002846BDE8F0810A68531C0B6010707047B8
:1081C00013460A46014602A0FFF774FBFEE70000D3
:1081D000617373657274696F6E206661696C656442
:1081E0003A20602573602061742025733A2564006D
:1081F00000F00F03000900EB800003EB4000C0B269
:1082000000F5FA63080901F00F0C00EB80000CEB9D
:108210004000110902F00F0CC0B201EB81010CEB20
:108220004101421EC9B20C2A02D209B11F2901D94B
:1082300000207047012818BF022803D10C305A1EB5
:10824000C0B293B2421C02EB420240F2676C12FBD6
:108250000CF201EB400000EB52304AF2D7311844E7
:1082600001FB031100EB9300A0EB91504FF4C87198
:10827000B3FBF1F10844411C074B08460022C3FB45
:1082800001208210A2EBE070A0EBC000084410F0C7
:10829000FF0008BF0720704793244992002200285E
:1082A00098BF704746F2A811491EFDD1521C824268
:1082B000F8D370470022002898BF70471921491E43
:1082C000FDD1521C8242F9D37047000070B5074DB2
:1082D0000446C1B22846FFF77FF980212846FEF701
:1082E0002FFE0028F9D0204670BD0000005000404D
:1082F00010B5002821D0114B0022001F196803E09F
:10830000814203D80A4649680029F9D152B113685D
:10831000841A9C4204D1006818441060104602E0A0
:10832000506000E0186039B102680B1A934203D123
:108330000B681A4402604968416010BD7800002053
:1083400001484078704700006D0000200148007827
:10835000704700003E00002000B587B06846FCF77B
:1083600025FB012140F2FD10FCF786FA01214FF4B4
:108370006020FCF721FA4FF44070FBF7ADFE0420BB
:10838000FDF774FA0B4901980B4BA1FB0010400953
:108390000022401EB0F1807F08D24FF0E0214861FA
:1083A000F02083F8140D8A610720086183F8142DEA
:1083B00007B000BD1F85EB510FE000E030B585B080
:1083C0000424ADF8104018208DF813000320194D37
:1083D0008DF8120004A92846FAF71AF90821ADF819
:1083E000101001218DF812108DF8134004A92846B1
:1083F000FAF70EF94FF4165000900020ADF8040083
:10840000ADF80600ADF80800ADF80C000C200A4CE1
:10841000ADF80A0069462046FEF702FF012240F24D
:1084200025512046FEF736FC01212046FEF710FDBF
:1084300005B030BD000801400044004010B586B0D2
:108440004FF48060ADF8100018208DF81300032061
:10845000194C8DF8120004A92046FAF7D9F8E11456
:10846000ADF8101001218DF8121004218DF81310B1
:1084700004A92046FAF7CCF84FF4165000900020DB
:10848000ADF80400ADF80600ADF80800ADF80C003A
:108490000C200A4CADF80A0069462046FEF7C0FEE3
:1084A000012240F225512046FEF7F4FB012120462F
:1084B000FEF7CEFC06B010BD000C014000480040A5
:1084C00010B586B04FF48060ADF8100018208DF81C
:1084D00013000320194C8DF8120004A92046FAF766
:1084E00097F8E114ADF8101001218DF81210042155
:1084F0008DF8131004A92046FAF78AF84FF4E130FA
:1085000000900020ADF80400ADF80600ADF80800BA
:10851000ADF80C000C200A4CADF80A006946204664
:10852000FEF77EFE012240F225512046FEF7B2FB07
:1085300001212046FEF78CFC06B010BD0010014062
:10854000004C004010B586B001213120FCF794F9B1
:1085500001210805FCF730F94FF48050ADF8100008
:1085600018208DF8130003208DF8120004A9164876
:10857000FAF74EF80420ADF810008DF8130004A9A6
:108580001248FAF745F84FF4E13000900020ADF8BA
:108590000400ADF80600ADF80800ADF80C000820A6
:1085A0000B4CADF80A0069462046FEF739FE012261
:1085B00040F225512046FEF76DFB01212046FEF7D3
:1085C00047FC208806B010BD001001400014014097
:1085D000005000401C480178012918BF704770B551
:1085E00000250570FFF7B2FE012803D0BDE87040FA
:1085F000FDF734BA154C6078002818BF70BD002014
:10860000F8F73EFD207801280ED00120FCF7E4FFAA
:108610000120F8F7EDFD012121700420F9F796F90A
:10862000BDE87040FAF71CBB0020FCF7D5FF002026
:10863000F8F7DEFD294625700420F9F787F9BDE833
:108640007040FAF70DBB00006A0000208400002093
:1086500001490120087070476A00002070B584B09D
:108660000425214EADF8005048248DF8034069469A
:108670003046F9F7CDFF02210120F9F7E7FB002092
:108680008DF80C000C208DF80D0001208DF80E00E7
:10869000029502A8F9F722FA1020ADF80000134D58
:1086A0008DF8034069462846F9F7B2FF4020ADF83F
:1086B00000008DF8034069462846F9F7A9FF2020FD
:1086C000ADF800008DF8034069460948F9F7A0FFAE
:1086D0000220ADF800008DF8034069463046F9F7F6
:1086E00097FF04B070BD0000000C0140000801407D
:1086F00000100140FFF76EBFF8B52020ADF8000074
:108700001025214E8DF8035001248DF80240694652
:108710003046F9F77DFF20213046FAF78DF91B4AE4
:108720004FF4FA710120FFF7A3F88021ADF8001093
:108730008DF803508DF8024069463046F9F768FF1E
:1087400080213046FAF778F9ADF80050104E8DF8D8
:1087500003508DF8024069463046F9F759FF102161
:108760003046FAF769F9ADF800408DF803508DF8FE
:108770000240084C69462046F9F74AFF012120468D
:10878000FAF75AF9F8BD0000000801403539000831
:1087900000100140000C0140F8F70AFCF8F770FEE9
:1087A000FAF756FAF8F75CFCFCF7F2F9FDF708FE69
:1087B000FAF7DEFFFAF71AFAF4E70000F0B50B302B
:1087C000154D20F007010024144A0FE003688B4286
:1087D0000BD38B4205D95E1A43184768C3E900677B
:1087E00000E04368136002C004E0021D1068002826
:1087F000ECD12046002802D1286808B10020F0BD45
:10880000064A07481060074A121A22F00702C0E918
:10881000002401202860D7E77C0000207800002099
:10882000BC160020B826002000000000010203044E
:10883000010203040607080901020406080A0C10D5
:10884000202020202020202001000200040006001B
:1088500008000A000C001000200040008000000109
:108860000001000100010001303132333435363768
:1088700038394142434445460000000000000000F2
:1088800000000000000004040404040000040000D0
:1088900014140A00000000000000000000000A0A92
:1088A0001F0A0A1F0A0A000000040E1505060C1410
:1088B000150E0400000012150D152E2C2A120000B2
:1088C0000000040A0A3615152916000002020100EC
:1088D0000000000000000000100808040404040464
:1088E000080810000204040808080808040402002C
:1088F00000000004150E0E15040000000000000822
:10890000083E080800000000000000000000000011
:108910000202010000000000003F00000000000013
:108920000000000000000000000200000020101005
:10893000080804040202010000000E1111111111B7
:10894000110E00000000040604040404040E0000DC
:1089500000000E1111080402011F000000000E119A
:10896000100C1010110E00000000080C0C0A091F5A
:10897000081C000000001F01010F1110110E000063
:1089800000000C12010D1311110E000000001E104A
:10899000080804040404000000000E11110E111157
:1089A000110E000000000E1111191610090600002A
:1089B00000000000040000000004000000000000AF
:1089C0000004000000040400000010080402020477
:1089D00008100000000000003F003F000000000001
:1089E00000000204081010080402000000000E112C
:1089F000110804040004000000001C22292D2D1D74
:108A0000221C0000000004040C0A0A1E123300009D
:108A100000000F12120E1212120F000000001E11A1
:108A200001010101110E000000000F1212121212BA
:108A3000120F000000001F120A0E0A02121F00008F
:108A400000001F120A0E0A020207000000001C129A
:108A500001013911120C000000003312121E121213
:108A60001233000000001F0404040404041F00006B
:108A700000003E0808080808080809070000371227
:108A80000A060A1212370000000007020202020260
:108A9000223F000000003B1B1B1B15151535000075
:108AA00000003B1216161A1A1217000000000E11D1
:108AB00011111111110E000000000F12120E02020E
:108AC0000207000000000E1111111117190E1800F5
:108AD00000000F12120E0A121237000000001E11C1
:108AE00001060810110F000000001F150404040403
:108AF000040E00000000331212121212120C0000B9
:108B000000003312120A0A0C0404000000001515BC
:108B100015150E0A0A0A000000001B0A0A04040ABE
:108B20000A1B000000001B0A0A0A0404040E0000CD
:108B300000001F0908040402121F00001C040404A2
:108B40000404040404041C000002020404040808D1
:108B5000081010000E0808080808080808080E0089
:108B6000040A0000000000000000000000000000F7
:108B7000000000000000003F0204000000000000B0
:108B80000000000000000000000C121C123C00005D
:108B900000030202020E1212120E0000000000007A
:108BA000001C1202120C000000181010101C1212EF
:108BB000123C000000000000000C121E021C00000D
:108BC00000182404041E0404041E00000000000019
:108BD000003C120C021C221C00030202020E1212A4
:108BE000123700000004040000060404040E000014
:108BF00000080800000C0808080808070003020223
:108C0000021A0A060A1300000007040404040404FC
:108C1000041F000000000000000F151515150000CE
:108C200000000000000F12121237000000000000C8
:108C3000000C1212120C000000000000000F1212B3
:108C4000120E020700000000001C1212121C103845
:108C500000000000001B06020207000000000000E8
:108C6000001E020C101E000000000004041E04047C
:108C7000041C000000000000001B1212123C000047
:108C800000000000001B0A0A0404000000000000AD
:108C90000015150E0A0A000000000000001B0A045F
:108CA0000A1B000000000000003312120C0804032D
:108CB00000000000001E0804041E00001808080838
:108CC000080C080808081800080808080808080818
:108CD0000808080806040404040804040404060040
:108CE0001609000000000000000000000000000065
:108CF000000000000000000000000000000000086C
:108D000008080808080800001818000000486C242B
:108D1000120000000000000000000000000000241D
:108D200024247F1212127F12121200000000081C6D
:108D30002A2A0A0C1828282A2A1C080800000022BF
:108D4000251515152A585454542200000000000C13
:108D50001212120A76252911916E000000060604EF
:108D60000300000000000000000000000040201090
:108D70001008080808080810102040000002040825
:108D80000810101010101008080402000000000065
:108D900008086B1C1C6B08080000000000000000A5
:108DA000080808087F080808080000000000000004
:108DB00000000000000000000606040300000000A0
:108DC00000000000FE0000000000000000000000A5
:108DD00000000000000000000606000000008040C7
:108DE00040202010100808040402020000000018AF
:108DF000244242424242424224180000000000083D
:108E00000E08080808080808083E00000000003C9A
:108E10004242422020100804427E00000000003C34
:108E20004242201820404042221C00000000002046
:108E30003028242422227E20207800000000007E9A
:108E40000202021A26404042221C000000000038A4
:108E50002402021A26424242241800000000007E2A
:108E60002222101008080808080800000000003C32
:108E70004242422418244242423C000000000018B2
:108E80002442424264584040241C0000000000007C
:108E90000000181800000000181800000000000072
:108EA0000000000800000000000808040000004066
:108EB00020100804020408102040000000000000F8
:108EC00000007F0000007F000000000000000002A2
:108ED0000408102040201008040200000000003C9C
:108EE0004242464020101000181800000000001CEC
:108EF000225A555555552D42221C000000000008ED
:108F000008181414243C224242E700000000001F0D
:108F10002222221E22424242221F00000000007C28
:108F20004242010101010142221C00000000001F19
:108F30002242424242424242221F00000000003FC1
:108F40004212121E12120242423F00000000003F75
:108F50004212121E12120202020700000000003C20
:108F60002222010101712122221C0000000000E7E1
:108F7000424242427E42424242E700000000003E3E
:108F80000808080808080808083E00000000007CDF
:108F900010101010101010101010110F000000779A
:108FA00022120A0E0A121222227700000000000785
:108FB0000202020202020202427F00000000007769
:108FC000363636362A2A2A2A2A6B0000000000E3A9
:108FD00046464A4A52525262624700000000001C54
:108FE0002241414141414141221C00000000003F1B
:108FF000424242423E020202020700000000001C00
:109000002241414141414D53321C60000000003F6C
:109010004242423E1212222242C700000000007C5F
:109020004242020418204042423E00000000007FFD
:109030004908080808080808081C0000000000E7A4
:109040004242424242424242423C0000000000E7AB
:109050004242222424141418080800000000006B67
:10906000494949495555362222220000000000E7AF
:10907000422424181818242442E700000000007736
:109080002222141408080808081C00000000007EB2
:109090002120101008040442423F00000078080814
:1090A00008080808080808080808780000000202F4
:1090B000040408080810102020204040001E101052
:1090C000101010101010101010101E000038440066
:1090D0000000000000000000000000000000000090
:1090E0000000000000000000000000FF0006080073
:1090F0000000000000000000000000000000000070
:109100000000003C4278444242FC000000000003A2
:109110000202021A26424242261A00000000000003
:1091200000000038440202024438000000000060E1
:10913000404040784442424264D8000000000000B1
:109140000000003C427E0202423C0000000000F0B1
:109150008808087E08080808083E00000000000093
:109160000000007C22221C023C42423C0000000322
:109170000202023A4642424242E700000000000C6E
:109180000C00000E08080808083E0000000000302F
:1091900030000038202020202020221E0000000364
:1091A00002020272120A1612227700000000000E5C
:1091B0000808080808080808083E00000000000029
:1091C0000000007F9292929292B70000000000008F
:1091D0000000003B4642424242E70000000000001F
:1091E0000000003C42424242423C000000000000BD
:1091F0000000001B26424242221E0207000000001F
:109200000000007844424242447840E00000000000
:10921000000000774C040404041F0000000000005C
:109220000000007C42023C40423E00000000000082
:109230000008083E08080808083000000000000088
:10924000000000634242424262DC00000000000075
:10925000000000E742242414080800000000000079
:10926000000000EB49495555222200000000000093
:109270000000007624181818246E0000000000007A
:10928000000000E74224241418080807000000002A
:109290000000007E22100808447E000000C020204C
:1092A00020202010202020202020C000101010108E
:1092B00010101010101010101010101000060808D8
:1092C0000808081008080808080806000C32C20040
:1092D000000000000000000000000000000000008E
:1092E000000000000000000000000000000000007E
:1092F000000000000000000000000000000000006E
:10930000000000000000000000000000000000005D
:10931000000000006000600060006000600060000D
:10932000600040002000200020000000000000003D
:10933000600060006000000000000000000000000D
:1093400060066006300398018800440000000000B9
:10935000000000000000000000000000000000000D
:1093600000000000000000000000000000000000FD
:10937000000000001002100210021002FE07FE079B
:1093800008020801080108010801FE07FE070401A0
:1093900004010401040100000000000000000000BE
:1093A000000040004000F00158034C03CC034C0087
:1093B00058007000E000C001C00140034C035C0392
:1093C0004C034801F0004000400000000000000095
:1093D000000000000E010A0191009100910051006F
:1093E00051003A00AE03A00250045004480448045F
:1093F0004804840284030000000000000000000014
:109400000000000038006C006C006C006C006C0008
:109410002C0098071C011A01330133016301E3009A
:10942000C308C6093C07000000000000000000005F
:109430000C001C00100010000800040000000000D8
:10944000000000000000000000000000000000001C
:10945000000000000000000000000000000000000C
:109460000004000200018000800040004000200055
:1094700020002000200020002000200040004000AC
:1094800080008000000100020004000000000000D5
:10949000020004000800100010002000200040001E
:1094A00040004000400040004000400020002000FC
:1094B000100010000800040002000000000000007E
:1094C00000000000000000004000C0004000460C0A
:1094D0004E0FD001F0015E0F460C400040004000EE
:1094E000000000000000000000000000000000007C
:1094F00000000000000000000000400040004000AC
:1095000040004000FE0F400040004000400040008E
:10951000000000000000000000000000000000004B
:10952000000000000000000000000000000000003B
:10953000000000000000000000000000000000002B
:109540000C001C00100010000800040000000000C7
:10955000000000000000000000000000000000000B
:1095600000000000FE0700000000000000000000F6
:1095700000000000000000000000000000000000EB
:1095800000000000000000000000000000000000DB
:1095900000000000000000000000000000000000CB
:1095A0001C001C001C000000000000000000000067
:1095B000000400060002000300010001800080009A
:1095C0004000400060002000200010001000080053
:1095D00008000C000400060002000000000000006B
:1095E000000000000000F00098010C030C030606C8
:1095F00006060606060606060606060606060C0308
:109600000C039801F00000000000000000000000C2
:1096100000000000000040007C006000600060006E
:10962000600060006000600060006000600060003A
:1096300060006000FC03000000000000000000006B
:10964000000000000000F800840102030603060386
:10965000000300018001C00060002000100008022B
:1096600004020602FE0300000000000000000000EB
:109670000000000000007800C6008601860180011D
:109680008001C00070008001000100030003060398
:1096900006038601F8000000000000000000000042
:1096A00000000000000080018001C001A001A001B5
:1096B00090018801880184018201FE0F80018001F0
:1096C00080018001E00700000000000000000000B1
:1096D000000000000000FC0304000400040004007B
:1096E0000400F4008C0104030003000306030603D6
:1096F00082018401F800000000000000000000006A
:10970000000000000000E00118030C030C0004003E
:109710000600E60116030E06060606060606040601
:109720000C021803F0000000000000000000000020
:10973000000000000000F8070C060402040100010C
:109740000001800080004000400040006000600098
:1097500060006000600000000000000000000000E9
:10976000000000000000F8010C03060606060606CD
:109770000C021C03F000C8010C03060606060606D0
:1097800006060C03F00100000000000000000000CD
:10979000000000000000F0000C010C0306020606A9
:1097A0000606060606078C06780600060003000378
:1097B0000C018C0178000000000000000000000097
:1097C0000000000000000000000000000000000099
:1097D000E000E000E00000000000000000000000E9
:1097E000E000E000E00000000000000000000000D9
:1097F0000000000000000000000000000000000069
:109800006000600000000000000000000000000098
:109810000000600060004000200020000000000008
:109820000000000000040002000180004000200051
:109830001000080004000800100020004000800014
:109840000001000200040000000000000000000011
:109850000000000000000000000000000000000008
:10986000FE07000000000000FE07000000000000EE
:1098700000000000000000000000000000000000E8
:1098800000000000040008001000200040008000DC
:1098900000010002000400020001800040002000DE
:1098A000100008000400000000000000000000009C
:1098B000000000000000E0031806040C040C0C0C6F
:1098C0000C0C000780014000400040000000000038
:1098D000E000E000E00000000000000000000000E8
:1098E00000000000E00018030C02CC0564056605CA
:1098F000A605B604B604B604B604B602E4010C0428
:109900000C021803F000000000000000000000003E
:10991000000000000000600060005000D0009000D7
:109920009000880088010801F80104030403040280
:10993000020202060F0F00000000000000000000FD
:10994000000000000000FE008C030C030C030C035D
:109950000C038C01FC000C030C020C060C060C061C
:109960000C060C03FE0100000000000000000000D7
:10997000000000000000E00318030C060C040404BF
:1099800006000600060006000600060006040C0499
:109990000C021803F00000000000000000000000AE
:1099A0000000000000007F008C010C030C030C067B
:1099B0000C060C060C060C060C060C060C060C031A
:1099C0000C038C017F00000000000000000000007C
:1099D000000000000000FF03060306040604060062
:1099E00086008600FE0086008600860006000604CB
:1099F00006040602FF030000000000000000000053
:109A0000000000000000FF03060306040604060031
:109A100086008600FE00860086008600060006009E
:109A2000060006001F00000000000000000000000B
:109A3000000000000000F00018010C020C020402FB
:109A40000600060006000600C60F060306030C0308
:109A50000C031803F00000000000000000000000EC
:109A60000000000000000F0F0606060606060606A8
:109A700006060606FE07060606060606060606068D
:109A8000060606060F0F00000000000000000000A0
:109A9000000000000000FC03600060006000600047
:109AA00060006000600060006000600060006000B6
:109AB00060006000FC0300000000000000000000E7
:109AC000000000000000F807C000C000C000C00097
:109AD000C000C000C000C000C000C000C000C00086
:109AE000C000C000C000C60066003C0000000000CE
:109AF000000000000000CF038601C60046002600DB
:109B0000160036002E006E004600C6008600860154
:109B1000060106038F07000000000000000000009F
:109B20000000000000001F000600060006000600FE
:109B300006000600060006000600060006000604F1
:109B400006040602FF030000000000000000000001
:109B50000000000000000707860386038E038E03C3
:109B60004E034E034A035A035A033A0332033203A5
:109B7000320312038707000000000000000000000D
:109B80000000000000008E0F0C021C021C023402B8
:109B90003402640264024402C40284028403840323
:109BA000040304031F020000000000000000000086
:109BB000000000000000F00098010C030C020606F3
:109BC00006060606060606060606060606060C0233
:109BD0000C039801F00000000000000000000000ED
:109BE000000000000000FF00060306060606060649
:109BF000060606068603FE000600060006000600AE
:109C0000060006001F000000000000000000000029
:109C1000000000000000F00098010C030C02060692
:109C200006060606060606060606060676064C0222
:109C3000CC039801F0008007000300000000000042
:109C4000000000000000FF010603060606060606E7
:109C500006060603FE004600C600860086010603CF
:109C6000060306060F0E00000000000000000000C2
:109C7000000000000000F8020C03060206020600C5
:109C80000E003C00F800E003800300070206020615
:109C900006060C03F00100000000000000000000B8
:109CA000000000000000FE07620461086108600017
:109CB00060006000600060006000600060006000A4
:109CC00060006000F80100000000000000000000DB
:109CD0000000000000001E070C020C020C020C0227
:109CE0000C020C020C020C020C020C020C020C0204
:109CF0000C021801F000000000000000000000004D
:109D00000000000000000F070602040104010C011E
:109D10000C018800880098009800500050007000E6
:109D200030002000200000000000000000000000C3
:109D3000000000000000F70E6204420446044604DE
:109D400064026402E402E4029C029C01980198010E
:109D5000880188008800000000000000000000006A
:109D60000000000000009E070C010801180190008F
:109D7000B0006000200060006000D000900088010A
:109D8000080104038E07000000000000000000002E
:109D90000000000000000F0F060404020C0208017E
:109DA0001801B800B0007000600060006000600042
:109DB00060006000F80100000000000000000000EA
:109DC000000000000000FC070C02060302018001F5
:109DD000800040004000200020001000180008040F
:109DE0000C040402FE03000000000000000000005C
:109DF000E0032000200020002000200020002000A0
:109E00002000200020002000200020002000200052
:109E10002000200020002000E003000000000000DF
:109E200000000000040004000800080010001000FA
:109E300010002000200040004000C0008000800092
:109E40000001000100020002000200040000000006
:109E50007C004000400040004000400040004000C6
:109E600040004000400040004000400040004000F2
:109E700040004000400040007C0000000000600006
:109E80009000080100000000000000000000000039
:109E900000000000000000000000000000000000C2
:109EA00000000000000000000000000000000000B2
:109EB00000000000000000000000000000000000A2
:109EC0000000000000000000000000000000000092
:109ED00000000000000000000000FF0F0000000074
:109EE00018006000000000000000000000000000FA
:109EF0000000000000000000000000000000000062
:109F00000000000000000000000000000000000051
:109F10000000000000000000000000000000000041
:109F2000F0010C030C030003E0031C030E03060303
:109F300006038E0B7C0E00000000000000000000F5
:109F40000000000008000E000C000C000C000C00CB
:109F5000CC013C031C060C060C060C060C060C0679
:109F60000C021C03E40100000000000000000000DF
:109F700000000000000000000000000000000000E1
:109F8000F0008C018C018601060006000600060226
:109F90000C020C01F00000000000000000000000B6
:109FA000000000000002C0030003000300030003E0
:109FB00078038C030C03060306030603060306035B
:109FC00004038C077801000000000000000000007E
:109FD0000000000000000000000000000000000081
:109FE000E001180308020C060C06FC070C000C002C
:109FF00018041802E001000000000000000000004A
:10A00000000000000000C003600630063000300091
:10A01000FE013000300030003000300030003000F1
:10A0200030003000FC0100000000000000000000D3
:10A030000000000000000000000000000000000020
:10A04000F007D8068C018C018C019801F8000C00F7
:10A05000FC00CC03060306038E03F800000000009A
:10A060000000000008000E000C000C000C000C00AA
:10A07000EC011C030C030C030C030C030C030C037A
:10A080000C030C039E07000000000000000000000D
:10A0900000000000000060006000000000004000C0
:10A0A0007C00600060006000600060006000600094
:10A0B00060006000FC0300000000000000000000E1
:10A0C000000000000000C001C0010000000000010D
:10A0D000F001800180018001800180018001800108
:10A0E0008001800180018001CC007C000000000024
:10A0F0000000000008000E000C000C000C000C001A
:10A100008C038C008C004C006C005C008C008C017B
:10A110000C010C039E07000000000000000000007E
:10A120000000000040007C006000600060006000F3
:10A13000600060006000600060006000600060001F
:10A1400060006000FC030000000000000000000050
:10A1500000000000000000000000000000000000FF
:10A160003707EE0666066606660666066606660635
:10A1700066066606FF0F00000000000000000000F9
:10A1800000000000000000000000000000000000CF
:10A19000EE011C030C030C030C030C030C030C0357
:10A1A0000C030C039E0700000000000000000000EC
:10A1B000000000000000000000000000000000009F
:10A1C000F00098010C0306060606060606060606BB
:10A1D0000C030C03F0000000000000000000000071
:10A1E000000000000000000000000000000000006F
:10A1F000EE011C030C060C060C060C060C060C06E5
:10A200000C031C03EC010C000C003E0000000000DD
:10A21000000000000000000000000000000000003E
:10A2200078028C030C0306030603060306030603E9
:10A2300004038C03780300030003C0070000000040
:10A24000000000000000000000000000000000000E
:10A250009F03580638061800180018001800180048
:10A2600018001800FF0000000000000000000000BF
:10A2700000000000000000000000000000000000DE
:10A28000F0031C030C020C023800F000C0030403AE
:10A2900004038C03FC01000000000000000000002B
:10A2A000000000000000000020002000300030000E
:10A2B000FE0130003000300030003000300030004F
:10A2C00030023002E0010000000000000000000049
:10A2D0000000000000000000000000000000080274
:10A2E0008E030C030C030C030C030C030C030C0374
:10A2F0000C039C0778010000000000000000000033
:10A30000000000000000000000000000000000004D
:10A310001E070C020801080118019000B000B000EF
:10A32000600060002000000000000000000000004D
:10A33000000000000000000000000000000000001D
:10A34000F70E6204460464026402EC029C01980168
:10A3500098019801080000000000000000000000C3
:10A3600000000000000000000000000000000000ED
:10A37000BC0718011001B00060006000E000900010
:10A38000080108039E070000000000000000000014
:10A3900000000000000000000000000000000000BD
:10A3A0009E0708010801080190009000B0006000BD
:10A3B000600060002000200024001C00000000005D
:10A3C000000000000000000000000000000000008D
:10A3D000FC018401C4004400600020003000180229
:10A3E00008020C03FC010000000000000000000057
:10A3F00000038000800080008000800080008000DA
:10A40000800040002000400080008000800080002C
:10A4100080008000800080000003000040004000B9
:10A42000400040004000400040004000400040002C
:10A43000400040004000400040004000400040001C
:10A44000400040004000400040004000000000008C
:10A450000C00100010001000100010001000100080
:10A46000100020004000200010001000100010001C
:10A4700010001000100010000C00000000001C0074
:10A480002204C2048003000000000000000000005D
:10A4900000000000000000000000000000000000BC
:10A4A00000000000000000000000000000000000AC
:10A4B000000000000000000000000000000000009C
:10A4C00001FFFF0000FFFF00008204000082040083
:10A4D0000082040000820400008204000082040064
:10A4E000008204003FFFFFF81FFFFFFC1082040CF6
:10A4F0000082040C0082040C0082040C0082040C14
:10A500000082040C0082040C0082040C01FFFE0C8B
:10A5100000FFFE0C0000000C0000001C000001FC0D
:10A520000000000800000000000000000000000023
:10A53000000000020000000400000018000000708D
:10A5400000000FC80FFFFF080FFF80080800000879
:10A5500008010008080100080801000808010008B7
:10A560000801000808010008080100080BFFFFF8B7
:10A5700009FFFFF809810008080100080801000828
:10A58000080110080801180808010E08080307C888
:10A59000180303C838010008180000180800001844
:10A5A00000000008000000000000000000000000A3
:10A5B0000000000000100200000C0200000F033C2D
:10A5C000080707FC06001F80078070020303800451
:10A5D000000C00040030001802000030020407E004
:10A5E0000207FF80020E4000021600000264000015
:10A5F00032C480021F847FFC1E84400002040000DD
:10A6000002040000020400000224FFFC021C7FEC94
:10A61000020E00040607000406000004020000FC0D
:10A620000000001C00000008000000000000000006
:10A630000000000001000180010001C00100018054
:10A6400001000180010003000100030001FFFE0082
:10A6500001FFFE02010004040100040401000408DB
:10A66000030008180310081001100860001000C053
:10A670000010018000100F000010FC103FFFE010E0
:10A680001FF80008101000080010000C0010000E49
:10A690000010000C001001FC001FFFF0003FE00064
:10A6A000001000000000000000000000000000009A
:10A6B000000000000000010002001100024039000B
:10A6C0000260310002306100023C41000210810052
:10A6D00002010100020C3100021C3100023C710039
:10A6E0000268B10033C9A1001F8B3FFE1E0E2FFC74
:10A6F000020C21000238A1000270610002207900E2
:10A700000204310002090100021881000230C10078
:10A710000260C10006207100020033000000030047
:10A720000000010000000000000000000000000028
:10A730000000000000000000000000020000000413
:10A7400000000008000002080FF847100890E730EA
:10A750000890C6600890CAE008914BC008914A482A
:10A76000089252080896520C089C640E0FF467FC7D
:10A77000089047F80890C40008908400089184006D
:10A780000891A480089014C008901C4008900C60A8
:10A790001FF80E30080007380000001C0000000001
:10A7A00000000000000000000000000000000000A9
:10A7B0000004000000040000000400000004000089
:10A7C00020040000100400100C0FFFF80F040038E4
:10A7D00007000060000000C00004018000040200C7
:10A7E0000004000000040000000400000004000059
:10A7F00000040000000400003FFFFFFE1FFFFFFCFD
:10A800001004000000040000000400000004000028
:10A810000004000000040000000C0000000C000018
:10A820000004000000000000000000000000000024
:10A830000000000000000000000000000000000018
:10A8400001FFFF0000FFFF000082040000820400FF
:10A8500000820400008204000082040000820400E0
:10A86000008204003FFFFFF81FFFFFFC1082040C72
:10A870000082040C0082040C0082040C0082040C90
:10A880000082040C0082040C0082040C01FFFE0C08
:10A8900000FFFE0C0000000C0000001C000001FC8A
:10A8A00000000008000000000000000000000000A0
:10A8B00000000000004000000070000000EFFFFEFC
:10A8C00001A7FFFC03244200062442001C24420886
:10A8D00018244208102442080044420C0244420E4C
:10A8E00001CFFFFC01E4000000F0000000000000C8
:10A8F000000000001FF87FF81FFE7FFC0846020CD6
:10A900000082020C0082040C01820C0C0302180C61
:10A910000702380C0202300C0006100C003E01FC4D
:10A92000000400080000000000000000000000001B
:10A930000100000001038300010F03000179020000
:10A9400007C102003F010200193FFFFE111FFFFE79
:10A9500001110400010304000305040001090400BF
:10A96000001FFFFE0033FFFC0062220000D2220025
:10A9700003A222040F13FFFE3C17FFFC1812000075
:10A98000141000000330000001F1FFC800D00008DF
:10A990000060000C0030000E003BFFFC001A0000BD
:10A9A0000010000000100000000000000000000087
:10A9B000000000000000000000000000000000088F
:10A9C00000011FFC01FF8FF801FF000800010008D3
:10A9D0000001000800010008000100080001000853
:10A9E00000010008000100083FFFFFF81FFFFFF80B
:10A9F0001001000800010008000100080001000823
:10AA000000010008000100080001000803FF8008A1
:10AA100001FF9FFE01000FFE000008000000000083
:10AA20000000000000000000000000000000000026
:10AA3000000000000040200000403010004060088E
:10AA4000004060080040400C0040C00E3FFFFFFC8B
:10AA50001FFFFFF8004100000041000000C200009D
:10AA600000C20000024000000200000002000000DE
:10AA70000200001002000008020000080200000EA0
:10AA800003FFFFFC03FFFFFC0200000002000000C8
:10AA900002000000020000000600000006000000A6
:10AAA00002000000000000000000000000000000A4
:10AAB0000000000000010002040100040401000481
:10AAC000040100080401001004010020040100C07A
:10AAD0000401038007FFFF0007FFF80004010000E6
:10AAE0000401000004010000040100000401000052
:10AAF00004010000040100000401000007FFFFFE44
:10AB000007FFFFFC04010000040100000401000035
:10AB10000C0100001C0100000C03000004030000F5
:10AB20000001000000000000000000000000000024
:10AB3000000000000000400200004002002040042D
:10AB40000020400400204008002040180020401051
:10AB500010204020182040600E2040C007A04380F5
:10AB600003A0470000207C00003FF800003FC00029
:10AB70000020600000E0580003A046003E20438013
:10AB80001C2040C018204060002040700020403849
:10AB9000002040180060401C0060C00C0020C00C69
:10ABA000000040080000000000000000000000005D
:10ABB00000000000000000000000000003FFFFFE96
:10ABC00003FFFFFC01000000200001001808010045
:10ABD0001E0802000E08040000080800000810000B
:10ABE000040860800408C040040B8040040E00701C
:10ABF00007FFFFE005FFFFC0048800000408000015
:10AC00000408000004080008041800080408000CE8
:10AC10000408000E07FFFFFE0FFFFFFC040000000A
:10AC20000000000000000000000000000000000024
:10AC30000001000000062000000C20000078200029
:10AC400003C820003F0FFFF01D0FFFF81108203050
:10AC500001082062010820C2031860820108210453
:10AC60000000000408000004043FFF08071FFE085E
:10AC700003D0001000100030001000E03FF3FF8010
:10AC80001FF3FE00101100800050004000900040B3
:10AC9000031000200E3FFE300C1000380000001C96
:10ACA0000000000E00000000000000000000000096
:10ACB000000000000040200000403010004060080C
:10ACC000004060080040400C0040C00E3FFFFFFC09
:10ACD0001FFFFFF0104180000041000000C1000094
:10ACE00000C2000000420000000000000000000060
:10ACF00000FFFFFC00FFFFF80080004000800040E4
:10AD00000080004000800040008000400080004043
:10AD10000080004000FFFFFC01FFFFF80080000002
:10AD20000000000000000000000000000000000023
:10AD300000000400010008000100100001003000C4
:10AD4000010060000100C0000103FFFE0103FFFCE1
:10AD5000010E0010011C00100170801003C0801053
:10AD60000F0080103D008010110080101100801035
:10AD700001008010017FFFF0013FFFF00100801013
:10AD8000010080100100801001008010010080107F
:10AD900001018010030180100300803001000030A9
:10ADA0000000001000000000000000000000000093
:10ADB00000000000020000000200000002003FFE50
:10ADC00002001FFE0201100003FF900002FF90002E
:10ADD000028310C0020310C0028511C0024512C0D8
:10ADE00022491CC0324938801A31F0801E31D0808F
:10ADF0000A71548002D9128002CD1380020F118093
:10AE0000020111C8030110E802FF900802FF900C34
:10AE10000200100E02003FFC06001FF006000000BA
:10AE20000200000000000000000000000000000020
:10AE30000000000000040830000E0C3000341E300A
:10AE400000E43C200384EC201F0588601C070840B8
:10AE5000080C08400038104400F0504400D05084E2
:10AE60000010408800108008001080100010803012
:10AE7000001080203FFFF060101FFFC0002087C03F
:10AE8000002083E0082107700C210E3806211C1CCD
:10AE900007E1780C00E3300E0063101E002300FE73
:10AEA000000100020000000000000000000000009F
:10AEB000000000000000000800000008000000087A
:10AEC0000000000800000008000000080000000862
:10AED0000000000800000008000000080000000852
:10AEE000000000083FFFFFF81FFFFFF810040008F4
:10AEF0000004000800040008000400080004000822
:10AF0000000400080004000800040008000C000809
:10AF1000000C0008000400080000001800000018E1
:10AF20000000000800000000000000000000000019
:10AF300000000002000C000C00100030007FFFC079
:10AF400001DFFC00071088003E108800121FFFF888
:10AF5000123FFFF002D08800039088040310880697
:10AF6000003FFFFC001000000004060008081A0063
:10AF7000081072000833C20008E342000FC242000A
:10AF80000E004200082FFFFE0827FFFC08144200B5
:10AF900008184200083842001FF0C20008004600AE
:10AFA0000000020000000000000000000801300264
:10AFB0002204227822042202A20263FE22222222FA
:10AFC00022222222222228023002000000003FFC1E
:10AFD0002108210821083FFC0000080008800860C3
:10AFE00008020801FFFE0800080000000000000041
:10AFF0000FF00820082008200820FFFF0820082064
:10B00000082008200FF00000000000000040404031
:10B01000404040404040414141414140404040402B
:10B0200040404040404040404040404040050202D7
:10B030000202020202020202020202020220202096
:10B0400020202020202020020202020202029090F2
:10B0500090909090101010101010101010101010F0
:10B060001010101010101010020202020202888844
:10B070008888888808080808080808080808080850
:10B080000808080808080808020202024000000038
:10B090000DB0000849535F4E5649435F5355425F18
:10B0A0005052494F52495459284E5649435F496EB0
:10B0B00069745374727563742D3E4E5649435F49EB
:10B0C00052514368616E6E656C5375625072696F60
:10B0D000726974792900000049535F4E5649435FF5
:10B0E000505245454D5054494F4E5F5052494F5272
:10B0F000495459284E5649435F496E6974537472D6
:10B100007563742D3E4E5649435F49525143686101
:10B110006E6E656C507265656D7074696F6E50729D
:10B12000696F72697479290049535F5553415254CC
:10B130005F48415244574152455F464C4F575F4329
:10B140004F4E54524F4C2855534152545F496E69EB
:10B15000745374727563742D3E48617264776172C2
:10B1600065466C6F77436F6E74726F6C29000000D8
:10B1700022443A32643133343938302D3464393929
:10B180002D343933352D613461372D61646134617B
:10B19000623563356366313A53222C223661613958
:10B1A00064316530666166646435323864623438AF
:10B1B000220D0A00D4B10008000000208400000025
:10B1C0000479000858B200088400002034660000AA
:10B1D0001479000800E1F505326431333439383030
:10B1E0002D346439392D343933352D613461372D9F
:10B1F000616461346162356335636631000000006B
:10B20000000100000000000000000000000000003D
:10B21000000000000000000000000000000000002E
:10B22000000000000000000000000000000000001E
:10B23000000000000000000000000000000000000E
:10B2400000000000000000000000000000000000FE
:08B250000000000000000000F6
:040000050800019955
:00000001FF
