:020000040800F2
:1000000058690020AD010008854600089D2D0008B4
:100010005D3F00084D110008B58200080000000097
:10002000000000000000000000000000BF01000808
:100030004F11000800000000C30100088962000899
:10004000C7010008C7010008C7010008C701000870
:10005000C7010008C7010008C7010008C701000860
:10006000C1190008C7010008C7010008C70100083E
:10007000C7010008C7010008C7010008C701000840
:10008000C7010008C7010008C7010008C701000830
:10009000C7010008C7010008C7010008C701000820
:1000A000C7010008C7010008C7010008C701000810
:1000B000C7010008C7010008C7010008C701000800
:1000C000C7010008C7010008C7010008C7010008F0
:1000D000C7010008C701000881760008D97600082A
:1000E000C7010008C7010008C7010008C7010008D0
:1000F000C7010008C7010008C7010008C7010008C0
:10010000C7010008C7010008C7010008C7010008AF
:1001100061760008C7010008896D0008C701000862
:10012000C7010008C7010008C7010008C70100088F
:10013000C7010008C7010008C7010008C70100087F
:10014000C7010008C7010008C7010008C70100086F
:10015000C7010008C7010008C7010008C70100085F
:10016000C7010008C7010008C7010008C70100084F
:10017000C7010008C7010008C7010008C70100083F
:10018000C7010008C7010008C7010008C70100082F
:10019000C7010008C7010008DFF80CD000F048FBD9
:1001A000004800474D9200085869002006488047E3
:1001B00006480047FEE7FEE7FEE7FEE7FEE7FEE74C
:1001C000FEE7FEE7FEE7FEE78D6200089901000802
:1001D00040EA01039B0703D009E008C9121F08C0C9
:1001E000042AFAD203E011F8013B00F8013B521E49
:1001F000F9D27047D2B201E000F8012B491EFBD2C0
:1002000070470022F6E710B513460A460446194621
:10021000FFF7F0FF204610BD30B505462A460B46D5
:1002200012F8010B13F8014B08B1A042F8D01CB131
:10023000002802D06D1CF1E7284630BDCAB2401E2E
:1002400010F8011F8A4202D00029F9D1002070471E
:10025000421C10F8011B0029FBD1801A704770B5B1
:10026000064608F099F8046805460A22002130463F
:1002700000F002F92C6070BD2DE9FE4F81EA030405
:1002800004F0004421F0004100944FF0000B23F0F3
:10029000004350EA01045ED052EA03045BD0C3F38A
:1002A0000A54C1F30A552C44A4F2F3340194A0FB80
:1002B0000254C1F3130141F48011C3F3130343F457
:1002C000801301FB024400FB034E840A970A44EAB0
:1002D000815447EA8357A4FB076802958D0A05FB02
:1002E00007854FEA932C04FB0C542705029D4FEA27
:1002F000065847EA1637B5EB08056EEB070C870E74
:10030000920E47EA811742EA8312A7FB0201B6EB7D
:100310000B0164EB00042B0D43EA0C335E1844EB35
:100320001C50DA465146E7FB0201C5F313044FEABD
:100330000B3343EA14534FEA0432019C43EA0603A9
:10034000A4F10C040294009CCDE900B400F0DBF8A9
:1003500003B0BDE8F08F00200146F9E70EB5C10FEC
:1003600080EAE0700844CA07002140F233438DE878
:100370000E000A460B4600F0C6F803B000BD0EB5ED
:1003800040F2334102910021CDE900110A460B46AB
:1003900000F0B9F803B000BDC1F30A5210B5C1F3C3
:1003A000130140F2FF3341F480119A4201DA002038
:1003B00010BD40F233439A42A2F2334203DC524270
:1003C00000F04AF810BD904010BD30B50B46014614
:1003D00000202022012409E021FA02F59D4205D3E4
:1003E00003FA02F5491B04FA02F52844151EA2F18E
:1003F0000102F1DC30BD2DE9F05F05460020924698
:100400009B4688460646814640241BE028464146D6
:100410004746224600F020F853465A46C01A9141FA
:1004200010D311461846224600F014FA2D1A67EB35
:1004300001084F4622460120002100F00BFA17EB7D
:1004400000094E41201EA4F10104DFDC484631467C
:100450002A464346BDE8F09F202A04DB203A21FAD1
:1004600002F00021704721FA02F3D040C2F12002CD
:1004700091400843194670472DE9F04791460F46D1
:1004800080460446002614F8015B2DB100F004FA02
:100490000068405DC007F6D12B2D02D02D2D18D05D
:1004A000641E4A463946204600F0FAF927B13968F9
:1004B000A14201D1C7F8008071054FF002040BD5AD
:1004C0004042002803DD07F067FF0460A007BDE895
:1004D000F08746F48066E4E70028F8DA07F05CFF6E
:1004E00004606FF00040F2E710B5141E73F10004D1
:1004F00008DA401C41F1000192185B411A4301D116
:1005000020F0010010BD2DE9F04D92469B4611B13F
:10051000B1FA81F202E0B0FA80F22032904600F0A7
:1005200099F904460F4640EA0A0041EA0B01534696
:100530005A46084313D0114653EA010019D0C8F1B6
:1005400040025046FFF788FF05460E465046594682
:10055000424600F07FF9084305D0012004E0204620
:100560003946BDE8F08D0020054346EAE0762C438D
:1005700037430A986305E40AA0EB08000022FD0A4D
:1005800044EA47540A3002D500200146E9E7010554
:1005900010196941DDE9084500196941BDE8F04DD0
:1005A000A2E72DE9FE4F804681EA0300C00F0C460A
:1005B000009021F0004123F00045B8EB0200A94172
:1005C00005D24046214690461C460B46024623F083
:1005D0000040104347D0270DC7F30A00C3F30A5168
:1005E0000290401A019040286BDAC3F3130040F4E4
:1005F000801B0098924620B10023D2EB030A63EBE4
:100600000B0B01985946C0F14002504600F022F908
:1006100006460D4650465946019A00F02AF910EB5D
:1006200008006141002487EA115284EAE7731A4303
:1006300040D0009A62B3019A012A4FEA075215DCB2
:10064000001B61EB02014FF0004202EA0752CDE9C4
:100650000042001C41F5801132462B46FFF753FF44
:1006600003B0BDE8F08F40462146F9E7001B61EB7F
:100670000201001C41F5801300185B412018A2F50F
:10068000001747EB030140EAD570B6196D4111E040
:100690006D084FEA360645EAC0754FEA0752001B5F
:1006A00061EB0201001C41F5801149084FEA30005E
:1006B0000019514132462B4603B0BDE8F04FFFF719
:1006C00013BF0098012240000023D0EB020263EB2D
:1006D000E073009821464FEAE074B8EB000061EB4C
:1006E0000401E9E783F000435BE781F0004158E74C
:1006F0002DE9F04D81EA030404F0004B21F00045A0
:1007000014464FF0000A23F0004150EA050220D0C1
:1007100054EA01021DD0C5F30A570246C5F313037C
:10072000C1F31300C1F30A5640F4801543F480135B
:10073000A7EB0608101BD64608F2FD3873EB050040
:1007400002D308F1010801E092185B41B8F1000FF3
:1007500003DA00200146BDE8F08D00204FF480113F
:10076000064684460EE0171B73EB050705D3121BE4
:1007700063EB050306434CEA010C49084FEA3000DD
:1007800092185B4150EA0107EDD152EA030012D002
:1007900082EA040083EA0501084305D0101BAB413F
:1007A00006D20122002306E000224FF0004302E0BF
:1007B0006FF0010253101AEB06004CEB085110EBDE
:1007C0000A0041EB0B01BDE8F04DFFF78DBEC1F310
:1007D0000A52C1F3130140F2FF3341F480119A42EF
:1007E00002DA00200146704740F233439A42A2F2F7
:1007F000334202DC5242FFF72FBE00F02BB800005C
:1008000030B5041E71F1000404DB4FF00044404297
:1008100064EB0101141E73F1000405DB1C464FF06C
:100820000043524263EB0403994208BF904230BD3B
:10083000064C074D06E0E06840F0010394E807002D
:1008400098471034AC42F6D3FFF7AAFC10BD00085D
:1008500030BD0008202A04DB203A00FA02F1002013
:1008600070479140C2F1200320FA03F319439040EE
:100870007047202A06DBCB17203A41FA02F043EA00
:10088000E07306E041FA02F3D040C2F12002914049
:10089000084319467047000000487047D0BB000865
:1008A0002DE9F05F82460078002715468B460AF155
:1008B0000104B946302801D09DB113E014F8010BB2
:1008C0000127782803D0582801D045B10AE00DB19E
:1008D000102D07D10027102514F8010B02E0082580
:1008E00000E00A250026B0460EE005FB080005FBE7
:1008F00006F1012701EB10461FFA80F8B6F5803F9C
:1009000000D3B94614F8010B294600F018F8002866
:10091000EBDABBF1000F05D00FB1641E00E05446C6
:10092000CBF80040B9F1000F06D007F035FD0221E9
:100930000160C81EBDE8F09F48EA0640FAE73A2881
:1009400000D2303820F02002412A01D3A2F1370032
:10095000884201D34FF0FF30704770B58C1810F803
:10096000015B15F0070301D110F8013B2A1106D1F4
:1009700010F8012B03E010F8016B01F8016B5B1E0E
:10098000F9D12B0705D40023521E0DD401F8013BE9
:10099000FAE710F8013BCB1A921C03E013F8015B55
:1009A00001F8015B521EF9D5A142D8D3002070BDD9
:1009B000F8B54FF40050ADF8000010250E4E8DF83C
:1009C000035001248DF802406946304601F00CFFC7
:1009D0002103ADF800108DF803508DF802406946F0
:1009E000304601F001FF6103304602F011F92103A6
:1009F000304602F00DF9F8BD000C014070B5C0F3AF
:100A000007110E2202EAD10200F00F0001F00F01DF
:100A100042F0A00440EA011502F08AFB04F0FE0057
:100A200002F048FB02F0D2FB284602F043FB02F042
:100A3000CDFB02F07DFB44F0010002F03BFB02F035
:100A4000C5FB002002F0B8FA044602F09BFB44F616
:100A5000206008F099F9204670BD70B502460E4638
:100A6000C0F307100E2101EAD00102F00F0200F0DE
:100A70000F0041F0A00442EA001502F059FB2046A5
:100A800002F018FB02F0A2FB284602F013FB02F072
:100A90009DFB304602F00EFB02F098FB02F072FB69
:100AA000BDE8704044F6206008F06EB970B51D4C8A
:100AB0000025607B10B1012813D010E02079401C84
:100AC000207103F0C9FD0C2117A007F0D7FB6421AA
:100AD0006570194A0F2007F019FC0120607300208F
:100AE00070BD03F0ADFD002808BF70BD134E306827
:100AF00004F046FA01461248326801F075FA11A175
:100B00000F48FFF789FB00281EBF6573012070BDE9
:100B100020790A2898BF6573E1D925716573022091
:100B200070BD00004000002041542B514941435406
:100B30003D310D0A00000000794600083C0000200D
:100B40000C1100204F4B00000146064A0978002096
:100B5000135C994208BF7047401CC0B20A28F7D303
:100B600070470000AA9300082DE9F0014FF0000C37
:100B7000002A88BF154C24D911F81C60002314F8F2
:100B80000380464504BF1D072D0E5B1CDBB2102BF6
:100B9000F5D301EB4C060023767814F80380464524
:100BA00008BF03F00F075B1CDBB2102BF5D345EA3F
:100BB000070300F80C300CF101031FFA83FC944585
:100BC000DAD3BDE8F001500870470000AA9300088E
:100BD00038B5044600200090042C18BF082C54D0CF
:100BE0000C2C18BF102C50D0142C18BF182C4CD023
:100BF0001C2C18BF202C48D0242C18BF282C44D0E3
:100C0000402C18BF442C40D0482C18BF4C2C3CD052
:100C1000502C18BF542C38D0582C18BF5C2C34D012
:100C2000602C18BF642C30D0682C18BF6C2C2CD0D2
:100C3000702C18BF742C28D0782C18BF7C2C24D092
:100C4000802C18BF842C20D0882C18BF8C2C1CD052
:100C5000902C18BF942C18D0982C18BF9C2C14D012
:100C6000A02C18BFA42C10D0A82C18BFAC2C0CD0D2
:100C7000B02C18BFB42C08D0B82C18BFBC2C04D092
:100C8000C62205A112A007F0E9FF04F1804000F59B
:100C9000D8400090008838BD2E2E5C6669726D7752
:100CA0006172655C6E3332673435785F7374645F8C
:100CB0007065726970685F6472697665725C737280
:100CC000635C6E3332673435785F626B702E63001D
:100CD00049535F424B505F44415428424B505F445C
:100CE0004154290038B5044600200D460090042CDC
:100CF00018BF082C54D00C2C18BF102C50D0142C1A
:100D000018BF182C4CD01C2C18BF202C48D0242CD9
:100D100018BF282C44D0402C18BF442C40D0482C5D
:100D200018BF4C2C3CD0502C18BF542C38D0582C09
:100D300018BF5C2C34D0602C18BF642C30D0682CC9
:100D400018BF6C2C2CD0702C18BF742C28D0782C89
:100D500018BF7C2C24D0802C18BF842C20D0882C49
:100D600018BF8C2C1CD0902C18BF942C18D0982C09
:100D700018BF9C2C14D0A02C18BFA42C10D0A82CC9
:100D800018BFAC2C0CD0B02C18BFB42C08D0B82C89
:100D900018BFBC2C04D0B32205A113A007F05EFF3E
:100DA00004F1804000F5D8400090056038BD000097
:100DB0002E2E5C6669726D776172655C6E33326788
:100DC0003435785F7374645F7065726970685F64EE
:100DD00072697665725C7372635C6E333267343548
:100DE000785F626B702E630049535F424B505F44E3
:100DF000415428424B505F444154290000000000F8
:100E00002DE9F0415E4C8188A1808179A171B0F813
:100E100001102180C178A170B0F807102181417ABA
:100E2000A1724189A181017BA173B0F80D102182CB
:100E3000C17BA174018AA182817CA175B0F81310D5
:100E40002183407DA0766068FFF799FA9FED4E1BE5
:100E500053EC112BFFF710FAFFF79EFA04F11C0573
:100E600086B22E802068FFF78AFA9FED491B53EC6B
:100E7000112BFFF701FAFFF78FFA07466860E06869
:100E8000B0F5000F03DBC043401CC0F31600FFF7B2
:100E900065FA9FED411B53EC112BFFF7EDF9FFF7BE
:100EA0007BFA80B200EE100A28813F4BB8EE401A60
:100EB00000EE106AB8EE400AC1EE000A00EE107AA9
:100EC000B8EE400A80EE801A9FED350A61EE000A06
:100ED0009FED340A60EE800AFCEEE00A10EE900A04
:100EE0002874206959680844586019469A68C96886
:100EF000904203D3821A1144D96006E06FF07F4C10
:100F0000ACEB020202441144D9600022C3E9012083
:100F10000D291CD300EE901A9FED241AE968F8EE13
:100F2000600A60EE810A20EE800ABCEEC00A10EE74
:100F3000100A0844E860010C0820DA6003F006FBA0
:100F4000A88981B2092003F001FB01F011F829887A
:100F5000042003F0FBFA16496868A1FB0010C0F3F7
:100F6000CF01052003F0F2FA2989072003F0EEFAF9
:100F7000297CBDE8F041062003F0E8BA000000003B
:100F80002C0C0020000000009FE74A621B81103FEC
:100F9000CD2D44350B4E903F56B7DD7835487A3F1E
:100FA0000000C84200007A442C000020EDF8433ACB
:100FB000CDCCCCCC08B507A00068009006480178DD
:100FC000012918BF08BD002101700221684607F001
:100FD000BFF808BD58AA00002C000020084808B53A
:100FE0000068009007480178012905D100210170AF
:100FF0000221684607F0ACF8BDE8084007F0C4B825
:10100000D40F00082C00002038B50220ADF80000F5
:1010100010208DF803000120104C8DF80200694665
:10102000204601F0E1FB0221204601F087FD02216C
:10103000204601F0EDFD4FF4FA7007F099FE022111
:10104000204601F07BFD40F6B83007F091FE044ADF
:1010500040F6B831042007F059F938BD00080140C6
:10106000495F000838B507F0B9FE07F035F90124EB
:10107000ADF8004010258DF803508DF80240694608
:10108000224801F0B1FB224A1E21022007F03EF95E
:1010900003F05EFF07F098FF07F0D2FE07F052FF63
:1010A00003F0F1FA04F0B2FFFFF7AEFF08F078F8B2
:1010B0002003ADF800008DF80350164D8DF8024066
:1010C0006946284601F090FB2103284601F036FDD1
:1010D000ADF8004004218DF803106946284601F060
:1010E00083FB05F073FA04F06BFF04F0FBF9FFF7E4
:1010F0005FFC00F063FE02F0CBFB08F003F805F0A4
:1011000037FEBDE8384004A007F022B900100140C6
:10111000591900080008014048656C6C6F20576F32
:10112000726C64210D0A0000074910B50120487057
:1011300002F078FCFFF752FF08F030F806F00EFAE4
:10114000BDE8104000F045BF16000020FEE77047E4
:1011500070B584B000254CF2186428B301281CBF78
:1011600004B070BD1026CDE900464FF61F030022E3
:101170000C21E820029505F027FCCDE900464FF64A
:101180001F0301220C21F820029505F01DFCCDE97A
:1011900000464FF61F0302220C214FF48470029583
:1011A00005F012FC04B070BD1820CDE9004000230A
:1011B00003A20C210295E82005F07EFD04B070BD6D
:1011C000202020200000000070B5002484B02025DD
:1011D0004CF21866E8B101281CBF04B070BD0120B4
:1011E00002F008FC0096CDE901544FF47843142234
:1011F000C021E02005F0E8FB0096CDE901544FF452
:1012000078430F22C0214FF4807005F0DDFB04B05D
:1012100070BD002002F0EEFB0096CDE901544FF4C2
:10122000FC631522C021E02005F0CEFB0096CDE93D
:1012300001544FF4FC630F22C0214FF4807005F07D
:10124000C3FB04B070BD70B5002484B020254CF2FF
:101250001866E0B101281CBF04B070BD012002F087
:10126000D5FB0096CDE901544FF4FC6311224021D7
:10127000E02005F0A9FB0096CDE9015440214FF490
:10128000FC631322880005F09FFB04B070BD0020B2
:1012900002F0BCFB0096CDE901544FF478431222D2
:1012A0004021E02005F090FB0096CDE9015440215B
:1012B0004FF478431322880005F086FB04B070BD1C
:1012C00070B5002484B020254CF21866E0B10128E6
:1012D0001CBF04B070BD012002F0D2FB0096CDE926
:1012E00001544FF4FC630B22C021582005F06CFB25
:1012F0000096CDE901544FF4FC630C22C021782004
:1013000005F062FB04B070BD002002F0B9FB00964E
:10131000CDE901544FF478430D22C021582005F047
:1013200053FB0096CDE901544FF478430E22C021BF
:10133000782005F049FB04B070BD000000000000FB
:10134000F0B5754A18252DED028B87B05078734F94
:10135000401CC0B20024724950704CF21866072835
:1013600080F0D480DFE800F0D204273845535B00DA
:10137000CDE9004602953A8804230821002005F0B3
:1013800041FCCDE900460295BA78022308213C20B1
:1013900005F038FCCDE900460295FA7802230821D1
:1013A000602005F02FFCCDE90046029501230821BD
:1013B000FA79CC2025E0CDE9004602953A7902235E
:1013C0000821842005F01EFCCDE900460295022389
:1013D00008217A79A82014E0CDE9004602950A8810
:1013E00004234021582005F00DFC07B0BDEC028B12
:1013F000F0BDCDE9004602958888052382B26021C0
:101400000BE005F0FFFB07B0BDEC028BF0BDCDE9B2
:10141000004602950A89062380215820F1E7C86812
:10142000002866D03F49A1FB002149096FF018024E
:10143000514310EB81019FED3C8B24D03C49A1FB33
:101440000021C908494201EB810110EB410135D06F
:10145000FEF795FF53EC182BFEF70EFF41EC100B37
:1014600034A153EC102B03A806F082FF0096CDE9BF
:101470000154002303AAA021642005F01DFC07B03D
:10148000BDEC028BF0BDFEF77AFF53EC182BFEF794
:10149000F3FE41EC100B29A153EC102B03A806F02E
:1014A00067FF0096CDE90154002303AAA021642020
:1014B00005F002FC07B0BDEC028BF0BDFEF75FFF4C
:1014C00053EC182BFEF7D8FE41EC100B1DA153EC8A
:1014D000102B03A806F04CFF0096CDE90154002321
:1014E00003AAA021642005F0E7FB07B0BDEC028B46
:1014F000F0BD0096CDE90154002314A2A021642080
:1015000005F0DAFB07B0BDEC028BF0BD547007B0FC
:10151000BDEC028BF0BD000059000020200000202F
:10152000480C00201F85EB51FCA9F1D24D62503FC1
:10153000CDCCCCCC252E336600000000252E3166A4
:1015400000000000252E3266000000003000000080
:101550002DE9F0412DED028B86B04CF2186400218C
:10156000F0234FF4A0720846009405F008F84FF4F9
:101570007840302300904FF4A0721946002004F008
:101580009FFF0025DE4FCDE90054182602963A88C9
:1015900004230821284605F035FBCDE90046002349
:1015A000D8A208213020029505F086FBCDE9005431
:1015B0000296BA78022308213C2005F023FBCDE9EE
:1015C00000460023CFA208215420029505F074FBA9
:1015D000CDE900540296FA7802230821602005F034
:1015E00011FBCDE9005402963A79022308218420A8
:1015F00005F008FBCDE900460023C3A208219C208A
:10160000029505F059FBCDE9005402967A79022340
:101610000821A82005F0F6FACDE900540296FA79DF
:1016200001230821CC2005F0EDFA042002F05CFF34
:10163000FFF78EFDCDE900460023B4A208214FF448
:101640009170029505F038FB20270023CDE9004773
:101650001A4640211846029505F0B6F9CDE9004733
:101660000023012240212020029505F0ADF9CDE9AB
:10167000004640210023A4A20846029505F01CFB69
:10168000DFF88C82CDE900540296B8F800200423DC
:101690004021582005F0B6FACDE9004600239DA26E
:1016A0004021A020029505F007FBCDE900474FF44B
:1016B000784312224021E020029505F085F9CDE91A
:1016C000004740214FF4784313228800029505F02B
:1016D0007BF90023CDE900471A46602118460295A0
:1016E00005F072F9CDE90047002302226021202095
:1016F000029505F069F9CDE90046002382A2602138
:101700004020029505F0D8FACDE900540296B8F8C9
:101710000400052382B26021582005F073FACDE958
:10172000004600237CA26021AC20029505F0C4FA9B
:10173000CDE900470023032280211846029505F0D9
:1017400043F9CDE90047002304228021202002959F
:1017500005F03AF9CDE9004600236BA28021402034
:10176000029505F0A9FACDE900540296B8F80820D0
:1017700006238021582005F045FACDE900460023D4
:1017800066A28021D020029505F096FACDE90047A7
:1017900000230722A0211846029505F015F9CDE98E
:1017A000004700230822A0212020029505F00CF913
:1017B000CDE90046002354A2A0214020029505F067
:1017C0007BFAD8F80C0000285CD05549A1FB002119
:1017D0004909F243514310EB81019FED538B21D016
:1017E0005349A1FB0021C908494201EB810110EBDB
:1017F00041012FD0FEF7C3FD53EC182BFEF73CFD43
:1018000041EC100B4BA153EC102B03A806F0B0FDDC
:10181000CDE90046002303AAA0216420029505F02B
:101820004BFA38E0FEF7ABFD53EC182BFEF724FD26
:1018300041EC100B41A153EC102B03A806F098FDCE
:10184000CDE90046002303AAA0216420029505F0FB
:1018500033FA20E0FEF793FD53EC182BFEF70CFD56
:1018600041EC100B37A153EC102B03A806F080FDC0
:10187000CDE90046002303AAA0216420029505F0CB
:101880001BFA08E0CDE90046002330A2A021642025
:10189000029505F011FACDE9004600232CA2A02103
:1018A0004FF48070029505F007FACDE90047002358
:1018B0000922C0211846029505F086F8CDE90047B7
:1018C00000230A22C0212020029505F07DF8CDE9F1
:1018D000004600230CA2C0214020029505F0ECF93F
:1018E000012002F001FEFFF7EBFC022002F0FCFDFC
:1018F000FFF76AFC06B0BDEC028BBDE8F08100008A
:10190000200000202F0000003A00000034470000B3
:10191000480C0020560000006D41000057000000F8
:101920001F85EB5100000000FCA9F1D24D62503F31
:10193000CDCCCCCC252E336600000000252E3166A0
:1019400000000000252E326600000000300000007C
:101950004B572F480000000010B5174CE07868B1D5
:101960002179164800294FF0010102D001F050F909
:1019700001E001F0E3F82079C043207120890021C3
:10198000B0F57A7F28BF21810CD2401C0004000CE6
:10199000208107D0A0F54072E73A02BF60780028A6
:1019A000E17000E06170AFF24F021E21BDE810400F
:1019B000022006F0ABBC0000160000200010014021
:1019C00010B5042000F028F8002808BF10BD07F06B
:1019D00093FBBDE810400420AFF3008010B504462F
:1019E000800D00D12CB940F20112034903A007F089
:1019F00035F90848046010BDB0BC000849535F4584
:101A00005854495F4C494E4528455854495F4C69E4
:101A10006E6529001404014070B5002504460128B4
:101A200018BF022C3AD0042C18BF082C36D0102C2A
:101A300018BF202C32D0402C18BF802C2ED0B4F5EB
:101A4000807F18BFB4F5007F28D0B4F5806F18BF31
:101A5000B4F5006F22D0B4F5805F18BFB4F5005F15
:101A60001CD0B4F5804F18BFB4F5004F16D0B4F5B4
:101A7000803F18BFB4F5003F10D0B4F5802F18BFD9
:101A8000B4F5002F0AD0B4F5801F18BFB4F5001FBD
:101A900004D0EB22074908A007F0E0F80D480068E1
:101AA0000D492040096821421CBF00280125284615
:101AB00070BD0000B0BC000849535F4745545F4506
:101AC0005854495F4C494E4528455854495F4C6924
:101AD0006E652900000401401404014010B504465D
:101AE0000079002818BF042804D073222F4930A0A1
:101AF00007F0B4F8607908281CBF0C28102804D01F
:101B000074222A4935A007F0A9F82068810D00D178
:101B100020B9752225493DA007F0A0F8A07900283A
:101B200018BF012804D07622204943A007F096F878
:101B3000A1794E48002930D00168226891430160A4
:101B4000001D0168226891430160207900F1804006
:101B500000F5823001682268114301604449086839
:101B60002268904308600A1D10682368984310603B
:101B70006079102808D000F1804000F582300168BB
:101B800022681143016010BD08682368184308608B
:101B9000106821680843106010BD207900F1804072
:101BA00000F58230016822689143EBE7B0BC000881
:101BB00049535F455854495F4D4F44452845585453
:101BC000495F496E69745374727563742D3E45584C
:101BD00054495F4D6F6465290000000049535F451B
:101BE0005854495F5452494747455228455854492B
:101BF0005F496E69745374727563742D3E45585411
:101C0000495F5472696767657229000049535F45EF
:101C10005854495F4C494E4528455854495F496ED0
:101C200069745374727563742D3E455854495F4C02
:101C3000696E65290000000049535F46554E4354C4
:101C4000494F4E414C5F53544154452845585449DF
:101C50005F496E69745374727563742D3E455854B0
:101C6000495F4C696E65436D6429000000040140C2
:101C700008040140001DFEF7F0BE2DE9F0475FEAC1
:101C8000010807464FF000041ABF4FF017094FF044
:101C9000180ABDE8F087E519E8B202F03BFC010A3A
:101CA0003E1909EB4600FEF7D8FEE8B202F032FC1E
:101CB000C1B20AEB4600FEF7D0FE601CC4B2A045DC
:101CC000E9D8BDE8F08710B500211720FEF7C5FE62
:101CD00001211820FEF7C1FE00211920FEF7BDFEEC
:101CE00000211A20FEF7B9FE25211B20FEF7B5FEC4
:101CF00080211C20FEF7B1FE01211D20FEF7ADFE64
:101D00000E211E20FEF7A9FE00211F20FEF7A5FED2
:101D1000B4212020FEF7A1FE1F212120FEF79DFE09
:101D200040212220FEF799FE00212320FEF795FE98
:101D30001E212420FEF791FE00212520FEF78DFEB6
:101D400050212620FEF789FE44212720FEF785FE3C
:101D5000C0212820FEF781FE00212920FEF77DFE0C
:101D60003F212A20FEF779FE00213120FEF775FE83
:101D700002213220FEF771FE00213320FEF76DFEB6
:101D8000FF213420FEF769FE00213520FEF765FEB5
:101D900000213620FEF761FE00213720FEF75DFEB0
:101DA0007F213820FEF759FE17213920FEF755FE16
:101DB0003B21BDE810403A20FEF74FBEF8B50024A5
:101DC0006D462046FEF71AFE2855601CC4B2042C4E
:101DD000F7D39DF8000018251726A12804BF9DF809
:101DE0000100582807D19DF80200592804BF9DF82A
:101DF0000300A22841D0A1210020FEF72EFE582189
:101E00000120FEF72AFE59210220FEF726FEA2211C
:101E10000320FEF722FE00218F20FEF71EFE002188
:101E20009020FEF71AFE00219120FEF716FE0021F9
:101E30009220FEF712FE00F079F800210420FEF750
:101E40000CFE01210520FEF708FE00210620FEF70A
:101E500004FE01210720FEF700FE00210820FEF706
:101E6000FCFDFFF730FF00F061F80024201DFEF7B5
:101E7000C5FD012833D088B33AE000F057F80024BC
:101E8000201DFEF7BBFD012801D028B108E001218B
:101E9000204602F045FB03E00021204602F040FB13
:101EA000601CC4B2052CEBD3012002F01DFB04F032
:101EB00057F8002405EB4400FEF7A0FD074606EBAB
:101EC0004400FEF79BFD07EB002081B2204602F0A4
:101ED00043FB601CC4B2212CECD3F8BD04E001210B
:101EE000204602F01DFB03E00021204602F018FB13
:101EF000601CC4B2052CB9D3012002F0F5FA04F03D
:101F00002FF8002405EB4400FEF778FD074606EBAA
:101F10004400FEF773FD07EB002081B2204602F07B
:101F20001BFB601CC4B2212CECD3F8BD10B58F2074
:101F3000FEF764FD04069020FEF760FD04EB00440C
:101F40009120FEF75BFD04EB00249220FEF756FD86
:101F50002044064C010CE060082002F0F7FAA0894A
:101F6000BDE8104081B2092002F0F0BA480C002010
:101F700010B50C4CE068010E8F20FEF76EFDE06896
:101F8000C0F307419020FEF768FDA089C0F3072148
:101F90009120FEF762FD217BBDE810409220FEF704
:101FA0005CBD0000480C002010B500218F20FEF71A
:101FB00054FD00219020FEF750FD00219120FEF7F6
:101FC0004CFD00219220FEF748FDBDE81040FFF7D0
:101FD000ADBF10B502F046FD01F076FD02F070FCD9
:101FE000BDE8104002F0DABC0023002998BF70471A
:101FF000F0B40026D2E902C4644508BF34460BD0D1
:102000001468556814F80C400CF1010C9CFBF5F7B2
:1020100005FB17CCC2F808C0C4545B1C8B42E9D343
:10202000F0BC704770B50C46050018BF012D0ED0EE
:10203000022D18BF032D0AD0042D1CBF052D062D1F
:1020400005D040F247321FA12DA006F007FE002C5C
:1020500018BF012C21D0022C18BF032C1DD0042C3A
:1020600018BF052C19D0062C18BF072C15D0082C2A
:1020700018BF092C11D00A2C18BF0B2C0DD00C2C1A
:1020800018BF0D2C09D00E2C18BF0F2C05D04FF403
:1020900052720CA124A006F0E1FDA007010F0F2051
:1020A00000FA01F224F0030000F1804000F58030D6
:1020B000836823EA02028260826805FA01F1114313
:1020C000816070BD2E2E5C6669726D776172655C91
:1020D0006E3332673435785F7374645F706572692C
:1020E00070685F6472697665725C7372635C6E338C
:1020F00032673435785F6770696F2E6300000000C7
:1021000049535F4750494F5F455854495F504F52BC
:10211000545F534F5552434528506F7274536F7537
:10212000726365290000000049535F4750494F5FC3
:1021300050494E5F534F555243452850696E536F77
:10214000757263652900000070B50D4604460128CC
:1021500018BF022C00F0E081042C18BF082C00F0FE
:10216000DB81A4F5A01010381CBFA4F5A010B0F1BD
:10217000300000F0D181A4F5B01040381CBFA4F5A8
:10218000B010B0F1C00000F0C781A4F5C010B0F5E8
:1021900080701CBFA4F5C010B0F5007000F0BC81C9
:1021A000A4F5C010B0F540701CBFA4F5C010B0F588
:1021B000023000F0B181A4F5C010B0F5033018BFB3
:1021C000B4F5805F00F0A881B4F5E91F18BFB4F53D
:1021D000EA1F00F0A181B4F5EB1F18BFB4F5004F62
:1021E00000F09A816FF40010C4421CBFA4F50010E7
:1021F000B0F1020000F09081A4F50010001F1CBF98
:10220000A4F50010B0F1080000F08681A4F50010DC
:1022100010381CBFA4F54010B0F5807000F07C8130
:10222000A4F54010B0F500701CBFA4F54010B0F547
:10223000806000F07181FB4884421CBF6FF08040D9
:10224000C44200F06981F84884421CBFF7488442C8
:1022500000F06281F64884421CBFF648844200F0D8
:102260005B81F54884421CBFF448844200F05481ED
:10227000F34884421CBFF348844200F04D81F24889
:1022800084421CBFF148844200F04681F0488442F9
:102290001CBFF048844200F03F81A4F18040B0F5BB
:1022A000F2101CBFA4F18040B0F5F41000F03481AE
:1022B000A4F18040B0F5F6101CBFE748844200F05E
:1022C0002B81E64884421CBFE548844200F024810B
:1022D000A4F18040B0F190701CBFE248844200F04D
:1022E0001B81E14884421CBFA4F18040B0F18460AE
:1022F00000F01281DD4884421CBFDD48844200F0BA
:102300000B81DC4884421CBFDB48844200F004811E
:10231000DA4884421CBFDA48844200F0FD80D94884
:1023200084421CBFD848844200F0F680D7488442DB
:102330001CBFD748844200F0EF80D64884421CBFBF
:10234000D548844200F0E880D44884421CBFD44879
:10235000844200F0E180A4F18040B0F579101CBF08
:10236000A4F18040B0F57B107ED0CE4884421CBFE3
:10237000CD48844278D0CD4884421CBFCC488442AA
:1023800072D0CC4884421CBFCB4884426CD0CB482E
:1023900084421CBFCA48844266D0CA4884421CBFDB
:1023A000C948844260D0C94884421CBFC84884429E
:1023B0005AD0C84884421CBFC748844254D0C7483A
:1023C00084421CBFA4F10050B0F580504CD0A4F161
:1023D0000050B0F580401CBFA4F10050B0F50040A3
:1023E00042D0BF4884421CBFBE4884423CD0BE4855
:1023F00084421CBFBD48844236D0BD4884421CBFC5
:10240000BC48844230D0BC4884421CBFBB48844294
:102410002AD0BB4884421CBFBA4884427CD0A4F571
:10242000001080381CBFA4F5B010B0F1800073D04C
:10243000A4F1815080381CBFA4F18150B0F140005C
:102440006AD0A4F1815020381CBFA4F18150B0F1B2
:10245000100061D0A4F1815008381CBFA4F1815054
:10246000B0F1040058D000E056E0A4F18150801E85
:102470001CBF6FF08150C4424ED0A4F18050B0F523
:1024800000401CBFA4F18050B0F5804044D0A4F1BE
:102490008050B0F5005018BFB4F1102F3CD0A4F11B
:1024A0008050B0F500601CBFA4F18050B0F5806092
:1024B00032D0A4F18050B0F500701CBFA4F1805060
:1024C000B0F5807028D0A4F1805080381CBFA4F1F2
:1024D0008050B0F140001FD0A4F1805020381CBFC4
:1024E000A4F18050B0F1100016D0A4F1805008384B
:1024F0001CBFA4F18050B0F104000DD0A4F18050B5
:10250000801E1CBF6FF08050C44205D040F27A227A
:102510007DA18CA006F0A2FB002D18BF012D05D0D7
:1025200040F27B2278A18DA006F098FB924A14F02D
:10253000004F18BFD0691ED090491FFA84FC04EAEE
:102540000106C4F340510B01A1B29940B6F5401FFA
:1025500021D014F4801F24D014F4001F4FF0030383
:10256000C4F3034603FA06F318BF1B04984314F0A0
:10257000E04F52D11EE114F0804F18BF106ADBD13A
:1025800014F0005F18BF506AD6D114F0805F14BFFA
:10259000906A5068D0E7536820F0706023F0706351
:1025A000FAE014F0807F25D014F0040F1AD014F054
:1025B000007F20EA01000ED035B1536843F00103DB
:1025C00043F070635360F8E0516821F0010141F07D
:1025D00070615160F2E0536823F0010343F07063CF
:1025E0005360E9E04CF0040C0CFA03F39843002D1F
:1025F000EAD0E2E714F0806F11D014F0080F0FD08A
:1026000014F0007F20EA01000BD03DB1536843F085
:10261000080343F070635360CFE0CDE0B0E0C5E065
:10262000BCE0B4E00004008002001140060011404C
:10263000200014403000144040001640C0001640F6
:10264000000218400003184000041A40000C1A4011
:1026500000101C4000301C4001003040020030409F
:1026600003003040040020410400204308002044BF
:102670000800204610003440200034403000344030
:102680004000364080003640C000364000023840EE
:102690000003384000043A40000C3A4000103C402F
:1026A00000303C40010010200200102003001020E8
:1026B00004001220080012200C0012201000142028
:1026C0003000142040001620C00016200001182001
:1026D000000218200003182000041A20000C1A2001
:1026E00001002020020020200400202008002020DB
:1026F00010003420300034204000202080002020B2
:1027000000012020000220202E2E5C6669726D7769
:102710006172655C6E3332673435785F7374645F01
:102720007065726970685F6472697665725C7372F5
:10273000635C6E3332673435785F6770696F2E6320
:102740000000000049535F4750494F5F52454D41DB
:102750005028526D7050696E2900000049535F4641
:10276000554E4354494F4E414C5F535441544528B4
:10277000436D64290000000000000140000030703B
:10278000516821F0080141F07061516016E0536812
:1027900023F0080343F0706353600DE04CF0080C25
:1027A0000CFA03F39843002DEAD02FE7884314F086
:1027B000E04F01D140F0706005B1084314F0004FC4
:1027C0001CBFD06170BD14F0804F1CBF106270BD83
:1027D00014F0005F1CBF506270BD14F0805F14BF26
:1027E0009062506070BD00002DE9F0410446002663
:1027F000A0F180400D46B0F584301CBFA4F18040AC
:10280000B0F586301CD0A4F18040B0F588301CBFF4
:10281000A4F18040B0F58A3012D0A4F18040B0F528
:102820008C301FBFA4F18040B0F58E30A4F1804001
:10283000B0F5903004D0BE223FA14EA006F00EFAB3
:10284000E878002818BF042810D0282818BF482886
:102850000CD0142818BF102808D01C2818BF18281E
:1028600004D0BF2234A14AA006F0F8F9288820B984
:10287000C02231A151A006F0F1F9E87800F00F076D
:1028800010F0100F0FD0A878002818BF022808D029
:10289000012818BF032804D0C72227A150A006F0A2
:1028A000DDF9A878074328784FF00F0C10F0FF0FE0
:1028B0004FF0010318BF216819D02A8803FA06F0E7
:1028C000024082420FD1B2000CFA02F821EA08015C
:1028D00007FA02F21143EA78282A08BF606102D0A1
:1028E000482A08BF2061761C082EE6D3216028887C
:1028F000FF2886BF62680020BDE8F08100F1080172
:102900002E8803FA01F10E408E420FD186000CFA98
:1029100006F822EA080207FA06F63243EE78282E75
:1029200008BF6161EE78482E08BF2161401C08286D
:10293000E4D36260BDE8F0812E2E5C6669726D772B
:102940006172655C6E3332673435785F7374645FCF
:102950007065726970685F6472697665725C7372C3
:10296000635C6E3332673435785F6770696F2E63EE
:102970000000000049535F4750494F5F414C4C5F96
:10298000504552495048284750494F782900000087
:1029900049535F4750494F5F4D4F44452847504981
:1029A0004F5F496E69745374727563742D3E47505E
:1029B000494F5F4D6F6465290000000049535F4730
:1029C00050494F5F50494E284750494F5F496E6903
:1029D000745374727563742D3E50696E2900000043
:1029E00049535F4750494F5F53504545442847502E
:1029F000494F5F496E69745374727563742D3E4715
:102A000050494F5F537065656429000070B50546F5
:102A10000026A0F180400C46B0F584301CBFA5F123
:102A20008040B0F586301DD0A5F18040B0F58830EB
:102A30001CBFA5F18040B0F58A3013D0A5F18040CD
:102A4000B0F58C301FBFA5F18040B0F58E30A5F1F8
:102A50008040B0F5903005D040F229121BA12AA089
:102A600006F0FCF8012C18BF022C28D0042C18BF4B
:102A7000082C24D0102C18BF202C20D0402C18BF9C
:102A8000802C1CD0B4F5807F18BFB4F5007F16D021
:102A9000B4F5806F18BFB4F5006F10D0B4F5805F47
:102AA00018BFB4F5005F0AD0B4F5804F18BF052CED
:102AB00005D04FF4957205A11AA006F0CFF8A868CA
:102AC000204218BF0126304670BD00002E2E5C66E5
:102AD00069726D776172655C6E3332673435785F29
:102AE0007374645F7065726970685F64726976653B
:102AF000725C7372635C6E3332673435785F677013
:102B0000696F2E630000000049535F4750494F5FD3
:102B1000414C4C5F504552495048284750494F78E6
:102B20002900000049535F4745545F4750494F5FB4
:102B300050494E2850696E290000000070B50446C7
:102B4000A0F180400D46B0F584301CBFA4F1804058
:102B5000B0F586301DD0A4F18040B0F588301CBFA0
:102B6000A4F18040B0F58A3013D0A4F18040B0F5D4
:102B70008C301FBFA4F18040B0F58E30A4F18040AE
:102B8000B0F5903005D04FF4C57206A114A006F040
:102B900065F82DB940F28B1202A118A006F05EF87C
:102BA000656170BD2E2E5C6669726D776172655CC1
:102BB0006E3332673435785F7374645F7065726941
:102BC00070685F6472697665725C7372635C6E33A1
:102BD00032673435785F6770696F2E6300000000DC
:102BE00049535F4750494F5F414C4C5F50455249F4
:102BF0005048284750494F782900000049535F4703
:102C000050494F5F50494E2850696E29000000001E
:102C100070B50446A0F180400D46B0F584301CBF6D
:102C2000A4F18040B0F586301DD0A4F18040B0F50D
:102C300088301CBFA4F18040B0F58A3013D0A4F1D5
:102C40008040B0F58C301FBFA4F18040B0F58E30CD
:102C5000A4F18040B0F5903005D040F2731206A187
:102C600014A005F0FBFF2DB94FF4BA7202A118A011
:102C700005F0F4FF256170BD2E2E5C6669726D77DC
:102C80006172655C6E3332673435785F7374645F8C
:102C90007065726970685F6472697665725C737280
:102CA000635C6E3332673435785F6770696F2E63AB
:102CB0000000000049535F4750494F5F414C4C5F53
:102CC000504552495048284750494F782900000044
:102CD00049535F4750494F5F50494E2850696E290C
:102CE0000000000010B582B06946002002F074FEBA
:102CF00001A9002002F00AFEDFF898C09DF800004C
:102D00008CF804009DF801008CF805009DF8020085
:102D10008CF806009DF805108CF802109DF806301E
:102D20008CF803309DF80720012902F5FA60ACF811
:102D3000000018BF022904D101F10C00C1B202F257
:102D4000CF704A1C02EB420240F2676412FB04F2AD
:102D500003EB410100EB523211444AF2D73202FB3D
:102D6000002201EB9001A1EB92514FF4C872B0FB2D
:102D7000F2F00144084B08460022C3FB01208210F8
:102D8000A2EBE070A0EBC0000844401C8CF80700E8
:102D900002B010BD200000209324499201A005F04C
:102DA000D7FAFBE7766F6964204861726446617503
:102DB0006C745F48616E646C657228766F69642913
:102DC0000D0A000070B51D4DA8B0A878002804BFFA
:102DD00028B070BD0026AE70194A1AA11AA805F0D5
:102DE000C7FA1C480090431D00F115021AA101A862
:102DF00005F0BEFA01A8FDF72BFA84B21AA8FDF778
:102E000027FA82B201AB1AA90120009403F0B2F9AB
:102E10002878401CC0B2287003283CBF28B070BD81
:102E20002E70BFF34F8F0F4801680F4A01F4E06125
:102E300011430160BFF34F8F00BFFDE7C8020020C0
:102E4000040000206D6F646275735F696E666F2F9A
:102E500025730000E816002025735F25735F257336
:102E6000000000000CED00E00400FA050449012018
:102E70008870AFF2070203490A2005F047BA000044
:102E8000C8020020989F0400024A03490A2005F066
:102E90003DBA00006D2E0008989F040010B5B4B034
:102EA0000E4A0FA127A805F063FA11480090431DB0
:102EB00000F115020FA101A805F05AFA01A8FDF7CB
:102EC000C7F984B227A8FDF7C3F982B201AB27A9DD
:102ED0000120009403F04EF934B010BD040000202E
:102EE0006D6F646275735F696E666F2F2573000086
:102EF000E816002025735F25735F2573000000002E
:102F000070B50D4CE078012818BF70BD0025E57044
:102F100001F060FA2078032838BF70BD2570BFF338
:102F20004F8F06480168064A01F4E06111430160D1
:102F3000BFF34F8F00BFFDE7C80200200CED00E09B
:102F40000400FA0504490120C870AFF207020349E2
:102F50000B2005F0DBB90000C8020020C0D401003E
:102F6000024A03490B2005F0D1B90000452F0008A3
:102F7000C0D4010030B40023002A88BFDFF834C079
:102F800011D9C45C01EB43050CEB1414247801F84F
:102F90001340C45C5B1C04F00F049BB21CF804409B
:102FA0006C709A42EDD84FF6FF7030BC00EA4200D8
:102FB00070470000AA9300082DE9F84380464FF4BB
:102FC0008057ADF800700420394E8DF803000024BE
:102FD00069463046FFF708FC00254FF400513046A3
:102FE000FFF7ACFD022005F0CFFE4FF40051304654
:102FF000FFF70EFE6006040E4FF480513046FFF7D7
:1030000005FD00281CBF601CC4B2012005F0BCFEF9
:10301000681CC5B2082DE0D310254FF00109B8F1A6
:10302000000F4FF40051304620D0FFF787FDADF878
:1030300000708DF803508DF8029069463046FFF716
:10304000D3FB29023046FFF779FD022005F09CFEF4
:1030500069023046FFF7DCFD022005F095FE6902AB
:103060003046FFF76BFD2046BDE8F883FFF766FDAD
:10307000ADF800708DF803508DF802906946304627
:10308000FFF7B2FB4FF480513046FFF7C1FD02203D
:1030900005F07AFE4FF400513046FFF7B9FD0220EB
:1030A00005F072FE4FF400513046FFF747FDDAE7B6
:1030B000000C0140F8B505464FF48050ADF8000013
:1030C00010208DF803000120184E8DF8020069468B
:1030D0003046FFF789FB71143046FFF72FFD0024BF
:1030E00015F0800F4FF48051304602D0FFF790FD6D
:1030F00001E0FFF723FD6806050E022005F044FEFF
:103100004FF400513046FFF783FD022005F03CFEEE
:103110004FF400513046FFF711FD022005F034FE58
:10312000601CC4B2082CDBD3F8BD0000000C0140C9
:1031300038B54FF48050ADF8000010208DF8030032
:1031400001200F4C8DF8020069462046FFF74CFB2A
:10315000A1142046FFF75CFD61142046FFF758FDDF
:10316000022005F011FEA1142046FFF7E7FC022023
:1031700005F00AFE61142046BDE83840FFF7DEBCCA
:10318000000C014038B54FF48050ADF8000010201D
:103190008DF8030001200C4C8DF802006946204692
:1031A000FFF722FBA1142046FFF7C8FC611420465C
:1031B000FFF72EFD022005F0E7FDA1142046BDE833
:1031C0003840FFF725BD0000000C0140F8B54FF472
:1031D0008056ADF800600420264D8DF803000024D1
:1031E00069462846FFF700FBA9142846FFF710FDA3
:1031F000012005F0C9FD69142846FFF709FD0120EB
:1032000005F0C2FDA9142846FFF700FC50B3601C6E
:10321000C4B2FA2C1FD9ADF8006010208DF803005D
:1032200001208DF8020069462846FFF7DDFA4FF4C9
:1032300080512846FFF782FC4FF400512846FFF7E3
:10324000E7FC022005F0A0FD4FF480512846FFF76F
:10325000DFFC0120F8BD4FF480512846FFF7D6FB74
:103260000028D4D14FF400512846FFF767FC002016
:10327000F8BD0000000C014010B4C268D0F804C0D2
:10328000531C93FBFCF40CFB1433D0F808C06345CB
:1032900004BF10BC704703689954C1684268491C58
:1032A00091FBF2F302FB1311C16010BC70470000E8
:1032B0002DE9F04F584D83B00026A87B10B10128AE
:1032C00012D0A2E06879401C687101F0C5F90A21AA
:1032D00052A004F0D3FFC8216E70534A0F2005F0AE
:1032E00015F80120A87390E001F0AAF9002804BFA6
:1032F00003B0BDE8F08F4D4C206801F041FE01465F
:103300004B482268FEF770FE4AA14948FCF784FF4B
:10331000002876D02C214648FCF790FF00286CD07E
:10332000441C6E71801CFDF70FFC07462046FDF71C
:103330000BFC00EB800007EB4000C0B210282CBF54
:1033400010380830C7B2201DE41CFDF7FDFB804695
:103350002046FDF7F9FB00EB800008EB400000F091
:10336000FF08201DE41CFDF7EFFB81462046FDF71A
:10337000EBFB00EB800009EB400000F0FF092DA102
:103380002B48FCF749FF00F108040930FDF7DCFB8E
:1033900082462046FDF7D8FB00EB80000AEB400098
:1033A00000F5FA600290201DE41CFDF7CDFB82467B
:1033B0002046FDF7C9FB00EB80000AEB400000F05F
:1033C000FF0A04F1030B201DFDF7BEFB044658461F
:1033D000FDF7BAFB00EB800004EB4000C2B23B46B5
:1033E0005146CDE90089029802F0EAFEAE73012051
:1033F00003B0BDE8F08F04E0FFE768790A2803D145
:1034000005E068790A2802D0AE730020F0E76E71FB
:10341000AE730220ECE700004000002041542B4333
:10342000434C4B3F0D0A0000794600083C00002049
:103430000C1100202B43434C4B3A00002DE9F04780
:10344000C54F0024DFF81493387CADF5C46D2546D4
:103450004FF001082646092880F07B81DFE800F064
:1034600005131F31A8B3C9F6F500F878012807BF86
:10347000FE70042087F810800DF5C46D18BFBDE8FC
:10348000F08700F0B1B8F8796421401CF8717E70C3
:10349000B34A0F2004F03AFF022000F0A5B801F073
:1034A000CFF800287CD001F0D7F81121ADA004F0AE
:1034B000E5FE64217E70AA4A0F2004F027FF032056
:1034C00092E001F0BDF800286AD0D9F8000001F0C0
:1034D00057FD0146A848D9F80020FEF785FDA7A1B1
:1034E000A548FCF799FE00284BD0FE71A6A1A24882
:1034F000FCF792FE1030044601782C2903D010F816
:10350000011F2C29FBD1001BA0F10108C82168462E
:10351000FCF777FE424621466846FCF759FE04EB6D
:1035200008009DA1FCF778FE002800F01281841CA1
:1035300081780DF5C1602C2906D04155691C8DB2EA
:1035400014F8011F2C29F8D14655FCF788FE0546D2
:10355000C8216846FCF755FE2A46611C6846FCF700
:1035600037FE0E2D07D018D9A9B24FF001026846D8
:1035700000F0F8FF11E00E210022684600F0F2FF93
:103580000BE086A17C48FCF747FE002818BFFE71BF
:1035900040F0DF80F879032803D03E7400F0D9B8FA
:1035A00023E0FE7187F80080BE703E7400F0D1B851
:1035B000B8796421401CB8717E70694A0F2004F00C
:1035C000A5FE052010E001F03BF800280DD001F029
:1035D00043F8082175A004F051FE64217E70604A12
:1035E0000F2004F093FE062038740DF5C46DBDE87D
:1035F000F08701F025F8002804BF0DF5C46DBDE883
:10360000F087D9F8000001F0BBFC01465A48D9F810
:103610000020FEF7E9FC68A15748FCF7FDFD38B330
:1036200010F8061F2C2904D010F8011F641C2C2947
:10363000FAD1DFF88C817125A0EB040A08F5237913
:10364000012C04D0022C14D02DE065E02EE0504671
:10365000FDF77AFAA5EB4000C2B25AA10DF2DC5098
:1036600004F086FE9DF8DC0588F88C0289F801607C
:1036700019E00AF10100FDF767FA04465046FDF72C
:1036800063FA00EB800004EB4000A5EB4000C2B2FF
:103690004CA10DF2DC5004F06BFEBDF8DC05A8F87F
:1036A0008C0289F80260072038749EE700F0D4FF8E
:1036B0000E2145A004F0E2FD798A474804F0DEFDC2
:1036C000022135A004F0DAFD062144A004F0D6FD65
:1036D000BA8A3CA10DF5BC6004F04AFE0DF5BC6051
:1036E000FCF7B6FD81B20DF5BC6004F0C7FD022108
:1036F00038A004F0C3FDB98A3A4804F0BFFD0321A5
:1037000039A004F0BBFDFE70C8217E70144A0F2062
:1037100004F0FCFD082067E700F092FF00283FF46A
:1037200064AFD9F8000001F02BFC01461248D9F82B
:103730000020FEF759FC2DA10F48FCF76DFD002875
:103740000ABFB879BE71032803D1BE7187F8008023
:10375000BE703E7449E70000400000203C0000209D
:103760007946000841542B4D515454524541443D33
:10377000302C310D0A0000000C1100202B4D51544B
:1037800054524541443A00002B4D51545452454146
:10379000443A20302C302C00222C00002B434D4585
:1037A000204552524F523A203630310041542B437B
:1037B00053510D0A000000002B4353513A200000E2
:1037C0005C1400202564000041542B4D515454508A
:1037D00055423D302C2200005C0C0020302C302C57
:1037E000302C0000240D0020220D0A004F4B000059
:1037F0002DE9F041214C224F0025207A20B10128EB
:103800001FD0022831D02DE01E4EA570306801F087
:10381000B7FB01461C483268FEF7E6FB00F01CFFD0
:103820004FF400413846FFF7F3F94FF4FA71657031
:10383000164A0F2004F06AFD012020720020BDE826
:10384000F08100F0FDFE68B14FF400413846FFF70B
:1038500075F941F2883165700C4A0F2004F056FD6D
:10386000022020720020BDE8F08100F0E9FE00286F
:103870001CBF25720120BDE8F0810000400000203F
:10388000000801403C0000200C110020794600088F
:1038900038B54FF40040ADF8000010208DF803005B
:1038A0000120064C8DF8020069462046FEF79CFF79
:1038B0004FF400412046FFF7ABF938BD0008014046
:1038C0004B4810B5407C0B2828BF10BDDFE800F046
:1038D000061B29374957650D6F0D8400FFF788FFD8
:1038E00020B1012807D0022809D010BDBDE8104042
:1038F000002005F003BD3E490120487410BD3C493D
:103900000020487410BD01F0EBF9002808BF10BD7D
:10391000012802D00228F2D010BD3548022141749E
:1039200010BD01F08DF9002808BF10BD012802D09C
:103930000228E4D010BD2E490320487410BD01F0C8
:103940002FF9002808BF10BD012806D0022818BF93
:1039500010BD00212648417410BD2549042048743B
:1039600010BDFFF7A5FC002808BF10BD012802D03C
:103970000228C4D010BD1E490820487410BD02F0B2
:10398000A3FB002808BF10BD012802D00228B6D032
:1039900010BD17490620487410BDFDF787F80028B0
:1039A00008BF10BD0128E6D00228A8D010BD00F045
:1039B000F9F8002808BF10BD012802D002289ED0C7
:1039C00010BD0B480A21417401218170FFF766FA8E
:1039D000BDE81040FFF762BA05480178012902D11D
:1039E000002101704174BDE81040FFF727BD0000C1
:1039F00040000020010004484FF0100101D0FFF703
:103A00009DB8FFF705B9000000100140010004480F
:103A10004FF0800101D0FFF791B8FFF7F9B800002F
:103A200000080140144A10B51078144C01280CD13C
:103A3000002010709178491CC9B2917001290FD0F3
:103A4000907020212046FFF779F805F0BBF9002897
:103A50004FF0800120460AD0BDE81040FFF76EB855
:103A6000FFF740F920212046FFF7D2F8EDE7BDE847
:103A70001040FFF7CDB800001600002000080140FC
:103A8000010004484FF0010101D0FFF757B8FFF7DC
:103A9000BFB80000000C0140044901200870AFF2DB
:103AA00007024FF47A7104F031BC000016000020C8
:103AB00010B501210348FEF7A9FF00280CBF012023
:103AC000002010BD000801402DE9F0410B2000F05E
:103AD0001BFD0746092000F01DFD0646012000F0F1
:103AE00003FD2E4C002520B9A5710D2004F004FC27
:103AF0006570A179A9B1012928D0022918BFBDE8B4
:103B0000F08147F004010B2000F020FD012100208E
:103B100000F006FD16F0020F3CD0FFF7C9FF48B3D6
:103B200038E0042000F0F0FC0546042000F0F2FC30
:103B3000854288BFBDE8F0810120A071BDE8F04159
:103B4000174A40F6B8310D2004F0E0BB6078012838
:103B500018BFBDE8F0816570042000F0D5FC064672
:103B6000042000F0D7FC86429EBF0220A071BDE871
:103B7000F0810FE0002002F0F3F90021012000F0B5
:103B8000CFFC02210A2000F0E1FC0020FDF798FBA9
:103B900000F020FCA571BDE8F0810000CC020020FF
:103BA0004192000810B5A9488CB0C07B0A2833D2D6
:103BB000DFE800F00519354761A0BDDFFDFC00F02E
:103BC0004BFD1921A2A004F059FBA04C00204FF49A
:103BD00096716070A54A0F2004F098FB0120E073F5
:103BE0000CB0002010BD00F02BFD002804BF0CB06D
:103BF00010BD9F4C206801F0C3F901469D48226822
:103C0000FEF7F2F99CA19B48FCF706FB002800F0A8
:103C100016818E490220C8730CB0002010BD00F040
:103C20001BFD1E2195A004F029FB884C00204FF4B9
:103C3000967160708D4A0F2004F068FB032000F03D
:103C400096B800F0FDFC002804BF0CB010BD884CF5
:103C5000206801F095F9014686482268FEF7C4F90C
:103C600085A18448FCF7D8FA002800F0E88077495D
:103C70000420C873D0E700F0EFFC0F2187A004F008
:103C8000FDFAC621B820CDE90001EA23312287A13F
:103C900002A804F06DFB02A8FCF7DAFA81B202A8D0
:103CA00004F0ECFA42F6483284A102A804F060FB6A
:103CB00002A8FCF7CDFA81B202A804F0DFFA0221D3
:103CC0007FA004F0DBFA10217E4804F0D7FA02212D
:103CD0007DA004F0D3FA13217CA004F0CFFA5B4C52
:103CE000002041F288316070604A0F2004F00EFB22
:103CF00005203CE000F0A4FC002804BF0CB010BD7F
:103D00005B4C206801F03CF901465A482268FEF7F6
:103D10006BF973A15748FCF77FFA18B14B4906209D
:103D2000C87379E70F2174A004F0A8FA87E000F0C7
:103D300093FC1D2174A004F0A1FA624A7AA102A8A2
:103D400004F016FB02A8FCF783FA81B202A804F083
:103D500095FA052175A004F091FA3C4C002041F23F
:103D600088316070414A0F2004F0D0FA0720E073D8
:103D700052E700F065FC002804BF0CB010BD3C4CBD
:103D8000206801F0FDF801463A482268FEF72CF958
:103D900039A13848FCF740FA044666A13548FCF7DB
:103DA0003BFA002C18BF002849D001E025E003E0D1
:103DB00026490820C8732FE700F04EFC1A2160A0A6
:103DC00004F05CFA3F4A58A102A804F0D1FA02A814
:103DD000FCF73EFA81B202A804F050FA052153A084
:103DE00004F04CFA194C002041F2883160701F4AEF
:103DF0000F2004F08BFA0920B9E700F021FC00281D
:103E000004BF0CB010BD1A4C206801F0B9F801468F
:103E100018482268FEF7E8F817A11648FCF7FCF9E5
:103E2000044644A11348FCF7F7F9002C18BF0028FA
:103E300005D006490020C8730CB0012010BD03490D
:103E40000020C8730CB0022010BD0000400000200C
:103E500041542B4D5154544346473D22636163689E
:103E60006564222C302C310D0A00000079460008D0
:103E70003C0000200C1100204F4B000041542B4D02
:103E80005154544346473D226B656570616C6976B9
:103E900065222C302C3132300D0A000041542B4D5C
:103EA000515454434F4E4E3D302C220025642E2554
:103EB000642E25642E2564222C0000002564000059
:103EC0002C22000004000020222C000022757365C3
:103ED00072222C22302E313233343536220D0A0034
:103EE0002B4D5154545552433A2022636F6E6E222B
:103EF0002C302C300000000041542B4D51545444C0
:103F00004953433D300D0A0041542B4D51545453F5
:103F100055423D302C226D6F646275735F636F6E26
:103F200074726F6C2F00000025730000222C300D7E
:103F30000A0000002B4D5154545355423A20300092
:103F400041542B4D5154545355423D302C226D6FEA
:103F5000646275735F74696D652F0000FEE7000091
:103F60002DE9F047FF4E0024DFF8FC83B0889AB0BB
:103F700027460228C0F01F82811E404604F0DCFE66
:103F8000B0883278404410F8011C914240F013820E
:103F900010F8020C7178884240F00D8298F80320E6
:103FA00098F8023006F1060A02EB032295B298F85F
:103FB0000010BAF8002098F801008A4240F0FB8116
:103FC00008F5FA79052854D00BDC6F46012810D08B
:103FD0000522032800F07F81042800F0B08100F062
:103FE000EAB9062800F00A81102800F0308100F0BC
:103FF000E2B9042D00F2DF8198F8052098F804302A
:1040000002EB032292B25319052B00F2D4818DF8F2
:1040100000108DF80100D11D01200F2905D312F0E9
:10402000070F14BF00EBD200D0088DF8020010F08B
:10403000FF0F1CBF7088E8400AD0E10020FA01F1B0
:104040003A19D170611CCCB29DF80210A142F4D88B
:104050009DF80200401DC4B2A11E384604F06CFE5B
:104060003819717800F8021C317800F8011C00F052
:1040700063B998F8052098F80430072D02EB032265
:1040800094B200F298818DF800108DF80100280A92
:104090008DF80200200A8DF804008DF803508DF889
:1040A00005400621684604F047FE70788DF806004A
:1040B00030788DF80700082D28D2DFE805F00417C6
:1040C00051276D27737EB4F57F4F40F0358105F0A1
:1040D00021F9BFF34F8FA5480168A54A01F4E061BB
:1040E00011430160BFF34F8F00BFFDE7022000F0D6
:1040F000FBF9002840F02081032000F0F5F90128A9
:1041000040F01A81B4F57F4F05D0BCB1002F40F0CC
:10411000528100F011B9002000F0E6F9002840F0CB
:104120000B810121084600F0FBF901210846FDF74B
:10413000A1FD012001F014FF01200EE0002101206B
:1041400000F0EEF900210120FDF794FD0A20A9F806
:104150001400002001F004FF0020FDF7B1F8EBE0AF
:10416000B4F57F4F01D04CB110E00121022000F0E6
:10417000D7F901210220FDF77DFD07E00021022093
:1041800000F0CEF900210220FDF774FD022000F0BE
:10419000ABF9FDF719F8CFE0B4F57F4F08BFFDF795
:1041A00003FFC9E0B4F57F4F7DD10021084600F040
:1041B000B7F90020A9F81600BEE0B4F57F4F01D092
:1041C00074B1B9E00121042000F0AAF90121042012
:1041D000FDF750FD042000F087F9FCF7B9FFABE0D4
:1041E0000021042000F09CF900210420FDF742FD8D
:1041F000042000F079F9FCF7ABFF9DE098F805206A
:1042000098F80430212D02EB032294B262D88DF885
:1042100000108DF80100280A8DF80200200A8DF8A0
:104220000400EFB28DF803708DF805400621684652
:1042300004F082FD70788DF8060030788DF8070064
:1042400000F0C8F82AF815400121384640E098F8F7
:10425000052098F80430212D02EB032292B29CBF76
:10426000AB18222B36D8002A0ED908EB440393F85A
:1042700008C0DB790CEB032304EB050C2AF81C3097
:10428000631CDCB2A242F0D88DF800108DF801005A
:10429000280A8DF80200ECB2100A8DF803408DF860
:1042A0000400D5B200E047E08DF8055098F806000C
:1042B0008DF806000721684604F03EFD70788DF801
:1042C000070030788DF8080000F084F82946204671
:1042D000FDF7D3FC6FE098F8053098F804C0212D65
:1042E00003EB0C239BB29CBF03EB050CBCF1220F2C
:1042F00061D88DF800108DF8010058008DF802008B
:10430000281907EB44013AF810004FEA102C81F805
:1043100003C00871601CC4B29C42F1D902EB430097
:10432000C4B2A11E384604F007FD3819717800F8B0
:10433000021C317800F8011C00F04CF83BE098F8C2
:10434000053098F804C00D2D03EB0C239BB29CBFE5
:1043500005EB030CBCF10E0F2DD88DF800108DF875
:10436000010007E05C000020121700200CED00E0C7
:104370000400FA0558008DF80200281907EB4401E3
:1043800039F810004FEA102C81F803C00871601C46
:10439000C4B29C42F1D902EB4300C4B2A11E38461C
:1043A00004F0CAFC3819717800F8021C317800F862
:1043B000011C00F00FF80020B2880146002A05D940
:1043C00008F80010401C80B28242F9D8B1801AB0BF
:1043D000BDE8F08770B53C4EADF5C36DB51F3078C4
:1043E0008DF8F00301208DF8F1038DF8F203A87821
:1043F0008DF8F3030421FCA804F09EFC68788DF886
:10440000F40328788DF8F50330788DF8F60303204F
:104410008DF8F70344208DF8F8030020FCAC36F843
:10442000101004EB40020B0A401C5372C0B2917290
:104430002228F4D94721A01D04F07EFC68788DF86D
:104440003D0428788DF83E0430788DF83F04042030
:104450008DF840041C208DF841041C4B002004EB17
:10446000400233F81010401C4FEA112C82F852C061
:10447000C0B282F853100E28F1D91F2104F1510067
:1044800004F05AFC68788DF85E0428788DF85F0493
:1044900070240F4A0FA10DF2E45003F069FF224689
:1044A00002A9FCA8FEF766FD04460DF2E450FBF7F6
:1044B000CFFE82B202AB0DF2E4510120009401F074
:1044C00059FE0DF5C36D70BD620000200619002075
:1044D000040000206D6F646275735F73746174759E
:1044E000732F2573000000000F2884BF0020704741
:1044F000012101FA00F003494988084018BF012052
:10450000704700005C000020014931F8100070473E
:1045100006190020014931F81000704762000020A0
:104520000F2888BF7047012202FA00F00129064ACD
:1045300004BF5188084305D0002906BF518821EAED
:1045400000007047508070475C000020014A22F84C
:104550001010704706190020014A22F81010704709
:10456000620000202DE9F04704460025314E9CB042
:104570000F460120AAB1012A1CBF1CB0BDE8F0877C
:1045800070700120FCF75FFE35703A4621462A48DC
:10459000FCF7EAFA29490880FFF7E2FC1CB0BDE805
:1045A000F08770700120FCF74EFE35702068029095
:1045B0008DF80C5002A8FBF752FE1FFA80FAA08873
:1045C000ADF808008DF80A5002A8FBF748FE00F08D
:1045D000FF09E088ADF808008DF80A5002A8FBF743
:1045E0003EFE00F0FF082089ADF808008DF80A5063
:1045F00002A8FBF734FEC7B26089ADF808008DF859
:104600000A5002A8FBF72BFEC6B2A089ADF808003D
:104610008DF80A5002A8FBF722FEC0B2CDE9006077
:104620003B4642464946504601F0CAFD1CB0BDE833
:10463000F0870000C8020020121700206000002050
:1046400004494878002808BF7047012000224A70BA
:1046500070470000400000200020054A0146115428
:10466000401C80B2B0F57A7FF9D30248C18270470E
:104670000C110020400000200149012048707047C3
:1046800040000020704738B535208DF80000002428
:104690008DF801408DF8024001258DF803506846E1
:1046A00000F032F826208DF800008DF801408DF8DA
:1046B00002408DF80350684600F026F827208DF858
:1046C00000008DF801408DF802408DF803506846D7
:1046D00000F01AF834208DF8000002208DF8010057
:1046E0008DF802408DF80350684600F00DF8082060
:1046F0008DF800008DF801408DF802508DF80350C0
:10470000684600F001F838BD70B50446C0780F2542
:10471000002818BF012804D07D2223A12FA004F077
:104720009DFA6078102804D37E221FA13A4804F035
:1047300095FAA078102804D37F221BA1374804F0F3
:104740008DFAE078012210B335480068637800F4F0
:10475000E060C0F5E060000AC0F1040103FA01F175
:10476000A37825FA00F0184008432178000101F1F0
:10477000E02181F80004207800F01F0102FA01F125
:104780004009800000F1E020C0F8001170BD2078E1
:1047900000F01F0102FA01F14009800000F1E02061
:1047A000C0F8801170BD00002E2E5C6669726D77B6
:1047B0006172655C6E3332673435785F7374645F41
:1047C0007065726970685F6472697665725C737235
:1047D000635C6D6973632E630000000049535F469C
:1047E000554E4354494F4E414C5F53544154452814
:1047F0004E5649435F496E69745374727563742DE4
:104800003E4E5649435F4952514368616E6E656C36
:10481000436D64290000000018BC0008D4BB0008E8
:104820000CED00E010B50446B0F5E06F18BFB4F52C
:10483000C06F0CD0B4F5A06F1CBFB4F5806FB4F599
:10484000407F04D06C2205A111A004F007FA1B4997
:1048500044F0FD7040F08060086010BD2E2E5C6654
:1048600069726D776172655C6E3332673435785F7B
:104870007374645F7065726970685F64726976658D
:10488000725C7372635C6D6973632E630000000079
:1048900049535F4E5649435F5052494F524954590C
:1048A0005F47524F5550284E5649435F5072696FCB
:1048B0007269747947726F75702900000CED00E021
:1048C0002DE9F0410B20FFF71FFE07460920FFF7F7
:1048D00021FE304C0646E17939B3002501293ED04E
:1048E000022946D0032918BFBDE8F08147F008012E
:1048F0000B20FFF72BFE01210020FFF711FE16F021
:10490000040F0FD0002001F02BFB00210120FFF746
:1049100007FE03210A20FFF719FE0020FCF7D0FC58
:10492000FFF758FDE571BDE8F0810520FFF7ECFDCC
:1049300000EB800045000520FFF7ECFD00EB800058
:10494000B5EB400F38BFBDE8F0810120E071BDE854
:10495000F041114A4FF4FA610E2003F0D7BCA07861
:10496000012806BFA5700220BDE8F081E071BDE816
:10497000F0810520FFF7C8FD00EB80004600052010
:10498000FFF7C8FD00EB8000B6EB400F28BF032007
:10499000ECD2C7E7CC020020099300082DE9F041D2
:1049A0000B20FFF7B1FD07460920FFF7B3FD2B4CA5
:1049B0000646217A39B30025012939D002293ED093
:1049C000032918BFBDE8F08147F040010B20FFF735
:1049D000BDFD01210020FFF7A3FD16F0100F0FD041
:1049E000002001F0BDFA00210120FFF799FD06210A
:1049F0000A20FFF7ABFD0020FCF762FCFFF7EAFCA2
:104A00002572BDE8F0810720FFF77EFD05460820EE
:104A1000FFF780FD854238BFBDE8F081012020729C
:104A2000BDE8F0410E4A4FF4FA61102003F06EBC6D
:104A30002079012804BF25712572BDE8F081072087
:104A4000FFF762FD06460820FFF764FD864224BF9B
:104A500003202072D4D3BDE8F0810000CC020020F6
:104A6000F19200082DE9F0410B20FFF74DFD0646BD
:104A70000920FFF74FFD2B4C0546617939B300271C
:104A8000012939D0022941D0032918BFBDE8F0819E
:104A900046F002010B20FFF759FD01210020FFF72E
:104AA0003FFD15F0010F0FD0002001F059FA002151
:104AB0000120FFF735FD01210A20FFF747FD002007
:104AC000FCF7FEFBFFF786FC6771BDE8F081042070
:104AD000FFF71AFD05460320FFF71CFD854238BF8E
:104AE000BDE8F08101206071BDE8F0410E4A4FF44D
:104AF000FA610C2003F00ABC2078012806BF277059
:104B00000220BDE8F0816071BDE8F0810420FFF76C
:104B1000FBFC05460320FFF7FDFC854228BF032070
:104B2000F1D2D1E7CC020020E592000810B50400D4
:104B300018BF012C04D0862203A111A004F08EF826
:104B40001648046210BD00002E2E5C6669726D77F7
:104B50006172655C6E3332673435785F7374645F9D
:104B60007065726970685F6472697665725C737291
:104B7000635C6E3332673435785F7077722E630012
:104B800049535F46554E4354494F4E414C5F535431
:104B900041544528436D64290000000000000E4286
:104BA00070B51D4C0025E07A10B1012813D010E03B
:104BB0002079401C2071FFF74FFD0B2117A003F057
:104BC0005DFB64216570184A0F2003F09FFB0120F4
:104BD000E072002070BDFFF733FD002808BF70BDF4
:104BE000124E306800F0CCF9014611483268FDF7EA
:104BF000FBF910A10E48FBF70FFB18B1E572257108
:104C0000012070BD20795A2898BFE572E1D925713D
:104C1000E572022070BD00004000002041542B438B
:104C2000474154543F0D0A00794600083C000020DB
:104C30000C1100202B43474154543A20310000000E
:104C400070B51D4C0025A07A10B1012813D010E0DA
:104C50002079401C2071FFF7FFFC0B2117A003F007
:104C60000DFB64216570184A0F2003F04FFB0120F3
:104C7000A072002070BDFFF7E3FC002808BF70BDE4
:104C8000124E306800F07CF9014611483268FDF799
:104C9000ABF910A10E48FBF7BFFA18B1A572257148
:104CA000012070BD20795A2898BFA572E1D92571DD
:104CB000A572022070BD00004000002041542B432B
:104CC000455245473F0D0A00794600083C00002048
:104CD0000C1100202B43455245473A20302C31001F
:104CE000814810B5407A0A283AD2DFE800F0052161
:104CF0003B4850617989B9CA7C4C206800F040F982
:104D000001467B482268FDF76FF9FFF7A5FC0421F7
:104D100078A003F0B3FA744C00204FF4FA6160708D
:104D2000764A0F2003F0F2FA01206072002010BDD5
:104D3000FFF786FC002808BF10BD6C4C206800F00F
:104D40001FF901466A482268FDF74EF96CA16848D0
:104D5000FBF762FA002800F0C28063490220487223
:104D6000002010BD604C00204FF4FA616070634A6F
:104D70000F2003F0CBFA03206072002010BDFFF774
:104D80005FFC0028ECD0584904204872E8E7FFF7A0
:104D900063FC0A215BA003F071FA534C00206421EC
:104DA0006070564A0F2003F0B1FA05206072D7E711
:104DB000FFF746FC002808BF10BD4C4C206800F0EF
:104DC000DFF801464A482268FDF70EF950A148482D
:104DD000FBF722FA00287DD0434906204872BFE73E
:104DE000FFF73AFC0B214EA003F048FA3E4C00209E
:104DF00064216070414A0F2003F088FA07203EE0EA
:104E0000FFF71EFC002808BF10BD384C206800F0DA
:104E1000B7F8014636482268FDF7E6F843A1344862
:104E2000FBF7FAF900285AD04249D0F80720C1F818
:104E30009122D0F80B20C1F89522D0F80F20C1F8AC
:104E40009922B0F81320A1F89D22407D81F89F029D
:104E500001F52371002008752349082048727FE777
:104E6000FFF7FAFB0A2134A003F008FA1E4C0020D9
:104E700064216070214A0F2003F048FA0920607213
:104E80006EE7FFF7DDFB002808BF10BD174C206858
:104E900000F076F8014616482268FDF7A5F829A12A
:104EA0001348FBF7B9F9A8B122498268C1F8A122D9
:104EB000C268C1F8A5220269C1F8A9224269C1F8F5
:104EC000AD228069C1F8B10201F52371002081F89B
:104ED000290000E003E004494872012010BD0249A6
:104EE00000204872022010BD400000203C0000203D
:104EF0000C11002041540D0A000000007946000802
:104F00004F4B000041542B4350494E3F0D0A0000C7
:104F10002B4350494E3A205245414459000000006D
:104F200041542B4347534E3D310D0A002B43475309
:104F30004E3A20005C14002041542B49434349441D
:104F40000D0A00002B49434349443A200000000069
:104F500070B5102004F090F904004FF0000508BF70
:104F60002C4607D040F2DD50606004F085F9E56022
:104F7000A56020600148046070BD00003C00002076
:104F80000146D1E90220801A44BF496808447047AD
:104F900010B504001CBF012C042C05D040F20332D4
:104FA0000AA118A003F05AFE1B48002180F8201027
:104FB00080F82010012C08BF012103D0042C0CBF65
:104FC000052110BD80F8201010BD00002E2E5C665B
:104FD00069726D776172655C6E3332673435785F04
:104FE0007374645F7065726970685F647269766516
:104FF000725C7372635C6E3332673435785F7263F0
:10500000632E630049535F5243435F4C534528521C
:1050100043435F4C534529000010024010B5040083
:1050200018BFB4F5806F0DD0B4F5A06F1CBFB4F5F8
:10503000C06FB4F5E06F05D040F2C31205A113A014
:1050400003F00CFE1849486820F4E06020434860F3
:1050500010BD00002E2E5C6669726D776172655C12
:105060006E3332673435785F7374645F706572696C
:1050700070685F6472697665725C7372635C6E33CC
:1050800032673435785F7263632E630049535F5231
:1050900043435F48434C4B5F444956285243435F68
:1050A00048434C4B290000000010024010B5044654
:1050B000B0F5807F1CBFB4F5007FB4F5407F05D00C
:1050C00040F2333206A114A003F0C8FD1B48016A68
:1050D00021F440710162016A2143016210BD0000A8
:1050E0002E2E5C6669726D776172655C6E33326715
:1050F0003435785F7374645F7065726970685F647B
:1051000072697665725C7372635C6E3332673435D4
:10511000785F7263632E630049535F5243435F526B
:105120005443434C4B5F535243285243435F5254C2
:1051300043434C4B536F7572636529000010024066
:1051400070B504460E480D46044200D12CB940F219
:10515000FE320CA119A003F081FD214E002D04BFE9
:10516000F069A04309D0012D05D040F2FF3205A11E
:105170001CA003F073FDF0692043F06170BD0000D6
:10518000003301412E2E5C6669726D776172655C39
:105190006E3332673435785F7374645F706572693B
:1051A00070685F6472697665725C7372635C6E339B
:1051B00032673435785F7263632E630049535F5200
:1051C00043435F415042315F504552495048285255
:1051D00043435F4150423150657269706829000055
:1051E0000010024049535F46554E4354494F4E41CB
:1051F0004C5F535441544528436D6429000000001E
:1052000070B504460E480D46044200D12CB940F258
:10521000DF320CA119A003F021FD214E002D04BFA7
:10522000B069A04309D0012D05D04FF4787205A1D3
:105230001CA003F013FDB0692043B06170BD0000F5
:105240000286E0FF2E2E5C6669726D776172655C86
:105250006E3332673435785F7374645F706572697A
:1052600070685F6472697665725C7372635C6E33DA
:1052700032673435785F7263632E630049535F523F
:1052800043435F415042325F504552495048285293
:1052900043435F4150423250657269706829000093
:1052A0000010024049535F46554E4354494F4E410A
:1052B0004C5F535441544528436D6429000000005D
:1052C00010B5040018BF012C05D04FF4517203A192
:1052D00010A003F0C3FC1648046010BD2E2E5C66BF
:1052E00069726D776172655C6E3332673435785FF1
:1052F0007374645F7065726970685F647269766503
:10530000725C7372635C6E3332673435785F7263DC
:10531000632E630049535F46554E4354494F4E41F7
:105320004C5F535441544528436D642900000000EC
:105330003C044242324B30B45968324A11405A68F8
:1053400011F0006F02F480320CBF4FF0020C6FF4CA
:10535000F77C0CEB9141002A04BF2B4A514306D045
:105360005A6812F4003F14BF274A284A51435A682A
:10537000DFF898C012F00C0218BF042A03D0082AE4
:1053800008BF016001D0C0F800C05A684FF00F0C90
:105390001F4D0CEA1212D0F800C0AA5C2CFA02F2DF
:1053A0004260D3F804C0072404EA1C2C15F80CC092
:1053B00022FA0CFCC0F808C0D3F804C004EADC2CC4
:1053C00015F80CC022FA0CFCC0F80CC0D3F82CC0A5
:1053D00005F110040CF00F0C14F80CC0B2FBFCF239
:1053E0004261DA6A1F2303EA121202F00F0204F18B
:1053F000100333F81220B1FBF2F1016130BC7047A9
:105400000010024000003C0800093D0000127A0034
:105410006A93000870B500250446212818BF312C76
:1054200021D0392C18BF412C1DD0612C18BF732CF2
:1054300019D0742C18BF752C15D0772C18BF792C67
:1054400011D07A2C18BF7B2C0DD07C2C18BF7D2C52
:1054500009D07E2C18BF7F2C05D040F2E3420CA16E
:1054600019A003F0FBFB60091D49012808BF08686B
:1054700003D002280CBF086A486A04F01F01012209
:1054800002FA01F1014218BF0125284670BD000053
:105490002E2E5C6669726D776172655C6E33326761
:1054A0003435785F7374645F7065726970685F64C7
:1054B00072697665725C7372635C6E333267343521
:1054C000785F7263632E630049535F5243435F46C4
:1054D0004C4147285243435F464C41472900000056
:1054E0000010024038B503F0EBFC4FF40060ADF85B
:1054F000000010208DF803000120064C8DF80200FA
:1055000069462046FDF770F9E1142046FDF716FBC9
:1055100038BD00000008014002F06CBE00210A28DE
:1055200005D3491C0A38C0B2C9B20A28F9D2090702
:1055300040EA11607047000070B50026674D0C46C8
:1055400000282AD0012805D04FF4E37264A172A08C
:1055500003F084FB286810F0400F00F07F80207873
:10556000010901EB810100F00F0000EB4100C0B226
:10557000401E0B2805D94FF4EE7259A16DA003F01F
:105580006DFBE078002818BF402800F0798040F2D9
:10559000DD1253A16EA000F071B8286810F0400F22
:1055A00013D02078401E0B2805D94FF4E6724CA189
:1055B0006FA003F053FBE078002818BF40280ED0FE
:1055C00040F2CD1246A162A007E0E67020781728CD
:1055D00005D94FF4E97242A16FA003F03FFB607858
:1055E0003B2805D94FF4EA723DA175A003F036FBC4
:1055F000A0783B2805D940F2D51239A17AA003F052
:105600002DFB2078FFF78AFF06046078FFF786FFFE
:1056100046EA0026A078FFF781FFE178304340EAB0
:1056200001437B4CCA2020605320206000F04CF9DD
:1056300070B178487849184008607848016821F0CE
:1056400080010160286810F0200F08BF00F056FCB0
:10565000FF202060BDE8704000F050BCE67020786C
:10566000010901EB810100F00F0000EB4100C0B225
:10567000172805D94FF4F17219A169A003F0EEFAC9
:105680006078010901EB810100F00F0000EB41009F
:10569000C0B23B2805D94FF4F27211A16EA003F0FD
:1056A000DDFAA078010901EB810100F00F0000EBA9
:1056B0004100C0B23B2805D940F2E51208A174A010
:1056C00003F0CCFAA0782178E27840EA01406178D2
:1056D000090241EA024140EA0103A2E7082800402A
:1056E0002E2E5C6669726D776172655C6E3332670F
:1056F0003435785F7374645F7065726970685F6475
:1057000072697665725C7372635C6E3332673435CE
:10571000785F7274632E630049535F5254435F464F
:105720004F524D4154285254435F466F726D61741D
:105730002900000049535F5254435F3132484F55AE
:105740005228746D70726567697374657229000000
:1057500049535F5254435F483132285254435F5497
:10576000696D655374727563742D3E48313229003A
:1057700049535F5254435F3132484F555228525477
:10578000435F54696D655374727563742D3E486F41
:10579000757273290000000049535F5254435F3211
:1057A00034484F5552285254435F54696D655374C1
:1057B000727563742D3E486F757273290000000086
:1057C00049535F5254435F4D494E555445532852F7
:1057D00054435F54696D655374727563742D3E4D07
:1057E000696E75746573290049535F5254435F5362
:1057F00045434F4E4453285254435F54696D65539B
:1058000074727563742D3E5365636F6E6473290003
:10581000242800407F7F7F00002800400C280040A3
:1058200049535F5254435F3234484F5552285254C3
:10583000435F42636432546F427974652852544323
:105840005F54696D655374727563742D3E486F754E
:10585000727329290000000049535F5254435F4D81
:10586000494E55544553285254435F426364325461
:105870006F42797465285254435F54696D6553745F
:10588000727563742D3E4D696E75746573292900B8
:1058900049535F5254435F5345434F4E445328523C
:1058A00054435F42636432546F42797465285254A2
:1058B000435F54696D655374727563742D3E53650F
:1058C000636F6E647329290081B00F490020009036
:1058D000086810F0400F04BF8020086010D10868ED
:1058E000009A00F04000521C0092B2F5005F01D017
:1058F0000028F4D0086810F0400004BF01B07047E1
:10590000012001B0704700000C28004070B50C4623
:10591000050018BF012D05D04FF4377218A126A03D
:1059200003F09CF92B48006820F0C00121F07F4172
:105930000B0CC1F30422E37001F03F006270A07011
:10594000C1F342312170002D18BF70BD190901EB60
:10595000810103F00F0303EB4101E170110901EB39
:10596000810102F00F0202EB41016170010901EBBC
:10597000810100F00F0000EB4100A07070BD00003D
:105980002E2E5C6669726D776172655C6E3332676C
:105990003435785F7374645F7065726970685F64D2
:1059A00072697665725C7372635C6E33326734352C
:1059B000785F7274632E630049535F5254435F46AD
:1059C0004F524D4154285254435F466F726D61747B
:1059D000290000000428004070B50C46050018BFDF
:1059E000012D05D040F23D2218A126A003F036F982
:1059F0002B4800682B494FF0400C0140C1F3054291
:105A0000C1F30623227001F07F006370A0700CEADE
:105A10001141E170002D18BF70BD110901EB81012A
:105A200002F00F0202EB41012170190901EB810123
:105A300003F00F0202EB41016170010901EB8101EA
:105A400000F00F0000EB4100A07070BD2E2E5C66D0
:105A500069726D776172655C6E3332673435785F79
:105A60007374645F7065726970685F64726976658B
:105A7000725C7372635C6E3332673435785F727454
:105A8000632E630049535F5254435F464F524D416A
:105A900054285254435F466F726D617429000000B0
:105AA000002800407F7F7F0070B505460026006813
:105AB0003446402818BF002804D0C7221EA12CA0BD
:105AC00003F0CCF868687F2804D9C8221AA135A051
:105AD00003F0C4F8A868B0F5004F04D3C92216A19A
:105AE0003EA003F0BBF84B4BCA201860532018604F
:105AF000FFF7EAFEB0B14848016821F040010160BB
:105B000001682A68114301604448A968016001687E
:105B1000AA8841EA02410160001F016821F080016A
:105B200001600126FF20186040F2FF20641C8442BF
:105B3000FCD3304670BD00002E2E5C6669726D7716
:105B40006172655C6E3332673435785F7374645F9D
:105B50007065726970685F6472697665725C737291
:105B6000635C6E3332673435785F7274632E630022
:105B700049535F5254435F484F55525F464F524D11
:105B80004154285254435F496E697453747275636B
:105B9000742D3E5254435F486F7572466F726D614B
:105BA0007429000049535F5254435F5052454449A1
:105BB000565F4153594E4348285254435F496E69DA
:105BC000745374727563742D3E5254435F417379FC
:105BD0006E636850726564697629000049535F52AC
:105BE00054435F5052454449565F53594E434828E9
:105BF0005254435F496E69745374727563742D3ED9
:105C00005254435F53796E636850726564697629B4
:105C10000000000024280040082800401028004010
:105C200070B50C46050000F05F80012D05D040F2F4
:105C3000722256A163A003F011F8E078010901EB8C
:105C4000810100F00F0000EB4100C0B2632805D9CC
:105C50004FF420724DA162A003F000F860780109B2
:105C600001EB810100F00F0000EB4100C0B2401ECB
:105C70000B2805D940F2822244A166A002F0EEFF73
:105C8000A078010901EB810100F00F0000EB410059
:105C9000C0B2401E1E2805D94FF421723BA164A05A
:105CA00002F0DCFF2178012918BF02290ED0032958
:105CB00018BF04290AD005291CBF0629072905D0C9
:105CC00040F2862231A161A002F0C8FF002D2FD042
:105CD000A078E178227840EA01406178090241EA3F
:105CE000423140EA010333E0607810F0100F03D036
:105CF00020F010000A306070E078632805D940F287
:105D00007A2222A15BA002F0A9FF6078401E0B2836
:105D100005D940F27B221DA15FA002F09FFFA07871
:105D2000401E1E28BED94FF41F7218A163A0B7E70A
:105D3000E078FFF7F3FB05046078FFF7EFFB45EA37
:105D40000025A078FFF7EAFB2178284340EA413399
:105D5000634CCA20206053202060FFF7B5FD78B166
:105D6000604823F0C00101605F48016821F08001B4
:105D70000160001F006810F0200F08BF00F0BEF89F
:105D8000FF202060BDE8704000F0B8B82E2E5C66A1
:105D900069726D776172655C6E3332673435785F36
:105DA0007374645F7065726970685F647269766548
:105DB000725C7372635C6E3332673435785F727411
:105DC000632E630049535F5254435F464F524D4127
:105DD00054285254435F466F726D6174290000006D
:105DE00049535F5254435F59454152285254435FCF
:105DF00042636432546F42797465285254435F445D
:105E00006174655374727563742D3E5965617229AE
:105E10002900000049535F5254435F4D4F4E544890
:105E200028746D707265676973746572290000006B
:105E300049535F5254435F4441544528746D707216
:105E400065676973746572290000000049535F52E9
:105E500054435F5745454B444159285254435F448E
:105E60006174655374727563742D3E5765656B4438
:105E70006179290049535F5254435F594541522883
:105E80005254435F446174655374727563742D3E5C
:105E9000596561722900000049535F5254435F4DB8
:105EA0004F4E5448285254435F4461746553747292
:105EB0007563742D3E4D6F6E7468290049535F52AF
:105EC00054435F44415445285254435F44617465D0
:105ED0005374727563742D3E44617465290000002B
:105EE00024280040042800400C28004000210160C4
:105EF0007F214160FF2181607047000081B0002058
:105F00000F4B0090CA201860532018600D49086894
:105F100020F0200008600868009A00F02000521C61
:105F20000092B2F5004F01D00028F4D0086810F0BC
:105F3000200018BF0120FF21196001B07047000048
:105F4000242800400C280040044901200870AFF2CA
:105F500007024FF47A71042002F0D8B92C00002017
:105F600010B5164C10B101280ED01AE04FF40041C4
:105F70002046FCF74DFE4FF480412046FCF7DEFD45
:105F8000142002F0F5FE0CE04FF480412046FCF7AF
:105F90003FFE4FF400412046FCF7D0FD142002F0F4
:105FA000E7FE4FF400412046FCF7C8FD2046BDE85F
:105FB00010404FF48041FCF7C1BD0000000C0140CF
:105FC000F8B54FF40040ADF8000010250E4E8DF8E6
:105FD000035003248DF8024069463046FCF704FC68
:105FE000E9023046FCF714FEA902ADF800108DF866
:105FF00003508DF8024069463046FCF7F5FBA902D4
:106000003046FCF705FEF8BD000C014010B501213B
:1060100086B00807FFF794F80121C806FFF790F84B
:106020000120FEF783FD0420FAF7D2FDA0F5A06160
:10603000053904BF06B010BD4FF48070FFF736F885
:106040000120FEF7A5FF4120FFF7E4F90028FAD070
:106050000120FFF735F97F200190FF2000240290F6
:1060600000946846FFF742FF6846FFF71DFD0146B2
:1060700011A002F06DF919208DF8130001208DF8A0
:1060800011008DF8120003208DF80D408DF81000DE
:106090008DF80E408DF80C4004A90020FFF7C0FDDC
:1060A00003A90020FFF748FA40F205510420FAF74F
:1060B00019FE06B010BD0000525443B3F5CABCBB74
:1060C000AF25640D0A00000070B51D4C0025207B33
:1060D00010B1012813D010E02079401C2071FEF788
:1060E000BBFA1F2117A002F0C9F8642165701D4A90
:1060F0000F2002F00BF901202073002070BDFEF785
:106100009FFA002808BF70BD174E3068FEF738FFB1
:10611000014616483268FBF767FF15A11348FAF7E6
:106120007BF800281EBF2573012070BD20790A2846
:1061300098BF2573E1D925712573022070BD000039
:106140004000002041542B5149435347503D312CCE
:10615000312C22434D4E4554222C22222C22222C1B
:10616000310D0A00794600083C0000200C11002087
:106170004F4B00002DE9F0410E4E069D8846F07011
:106180001F4614467282C8210B48FAF73AF8224695
:1061900041460948FAF71CF82C46B5824FF47A714B
:1061A0000648FAF72EF822463946BDE8F041034882
:1061B000FAF70EB8400000205C0C0020240D0020EF
:1061C00070B582B0A0F5FA60C0B2DDE906458DF881
:1061D00003008DF801101E468DF8022002F056FDD6
:1061E0008DF804608DF800008DF805408DF806509C
:1061F00069460020FFF714FD01A90020FFF79CF974
:1062000002B070BD042808D010F1050F08BF704718
:10621000CF2205A111A002F021BD4FF0E0200169BD
:1062200041F00401016170472E2E5C6669726D7742
:106230006172655C6E3332673435785F7374645FA6
:106240007065726970685F6472697665725C73729A
:10625000635C6D6973632E630000000049535F53F4
:1062600059535449434B5F434C4B5F534F55524333
:1062700045285379735469636B5F434C4B536F7577
:106280007263652900000000704700004B4883B02E
:10629000016841F4700101604948016841F0010161
:1062A00001604268474911404160016821F41021B2
:1062B00021F080710160016821F480210160416852
:1062C00021F47F0121F0006141600021C16201637E
:1062D0004FF41F028260C26942F08052C2613A4AA2
:1062E000D36843F00103D360C26922F08052C261D7
:1062F000364A136843F09003136000918DF8041040
:106300000291016841F4803101600168C1F34041AC
:106310008DF804100299491C02919DF8041019B9D6
:106320000299B1F5004FF0D10168C1F340418DF8F9
:1063300004109DF8041000293BD0116821F00701DA
:106340001160116841F003011160416841604168CA
:1063500041F400514160416841F4A06141604168ED
:1063600021F47C1121F000614160416841F48031E9
:1063700041F4003141F0026100914160016841F057
:1063800080710160016811F0007FFBD0416821F04D
:1063900003014160416841F002014160416801F040
:1063A0000C010829FAD10A494FF00060086003B0D7
:1063B0007047094907480860F5E7000088ED00E0EC
:1063C0000010024000C0FFF80070004000200240B2
:1063D00008ED00E000127A000000002003490020D0
:1063E000087010210248FCF713BC000028000020B0
:1063F000000C0140074910B5012008701021064823
:10640000FCF79CFBBDE81040044A4EF660211120C9
:1064100001F07CBF28000020000C0140DD63000873
:106420002DE9F047DFF894900D4607461C461646C6
:106430004FF02A084FF480714846FCF77FFB404636
:1064400000F060FC4FF480714846FCF7E1FB380A2D
:1064500000F058FCF8B200F055FC300A00F052FC95
:10646000F0B200F04FFC2B264FF480714846FCF749
:1064700065FB304600F046FC4FF480714846FCF75F
:10648000C7FB280A00F03EFCE8B200F03BFC200A03
:1064900000F038FCE0B200F035FC2C244FF48071A1
:1064A0004846FCF74BFB204600F02CFC4846BDE874
:1064B000F0474FF48071FCF7ABBB0000000C0140CB
:1064C0002DE9F04F0026A2EB00085F1A85B0354693
:1064D00082468946B8F1000FC8BF012007DC0FBF14
:1064E00000204FF0FF30C8F10008019000D101906A
:1064F000002FC8BF012006DC0FBF00204FF0FF3087
:106500007F42009000D10090B845CCBF44463C4645
:106510004FF0000B601C03900028DCBF05B0BDE805
:10652000F08F0E98000A02901FFA8AF01FFA89F184
:10653000DDF838C00B460246CDF810C0FFF770FFFB
:10654000029800F0DFFBDDF810C00CF0FF0000F057
:10655000D9FB46443D44A64202DD0198361B8244E5
:10656000A54202DD00982D1B81440BF101001FFAAA
:1065700080FB03988345D7DB05B0BDE8F08F2DE99C
:10658000F04781469846581E83B21746501E82B285
:106590000D464846089EFFF743FF454534BF4FEA86
:1065A000162ABDE8F0874C46B94509D2504600F09E
:1065B000A9FBF0B200F0A6FB601C84B2BC42F5D38C
:1065C000681C85B24545EED3BDE8F087F8B54FF4B9
:1065D0007C70ADF8000010208DF803000320F64E0B
:1065E0008DF8020069463046FCF7FEF801210920CB
:1065F000FEF706FE0121F148FBF7A6FD71153046B6
:10660000FCF79CFA6423002246F2A811491EFDD132
:10661000521C9A42F8D34FF400713046FCF7F8FA56
:106620006423002246F2A811491EFDD1521C9A4251
:10663000F8D3E3490120087010213046FCF77EFAB8
:10664000E04A4EF66021112001F060FE6420002235
:1066500046F2A811491EFDD1521C8242F8D30024F3
:1066600036254FF480713046FCF768FA284600F072
:1066700049FB4FF480713046FCF7CAFA602000F005
:1066800041FB3A254FF480713046FCF757FA284613
:1066900000F038FB4FF480713046FCF7B9FA052062
:1066A00000F030FBB2254FF480713046FCF746FA1B
:1066B000284600F027FB4FF480713046FCF7A8FA1B
:1066C0000C2000F01FFB0C2000F01CFB002000F051
:1066D00019FB332000F016FB332000F013FBB72525
:1066E0004FF480713046FCF729FA284600F00AFB87
:1066F0004FF480713046FCF78BFA352000F002FB36
:10670000BB254FF480713046FCF718FA284600F09C
:10671000F9FA4FF480713046FCF77AFA192000F04C
:10672000F1FAC0254FF480713046FCF707FA28468D
:1067300000F0E8FA4FF480713046FCF769FA2C203B
:1067400000F0E0FAC2254FF480713046FCF7F6F90C
:10675000284600F0D7FA4FF480713046FCF758FA1B
:10676000012000F0CFFAC3254FF480713046FCF7CA
:10677000E5F9284600F0C6FA4FF480713046FCF780
:1067800047FA122000F0BEFAC4254FF4807130465B
:10679000FCF7D4F9284600F0B5FA4FF48071304682
:1067A000FCF736FA202000F0ADFAC6254FF48071D0
:1067B0003046FCF7C3F9284600F0A4FA4FF4807184
:1067C0003046FCF725FA0F2000F09CFAD0254FF454
:1067D00080713046FCF7B2F9284600F093FA4FF486
:1067E00080713046FCF714FAA42000F08BFAA12047
:1067F00000F088FAE0254FF480713046FCF79EF9EE
:10680000284600F07FFA4FF480713046FCF700FA1A
:10681000D02000F077FA042000F074FA0D2000F088
:1068200071FA112000F06EFA132000F06BFA2B20A1
:1068300000F068FA3F2000F065FA542000F062FA98
:106840004C2000F05FFA182000F05CFA0D2000F0F8
:1068500059FA0B2000F056FA1F2000F053FA2320BB
:1068600000F050FAE1254FF480713046FCF766F9EC
:10687000284600F047FA4FF480713046FCF7C8F91B
:10688000D02000F03FFA042000F03CFA0C2000F089
:1068900039FA112000F036FA132000F033FA2C20D8
:1068A00000F030FA3F2000F02DFA442000F02AFAE0
:1068B000512000F027FA2F2000F024FA1F2000F0CA
:1068C00021FA1F2000F01EFA202000F01BFA2320DE
:1068D00000F018FA21254FF480713046FCF72EF9AC
:1068E000284600F00FFA4FF480713046FCF790F91B
:1068F00011254FF480713046FCF720F9284600F04E
:1069000001FA4FF480713046FCF782F929254FF4E3
:1069100080713046FCF712F9284600F0F3F94FF485
:1069200080713046FCF774F92A254FF480713046A7
:10693000FCF704F9284600F0E5F94FF48071304681
:10694000FCF766F9002000F0DDF9002000F0DAF92C
:10695000002000F0D7F9EF2000F0D4F92B254FF4F8
:1069600080713046FCF7EAF8284600F0CBF94FF486
:1069700080713046FCF74CF9002000F0C3F900208C
:1069800000F0C0F9002000F0BDF9C52000F0BAF910
:106990002C254FF480713046FCF7D0F8284600F0E3
:1069A000B1F94FF480713046FCF732F9601CC4B283
:1069B000022CFFF455AEF8BD000C0140000230007F
:1069C00028000020DD6300082DE9FF4F85B0074651
:1069D000DDF84C800C468B4618F0070018BF0120EC
:1069E00000EBD80000FB08F04FF0000900900028F1
:1069F0009CBF09B0BDE8F08F2D4800EB4210049019
:106A00002C4800EBC21003900898000A02901298DC
:106A1000000A0190B8F1100F08BF049806D0B8F131
:106A2000200F0EBF039809B0BDE8F08F10F8095091
:106A3000002615F0800F0FD023463A46194610461F
:106A4000DDF820A0FFF7ECFC029800F05BF90AF0FB
:106A5000FF0000F057F90EE023463A46194610466B
:106A6000DDF848A0FFF7DCFC019800F04BF90AF0D4
:106A7000FF0000F047F94FF6FF7000EA4505601C83
:106A800084B2A4EB0B00404503D1781C5C4687B26E
:106A900003E0701C86B2082ECBD309F101001FFA67
:106AA00080F900988145B5D309B0BDE8F08F0000AA
:106AB000EEBA0008EEAF00082DE9FF4F89B0054699
:106AC000DDF85CA000264FEA5A0901909B4619F0B8
:106AD000070018BF012000EBD90000FB0AF002906C
:106AE000A2F12000C4B20A980A995044401E83B211
:106AF00005EB0900401E82B22846FFF791FC029880
:106B00004FF0000800289CBF0DB0BDE8F08F3A4957
:106B100004EB440001EB80010791384901EB0411BB
:106B20000691374901EB001005901698000A049071
:106B30004FEA1B200090BAF10C0F04BF079810F821
:106B400008700DD0BAF1100F08BF069806D0BAF140
:106B5000180F0EBF05980DB0BDE8F08F10F8087043
:106B60000024189800284FF0010000FA04F000EA11
:106B7000070019D060B10A992A460B461046FFF764
:106B80004FFC009800F0BEF80BF0FF0000F0BAF8E0
:106B9000681C85B20198281A48451FD10A98019DA2
:106BA000401C80B20A901DE028B1009800F0AAF8BD
:106BB0000BF0FF0006E016980390049800F0A2F88E
:106BC0000398C0B200F09EF8701CC6B2B6FBF9F094
:106BD00009FB1060002808BF002603D0601CC4B267
:106BE000082CBED308F101001FFA80F802988045F6
:106BF000A1D30DB0BDE8F08FBA9300082E9800081D
:106C00001E9E00082DE9FF4F83B04FF00008DDE91C
:106C100011961D0082464FEA5607444612BFA5F161
:106C2000010B07B0BDE8F08F0A23281B401EC2B23B
:106C30000121501EC0B203D35943401EC0B2FBD243
:106C40000598B0FBF1F01B49A1FB0021C90849429E
:106C500001EB810100EB4100B8F1000F06D15C456A
:106C600004DA002818BF4FF0010814D00021CDF835
:106C700000903030CDE90161C2B204FB07A080B2C0
:106C8000109B0499FFF718FF601CC4B2AC42CBD331
:106C900007B0BDE8F08F0020CDF80090CDE901608D
:106CA00004FB07A080B22022109B0499FFF704FF89
:106CB000EAE70000CDCCCCCC2DE9F04784B0064605
:106CC000DDE90D571078DDF83080994614468A4684
:106CD000002804BF04B0BDE8F087CDF80080CDE9FE
:106CE000015722784B4651463046FFF7E5FE06EB4A
:106CF000550086B214F8010F0028EED104B0BDE8AB
:106D0000F087000070B5134E054620213046FBF792
:106D100015FF002440213046FBF710FF15F0800FCF
:106D20004FF08001304602D0FBF772FF01E0FBF725
:106D300005FF40213046FBF76BFF6806050E601C1F
:106D4000C4B2082CE6D33046BDE870402021FBF7E2
:106D50005FBF0000000C014004480178012918BF02
:106D6000704700210170FAF7EBBA000059000020CB
:106D7000044901200870AFF207024FF4FA710620AF
:106D800001F0C4BA5900002010B5084C012120467A
:106D900000F038FA002808BF10BD0121204600F09D
:106DA00007F8BDE8104001F0BBBA00000010004039
:106DB00070B50446A0F180400D46B0F5963018BF7E
:106DC000B4F1804F23D0A4F18040B0F580601CBFA7
:106DD000A4F18040B0F5006019D0A4F18040B0F576
:106DE00040601CBFA4F18040B0F580500FD0A4F1EA
:106DF0008040B0F5A0501CBFA4F18040B0F59A309F
:106E000005D040F6224209A116A001F027FF15F493
:106E10007F4F00D12DB940F6234204A117A001F005
:106E20001DFF2069A843206170BD00002E2E5C6606
:106E300069726D776172655C6E3332673435785F85
:106E40007374645F7065726970685F647269766597
:106E5000725C7372635C6E3332673435785F746969
:106E60006D2E6300497354696D416C6C4D6F647590
:106E70006C652854494D7829000000004973546915
:106E80006D496E742854494D5F4954290000000033
:106E900070B50446A0F1804016460D46B0F5963018
:106EA00018BFB4F1804F23D0A4F18040B0F58060CA
:106EB0001CBFA4F18040B0F5006019D0A4F180405F
:106EC000B0F540601CBFA4F18040B0F580500FD0F9
:106ED000A4F18040B0F5A0501CBFA4F18040B0F5F3
:106EE0009A3005D04FF47B720FA11DA001F0B6FEC1
:106EF00015F47F4F00D12DB940F2ED320AA11EA04A
:106F000001F0ACFE002E04BFA089A84309D0012ED9
:106F100005D040F2EE3204A11CA001F09FFEA08932
:106F20002843A08170BD00002E2E5C6669726D77CB
:106F30006172655C6E3332673435785F7374645F99
:106F40007065726970685F6472697665725C73728D
:106F5000635C6E3332673435785F74696D2E63001D
:106F6000497354696D416C6C4D6F64756C65285440
:106F7000494D782900000000497354696D496E74C9
:106F80002854494D5F4954290000000049535F4689
:106F9000554E4354494F4E414C5F5354415445283C
:106FA000436D64290000000070B50446A0F18040E4
:106FB00015460E46B0F5963018BFB4F1804F23D079
:106FC000A4F18040B0F580601CBFA4F18040B0F512
:106FD000006019D0A4F18040B0F540601CBFA4F15E
:106FE0008040B0F580500FD0A4F18040B0F5A050A3
:106FF0001CBFA4F18040B0F59A3005D040F2195280
:1070000008A116A001F02AFE002D18BF012D05D001
:1070100040F21A5203A117A001F020FE2685A58296
:1070200070BD00002E2E5C6669726D776172655CC2
:107030006E3332673435785F7374645F706572697C
:1070400070685F6472697665725C7372635C6E33DC
:1070500032673435785F74696D2E63004973546903
:107060006D416C6C4D6F64756C652854494D782981
:1070700000000000497354696D50736352656C6F72
:1070800061644D6F64652854494D5F5053435265A8
:107090006C6F61644D6F646529000000F8B51A4E8D
:1070A00041F63F70F0804FF4A060FDF7B7FF01217B
:1070B0001020FEF745F836208DF8000003258DF8E6
:1070C000015000248DF8024001208DF8030068462D
:1070D000FDF71AFB0D48042185800180C48044809F
:1070E0000B4C0146204600F00FF90122F1882046A2
:1070F000FFF75AFF012211462046FFF7C9FE012182
:10710000204600F007F8F8BD16000020E802002035
:107110000010004070B50446A0F180400D46B0F567
:10712000963018BFB4F1804F23D0A4F18040B0F561
:1071300080601CBFA4F18040B0F5006019D0A4F1BC
:107140008040B0F540601CBFA4F18040B0F5805095
:107150000FD0A4F18040B0F5A0501CBFA4F1804036
:10716000B0F59A3005D040F2AF320BA118A001F073
:1071700075FD002D04BF206820F001000AD0012D0C
:1071800005D04FF46C7204A117A001F067FD2068D0
:1071900040F00100206070BD2E2E5C6669726D7734
:1071A0006172655C6E3332673435785F7374645F27
:1071B0007065726970685F6472697665725C73721B
:1071C000635C6E3332673435785F74696D2E6300AB
:1071D000497354696D416C6C4D6F64756C652854CE
:1071E000494D78290000000049535F46554E4354ED
:1071F000494F4E414C5F535441544528436D6429D7
:107200000000000070B505460026A0F180400C4645
:10721000B0F5963018BFB5F1804F23D0A5F180406E
:10722000B0F580601CBFA5F18040B0F5006019D0BA
:10723000A5F18040B0F540601CBFA5F18040B0F5DD
:1072400080500FD0A5F18040B0F5A0501CBFA5F133
:107250008040B0F59A3005D040F6FC3211A11FA055
:1072600001F0FCFC012C18BF022C11D0042C18BF1B
:10727000082C0DD0102C18BF202C09D0402C18BF82
:10728000802C05D040F6FD3206A11AA001F0E6FCE4
:107290002869A989204201EA04011CBF00290126AE
:1072A000304670BD2E2E5C6669726D776172655CCA
:1072B0006E3332673435785F7374645F70657269FA
:1072C00070685F6472697665725C7372635C6E335A
:1072D00032673435785F74696D2E63004973546981
:1072E0006D416C6C4D6F64756C652854494D7829FF
:1072F00000000000497354696D476574496E742835
:1073000054494D5F495429002DE9F05FDFF888A109
:10731000DFF888B1DFF88881DFF88891624F634E2B
:107320000D460446504518BFB4F1804F13D0BC42FF
:1073300018BFB4420FD04C4518BF5C450BD0A4F128
:107340008040B0F5A05018BF444504D0BD2258A1DC
:1073500065A001F083FC6888002818BF102809D0B8
:1073600020281CBF4028602804D0BE2250A164A061
:1073700001F074FCE88800281CBFB0F5807FB0F5F0
:10738000007F04D0BF224AA169A001F067FC2068F9
:10739000544518BF444508D0B4F1804F18BFBC42D3
:1073A00003D0B44218BF4C4503D1698820F0700067
:1073B00008435C451CBFA4F18041B1F5A05103D046
:1073C000E98820F4407008432060A888A0852888B8
:1073D0002085544512BF4445287A20860120A0828A
:1073E0002068544518BF444508D0B4F1804F18BFF9
:1073F000BC4203D0B44218BF4C4509D1697A002978
:1074000014BF40F4006020F40060B4F1804F04D059
:10741000BC421CBFB4424C4510D1A97A002914BF0C
:1074200040F4805020F48050E97A002914BF40F4E1
:10743000005020F40050B4F1804F03D0BC4218BF7C
:10744000B44206D1297B002914BF40F4804020F4C7
:107450008040544518BF444505D0B4F1804F1CBF4F
:10746000BC42B44206D1697B002914BF40F40040FD
:1074700020F4004020606068B4F1804F18BFB4422F
:1074800006D1A97B002914BF40F4807020F48070DD
:107490006060BDE8F09F0000002C0140001000403B
:1074A00000340140000C004000040040000800408F
:1074B0002E2E5C6669726D776172655C6E33326721
:1074C0003435785F7374645F7065726970685F6487
:1074D00072697665725C7372635C6E3332673435E1
:1074E000785F74696D2E6300497354696D416C6CEB
:1074F0004D6F64756C652854494D78290000000073
:10750000497354696D436E744D6F64652854494DD9
:107510005F54696D6542617365496E697453747235
:107520007563742D3E436E744D6F646529000000D1
:10753000497354696D436C6B4469762854494D5FB7
:1075400054696D6542617365496E697453747275EF
:1075500063742D3E436C6B44697629002DE9F04736
:1075600000252C460420FCF7BFFF012818BFBDE80A
:10757000F0870D20FCF7CEFF002898BFBDE8F0870C
:107580004FF00F08354F4FF0010A4FF00E0908EB8E
:107590004406F0B2FCF7BEFF3979B1EB102F1BD1D6
:1075A000F0B2FCF7B7FF7979C0B2884214D109EB89
:1075B0004406F0B2FCF7AEFFF979491E0AFA01F170
:1075C000084010F0FF0F07D0F0B2FCF7A3FF10F057
:1075D000800F0CBF02250125601CC4B20D20FCF7F2
:1075E00099FFA042D3D8012D1CD0022D18BFBDE8B1
:1075F000F0870120FCF778FF012818BFBDE8F0876D
:107600000020FEF7ADFC0020F9F75AFE0021012012
:10761000FCF786FF09210A20FCF798FFBDE8F04738
:10762000FCF7D8BE0120FCF75FFF002818BFBDE8BB
:10763000F0870020FCF758FF002818BFBDE8F0874E
:107640000120FEF78DFC0120F9F73AFE01210846E2
:10765000FCF766FFBDE8F047FCF7BCBE2000002049
:1076600010B5054800F0ACFCC1B204480068BDE8A4
:107670001040FBF701BE0000004C00403C00002021
:1076800070B5114D40F22551284600F04BFA10B16B
:107690000E4C207820B12846BDE8704000F090BC28
:1076A000284600F08DFC6188094A88546088401C97
:1076B0006080032000F020FEBDE870403221054AC2
:1076C000032000F023BE000000440040DA07002041
:1076D000DE070020B982000870B5114D40F2255137
:1076E000284600F01FFA10B10E4C207820B1284631
:1076F000BDE8704000F064BC284600F061FC618881
:10770000094A88546088401C6080052000F0F4FD20
:10771000BDE870403221054A052000F0F7BD0000A9
:1077200000480040880300208C030020C982000824
:107730002DE9F047DFF8FC80DFF8FC90DFF8FCA0D3
:1077400016460D460446404518BF4C451AD05445D0
:107750001CBFA4F18040B0F5984013D0A4F1804044
:10776000B0F5A0401FBFA4F18040B0F5A830A4F14F
:107770008040B0F5AA3005D040F27F1230A13FA082
:1077800001F06CFA40F66A17282D1CBFA5F5E060E1
:10779000B0F127001BD0A5F5C06026381CBFA5F5A9
:1077A000A060B0F1250012D0A5F5806024381CBF80
:1077B000A5F50060B0F1460009D0BD4218BF602DAC
:1077C00005D04FF4C0721EA133A001F047FA002E7D
:1077D00018BF012E05D040F2811219A135A001F089
:1077E0003DFABD420AD144451CBF4C45544505D025
:1077F00040F2851212A136A001F030FA05F01F0107
:107800000122C5F3421002FA01F1012808BF04F178
:107810000C0005D002280CBF04F1100004F1140084
:10782000002E026814BF114322EA01010160BDE885
:10783000F08700000038014000440040004800404C
:107840002E2E5C6669726D776172655C6E3332678D
:107850003435785F7374645F7065726970685F64F3
:1078600072697665725C7372635C6E33326734354D
:10787000785F75736172742E6300000049535F5521
:10788000534152545F414C4C5F5045524950482837
:10789000555341525478290049535F55534152542E
:1078A0005F4346475F494E542855534152545F4900
:1078B0004E54290049535F46554E4354494F4E415B
:1078C0004C5F535441544528436D64290000000027
:1078D00049535F55534152545F3132335F504552E3
:1078E00049504828555341525478290070B50446F0
:1078F000A0F180400D46B0F59C301CBFA4F1804043
:10790000B0F588401DD0A4F18040B0F590401CBF78
:10791000A4F18040B0F5984013D0A4F18040B0F5B8
:10792000A0401FBFA4F18040B0F5A830A4F1804072
:10793000B0F5AA3005D040F259120BA119A001F000
:107940008DF9002D04BFA08920F400500AD0012D2C
:1079500005D04FF4AD7204A119A001F07FF9A08900
:1079600040F40050A08170BD2E2E5C6669726D7768
:107970006172655C6E3332673435785F7374645F4F
:107980007065726970685F6472697665725C737243
:10799000635C6E3332673435785F75736172742E51
:1079A0006300000049535F55534152545F414C4CB2
:1079B0005F50455249504828555341525478290048
:1079C00049535F46554E4354494F4E414C5F5354C3
:1079D00041544528436D6429000000002DE9F0471B
:1079E000294F0026DFF8A480DFF8A4900C46054656
:1079F000B84218BF45451AD04D451CBFA5F180407F
:107A0000B0F5984013D0A5F18040B0F5A0401FBF5D
:107A1000A5F18040B0F5A830A5F18040B0F5AA30BE
:107A200005D040F219321BA129A001F017F9012C51
:107A300018BF802C20D0402C18BF202C1CD0102C1C
:107A400018BFB4F5807F17D0B4F5007F09D0082C9B
:107A50001CBF042C022C0FD040F21A320DA123A01F
:107A600008E0BD421CBF45454D4505D040F21E32E1
:107A700008A125A001F0F2F82888204218BF0126AD
:107A80003046BDE8F0870000003801400044004067
:107A9000004800402E2E5C6669726D776172655CED
:107AA0006E3332673435785F7374645F7065726902
:107AB00070685F6472697665725C7372635C6E3362
:107AC00032673435785F75736172742E630000001D
:107AD00049535F55534152545F414C4C5F5045529E
:107AE00049504828555341525478290049535F550D
:107AF000534152545F464C41472855534152545FBD
:107B0000464C41472900000049535F5553415254A8
:107B10005F3132335F5045524950482855534152E6
:107B2000547829002DE9F047DFF8F4800026DFF8CB
:107B3000F490DFF8F4A00C460546404518BF4D45CB
:107B40001AD055451CBFA5F18040B0F5984013D020
:107B5000A5F18040B0F5A0401FBFA5F18040B0F571
:107B6000A830A5F18040B0F5AA3005D040F26B32C4
:107B70002EA13DA001F072F8282C34D0A4F5E060CD
:107B800040F66A1727381CBFA4F5C060B0F1260084
:107B90001CD0A4F5A06025381CBFA4F58060B0F10E
:107BA000240013D0A4F50060463818BFBC420DD0A5
:107BB000B4F5587F1CBFB4F5187FB4F5B07F12D070
:107BC0004FF45B7219A12FA001F048F8BC420AD112
:107BD00045451CBF4D45554505D04FF45C7213A17A
:107BE0002FA001F03BF804F01F000122C4F3421162
:107BF00002FA00F0012904BFA989084004D0022933
:107C00000CBF298AA98A0840210A02FA01F12A88B0
:107C1000114000281CBF002901263046BDE8F0872E
:107C20000038014000440040004800402E2E5C66B1
:107C300069726D776172655C6E3332673435785F77
:107C40007374645F7065726970685F647269766589
:107C5000725C7372635C6E3332673435785F757350
:107C60006172742E6300000049535F5553415254B2
:107C70005F414C4C5F504552495048285553415242
:107C80005478290049535F55534152545F47455436
:107C90005F494E542855534152545F494E54290070
:107CA00049535F55534152545F3132335F5045520F
:107CB0004950482855534152547829002DE9F0473E
:107CC000604EDFF88491DFF884A1614FDFF8848192
:107CD00086B00D460446B04218BF4C4513D05445FB
:107CE0001CBFA4F18040B0F598400CD0A4F18040B6
:107CF000B0F5A0401CBFBC42444504D0C42256A1EC
:107D000064A000F0ABFF28686949401E884204D394
:107D1000C52251A167A000F0A1FFA888002818BFC4
:107D2000B0F5805F04D0C6224BA16EA000F096FF94
:107D3000E888002818BFB0F5805F0AD0B0F5005F72
:107D400018BFB0F5405F04D0C72243A172A000F075
:107D500085FF288900281CBFB0F5806FB0F5C06F83
:107D600004D0C8223CA178A000F078FF688930F0E8
:107D70000C0100D120B9C92237A17EA000F06EFF0E
:107D8000A889002818D0B0F5807F1CBFB0F5007F0F
:107D9000B0F5407F06D0CA222FA1804800F05EFFD8
:107DA000A88948B1B4421CBF4C45544504D0CE22EA
:107DB00029A17BA000F052FF208A4CF6FF710840F9
:107DC000E98808432082A0894EF6F3110840A9886B
:107DD0002A8911436A8910430843A081A08A4FF67B
:107DE000FF410840A9890843A0826846FDF7A2FA2E
:107DF000B44218BFBC4203D0444518BF029800D11A
:107E000003986E4A00EBC00101EB001029686FF087
:107E1000180C8900B0FBF1F0A2FB003149090901FF
:107E20000B0903FB0CF300EB8300322303EB001080
:107E3000A2FB0020C0F343100843208106B0BDE838
:107E4000F087000000380140004400400048004036
:107E500000500140005401402E2E5C6669726D771F
:107E60006172655C6E3332673435785F7374645F5A
:107E70007065726970685F6472697665725C73724E
:107E8000635C6E3332673435785F75736172742E5C
:107E90006300000049535F55534152545F414C4CBD
:107EA0005F50455249504828555341525478290053
:107EB00020AA440049535F55534152545F424155F3
:107EC00044524154452855534152545F496E697498
:107ED0005374727563742D3E4261756452617465AA
:107EE0002900000049535F55534152545F574F5288
:107EF000445F4C454E4754482855534152545F49BE
:107F00006E69745374727563742D3E576F72644C4E
:107F1000656E67746829000049535F555341525498
:107F20005F53544F50424954532855534152545F64
:107F3000496E69745374727563742D3E53746F7017
:107F4000426974732900000049535F5553415254EC
:107F50005F5041524954592855534152545F496E1C
:107F600069745374727563742D3E506172697479CB
:107F70002900000049535F55534152545F4D4F440F
:107F8000452855534152545F496E69745374727554
:107F900063742D3E4D6F64652900000068BC0008C5
:107FA00049535F55534152545F3132335F5045520C
:107FB0004950482855534152547829001F85EB51A8
:107FC00010B50446A0F18040B0F59C301CBFA4F170
:107FD0008040B0F588401DD0A4F18040B0F59040BD
:107FE0001CBFA4F18040B0F5984013D0A4F18040AC
:107FF000B0F5A0401FBFA4F18040B0F5A830A4F1B7
:108000008040B0F5AA3005D040F2512203A112A061
:1080100000F024FEA088C0F3080010BD2E2E5C6680
:1080200069726D776172655C6E3332673435785F83
:108030007374645F7065726970685F647269766595
:10804000725C7372635C6E3332673435785F75735C
:108050006172742E6300000049535F5553415254BE
:108060005F414C4C5F50455249504828555341524E
:108070005478290070B50446A0F180400D46B0F553
:108080009C301CBFA4F18040B0F588401DD0A4F105
:108090008040B0F590401CBFA4F18040B0F59840FE
:1080A00013D0A4F18040B0F5A0401FBFA4F18040E0
:1080B000B0F5A830A4F18040B0F5AA3005D04FF457
:1080C000107208A116A000F0C9FDB5F5007F05D318
:1080D00040F2412203A119A000F0C0FDC5F3080041
:1080E000A08070BD2E2E5C6669726D776172655CD2
:1080F0006E3332673435785F7374645F70657269AC
:1081000070685F6472697665725C7372635C6E330B
:1081100032673435785F75736172742E63000000C6
:1081200049535F55534152545F414C4C5F50455247
:1081300049504828555341525478290049535F55B6
:10814000534152545F4441544128446174612900B1
:108150002DE9F0410E0005464FF0000414BF094F11
:10816000BDE8F081295D3846FFF784FF802138465D
:10817000FFF734FC0028F9D0601C84B2B442F1D37C
:10818000BDE8F0810044004010B5184C0020582193
:108190002278012A18BF10BDB4F802C0BCF1170F35
:1081A00008BFACF1010211D12318401C1B79C0B2E9
:1081B000194489B28242F7DCC8430D49C0B21CF8A9
:1081C0000110814204BF201DF8F71AFE00206288CA
:1081D0000146002A06D92218401C11716288C0B2DB
:1081E0008242F8D86180217010BD0000DA070020BB
:1081F000DD0700202DE9F0471D4E3078012818BF1B
:10820000BDE8F0874FF40061DFF868904846FAF760
:10821000FFFC7588371D0024002D88BFDFF85880CB
:108220000DD9395D4046FFF725FF80214046FFF715
:10823000D5FB0028F9D0601C84B2AC42F1D3642095
:1082400000F096FD4FF400614846FAF777FC0020F5
:1082500072880146002A06D93218401C11717288B2
:10826000C0B28242F8D871803170BDE8F08700005A
:108270008803002000080140004800402DE9F0413B
:108280000E0005464FF0000414BF094FBDE8F08111
:10829000295D3846FFF7EEFE80213846FFF79EFB4A
:1082A0000028F9D0601C84B2B442F1D3BDE8F0815B
:1082B000004C0040FEE70000024901200870032046
:1082C00000F01AB8DA0700200249012008700520E2
:1082D00000F012B88803002000200649024601EB96
:1082E000C00341F83020401CC0B25A601228F6D3B7
:1082F000FEF7D4BEF8020020034A002142F83010F5
:1083000002EBC00041607047F8020020034B43F8C5
:10831000301003EBC000426070470000F8020020FC
:1083200070B50A4D002455F8340048B1411E05EBE4
:10833000C40045F83410406810B1002908BF8047D8
:10834000601CC4B2122CEED370BD0000F8020020F5
:108350000FB4054B10B503A9044A029800F0E2F8E7
:1083600010BC5DF814FB0000A18D0008D8020020AD
:108370000FB4084B10B504A902AA039800F0D2F874
:10838000044602A9002000F064FC204610BC5DF801
:1083900014FB0000538C000800487047E4020020E2
:1083A00002E008C8121F08C1002AFAD170477047BE
:1083B000002001E001C1121F002AFBD1704700001C
:1083C0002DE9FF5FDDE90220010DDDF838B0024341
:1083D00018D044F61050A1F2FF3141430D140F980C
:1083E000012820D0A5EB0B00401C5FEA000A4FF0EB
:1083F0000004474EDFF81C91A046504616D5CAF13E
:10840000000728E00F98012443A2012808D000218A
:1084100000980F9BC0E90021C0E90243BDE8FF9F1F
:108420006FEA0B01F4E7CBF10000DEE7074612E04C
:10843000F80707D02246334640464946F7F71CFF67
:10844000804689462246334610461946F7F714FF00
:1084500004460E467F10002FEAD1DDE90201BAF191
:10846000000F42464B4602DAF7F706FF01E0F8F745
:108470003FF904460E460022284BF8F7C1F903D80D
:108480004FF0FF30014607E00022254B20463146E1
:10849000F8F787F8F8F79BF9102409E0002C0ADBBD
:1084A0000A220023F7F7A7FF019B30321A55641EFA
:1084B00050EA0102F2D1641C019AC4F11103144480
:1084C0000F9A012A03D0012208430DD10AE0084384
:1084D00004D000204FF0110B0F9080E7A3EB0B05A9
:1084E0006D1E0DE05B4504DD4FF0000205F1010556
:1084F00004E003DA4FF00002A5F10105002AECD0F8
:1085000000980F99C0E90231C0E9004586E70000F4
:10851000000024400000F03F300000000000F04365
:108520000000E03F2DE9FF4F95B09B468946064687
:1085300000250FE2252877D100242746F84A01219B
:10854000059400E0044316F8013F203B01FA03F0D4
:108550001042F7D130782A2811D06FF02F033078ED
:10856000A0F13002092A16D8059A44F0020402EB61
:10857000820203EB42021044761C0590EFE759F8A3
:10858000042B0592002A03DA504244F4005405906B
:1085900044F00204761C30782E2816D116F8010F0C
:1085A00044F004042A280DD06FF02F023078A0F197
:1085B0003003092B09D807EB870302EB4303C718E5
:1085C000761CF3E759F8047B761C30786C280FD0C2
:1085D00006DC4C2817D068280DD06A2814D104E096
:1085E000742810D07A280FD10DE044F400140AE06A
:1085F00044F4801401E044F440147278824202D1C1
:1086000004F58014761C761C307866280BD013DCB9
:10861000582877D009DC002875D04528F6D04628A0
:10862000F4D047281AD19DE118E0632835D064289A
:1086300079D0652812D195E1702873D008DC6728BD
:10864000F1D069286FD06E280DD06F2806D1B5E023
:1086500073282CD0752875D0782874D05A4617996D
:1086600090476D1C75E1C4F30250022809D003281D
:108670000DD0D9F8001004280DD00D6009F10409BF
:1086800067E1D9F80010EA17C1E90052F6E7D9F816
:1086900000100D80F2E70D70F0E719F8041B8DF85B
:1086A000001000208DF80100EA46012003E059F88F
:1086B00004AB4FF0FF3061074FF0000102D40DE032
:1086C00008F101018846B9420FDA8045F8DB1AF853
:1086D00008100029F4D108E008F101018846814220
:1086E000FADB1AF808100029F6D105985B46A0EBD2
:1086F000080721463846179A00F094FA284400EB00
:10870000080507E04DE029E10DE01AF8010B5A4693
:1087100017999047B8F10108F7D25B4621463846D1
:10872000179A13E142E00A220092C4F302524FF07A
:10873000000A022A08D059F804CB032A4FEAEC7148
:108740000AD00DE029E02AE009F1070121F0070233
:10875000F2E802C1914609E00FFA8CFC4FEAEC7195
:10876000042A03D14FFA8CFC4FEAEC71002907DA96
:108770000A460021DCF1000C61EB02012D2202E02F
:10878000220504D52B228DF80420012203E0E20704
:1087900001D02022F7E7904659E00A2102E010229A
:1087A0000DE010214FF0000A00910BE010224FF075
:1087B000000A44F004040827009203E008224FF066
:1087C000000A0092C4F30252022A05D059F804CBE1
:1087D0000021032A08D009E009F1070121F007026E
:1087E000F2E802C1914605E01FFA8CFC042A01D18F
:1087F0000CF0FF0C4FF00008220728D5702806D097
:10880000009B83F0100353EA0A0305D00EE04022D8
:108810008DF80420012208E05CEA010206D0302233
:108820008DF804208DF8050002229046009B83F00D
:10883000080353EA0A030AD15CEA010201D1620784
:1088400005D530228DF804204FF001087F1E5828EE
:1088500004D034A003900EA802900DE036A0F9E7F2
:1088600053466046009AF7F7C6FD84460398825C3B
:108870000298401E029002705CEA0100F0D102985A
:1088800006A9081A00F1200A600702D524F48034F2
:1088900000E00127574502DDA7EB0A0000E00020B9
:1088A00000EB0A01009005984144401A0590E0034E
:1088B00006D45B462146179A059800F0B3F90544A3
:1088C000002706E001A85A46C05D179990476D1C25
:1088D0007F1C4745F6DBE0030CD55B462146179A23
:1088E000059800F09FF9054404E030205A46179996
:1088F00090476D1C0099481E00900029F5DC08E0A7
:10890000029802995A460078491C0291179990479B
:108910006D1CBAF10001AAF1010AF1DC65E1000069
:108920000928010030313233343536373839616245
:108930006364656600000000303132333435363709
:1089400038394142434445460000000000F058F9E0
:108950000544761C307800287FF4ECAD19B0284629
:10896000BDE8F08F620700D4062709F1070222F064
:10897000070CFCE80223E14603F000485FEA080C1C
:1089800002D00FF2702C0DE05FEA045C02D50FF20A
:10899000682C07E05FEAC47C02D00FF2602C01E093
:1089A000AFF2700C4FF0FF3823F00043CDF850C009
:1089B00065280CD006DC452809D046281DD047285C
:1089C0003DD13DE0662818D067287ED138E00021EF
:1089D000112F01DB112000E0781CCDE9000106A970
:1089E0000EA8FFF7EDFCDDE90F010E9A03910021BF
:1089F000009207F1010A04914DE04FF0004000970A
:108A0000CDE9011006A90EA8FFF7DAFCDDE90F0297
:108A100003920E9B11990022DDF80CA000930492A2
:108A200011B9791C00EB010AB7EB0A0004D4C0F1BC
:108A3000FF3007F1010A0490AAEB0700019044E01F
:108A4000012F00DA01270021112F01DD112000E0A4
:108A50003846CDE9000106A90EA8FFF7B1FCDDE913
:108A60000F010E9A0391002104910092BA4621074A
:108A70000CD40399514500DA8A46BAF1010F05DD9D
:108A8000009AAAF10101515C302908D0B84202DAFB
:108A900010F1040F06DA0121CDE9011015E0AAF169
:108AA0000101E9E7002805DC049901440491AAEBDF
:108AB000000102E0411C514500DD8A460499401A3C
:108AC000401C01904FF000400290200704D4019810
:108AD000504501DBCDF8048000208DF84F0002984E
:108AE0000DF14F07B0F1004F25D02B200E900298CA
:108AF0004FF0020800280CDA404202902D200E9020
:108B000007E00A210298F7F760FC3031029007F87D
:108B1000011DB8F10001A8F10108F2DC029800285B
:108B2000EFD1791E0E980870307800F0200040F0E8
:108B3000450007F8020D12A8C01B00F107081498A1
:108B4000007800B1012000EB0A01019801EBE0710F
:108B500005984144401A401E0590E00306D45B4648
:108B60002146179A059800F05DF80544149800789E
:108B700018B15A46179990476D1CE00324D55B46FF
:108B80002146179A059800F04DF805441CE004981A
:108B9000002807DBDDE90301884203DD0098405C23
:108BA000179901E0179930205A469047049805F12B
:108BB0000105401C04900198401E019004D12E2014
:108BC0005A46179990476D1CBAF10001AAF1010AA3
:108BD000DDDC05E017F8010B5A46179990476D1C2C
:108BE000B8F10001A8F10108F4DC5B462146179AB0
:108BF0000598ABE62D0000002B00000020000000CF
:108C00002DE9F041044600251E461746880404D489
:108C100005E039462020B0476D1C641EF9D5284672
:108C2000BDE8F0812DE9F041044600251E4690463E
:108C3000C80301D5302700E02027880404D505E0CB
:108C400041463846B0476D1C641EF9D52846BDE83C
:108C5000F0810A68531C0B601070704713460A4677
:108C6000014602A0FFF774FBFEE700006173736525
:108C70007274696F6E206661696C65643A20602564
:108C800073602061742025733A25640000F00F039F
:108C9000000900EB800003EB4000C0B200F5FA636E
:108CA000080901F00F0C00EB80000CEB40001109EB
:108CB00002F00F0CC0B201EB81010CEB4101421E2E
:108CC000C9B20C2A02D209B11F2901D9002070476C
:108CD000012818BF022803D10C305A1EC0B293B22B
:108CE000421C02EB420240F2676C12FB0CF201EBF9
:108CF000400000EB52304AF2D731184401FB031117
:108D000000EB9300A0EB91504FF4C871B3FBF1F16D
:108D10000844411C074B08460022C3FB0120821077
:108D2000A2EBE070A0EBC000084410F0FF0008BF09
:108D30000720704793244992FF2330B41A46B1F1BB
:108D4000010C24BF084C04F5807508D310F8011BF2
:108D50005940635C53406A5CBCF1010CF6D2034895
:108D60000270437030BC7047C80000205C000020D7
:108D70000022002898BF704746F2A811491EFDD175
:108D8000521C8242F8D370470022002898BF7047D7
:108D90001921491EFDD1521C8242F9D370470000AF
:108DA00070B5074D0446C1B22846FFF763F980212C
:108DB0002846FEF713FE0028F9D0204670BD0000BB
:108DC000005000400148407870470000C802002071
:108DD00001480078704700002800002000B587B0E7
:108DE0006846FCF7A7FA012140F2FD10FCF708FAEB
:108DF00001214FF46020FCF7A3F94FF44070FBF71A
:108E000011FD0420FDF7FEF90B4901980B4BA1FB66
:108E1000001040090022401EB0F1807F08D24FF0C0
:108E2000E0214861F02083F8140D8A610720086171
:108E300083F8142D07B000BD1F85EB510FE000E053
:108E400030B585B00424ADF8104018208DF813001B
:108E50000320194D8DF8120004A92846F9F7C4FC27
:108E60000821ADF8101001218DF812108DF8134073
:108E700004A92846F9F7B8FC4FF4165000900020DA
:108E8000ADF80400ADF80600ADF80800ADF80C0030
:108E90000C200A4CADF80A0069462046FEF70EFF8A
:108EA000012240F225512046FEF742FC01212046D6
:108EB000FEF71CFD05B030BD000801400044004035
:108EC00010B586B04FF48060ADF8100018208DF812
:108ED00013000320194C8DF8120004A92046F9F75D
:108EE00083FCE114ADF8101001218DF8121004215B
:108EF0008DF8131004A92046F9F776FC4FF41650AC
:108F000000900020ADF80400ADF80600ADF80800B0
:108F1000ADF80C000C200A4CADF80A00694620465A
:108F2000FEF7CCFE012240F225512046FEF700FC60
:108F300001212046FEF7DAFC06B010BD000C01400E
:108F40000048004010B586B04FF48060ADF81000C6
:108F500018208DF813000320194C8DF8120004A975
:108F60002046F9F741FCE114ADF8101001218DF80D
:108F7000121004218DF8131004A92046F9F734FCCF
:108F80004FF4E13000900020ADF80400ADF8060089
:108F9000ADF80800ADF80C000C200A4CADF80A0042
:108FA00069462046FEF78AFE012240F225512046FE
:108FB000FEF7BEFB01212046FEF798FC06B010BD6F
:108FC00000100140004C004010B586B00121312056
:108FD000FCF716F901210805FCF7B2F84FF48050B0
:108FE000ADF8100018208DF8130003208DF8120042
:108FF00004A91648F9F7F8FB0420ADF810008DF825
:10900000130004A91248F9F7EFFB4FF4E130009088
:109010000020ADF80400ADF80600ADF80800ADF88A
:109020000C0008200B4CADF80A0069462046FEF7FC
:1090300045FE012240F225512046FEF779FB012131
:109040002046FEF753FC208806B010BD00100140FA
:10905000001401400050004026480178012918BF43
:10906000704710B500210170FFF7B2FE012803D050
:10907000BDE81040FDF7BEB90220FBF735FA002825
:1090800018BF10BD00210420FBF74AFA002104207C
:10909000F8F7F0FD0020F8F75BF80120FBF724FA61
:1090A000012811D00120FCF75BFF0120F8F708F937
:1090B00001210846FBF734FA01210846F8F7DAFDEA
:1090C000BDE81040FBF786B90020FCF749FF0020FF
:1090D000F8F7F6F800210120FBF722FA09210A200F
:1090E000FBF734FA00210120F8F7C4FDBDE8104079
:1090F000FBF770B958000020014901200870704743
:109100005800002070B584B00425214EADF8005001
:1091100048248DF8034069463046F9F765FB022183
:109120000120F8F77FFF00208DF80C000C208DF84F
:109130000D0001208DF80E00029502A8F8F7CEFC74
:109140001020ADF80000134D8DF803406946284605
:10915000F9F74AFB4020ADF800008DF8034069465E
:109160002846F9F741FB2020ADF800008DF80340B8
:1091700069460948F9F738FB0220ADF800008DF880
:10918000034069463046F9F72FFB04B070BD00007C
:10919000000C01400008014000100140FFF75CBFD7
:1091A000F8B52020ADF800001025214E8DF80350B1
:1091B00001248DF8024069463046F9F715FB20215D
:1091C0003046F9F725FD1B4A4FF4FA710120FFF7ED
:1091D0009DF88021ADF800108DF803508DF8024005
:1091E00069463046F9F700FB80213046F9F710FD5B
:1091F000ADF80050104E8DF803508DF802406946CE
:109200003046F9F7F1FA10213046F9F701FDADF8D3
:1092100000408DF803508DF80240084C6946204606
:10922000F9F7E2FA01212046F9F7F2FCF8BD000057
:1092300000080140993A000800100140000C01406C
:109240000149012048707047CC020020F7F70AFF5F
:10925000F8F77EF9F9F718FEF9F782FEF7F764FFE1
:10926000FCF75AF9FDF778FDFAF72AFBF9F7AAFDA2
:10927000F9F746FEF2E70000F0B50B30154D20F08F
:1092800007010024144A0FE003688B420BD38B4282
:1092900005D95E1A43184768C3E9006700E04368D0
:1092A000136002C004E0021D10680028ECD12046C3
:1092B000002802D1286808B10020F0BD064A0748FE
:1092C0001060074A121A22F00702C0E900240120A8
:1092D0002860D7E7E0020020DC0200205C190020B3
:1092E000582900200149012008707047CC02002055
:1092F0000149012008717047CC02002001494870E3
:10930000F7F7A1BFC802002001490120887070470B
:10931000CC02002010B500218F20F7F79EFB002122
:109320009020F7F79AFB00219120F7F796FB002198
:109330009220F7F792FBF8F7F9FD00210420F7F7E8
:109340008CFB01210520F7F788FB00210620F7F7A9
:1093500084FB01210720F7F780FB00210820F7F7A5
:109360007CFBBDE81040F8F7AEBC00000000010235
:109370000304010203040607080901020406080A9F
:109380000C102020202020202020010002000400BA
:10939000060008000A000C001000200040008000B9
:1093A0000001000100010001000130313233343589
:1093B000363738394142434445460000000000003A
:1093C0000000000000000000040404040400000485
:1093D000000014140A00000000000000000000005B
:1093E0000A0A1F0A0A1F0A0A000000040E150506D1
:1093F0000C14150E0400000012150D152E2C2A1247
:1094000000000000040A0A361515291600000202A1
:10941000010000000000000000001008080404041F
:1094200004040808100002040408080808080404DA
:10943000020000000004150E0E15040000000000DC
:109440000008083E080800000000000000000000BE
:1094500000000202010000000000003F00000000C8
:1094600000000000000000000000000200000020DA
:109470001010080804040202010000000E1111116E
:109480001111110E00000000040604040404040E6F
:10949000000000000E1111080402011F000000006E
:1094A0000E11100C1010110E00000000080C0C0A18
:1094B000091F081C000000001F01010F1110110EF0
:1094C000000000000C12010D1311110E000000002D
:1094D0001E10080804040404000000000E11110E00
:1094E0001111110E000000000E11111916100906BD
:1094F0000000000000000400000000040000000064
:109500000000000400000004040000001008040231
:10951000020408100000000000003F003F000000AF
:1095200000000000020408101008040200000000FF
:109530000E11110804040004000000001C22292D53
:109540002D1D221C0000000004040C0A0A1E123308
:10955000000000000F12120E1212120F0000000085
:109560001E1101010101110E000000000F12121264
:109570001212120F000000001F120A0E0A02121F20
:10958000000000001F120A0E0A020207000000007D
:109590001C1201013911120C000000003312121EBE
:1095A00012121233000000001F0404040404041FFC
:1095B000000000003E080808080808080907000025
:1095C00037120A060A1212370000000007020202D0
:1095D0000202223F000000003B1B1B1B1515153526
:1095E000000000003B1216161A1A121700000000A5
:1095F0000E1111111111110E000000000F12120EA8
:1096000002020207000000000E1111111117190EBD
:10961000180000000F12120E0A121237000000008C
:109620001E1101060810110F000000001F15040490
:109630000404040E00000000331212121212120C65
:10964000000000003312120A0A0C0404000000009B
:10965000151515150E0A0A0A000000001B0A0A0457
:10966000040A0A1B000000001B0A0A0A0404040E74
:10967000000000001F0908040402121F00001C045F
:1096800004040404040404041C000002020404048E
:109690000808081010000E0808080808080808083C
:1096A0000E00040A0000000000000000000000009E
:1096B0000000000000000000003F02040000000065
:1096C00000000000000000000000000C121C123C12
:1096D000000000030202020E1212120E000000002F
:1096E0000000001C1202120C000000181010101CC8
:1096F0001212123C000000000000000C121E021C9E
:10970000000000182404041E0404041E00000000CD
:109710000000003C120C021C221C00030202020E7C
:109720001212123700000004040000060404040EA4
:10973000000000080800000C0808080808070003DB
:109740000202021A0A060A130000000704040404B5
:109750000404041F000000000000000F151515157B
:10976000000000000000000F12121237000000007D
:109770000000000C1212120C000000000000000F8C
:109780001212120E020700000000001C1212121C1E
:10979000103800000000001B060202070000000055
:1097A0000000001E020C101E000000000004041E39
:1097B0000404041C000000000000001B1212123CF4
:1097C000000000000000001B0A0A04040000000062
:1097D00000000015150E0A0A000000000000001B22
:1097E0000A040A1B000000000000003312120C08DB
:1097F000040300000000001E0804041E00001808F6
:109800000808080C080808081800080808080808CC
:1098100008080808080806040404040804040404EA
:109820000600160900000000000000000000000013
:109830000000000000000000000000000000000028
:109840000008080808080808000018180000004868
:109850006C24120000000000000000000000000066
:10986000002424247F1212127F1212120000000022
:10987000081C2A2A0A0C1828282A2A1C0808000072
:109880000022251515152A585454542200000000B2
:10989000000C1212120A76252911916E00000006A2
:1098A000060403000000000000000000000000406B
:1098B00020101008080808080810102040000002B6
:1098C000040808101010101010080804020000000E
:1098D000000008086B1C1C6B08080000000000005A
:1098E0000000080808087F080808080000000000B9
:1098F0000000000000000000000006060403000055
:10990000000000000000FE00000000000000000059
:10991000000000000000000000000606000000003B
:1099200080404020201010080804040202000000BB
:1099300000182442424242424242241800000000E1
:1099400000080E08080808080808083E0000000083
:10995000003C4242422020100804427E00000000E9
:10996000003C4242201820404042221C00000000DF
:1099700000203028242422227E20207800000000AD
:10998000007E0202021A26404042221C0000000013
:1099900000382402021A2642424224180000000025
:1099A000007E2222101008080808080800000000A5
:1099B000003C4242422418244242423C0000000043
:1099C00000182442424264584040241C0000000019
:1099D0000000000018180000000018180000000027
:1099E000000000000008000000000008080400005B
:1099F000004020100804020408102040000000006D
:109A0000000000007F0000007F0000000000000058
:109A1000000204081020402010080402000000008A
:109A2000003C424246402010100018180000000080
:109A3000001C225A555555552D42221C000000008D
:109A4000000808181414243C224242E700000000D9
:109A5000001F2222221E22424242221F000000003A
:109A6000007C4242010101010142221C0000000071
:109A7000001F2242424242424242221F0000000096
:109A8000003F4212121E12120242423F000000002A
:109A9000003F4212121E12120202020700000000D2
:109AA000003C2222010101712122221C0000000041
:109AB00000E7424242427E42424242E7000000004A
:109AC000003E0808080808080808083E00000000D2
:109AD000007C10101010101010101010110F00004A
:109AE000007722120A0E0A121222227700000000CA
:109AF00000070202020202020202427F000000008E
:109B00000077363636362A2A2A2A2A6B00000000C9
:109B100000E346464A4A5252526262470000000041
:109B2000001C2241414141414141221C00000000F2
:109B3000003F424242423E02020202070000000091
:109B4000001C2241414141414D53321C6000000044
:109B5000003F4242423E1212222242C70000000051
:109B6000007C4242020418204042423E00000000B5
:109B7000007F4908080808080808081C00000000C1
:109B800000E74242424242424242423C0000000060
:109B900000E74242222424141418080800000000A0
:109BA000006B4949494955553622222200000000E0
:109BB00000E7422424181818242442E7000000007B
:109BC00000772222141408080808081C000000006E
:109BD000007E2120101008040442423F000000785B
:109BE000080808080808080808080808780000009D
:109BF0000202040408080810102020204040001E23
:109C00001010101010101010101010101E0000383E
:109C10004400000000000000000000000000000000
:109C200000000000000000000000000000FF00062F
:109C3000080000000000000000000000000000001C
:109C400000000000003C4278444242FC000000005A
:109C500000030202021A26424242261A00000000B5
:109C600000000000003844020202443800000000F6
:109C70000060404040784442424264D80000000006
:109C800000000000003C427E0202423C0000000056
:109C900000F08808087E08080808083E0000000058
:109CA00000000000007C22221C023C42423C0000DA
:109CB00000030202023A4642424242E7000000002C
:109CC000000C0C00000E08080808083E0000000008
:109CD000003030000038202020202020221E0000EC
:109CE000000302020272120A16122277000000001C
:109CF000000E0808080808080808083E00000000D0
:109D000000000000007F9292929292B70000000043
:109D100000000000003B4642424242E700000000D3
:109D200000000000003C42424242423C0000000071
:109D300000000000001B26424242221E02070000D3
:109D400000000000007844424242447840E00000B5
:109D50000000000000774C040404041F0000000011
:109D600000000000007C42023C40423E0000000037
:109D700000000008083E080808080830000000003D
:109D80000000000000634242424262DC000000002A
:109D90000000000000E7422424140808000000002E
:109DA0000000000000EB4949555522220000000048
:109DB00000000000007624181818246E000000002F
:109DC0000000000000E742242414180808070000DF
:109DD00000000000007E22100808447E000000C041
:109DE000202020202010202020202020C000101023
:109DF000101010101010101010101010101000067D
:109E000008080808081008080808080806000C32A6
:109E1000C200000000000000000000000000000080
:109E20000000000000000000000000000000000032
:109E30000000000000000000000000000000000022
:109E40000000000000000000000000000000000012
:109E50000000000000006000600060006000600022
:109E60006000600040002000200020000000000092
:109E700000006000600060000000000000000000C2
:109E8000000060066006300398018800440000006E
:109E900000000000000000000000000000000000C2
:109EA00000000000000000000000000000000000B2
:109EB0000000000000001002100210021002FE0755
:109EC000FE0708020801080108010801FE07FE0755
:109ED000040104010401040100000000000000006E
:109EE0000000000040004000F00158034C03CC0388
:109EF0004C0058007000E000C001C00140034C035A
:109F00005C034C034801F0004000400000000000EA
:109F10000000000000000E010A0191009100910074
:109F2000510051003A00AE03A0025004500448040E
:109F3000480448048402840300000000000000007C
:109F400000000000000038006C006C006C006C0029
:109F50006C002C0098071C011A01330133016301C6
:109F6000E300C308C6093C07000000000000000031
:109F700000000C001C00100010000800040000008D
:109F800000000000000000000000000000000000D1
:109F900000000000000000000000000000000000C1
:109FA000000000040002000180008000400040002A
:109FB0002000200020002000200020002000400081
:109FC000400080008000000100020004000000004A
:109FD0000000020004000800100010002000200013
:109FE0004000400040004000400040004000200091
:109FF0002000100010000800040002000000000013
:10A00000000000000000000000004000C000400010
:10A01000460C4E0FD001F0015E0F460C4000400090
:10A0200040000000000000000000000000000000F0
:10A0300000000000000000000000000040004000A0
:10A04000400040004000FE0F400040004000400043
:10A0500040000000000000000000000000000000C0
:10A0600000000000000000000000000000000000F0
:10A0700000000000000000000000000000000000E0
:10A0800000000C001C00100010000800040000007C
:10A0900000000000000000000000000000000000C0
:10A0A000000000000000FE070000000000000000AB
:10A0B00000000000000000000000000000000000A0
:10A0C0000000000000000000000000000000000090
:10A0D0000000000000000000000000000000000080
:10A0E00000001C001C001C0000000000000000001C
:10A0F00000000004000600020003000100018000CF
:10A10000800040004000600020002000100010008F
:10A11000080008000C000400060002000000000017
:10A120000000000000000000F00098010C030C0388
:10A1300006060606060606060606060606060606BF
:10A140000C030C039801F000000000000000000068
:10A15000000000000000000040007C006000600083
:10A1600060006000600060006000600060006000EF
:10A17000600060006000FC030000000000000000C0
:10A180000000000000000000F80084010203060344
:10A190000603000300018001C000600020001000E1
:10A1A000080204020602FE03000000000000000096
:10A1B00000000000000000007800C6008601860153
:10A1C00080018001C00070008001000100030003D5
:10A1D000060306038601F8000000000000000000EE
:10A1E000000000000000000080018001C001A0010B
:10A1F000A00190018801880184018201FE0F800185
:10A20000800180018001E0070000000000000000E4
:10A210000000000000000000FC0304000400040033
:10A2200004000400F4008C0104030003000306038F
:10A23000060382018401F800000000000000000015
:10A240000000000000000000E00118030C030C00F7
:10A2500004000600E60116030E06060606060606BC
:10A2600004060C021803F0000000000000000000CB
:10A270000000000000000000F8070C0604020401C2
:10A2800000010001800080004000400040006000AC
:10A29000600060006000600000000000000000003E
:10A2A0000000000000000000F8010C03060606068E
:10A2B00006060C021C03F000C8010C030606060685
:10A2C000060606060C03F001000000000000000076
:10A2D0000000000000000000F0000C010C0306026A
:10A2E00006060606060606078C0678060006000324
:10A2F00000030C018C017800000000000000000049
:10A30000000000000000000000000000000000004D
:10A310000000E000E000E00000000000000000009D
:10A320000000E000E000E00000000000000000008D
:10A33000000000000000000000000000000000001D
:10A34000000060006000000000000000000000004D
:10A3500000000000600060004000200020000000BD
:10A360000000000000000004000200018000400026
:10A370002000100008000400080010002000400029
:10A380008000000100020004000000000000000046
:10A3900000000000000000000000000000000000BD
:10A3A0000000FE07000000000000FE0700000000A3
:10A3B000000000000000000000000000000000009D
:10A3C0000000000000000400080010002000400011
:10A3D0008000000100020004000200018000400033
:10A3E0002000100008000400000000000000000031
:10A3F0000000000000000000E0031806040C040C3C
:10A400000C0C0C0C000780014000400040000000D4
:10A410000000E000E000E00000000000000000009C
:10A42000000000000000E00018030C02CC056405E9
:10A430006605A605B604B604B604B604B602E40181
:10A440000C040C021803F0000000000000000000E3
:10A450000000000000000000600060005000D0001C
:10A4600090009000880088010801F80104030403AB
:10A470000402020202060F0F0000000000000000AC
:10A480000000000000000000FE008C030C030C0321
:10A490000C030C038C01FC000C030C020C060C06D4
:10A4A0000C060C060C03FE0100000000000000007A
:10A4B0000000000000000000E00318030C060C047C
:10A4C0000404060006000600060006000600060456
:10A4D0000C040C021803F000000000000000000053
:10A4E00000000000000000007F008C010C030C0342
:10A4F0000C060C060C060C060C060C060C060C06CC
:10A500000C030C038C017F00000000000000000021
:10A510000000000000000000FF030603060406041C
:10A52000060086008600FE00860086008600060083
:10A53000060406040602FF030000000000000000FD
:10A540000000000000000000FF03060306040604EC
:10A55000060086008600FE00860086008600060053
:10A560000600060006001F000000000000000000BA
:10A570000000000000000000F00018010C020C02B6
:10A5800004020600060006000600C60F06030603C6
:10A590000C030C031803F000000000000000000092
:10A5A00000000000000000000F0F06060606060669
:10A5B000060606060606FE07060606060606060642
:10A5C0000606060606060F0F000000000000000049
:10A5D0000000000000000000FC036000600060005C
:10A5E000600060006000600060006000600060006B
:10A5F000600060006000FC0300000000000000003C
:10A600000000000000000000F807C000C000C0000B
:10A61000C000C000C000C000C000C000C000C0003A
:10A62000C000C000C000C000C60066003C000000C2
:10A630000000000000000000CF038601C6004600B5
:10A640002600160036002E006E004600C60086006A
:10A650008601060106038F070000000000000000CD
:10A6600000000000000000001F00060006000600B9
:10A6700006000600060006000600060006000600AA
:10A68000060406040602FF030000000000000000AC
:10A6900000000000000000000707860386038E0309
:10A6A0008E034E034E034A035A035A033A033203FE
:10A6B000320332031203870700000000000000008D
:10A6C00000000000000000008E0F0C021C021C02A3
:10A6D00034023402640264024402C4028402840329
:10A6E0008403040304031F020000000000000000B4
:10A6F0000000000000000000F00098010C030C02B4
:10A7000006060606060606060606060606060606E9
:10A710000C020C039801F000000000000000000093
:10A720000000000000000000FF0006030606060609
:10A730000606060606068603FE000600060006005C
:10A740000600060006001F000000000000000000D8
:10A750000000000000000000F00098010C030C0253
:10A760000606060606060606060606060606760619
:10A770004C02CC039801F0008007000300000000A9
:10A780000000000000000000FF01060306060606A8
:10A79000060606060603FE004600C6008600860181
:10A7A0000603060306060F0E00000000000000006E
:10A7B0000000000000000000F8020C030602060280
:10A7C00006000E003C00F800E003800300070206CC
:10A7D000020606060C03F001000000000000000065
:10A7E0000000000000000000FE076204610861082C
:10A7F0006000600060006000600060006000600059
:10A80000600060006000F80100000000000000002F
:10A8100000000000000000001E070C020C020C02E9
:10A820000C020C020C020C020C020C020C020C02B8
:10A830000C020C021801F0000000000000000000F3
:10A8400000000000000000000F07060204010401E0
:10A850000C010C01880088009800980050005000FE
:10A860007000300020002000000000000000000008
:10A870000000000000000000F70E620442044604DD
:10A88000460464026402E402E4029C029C01980112
:10A890009801880188008800000000000000000086
:10A8A00000000000000000009E070C0108011801D4
:10A8B0009000B0006000200060006000D0009000B8
:10A8C0008801080104038E0700000000000000005A
:10A8D00000000000000000000F0F060404020C023C
:10A8E00008011801B800B00070006000600060004E
:10A8F000600060006000F80100000000000000003F
:10A900000000000000000000FC070C02060302012A
:10A91000800180004000400020002000100018004E
:10A9200008040C040402FE03000000000000000004
:10A930000000E00320002000200020002000200074
:10A940002000200020002000200020002000200007
:10A9500020002000200020002000E0030000000074
:10A9600000000000000004000400080008001000BF
:10A97000100010002000200040004000C0008000B7
:10A98000800000010001000200020002000400003B
:10A9900000007C00400040004000400040004000BB
:10A9A00040004000400040004000400040004000A7
:10A9B000400040004000400040007C0000000000DB
:10A9C000600090000801000000000000000000008E
:10A9D0000000000000000000000000000000000077
:10A9E0000000000000000000000000000000000067
:10A9F0000000000000000000000000000000000057
:10AA00000000000000000000000000000000000046
:10AA1000000000000000000000000000FF0F000028
:10AA200000001800600000000000000000000000AE
:10AA30000000000000000000000000000000000016
:10AA40000000000000000000000000000000000006
:10AA500000000000000000000000000000000000F6
:10AA60000000F0010C030C030003E0031C030E03C1
:10AA7000060306038E0B7C0E0000000000000000A1
:10AA800000000000000008000E000C000C000C008C
:10AA90000C00CC013C031C060C060C060C060C0634
:10AAA0000C060C021C03E401000000000000000082
:10AAB0000000000000000000000000000000000096
:10AAC0000000F0008C018C018601060006000600E3
:10AAD00006020C020C01F000000000000000000063
:10AAE0000000000000000002C00300030003000398
:10AAF000000378038C030C03060306030603060316
:10AB0000060304038C077801000000000000000029
:10AB10000000000000000000000000000000000035
:10AB20000000E001180308020C060C06FC070C00EC
:10AB30000C0018041802E0010000000000000000F2
:10AB40000000000000000000C00360063006300076
:10AB50003000FE01300030003000300030003000A6
:10AB6000300030003000FC01000000000000000058
:10AB700000000000000000000000000000000000D5
:10AB80000000F007D8068C018C018C019801F800B8
:10AB90000C00FC00CC03060306038E03F800000043
:10ABA00000000000000008000E000C000C000C006B
:10ABB0000C00EC011C030C030C030C030C030C0332
:10ABC0000C030C030C039E070000000000000000B3
:10ABD00000000000000000006000600000000000B5
:10ABE00040007C0060006000600060006000600069
:10ABF000600060006000FC03000000000000000036
:10AC00000000000000000000C001C00100000000C2
:10AC10000001F0018001800180018001800180013C
:10AC200080018001800180018001CC007C00000057
:10AC300000000000000008000E000C000C000C00DA
:10AC40000C008C038C008C004C006C005C008C00B1
:10AC50008C010C010C039E070000000000000000A6
:10AC600000000000000040007C0060006000600008
:10AC700060006000600060006000600060006000D4
:10AC8000600060006000FC030000000000000000A5
:10AC900000000000000000000000000000000000B4
:10ACA00000003707EE066606660666066606660656
:10ACB000660666066606FF0F000000000000000042
:10ACC0000000000000000000000000000000000084
:10ACD0000000EE011C030C030C030C030C030C031B
:10ACE0000C030C030C039E07000000000000000092
:10ACF0000000000000000000000000000000000054
:10AD00000000F00098010C0306060606060606067B
:10AD100006060C030C03F000000000000000000019
:10AD20000000000000000000000000000000000023
:10AD30000000EE011C030C060C060C060C060C06AB
:10AD40000C060C031C03EC010C000C003E00000080
:10AD500000000000000000000000000000000000F3
:10AD6000000078028C030C030603060306030603A7
:10AD7000060304038C03780300030003C0070000EC
:10AD800000000000000000000000000000000000C3
:10AD900000009F0358063806180018001800180015
:10ADA000180018001800FF0000000000000000005C
:10ADB0000000000000000000000000000000000093
:10ADC0000000F0031C030C020C023800F000C0036A
:10ADD000040304038C03FC010000000000000000D9
:10ADE00000000000000000000000200020003000F3
:10ADF0003000FE0130003000300030003000300004
:10AE0000300030023002E0010000000000000000CD
:10AE10000000000000000000000000000000000032
:10AE200008028E030C030C030C030C030C030C032D
:10AE30000C030C039C0778010000000000000000D8
:10AE40000000000000000000000000000000000002
:10AE500000001E070C020801080118019000B00054
:10AE6000B000600060002000000000000000000052
:10AE700000000000000000000000000000000000D2
:10AE80000000F70E6204460464026402EC029C01B6
:10AE900098019801980108000000000000000000DF
:10AEA00000000000000000000000000000000000A2
:10AEB0000000BC0718011001B00060006000E00055
:10AEC0009000080108039E07000000000000000039
:10AED0000000000000000000000000000000000072
:10AEE00000009E0708010801080190009000B000D2
:10AEF0006000600060002000200024001C000000B2
:10AF00000000000000000000000000000000000041
:10AF10000000FC018401C4004400600020003000F7
:10AF2000180208020C03FC010000000000000000F1
:10AF3000000000038000800080008000800080000E
:10AF400080008000400020004000800080008000E1
:10AF5000800080008000800080000003000040002E
:10AF600040004000400040004000400040004000E1
:10AF700040004000400040004000400040004000D1
:10AF80004000400040004000400040004000000001
:10AF900000000C0010001000100010001000100045
:10AFA00010001000200040002000100010001000D1
:10AFB000100010001000100010000C000000000035
:10AFC0001C002204C20480030000000000000000F6
:10AFD0000000000000000000000000000000000071
:10AFE0000000000000000000000000000000000061
:10AFF0000000000000000000000000000000000051
:10B00000000001FFFF0000FFFF000082040000823B
:10B010000400008204000082040000820400008218
:10B020000400008204003FFFFFF81FFFFFFC1082B6
:10B03000040C0082040C0082040C0082040C0082C8
:10B04000040C0082040C0082040C0082040C01FF3A
:10B05000FE0C00FFFE0C0000000C0000001C0000B5
:10B0600001FC0000000800000000000000000000DB
:10B0700000000000000200000004000000180000B2
:10B08000007000000FC80FFFFF080FFF80080800C6
:10B09000000808010008080100080801000808016C
:10B0A00000080801000808010008080100080BFF5B
:10B0B000FFF809FFFFF809810008080100080801EE
:10B0C0000008080110080801180808010E08080304
:10B0D00007C8180303C83801000818000018080042
:10B0E0000018000000080000000000000000000040
:10B0F00000000000000000100200000C0200000F21
:10B10000033C080707FC06001F800780700203034A
:10B110008004000C0004003000180200003002041B
:10B1200007E00207FF80020E4000021600000264E2
:10B13000000032C480021F847FFC1E844000020491
:10B14000000002040000020400000224FFFC021CB4
:10B150007FEC020E00040607000406000004020053
:10B1600000FC0000001C00000008000000000000BF
:10B1700000000000000001000180010001C001008A
:10B18000018001000180010003000100030001FFB4
:10B19000FE0001FFFE02010004040100040401009E
:10B1A00004080300081803100810011008600010BC
:10B1B00000C00010018000100F000010FC103FFFC5
:10B1C000E0101FF80008101000080010000C00101C
:10B1D000000E0010000C001001FC001FFFF0003FEB
:10B1E000E00000100000000000000000000000006F
:10B1F00000000000000000000100020011000240F9
:10B2000039000260310002306100023C410002104E
:10B21000810002010100020C3100021C3100023CDD
:10B2200071000268B10033C9A1001F8B3FFE1E0EE2
:10B230002FFC020C21000238A100027061000220E4
:10B240007900020431000209010002188100023075
:10B25000C1000260C100062071000200330000003E
:10B2600003000000010000000000000000000000DA
:10B2700000000000000000000000000000020000CC
:10B28000000400000008000002080FF847100890B2
:10B29000E7300890C6600890CAE008914BC008915A
:10B2A0004A48089252080896520C089C640E0FF403
:10B2B00067FC089047F80890C40008908400089143
:10B2C00084000891A480089014C008901C40089045
:10B2D0000C601FF80E30080007380000001C00004A
:10B2E000000000000000000000000000000000005E
:10B2F000000000040000000400000004000000043E
:10B30000000020040000100400100C0FFFF80F04D0
:10B31000003807000060000000C000040180000445
:10B32000020000040000000400000004000000040B
:10B33000000000040000000400003FFFFFFE1FFFAC
:10B34000FFFC1004000000040000000400000004E2
:10B3500000000004000000040000000C0000000CCD
:10B3600000000004000000000000000000000000D9
:10B3700000000000000000000000000000000000CD
:10B38000000001FFFF0000FFFF00008204000082B8
:10B390000400008204000082040000820400008295
:10B3A0000400008204003FFFFFF81FFFFFFC108233
:10B3B000040C0082040C0082040C0082040C008245
:10B3C000040C0082040C0082040C0082040C01FFB7
:10B3D000FE0C00FFFE0C0000000C0000001C000032
:10B3E00001FC000000080000000000000000000058
:10B3F000000000000000004000000070000000EFAE
:10B40000FFFE01A7FFFC03244200062442001C2487
:10B41000420818244208102442080044420C024406
:10B42000420E01CFFFFC01E4000000F0000000002C
:10B430000000000000001FF87FF81FFE7FFC084698
:10B44000020C0082020C0082040C01820C0C03022C
:10B45000180C0702380C0202300C0006100C003EDB
:10B4600001FC0004000800000000000000000000D3
:10B4700000000100000001038300010F03000179B7
:10B48000020007C102003F010200193FFFFE111F29
:10B49000FFFE01110400010304000305040001097B
:10B4A0000400001FFFFE0033FFFC0062220000D2F8
:10B4B000220003A222040F13FFFE3C17FFFC181208
:10B4C0000000141000000330000001F1FFC800D09C
:10B4D00000080060000C0030000E003BFFFC001A6A
:10B4E000000000100000001000000000000000003C
:10B4F000000000000000000000000000000000004C
:10B50000000800011FFC01FF8FF801FF0008000187
:10B510000008000100080001000800010008000107
:10B52000000800010008000100083FFFFFF81FFFAE
:10B53000FFF81001000800010008000100080001E8
:10B54000000800010008000100080001000803FFD6
:10B55000800801FF9FFE01000FFE000008000000B0
:10B5600000000000000000000000000000000000DB
:10B5700000000000000000402000004030100040AB
:10B580006008004060080040400C0040C00E3FFFD3
:10B59000FFFC1FFFFFF8004100000041000000C257
:10B5A000000000C200000240000002000000020093
:10B5B0000000020000100200000802000008020063
:10B5C000000E03FFFFFC03FFFFFC0200000002006F
:10B5D000000002000000020000000600000006005B
:10B5E0000000020000000000000000000000000059
:10B5F000000000000000000100020401000404013A
:10B6000000040401000804010010040100200401EA
:10B6100000C00401038007FFFF0007FFF8000401DA
:10B620000000040100000401000004010000040106
:10B63000000004010000040100000401000007FFF5
:10B64000FFFE07FFFFFC04010000040100000401ED
:10B6500000000C0100001C0100000C0300000403AA
:10B6600000000001000000000000000000000000D9
:10B670000000000000000000400200004002002026
:10B680004004002040040020400800204018002012
:10B69000401010204020182040600E2040C007A01D
:10B6A000438003A0470000207C00003FF800003FDB
:10B6B000C0000020600000E0580003A046003E20CB
:10B6C00043801C2040C018204060002040700020B3
:10B6D0004038002040180060401C0060C00C002072
:10B6E000C00C000040080000000000000000000046
:10B6F000000000000000000000000000000003FF48
:10B70000FFFE03FFFFFC01000000200001001808FD
:10B7100001001E0802000E080400000808000008CE
:10B720001000040860800408C040040B8040040E30
:10B73000007007FFFFE005FFFFC004880000040859
:10B7400000000408000004080008041800080408A9
:10B75000000C0408000E07FFFFFE0FFFFFFC0400B3
:10B7600000000000000000000000000000000000D9
:10B7700000000001000000062000000C20000078FE
:10B78000200003C820003F0FFFF01D0FFFF8110835
:10B79000203001082062010820C2031860820108DD
:10B7A00021040000000408000004043FFF08071FF4
:10B7B000FE0803D0001000100030001000E03FF33E
:10B7C000FF801FF3FE001011008000500040009029
:10B7D0000040031000200E3FFE300C100038000027
:10B7E000001C0000000E000000000000000000002F
:10B7F0000000000000000040200000403010004029
:10B800006008004060080040400C0040C00E3FFF50
:10B81000FFFC1FFFFFF0104180000041000000C14D
:10B82000000000C200000042000000000000000014
:10B83000000000FFFFFC00FFFFF8008000400080D8
:10B8400000400080004000800040008000400080F8
:10B8500000400080004000FFFFFC01FFFFF8008077
:10B8600000000000000000000000000000000000D8
:10B8700000000000040001000800010010000100A9
:10B880003000010060000100C0000103FFFE010361
:10B89000FFFC010E0010011C00100170801003C09D
:10B8A00080100F0080103D008010110080101100EA
:10B8B000801001008010017FFFF0013FFFF00100C8
:10B8C0008010010080100100801001008010010034
:10B8D00080100101801003018010030080300100FE
:10B8E0000030000000100000000000000000000018
:10B8F0000000000000000200000002000000020042
:10B900003FFE02001FFE0201100003FF900002FF35
:10B910009000028310C0020310C0028511C00245CE
:10B9200012C022491CC0324938801A31F0801E31C1
:10B93000D0800A71548002D9128002CD1380020F88
:10B940001180020111C8030110E802FF900802FFF4
:10B95000900C0200100E02003FFC06001FF00600D3
:10B9600000000200000000000000000000000000D5
:10B9700000000000000000040830000E0C3000340D
:10B980001E3000E43C200384EC201F0588601C0767
:10B990000840080C08400038104400F0504400D023
:10B9A00050840010408800108008001080100010A3
:10B9B0008030001080203FFFF060101FFFC000208B
:10B9C00087C0002083E0082107700C210E38062173
:10B9D0001C1C07E1780C00E3300E0063101E0023EE
:10B9E00000FE000100020000000000000000000056
:10B9F0000000000000000000000800000008000037
:10BA00000008000000080000000800000008000016
:10BA10000008000000080000000800000008000006
:10BA20000008000000083FFFFFF81FFFFFF81004A8
:10BA300000080004000800040008000400080004D6
:10BA40000008000400080004000800040008000CBE
:10BA50000008000C000800040008000000180000A6
:10BA600000180000000800000000000000000000B6
:10BA7000000000000002000C000C00100030007FED
:10BA8000FFC001DFFC00071088003E108800121F75
:10BA9000FFF8123FFFF002D08800039088040310E3
:10BAA0008806003FFFFC00100000000406000808A4
:10BAB0001A00081072000833C20008E342000FC2E7
:10BAC00042000E004200082FFFFE0827FFFC08146A
:10BAD000420008184200083842001FF0C200080067
:10BAE0004600000002000000000000000000080105
:10BAF00030022204227822042202A20263FE2222C1
:10BB000022222222222222222802300200000000C9
:10BB10003FFC2108210821083FFC000008000880A4
:10BB2000086008020801FFFE08000800000000008D
:10BB300000000FF00820082008200820FFFF082040
:10BB40000820082008200FF000000000000000403E
:10BB500040404040404040404141414141404040E0
:10BB60004040404040404040404040404040400510
:10BB70000202020202020202020202020202022087
:10BB80002020202020202020200202020202020287
:10BB900090909090909010101010101010101010A5
:10BBA00010101010101010101010020202020202E9
:10BBB0008888888888880808080808080808080805
:10BBC00008080808080808080808020202024000DD
:10BBD0004FBB000849535F4E5649435F5355425F80
:10BBE0005052494F52495459284E5649435F496E65
:10BBF00069745374727563742D3E4E5649435F49A0
:10BC000052514368616E6E656C5375625072696F14
:10BC1000726974792900000049535F4E5649435FA9
:10BC2000505245454D5054494F4E5F5052494F5226
:10BC3000495459284E5649435F496E69745374728A
:10BC40007563742D3E4E5649435F495251436861B6
:10BC50006E6E656C507265656D7074696F6E507252
:10BC6000696F72697479290049535F555341525481
:10BC70005F48415244574152455F464C4F575F43DE
:10BC80004F4E54524F4C2855534152545F496E69A0
:10BC9000745374727563742D3E4861726477617277
:10BCA00065466C6F77436F6E74726F6C290000008D
:10BCB0002E2E5C2E2E5C2E2E5C32303235313233FD
:10BCC000302D2DB2BBB4F84C76676C5C4E333247E6
:10BCD00034353752454C375C6669726D77617265F1
:10BCE0005C6E3332673435785F7374645F7065728D
:10BCF0006970685F6472697665725C7372635C6EAA
:10BD00003332673435785F657874692E63000000DC
:10BD100030BD000800000020E80200005A090008B9
:10BD200074BE0008E802002070660000B0830008BE
:10BD3000111810E1F50531323130303232353039F9
:10BD40003230015233024A01036380252808C18141
:10BD50004001C0804104690C2908E918A91C091A8E
:10BD600030091638093660092E70092F6000FF006F
:10BD7000C0C101C30302C2C60607C705C5C404CCBF
:10BD80000C0DCD0FCFCE0E0ACACB0BC90908C8D8EF
:10BD90001819D91BDBDA1A1EDEDF1FDD1D1CDC14AF
:10BDA000D4D515D71716D6D21213D311D1D010F07F
:10BDB0003031F133F3F23236F6F737F53534F43CFF
:10BDC000FCFD3DFF3F3EFEFA3A3BFB39F9F83828CF
:10BDD000E8E929EB2B2AEAEE2E2FEF2DEDEC2CE4EF
:10BDE0002425E527E7E62622E2E323E12120E0A05F
:10BDF0006061A163A3A26266A6A767A56564A46C3F
:10BE0000ACAD6DAF6F6EAEAA6A6BAB69A9A868786E
:10BE1000B8B979BB7B7ABABE7E7FBF7DBDBC7CB42E
:10BE20007475B577B7B67672B2B373B17170B0503E
:10BE30009091519353529296565797559594549C7E
:10BE40005C5D9D5F9F9E5E5A9A9B5B99595898884E
:10BE50004849894B8B8A4A4E8E8F4F8D4D4C8C446E
:10BE600084854587474686824243834181800220FC
:04BE7000400000008E
:040000050800019955
:00000001FF
