:020000040800F2
:1000000058690020AD010008694600089D2D0008D0
:10001000413F00084D110008A582000800000000C3
:10002000000000000000000000000000BF01000808
:100030004F11000800000000C301000879620008A9
:10004000C7010008C7010008C7010008C701000870
:10005000C7010008C7010008C7010008C701000860
:10006000C1190008C7010008C7010008C70100083E
:10007000C7010008C7010008C7010008C701000840
:10008000C7010008C7010008C7010008C701000830
:10009000C7010008C7010008C7010008C701000820
:1000A000C7010008C7010008C7010008C701000810
:1000B000C7010008C7010008C7010008C701000800
:1000C000C7010008C7010008C7010008C7010008F0
:1000D000C7010008C701000871760008C97600084A
:1000E000C7010008C7010008C7010008C7010008D0
:1000F000C7010008C7010008C7010008C7010008C0
:10010000C7010008C7010008C7010008C7010008AF
:1001100051760008C7010008796D0008C701000882
:10012000C7010008C7010008C7010008C70100088F
:10013000C7010008C7010008C7010008C70100087F
:10014000C7010008C7010008C7010008C70100086F
:10015000C7010008C7010008C7010008C70100085F
:10016000C7010008C7010008C7010008C70100084F
:10017000C7010008C7010008C7010008C70100083F
:10018000C7010008C7010008C7010008C70100082F
:10019000C7010008C7010008DFF80CD000F048FBD9
:1001A000004800473D9200085869002006488047F3
:1001B00006480047FEE7FEE7FEE7FEE7FEE7FEE74C
:1001C000FEE7FEE7FEE7FEE77D6200089901000812
:1001D00040EA01039B0703D009E008C9121F08C0C9
:1001E000042AFAD203E011F8013B00F8013B521E49
:1001F000F9D27047D2B201E000F8012B491EFBD2C0
:1002000070470022F6E710B513460A460446194621
:10021000FFF7F0FF204610BD30B505462A460B46D5
:1002200012F8010B13F8014B08B1A042F8D01CB131
:10023000002802D06D1CF1E7284630BDCAB2401E2E
:1002400010F8011F8A4202D00029F9D1002070471E
:10025000421C10F8011B0029FBD1801A704770B5B1
:10026000064608F091F8046805460A220021304647
:1002700000F002F92C6070BD2DE9FE4F81EA030405
:1002800004F0004421F0004100944FF0000B23F0F3
:10029000004350EA01045ED052EA03045BD0C3F38A
:1002A0000A54C1F30A552C44A4F2F3340194A0FB80
:1002B0000254C1F3130141F48011C3F3130343F457
:1002C000801301FB024400FB034E840A970A44EAB0
:1002D000815447EA8357A4FB076802958D0A05FB02
:1002E00007854FEA932C04FB0C542705029D4FEA27
:1002F000065847EA1637B5EB08056EEB070C870E74
:10030000920E47EA811742EA8312A7FB0201B6EB7D
:100310000B0164EB00042B0D43EA0C335E1844EB35
:100320001C50DA465146E7FB0201C5F313044FEABD
:100330000B3343EA14534FEA0432019C43EA0603A9
:10034000A4F10C040294009CCDE900B400F0DBF8A9
:1003500003B0BDE8F08F00200146F9E70EB5C10FEC
:1003600080EAE0700844CA07002140F233438DE878
:100370000E000A460B4600F0C6F803B000BD0EB5ED
:1003800040F2334102910021CDE900110A460B46AB
:1003900000F0B9F803B000BDC1F30A5210B5C1F3C3
:1003A000130140F2FF3341F480119A4201DA002038
:1003B00010BD40F233439A42A2F2334203DC524270
:1003C00000F04AF810BD904010BD30B50B46014614
:1003D00000202022012409E021FA02F59D4205D3E4
:1003E00003FA02F5491B04FA02F52844151EA2F18E
:1003F0000102F1DC30BD2DE9F05F05460020924698
:100400009B4688460646814640241BE028464146D6
:100410004746224600F020F853465A46C01A9141FA
:1004200010D311461846224600F014FA2D1A67EB35
:1004300001084F4622460120002100F00BFA17EB7D
:1004400000094E41201EA4F10104DFDC484631467C
:100450002A464346BDE8F09F202A04DB203A21FAD1
:1004600002F00021704721FA02F3D040C2F12002CD
:1004700091400843194670472DE9F04791460F46D1
:1004800080460446002614F8015B2DB100F004FA02
:100490000068405DC007F6D12B2D02D02D2D18D05D
:1004A000641E4A463946204600F0FAF927B13968F9
:1004B000A14201D1C7F8008071054FF002040BD5AD
:1004C0004042002803DD07F05FFF0460A007BDE89D
:1004D000F08746F48066E4E70028F8DA07F054FF76
:1004E00004606FF00040F2E710B5141E73F10004D1
:1004F00008DA401C41F1000192185B411A4301D116
:1005000020F0010010BD2DE9F04D92469B4611B13F
:10051000B1FA81F202E0B0FA80F22032904600F0A7
:1005200099F904460F4640EA0A0041EA0B01534696
:100530005A46084313D0114653EA010019D0C8F1B6
:1005400040025046FFF788FF05460E465046594682
:10055000424600F07FF9084305D0012004E0204620
:100560003946BDE8F08D0020054346EAE0762C438D
:1005700037430A986305E40AA0EB08000022FD0A4D
:1005800044EA47540A3002D500200146E9E7010554
:1005900010196941DDE9084500196941BDE8F04DD0
:1005A000A2E72DE9FE4F804681EA0300C00F0C460A
:1005B000009021F0004123F00045B8EB0200A94172
:1005C00005D24046214690461C460B46024623F083
:1005D0000040104347D0270DC7F30A00C3F30A5168
:1005E0000290401A019040286BDAC3F3130040F4E4
:1005F000801B0098924620B10023D2EB030A63EBE4
:100600000B0B01985946C0F14002504600F022F908
:1006100006460D4650465946019A00F02AF910EB5D
:1006200008006141002487EA115284EAE7731A4303
:1006300040D0009A62B3019A012A4FEA075215DCB2
:10064000001B61EB02014FF0004202EA0752CDE9C4
:100650000042001C41F5801132462B46FFF753FF44
:1006600003B0BDE8F08F40462146F9E7001B61EB7F
:100670000201001C41F5801300185B412018A2F50F
:10068000001747EB030140EAD570B6196D4111E040
:100690006D084FEA360645EAC0754FEA0752001B5F
:1006A00061EB0201001C41F5801149084FEA30005E
:1006B0000019514132462B4603B0BDE8F04FFFF719
:1006C00013BF0098012240000023D0EB020263EB2D
:1006D000E073009821464FEAE074B8EB000061EB4C
:1006E0000401E9E783F000435BE781F0004158E74C
:1006F0002DE9F04D81EA030404F0004B21F00045A0
:1007000014464FF0000A23F0004150EA050220D0C1
:1007100054EA01021DD0C5F30A570246C5F313037C
:10072000C1F31300C1F30A5640F4801543F480135B
:10073000A7EB0608101BD64608F2FD3873EB050040
:1007400002D308F1010801E092185B41B8F1000FF3
:1007500003DA00200146BDE8F08D00204FF480113F
:10076000064684460EE0171B73EB050705D3121BE4
:1007700063EB050306434CEA010C49084FEA3000DD
:1007800092185B4150EA0107EDD152EA030012D002
:1007900082EA040083EA0501084305D0101BAB413F
:1007A00006D20122002306E000224FF0004302E0BF
:1007B0006FF0010253101AEB06004CEB085110EBDE
:1007C0000A0041EB0B01BDE8F04DFFF78DBEC1F310
:1007D0000A52C1F3130140F2FF3341F480119A42EF
:1007E00002DA00200146704740F233439A42A2F2F7
:1007F000334202DC5242FFF72FBE00F02BB800005C
:1008000030B5041E71F1000404DB4FF00044404297
:1008100064EB0101141E73F1000405DB1C464FF06C
:100820000043524263EB0403994208BF904230BD3B
:10083000064C074D06E0E06840F0010394E807002D
:1008400098471034AC42F6D3FFF7AAFC00BD00086D
:1008500020BD0008202A04DB203A00FA02F1002023
:1008600070479140C2F1200320FA03F319439040EE
:100870007047202A06DBCB17203A41FA02F043EA00
:10088000E07306E041FA02F3D040C2F12002914049
:10089000084319467047000000487047C0BB000875
:1008A0002DE9F05F82460078002715468B460AF155
:1008B0000104B946302801D09DB113E014F8010BB2
:1008C0000127782803D0582801D045B10AE00DB19E
:1008D000102D07D10027102514F8010B02E0082580
:1008E00000E00A250026B0460EE005FB080005FBE7
:1008F00006F1012701EB10461FFA80F8B6F5803F9C
:1009000000D3B94614F8010B294600F018F8002866
:10091000EBDABBF1000F05D00FB1641E00E05446C6
:10092000CBF80040B9F1000F06D007F02DFD0221F1
:100930000160C81EBDE8F09F48EA0640FAE73A2881
:1009400000D2303820F02002412A01D3A2F1370032
:10095000884201D34FF0FF30704770B58C1810F803
:10096000015B15F0070301D110F8013B2A1106D1F4
:1009700010F8012B03E010F8016B01F8016B5B1E0E
:10098000F9D12B0705D40023521E0DD401F8013BE9
:10099000FAE710F8013BCB1A921C03E013F8015B55
:1009A00001F8015B521EF9D5A142D8D3002070BDD9
:1009B000F8B54FF40050ADF8000010250E4E8DF83C
:1009C000035001248DF802406946304601F00CFFC7
:1009D0002103ADF800108DF803508DF802406946F0
:1009E000304601F001FF6103304602F011F92103A6
:1009F000304602F00DF9F8BD000C014070B5C0F3AF
:100A000007110E2202EAD10200F00F0001F00F01DF
:100A100042F0A00440EA011502F07CFB04F0FE0065
:100A200002F03AFB02F0C4FB284602F035FB02F06C
:100A3000BFFB02F06FFB44F0010002F02DFB02F05F
:100A4000B7FB002002F0AAFA044602F08DFB44F640
:100A5000206008F091F9204670BD70B502460E4640
:100A6000C0F307100E2101EAD00102F00F0200F0DE
:100A70000F0041F0A00442EA001502F04BFB2046B3
:100A800002F00AFB02F094FB284602F005FB02F09C
:100A90008FFB304602F000FB02F08AFB02F064FBA1
:100AA000BDE8704044F6206008F066B970B51D4C92
:100AB0000025607B10B1012813D010E02079401C84
:100AC000207103F0BBFD0C2117A007F0CFFB6421C0
:100AD0006570194A0F2007F011FC01206073002097
:100AE00070BD03F09FFD002808BF70BD134E306835
:100AF00004F03EFA01461248326801F075FA11A17D
:100B00000F48FFF789FB00281EBF6573012070BDE9
:100B100020790A2898BF6573E1D925716573022091
:100B200070BD00004000002041542B514941435406
:100B30003D310D0A000000005D4600083C00002029
:100B40000C1100204F4B00000146064A0978002096
:100B5000135C994208BF7047401CC0B20A28F7D303
:100B6000704700009A9300082DE9F0014FF0000C47
:100B7000002A88BF154C24D911F81C60002314F8F2
:100B80000380464504BF1D072D0E5B1CDBB2102BF6
:100B9000F5D301EB4C060023767814F80380464524
:100BA00008BF03F00F075B1CDBB2102BF5D345EA3F
:100BB000070300F80C300CF101031FFA83FC944585
:100BC000DAD3BDE8F0015008704700009A9300089E
:100BD00038B5044600200090042C18BF082C54D0CF
:100BE0000C2C18BF102C50D0142C18BF182C4CD023
:100BF0001C2C18BF202C48D0242C18BF282C44D0E3
:100C0000402C18BF442C40D0482C18BF4C2C3CD052
:100C1000502C18BF542C38D0582C18BF5C2C34D012
:100C2000602C18BF642C30D0682C18BF6C2C2CD0D2
:100C3000702C18BF742C28D0782C18BF7C2C24D092
:100C4000802C18BF842C20D0882C18BF8C2C1CD052
:100C5000902C18BF942C18D0982C18BF9C2C14D012
:100C6000A02C18BFA42C10D0A82C18BFAC2C0CD0D2
:100C7000B02C18BFB42C08D0B82C18BFBC2C04D092
:100C8000C62205A112A007F0E1FF04F1804000F5A3
:100C9000D8400090008838BD2E2E5C6669726D7752
:100CA0006172655C6E3332673435785F7374645F8C
:100CB0007065726970685F6472697665725C737280
:100CC000635C6E3332673435785F626B702E63001D
:100CD00049535F424B505F44415428424B505F445C
:100CE0004154290038B5044600200D460090042CDC
:100CF00018BF082C54D00C2C18BF102C50D0142C1A
:100D000018BF182C4CD01C2C18BF202C48D0242CD9
:100D100018BF282C44D0402C18BF442C40D0482C5D
:100D200018BF4C2C3CD0502C18BF542C38D0582C09
:100D300018BF5C2C34D0602C18BF642C30D0682CC9
:100D400018BF6C2C2CD0702C18BF742C28D0782C89
:100D500018BF7C2C24D0802C18BF842C20D0882C49
:100D600018BF8C2C1CD0902C18BF942C18D0982C09
:100D700018BF9C2C14D0A02C18BFA42C10D0A82CC9
:100D800018BFAC2C0CD0B02C18BFB42C08D0B82C89
:100D900018BFBC2C04D0B32205A113A007F056FF46
:100DA00004F1804000F5D8400090056038BD000097
:100DB0002E2E5C6669726D776172655C6E33326788
:100DC0003435785F7374645F7065726970685F64EE
:100DD00072697665725C7372635C6E333267343548
:100DE000785F626B702E630049535F424B505F44E3
:100DF000415428424B505F444154290000000000F8
:100E00002DE9F0415E4C8188A1808179A171B0F813
:100E100001102180C178A170B0F807102181417ABA
:100E2000A1724189A181017BA173B0F80D102182CB
:100E3000C17BA174018AA182817CA175B0F81310D5
:100E40002183407DA0766068FFF799FA9FED4E1BE5
:100E500053EC112BFFF710FAFFF79EFA04F11C0573
:100E600086B22E802068FFF78AFA9FED491B53EC6B
:100E7000112BFFF701FAFFF78FFA07466860E06869
:100E8000B0F5000F03DBC043401CC0F31600FFF7B2
:100E900065FA9FED411B53EC112BFFF7EDF9FFF7BE
:100EA0007BFA80B200EE100A28813F4BB8EE401A60
:100EB00000EE106AB8EE400AC1EE000A00EE107AA9
:100EC000B8EE400A80EE801A9FED350A61EE000A06
:100ED0009FED340A60EE800AFCEEE00A10EE900A04
:100EE0002874206959680844586019469A68C96886
:100EF000904203D3821A1144D96006E06FF07F4C10
:100F0000ACEB020202441144D9600022C3E9012083
:100F10000D291CD300EE901A9FED241AE968F8EE13
:100F2000600A60EE810A20EE800ABCEEC00A10EE74
:100F3000100A0844E860010C0820DA6003F0F8FAAF
:100F4000A88981B2092003F0F3FA01F011F8298889
:100F5000042003F0EDFA16496868A1FB0010C0F305
:100F6000CF01052003F0E4FA2989072003F0E0FA15
:100F7000297CBDE8F041062003F0DABA0000000049
:100F80002C0C0020000000009FE74A621B81103FEC
:100F9000CD2D44350B4E903F56B7DD7835487A3F1E
:100FA0000000C84200007A442C000020EDF8433ACB
:100FB000CDCCCCCC08B507A00068009006480178DD
:100FC000012918BF08BD002101700221684607F001
:100FD000B7F808BD58AA00002C000020084808B542
:100FE0000068009007480178012905D100210170AF
:100FF0000221684607F0A4F8BDE8084007F0BCB835
:10100000D40F00082C00002038B50220ADF80000F5
:1010100010208DF803000120104C8DF80200694665
:10102000204601F0E1FB0221204601F087FD02216C
:10103000204601F0EDFD4FF4FA7007F091FE022119
:10104000204601F07BFD40F6B83007F089FE044AE7
:101050004FF47A71042007F051F938BD00080140BF
:10106000395F000838B507F0B1FE07F02DF901240B
:10107000ADF8004010258DF803508DF80240694608
:10108000224801F0B1FB224A1E21022007F036F966
:1010900003F056FF07F090FF07F0CAFE07F04AFF83
:1010A00003F0E3FA04F0AAFFFFF7AEFF08F070F8D0
:1010B0002003ADF800008DF80350164D8DF8024066
:1010C0006946284601F090FB2103284601F036FDD1
:1010D000ADF8004004218DF803106946284601F060
:1010E00083FB05F06BFA04F063FF04F0F3F9FFF7FC
:1010F0005FFC00F063FE02F0BDFB07F0FBFF05F0B4
:101100002FFEBDE8384004A007F01AB900100140D6
:10111000591900080008014048656C6C6F20576F32
:10112000726C64210D0A0000074910B50120487057
:1011300002F06AFCFFF752FF08F028F806F006FA02
:10114000BDE8104000F045BF16000020FEE77047E4
:1011500070B584B000254CF2186428B301281CBF78
:1011600004B070BD1026CDE900464FF61F030022E3
:101170000C21E820029505F01FFCCDE900464FF652
:101180001F0301220C21F820029505F015FCCDE982
:1011900000464FF61F0302220C214FF48470029583
:1011A00005F00AFC04B070BD1820CDE90040002312
:1011B00003A20C210295E82005F076FD04B070BD75
:1011C000202020200000000070B5002484B02025DD
:1011D0004CF21866E8B101281CBF04B070BD0120B4
:1011E00002F0FAFB0096CDE901544FF47843142243
:1011F000C021E02005F0E0FB0096CDE901544FF45A
:1012000078430F22C0214FF4807005F0D5FB04B065
:1012100070BD002002F0E0FB0096CDE901544FF4D0
:10122000FC631522C021E02005F0C6FB0096CDE945
:1012300001544FF4FC630F22C0214FF4807005F07D
:10124000BBFB04B070BD70B5002484B020254CF207
:101250001866E0B101281CBF04B070BD012002F087
:10126000C7FB0096CDE901544FF4FC6311224021E5
:10127000E02005F0A1FB0096CDE9015440214FF498
:10128000FC631322880005F097FB04B070BD0020BA
:1012900002F0AEFB0096CDE901544FF478431222E0
:1012A0004021E02005F088FB0096CDE90154402163
:1012B0004FF478431322880005F07EFB04B070BD24
:1012C00070B5002484B020254CF21866E0B10128E6
:1012D0001CBF04B070BD012002F0C4FB0096CDE934
:1012E00001544FF4FC630B22C021582005F064FB2D
:1012F0000096CDE901544FF4FC630C22C021782004
:1013000005F05AFB04B070BD002002F0ABFB009664
:10131000CDE901544FF478430D22C021582005F047
:101320004BFB0096CDE901544FF478430E22C021C7
:10133000782005F041FB04B070BD00000000000003
:10134000F0B5754A18252DED028B87B05078734F94
:10135000401CC0B20024724950704CF21866072835
:1013600080F0D480DFE800F0D204273845535B00DA
:10137000CDE9004602953A8804230821002005F0B3
:1013800039FCCDE900460295BA78022308213C20B9
:1013900005F030FCCDE900460295FA7802230821D9
:1013A000602005F027FCCDE90046029501230821C5
:1013B000FA79CC2025E0CDE9004602953A7902235E
:1013C0000821842005F016FCCDE900460295022391
:1013D00008217A79A82014E0CDE9004602950A8810
:1013E00004234021582005F005FC07B0BDEC028B1A
:1013F000F0BDCDE9004602958888052382B26021C0
:101400000BE005F0F7FB07B0BDEC028BF0BDCDE9BA
:10141000004602950A89062380215820F1E7C86812
:10142000002866D03F49A1FB002149096FF018024E
:10143000514310EB81019FED3C8B24D03C49A1FB33
:101440000021C908494201EB810110EB410135D06F
:10145000FEF795FF53EC182BFEF70EFF41EC100B37
:1014600034A153EC102B03A806F07AFF0096CDE9C7
:101470000154002303AAA021642005F015FC07B045
:10148000BDEC028BF0BDFEF77AFF53EC182BFEF794
:10149000F3FE41EC100B29A153EC102B03A806F02E
:1014A0005FFF0096CDE90154002303AAA021642028
:1014B00005F0FAFB07B0BDEC028BF0BDFEF75FFF55
:1014C00053EC182BFEF7D8FE41EC100B1DA153EC8A
:1014D000102B03A806F044FF0096CDE90154002329
:1014E00003AAA021642005F0DFFB07B0BDEC028B4E
:1014F000F0BD0096CDE90154002314A2A021642080
:1015000005F0D2FB07B0BDEC028BF0BD547007B004
:10151000BDEC028BF0BD000059000020200000202F
:10152000480C00201F85EB51FCA9F1D24D62503FC1
:10153000CDCCCCCC252E336600000000252E3166A4
:1015400000000000252E3266000000003000000080
:101550002DE9F0412DED028B86B04CF2186400218C
:10156000F0234FF4A0720846009405F000F84FF401
:101570007840302300904FF4A0721946002004F008
:1015800097FF0025DE4FCDE90054182602963A88D1
:1015900004230821284605F02DFBCDE90046002351
:1015A000D8A208213020029505F07EFBCDE9005439
:1015B0000296BA78022308213C2005F01BFBCDE9F6
:1015C00000460023CFA208215420029505F06CFBB1
:1015D000CDE900540296FA7802230821602005F034
:1015E00009FBCDE9005402963A79022308218420B0
:1015F00005F000FBCDE900460023C3A208219C2092
:10160000029505F051FBCDE9005402967A79022348
:101610000821A82005F0EEFACDE900540296FA79E7
:1016200001230821CC2005F0E5FA042002F04EFF4A
:10163000FFF78EFDCDE900460023B4A208214FF448
:101640009170029505F030FB20270023CDE900477B
:101650001A4640211846029505F0AEF9CDE900473B
:101660000023012240212020029505F0A5F9CDE9B3
:10167000004640210023A4A20846029505F014FB71
:10168000DFF88C82CDE900540296B8F800200423DC
:101690004021582005F0AEFACDE9004600239DA276
:1016A0004021A020029505F0FFFACDE900474FF454
:1016B000784312224021E020029505F07DF9CDE922
:1016C000004740214FF4784313228800029505F02B
:1016D00073F90023CDE900471A46602118460295A8
:1016E00005F06AF9CDE9004700230222602120209D
:1016F000029505F061F9CDE90046002382A2602140
:101700004020029505F0D0FACDE900540296B8F8D1
:101710000400052382B26021582005F06BFACDE960
:10172000004600237CA26021AC20029505F0BCFAA3
:10173000CDE900470023032280211846029505F0D9
:101740003BF9CDE9004700230422802120200295A7
:1017500005F032F9CDE9004600236BA2802140203C
:10176000029505F0A1FACDE900540296B8F80820D8
:1017700006238021582005F03DFACDE900460023DC
:1017800066A28021D020029505F08EFACDE90047AF
:1017900000230722A0211846029505F00DF9CDE996
:1017A000004700230822A0212020029505F004F91B
:1017B000CDE90046002354A2A0214020029505F067
:1017C00073FAD8F80C0000285CD05549A1FB002121
:1017D0004909F243514310EB81019FED538B21D016
:1017E0005349A1FB0021C908494201EB810110EBDB
:1017F00041012FD0FEF7C3FD53EC182BFEF73CFD43
:1018000041EC100B4BA153EC102B03A806F0A8FDE4
:10181000CDE90046002303AAA0216420029505F02B
:1018200043FA38E0FEF7ABFD53EC182BFEF724FD2E
:1018300041EC100B41A153EC102B03A806F090FDD6
:10184000CDE90046002303AAA0216420029505F0FB
:101850002BFA20E0FEF793FD53EC182BFEF70CFD5E
:1018600041EC100B37A153EC102B03A806F078FDC8
:10187000CDE90046002303AAA0216420029505F0CB
:1018800013FA08E0CDE90046002330A2A02164202D
:10189000029505F009FACDE9004600232CA2A0210B
:1018A0004FF48070029505F0FFF9CDE90047002361
:1018B0000922C0211846029505F07EF8CDE90047BF
:1018C00000230A22C0212020029505F075F8CDE9F9
:1018D000004600230CA2C0214020029505F0E4F947
:1018E000012002F0F3FDFFF7EBFC022002F0EEFD19
:1018F000FFF76AFC06B0BDEC028BBDE8F08100008A
:10190000200000202F0000003A00000034470000B3
:10191000480C0020560000006D41000057000000F8
:101920001F85EB5100000000FCA9F1D24D62503F31
:10193000CDCCCCCC252E336600000000252E3166A0
:1019400000000000252E326600000000300000007C
:101950004B572F480000000010B5174CE07868B1D5
:101960002179164800294FF0010102D001F050F909
:1019700001E001F0E3F82079C043207120890021C3
:10198000B0F57A7F28BF21810CD2401C0004000CE6
:10199000208107D0A0F54072E73A02BF60780028A6
:1019A000E17000E06170AFF24F021E21BDE810400F
:1019B000022006F0A3BC0000160000200010014029
:1019C00010B5042000F028F8002808BF10BD07F06B
:1019D0008BFBBDE810400420AFF3008010B5044637
:1019E000800D00D12CB940F20112034903A007F089
:1019F0002DF90848046010BDA0BC000849535F459C
:101A00005854495F4C494E4528455854495F4C69E4
:101A10006E6529001404014070B5002504460128B4
:101A200018BF022C3AD0042C18BF082C36D0102C2A
:101A300018BF202C32D0402C18BF802C2ED0B4F5EB
:101A4000807F18BFB4F5007F28D0B4F5806F18BF31
:101A5000B4F5006F22D0B4F5805F18BFB4F5005F15
:101A60001CD0B4F5804F18BFB4F5004F16D0B4F5B4
:101A7000803F18BFB4F5003F10D0B4F5802F18BFD9
:101A8000B4F5002F0AD0B4F5801F18BFB4F5001FBD
:101A900004D0EB22074908A007F0D8F80D480068E9
:101AA0000D492040096821421CBF00280125284615
:101AB00070BD0000A0BC000849535F4745545F4516
:101AC0005854495F4C494E4528455854495F4C6924
:101AD0006E652900000401401404014010B504465D
:101AE0000079002818BF042804D073222F4930A0A1
:101AF00007F0ACF8607908281CBF0C28102804D027
:101B000074222A4935A007F0A1F82068810D00D180
:101B100020B9752225493DA007F098F8A079002842
:101B200018BF012804D07622204943A007F08EF880
:101B3000A1794E48002930D00168226891430160A4
:101B4000001D0168226891430160207900F1804006
:101B500000F5823001682268114301604449086839
:101B60002268904308600A1D10682368984310603B
:101B70006079102808D000F1804000F582300168BB
:101B800022681143016010BD08682368184308608B
:101B9000106821680843106010BD207900F1804072
:101BA00000F58230016822689143EBE7A0BC000891
:101BB00049535F455854495F4D4F44452845585453
:101BC000495F496E69745374727563742D3E45584C
:101BD00054495F4D6F6465290000000049535F451B
:101BE0005854495F5452494747455228455854492B
:101BF0005F496E69745374727563742D3E45585411
:101C0000495F5472696767657229000049535F45EF
:101C10005854495F4C494E4528455854495F496ED0
:101C200069745374727563742D3E455854495F4C02
:101C3000696E65290000000049535F46554E4354C4
:101C4000494F4E414C5F53544154452845585449DF
:101C50005F496E69745374727563742D3E455854B0
:101C6000495F4C696E65436D6429000000040140C2
:101C700008040140001DFEF7F0BE2DE9F0475FEAC1
:101C8000010807464FF000041ABF4FF017094FF044
:101C9000180ABDE8F087E519E8B202F02DFC010A48
:101CA0003E1909EB4600FEF7D8FEE8B202F024FC2C
:101CB000C1B20AEB4600FEF7D0FE601CC4B2A045DC
:101CC000E9D8BDE8F08710B500211720FEF7C5FE62
:101CD00001211820FEF7C1FE00211920FEF7BDFEEC
:101CE00000211A20FEF7B9FE25211B20FEF7B5FEC4
:101CF00080211C20FEF7B1FE01211D20FEF7ADFE64
:101D00000E211E20FEF7A9FE00211F20FEF7A5FED2
:101D1000B4212020FEF7A1FE1F212120FEF79DFE09
:101D200040212220FEF799FE00212320FEF795FE98
:101D30001E212420FEF791FE00212520FEF78DFEB6
:101D400050212620FEF789FE44212720FEF785FE3C
:101D5000C0212820FEF781FE00212920FEF77DFE0C
:101D60003F212A20FEF779FE00213120FEF775FE83
:101D700002213220FEF771FE00213320FEF76DFEB6
:101D8000FF213420FEF769FE00213520FEF765FEB5
:101D900000213620FEF761FE00213720FEF75DFEB0
:101DA0007F213820FEF759FE17213920FEF755FE16
:101DB0003B21BDE810403A20FEF74FBEF8B50024A5
:101DC0006D462046FEF71AFE2855601CC4B2042C4E
:101DD000F7D39DF8000018251726A12804BF9DF809
:101DE0000100582807D19DF80200592804BF9DF82A
:101DF0000300A22841D0A1210020FEF72EFE582189
:101E00000120FEF72AFE59210220FEF726FEA2211C
:101E10000320FEF722FE00218F20FEF71EFE002188
:101E20009020FEF71AFE00219120FEF716FE0021F9
:101E30009220FEF712FE00F079F800210420FEF750
:101E40000CFE01210520FEF708FE00210620FEF70A
:101E500004FE01210720FEF700FE00210820FEF706
:101E6000FCFDFFF730FF00F061F80024201DFEF7B5
:101E7000C5FD012833D088B33AE000F057F80024BC
:101E8000201DFEF7BBFD012801D028B108E001218B
:101E9000204602F037FB03E00021204602F032FB2F
:101EA000601CC4B2052CEBD3012002F00FFB04F040
:101EB0004FF8002405EB4400FEF7A0FD074606EBB3
:101EC0004400FEF79BFD07EB002081B2204602F0A4
:101ED00035FB601CC4B2212CECD3F8BD04E0012119
:101EE000204602F00FFB03E00021204602F00AFB2F
:101EF000601CC4B2052CB9D3012002F0E7FA04F04B
:101F000027F8002405EB4400FEF778FD074606EBB2
:101F10004400FEF773FD07EB002081B2204602F07B
:101F20000DFB601CC4B2212CECD3F8BD10B58F2082
:101F3000FEF764FD04069020FEF760FD04EB00440C
:101F40009120FEF75BFD04EB00249220FEF756FD86
:101F50002044064C010CE060082002F0E9FAA08958
:101F6000BDE8104081B2092002F0E2BA480C00201E
:101F700010B50C4CE068010E8F20FEF76EFDE06896
:101F8000C0F307419020FEF768FDA089C0F3072148
:101F90009120FEF762FD217BBDE810409220FEF704
:101FA0005CBD0000480C002010B500218F20FEF71A
:101FB00054FD00219020FEF750FD00219120FEF7F6
:101FC0004CFD00219220FEF748FDBDE81040FFF7D0
:101FD000ADBF10B502F038FD01F068FD02F062FC03
:101FE000BDE8104002F0CCBC0023002998BF704728
:101FF000F0B40026D2E902C4644508BF34460BD0D1
:102000001468556814F80C400CF1010C9CFBF5F7B2
:1020100005FB17CCC2F808C0C4545B1C8B42E9D343
:10202000F0BC704770B50C46050018BF012D0ED0EE
:10203000022D18BF032D0AD0042D1CBF052D062D1F
:1020400005D040F247321FA12DA006F0FFFD002C65
:1020500018BF012C21D0022C18BF032C1DD0042C3A
:1020600018BF052C19D0062C18BF072C15D0082C2A
:1020700018BF092C11D00A2C18BF0B2C0DD00C2C1A
:1020800018BF0D2C09D00E2C18BF0F2C05D04FF403
:1020900052720CA124A006F0D9FDA007010F0F2059
:1020A00000FA01F224F0030000F1804000F58030D6
:1020B000836823EA02028260826805FA01F1114313
:1020C000816070BD2E2E5C6669726D776172655C91
:1020D0006E3332673435785F7374645F706572692C
:1020E00070685F6472697665725C7372635C6E338C
:1020F00032673435785F6770696F2E6300000000C7
:1021000049535F4750494F5F455854495F504F52BC
:10211000545F534F5552434528506F7274536F7537
:10212000726365290000000049535F4750494F5FC3
:1021300050494E5F534F555243452850696E536F77
:10214000757263652900000070B50D4604460128CC
:1021500018BF022C00F0E081042C18BF082C00F0FE
:10216000DB81A4F5A01010381CBFA4F5A010B0F1BD
:10217000300000F0D181A4F5B01040381CBFA4F5A8
:10218000B010B0F1C00000F0C781A4F5C010B0F5E8
:1021900080701CBFA4F5C010B0F5007000F0BC81C9
:1021A000A4F5C010B0F540701CBFA4F5C010B0F588
:1021B000023000F0B181A4F5C010B0F5033018BFB3
:1021C000B4F5805F00F0A881B4F5E91F18BFB4F53D
:1021D000EA1F00F0A181B4F5EB1F18BFB4F5004F62
:1021E00000F09A816FF40010C4421CBFA4F50010E7
:1021F000B0F1020000F09081A4F50010001F1CBF98
:10220000A4F50010B0F1080000F08681A4F50010DC
:1022100010381CBFA4F54010B0F5807000F07C8130
:10222000A4F54010B0F500701CBFA4F54010B0F547
:10223000806000F07181FB4884421CBF6FF08040D9
:10224000C44200F06981F84884421CBFF7488442C8
:1022500000F06281F64884421CBFF648844200F0D8
:102260005B81F54884421CBFF448844200F05481ED
:10227000F34884421CBFF348844200F04D81F24889
:1022800084421CBFF148844200F04681F0488442F9
:102290001CBFF048844200F03F81A4F18040B0F5BB
:1022A000F2101CBFA4F18040B0F5F41000F03481AE
:1022B000A4F18040B0F5F6101CBFE748844200F05E
:1022C0002B81E64884421CBFE548844200F024810B
:1022D000A4F18040B0F190701CBFE248844200F04D
:1022E0001B81E14884421CBFA4F18040B0F18460AE
:1022F00000F01281DD4884421CBFDD48844200F0BA
:102300000B81DC4884421CBFDB48844200F004811E
:10231000DA4884421CBFDA48844200F0FD80D94884
:1023200084421CBFD848844200F0F680D7488442DB
:102330001CBFD748844200F0EF80D64884421CBFBF
:10234000D548844200F0E880D44884421CBFD44879
:10235000844200F0E180A4F18040B0F579101CBF08
:10236000A4F18040B0F57B107ED0CE4884421CBFE3
:10237000CD48844278D0CD4884421CBFCC488442AA
:1023800072D0CC4884421CBFCB4884426CD0CB482E
:1023900084421CBFCA48844266D0CA4884421CBFDB
:1023A000C948844260D0C94884421CBFC84884429E
:1023B0005AD0C84884421CBFC748844254D0C7483A
:1023C00084421CBFA4F10050B0F580504CD0A4F161
:1023D0000050B0F580401CBFA4F10050B0F50040A3
:1023E00042D0BF4884421CBFBE4884423CD0BE4855
:1023F00084421CBFBD48844236D0BD4884421CBFC5
:10240000BC48844230D0BC4884421CBFBB48844294
:102410002AD0BB4884421CBFBA4884427CD0A4F571
:10242000001080381CBFA4F5B010B0F1800073D04C
:10243000A4F1815080381CBFA4F18150B0F140005C
:102440006AD0A4F1815020381CBFA4F18150B0F1B2
:10245000100061D0A4F1815008381CBFA4F1815054
:10246000B0F1040058D000E056E0A4F18150801E85
:102470001CBF6FF08150C4424ED0A4F18050B0F523
:1024800000401CBFA4F18050B0F5804044D0A4F1BE
:102490008050B0F5005018BFB4F1102F3CD0A4F11B
:1024A0008050B0F500601CBFA4F18050B0F5806092
:1024B00032D0A4F18050B0F500701CBFA4F1805060
:1024C000B0F5807028D0A4F1805080381CBFA4F1F2
:1024D0008050B0F140001FD0A4F1805020381CBFC4
:1024E000A4F18050B0F1100016D0A4F1805008384B
:1024F0001CBFA4F18050B0F104000DD0A4F18050B5
:10250000801E1CBF6FF08050C44205D040F27A227A
:102510007DA18CA006F09AFB002D18BF012D05D0DF
:1025200040F27B2278A18DA006F090FB924A14F035
:10253000004F18BFD0691ED090491FFA84FC04EAEE
:102540000106C4F340510B01A1B29940B6F5401FFA
:1025500021D014F4801F24D014F4001F4FF0030383
:10256000C4F3034603FA06F318BF1B04984314F0A0
:10257000E04F52D11EE114F0804F18BF106ADBD13A
:1025800014F0005F18BF506AD6D114F0805F14BFFA
:10259000906A5068D0E7536820F0706023F0706351
:1025A000FAE014F0807F25D014F0040F1AD014F054
:1025B000007F20EA01000ED035B1536843F00103DB
:1025C00043F070635360F8E0516821F0010141F07D
:1025D00070615160F2E0536823F0010343F07063CF
:1025E0005360E9E04CF0040C0CFA03F39843002D1F
:1025F000EAD0E2E714F0806F11D014F0080F0FD08A
:1026000014F0007F20EA01000BD03DB1536843F085
:10261000080343F070635360CFE0CDE0B0E0C5E065
:10262000BCE0B4E00004008002001140060011404C
:10263000200014403000144040001640C0001640F6
:10264000000218400003184000041A40000C1A4011
:1026500000101C4000301C4001003040020030409F
:1026600003003040040020410400204308002044BF
:102670000800204610003440200034403000344030
:102680004000364080003640C000364000023840EE
:102690000003384000043A40000C3A4000103C402F
:1026A00000303C40010010200200102003001020E8
:1026B00004001220080012200C0012201000142028
:1026C0003000142040001620C00016200001182001
:1026D000000218200003182000041A20000C1A2001
:1026E00001002020020020200400202008002020DB
:1026F00010003420300034204000202080002020B2
:1027000000012020000220202E2E5C6669726D7769
:102710006172655C6E3332673435785F7374645F01
:102720007065726970685F6472697665725C7372F5
:10273000635C6E3332673435785F6770696F2E6320
:102740000000000049535F4750494F5F52454D41DB
:102750005028526D7050696E2900000049535F4641
:10276000554E4354494F4E414C5F535441544528B4
:10277000436D64290000000000000140000030703B
:10278000516821F0080141F07061516016E0536812
:1027900023F0080343F0706353600DE04CF0080C25
:1027A0000CFA03F39843002DEAD02FE7884314F086
:1027B000E04F01D140F0706005B1084314F0004FC4
:1027C0001CBFD06170BD14F0804F1CBF106270BD83
:1027D00014F0005F1CBF506270BD14F0805F14BF26
:1027E0009062506070BD00002DE9F0410446002663
:1027F000A0F180400D46B0F584301CBFA4F18040AC
:10280000B0F586301CD0A4F18040B0F588301CBFF4
:10281000A4F18040B0F58A3012D0A4F18040B0F528
:102820008C301FBFA4F18040B0F58E30A4F1804001
:10283000B0F5903004D0BE223FA14EA006F006FABB
:10284000E878002818BF042810D0282818BF482886
:102850000CD0142818BF102808D01C2818BF18281E
:1028600004D0BF2234A14AA006F0F0F9288820B98C
:10287000C02231A151A006F0E9F9E87800F00F0775
:1028800010F0100F0FD0A878002818BF022808D029
:10289000012818BF032804D0C72227A150A006F0A2
:1028A000D5F9A878074328784FF00F0C10F0FF0FE8
:1028B0004FF0010318BF216819D02A8803FA06F0E7
:1028C000024082420FD1B2000CFA02F821EA08015C
:1028D00007FA02F21143EA78282A08BF606102D0A1
:1028E000482A08BF2061761C082EE6D3216028887C
:1028F000FF2886BF62680020BDE8F08100F1080172
:102900002E8803FA01F10E408E420FD186000CFA98
:1029100006F822EA080207FA06F63243EE78282E75
:1029200008BF6161EE78482E08BF2161401C08286D
:10293000E4D36260BDE8F0812E2E5C6669726D772B
:102940006172655C6E3332673435785F7374645FCF
:102950007065726970685F6472697665725C7372C3
:10296000635C6E3332673435785F6770696F2E63EE
:102970000000000049535F4750494F5F414C4C5F96
:10298000504552495048284750494F782900000087
:1029900049535F4750494F5F4D4F44452847504981
:1029A0004F5F496E69745374727563742D3E47505E
:1029B000494F5F4D6F6465290000000049535F4730
:1029C00050494F5F50494E284750494F5F496E6903
:1029D000745374727563742D3E50696E2900000043
:1029E00049535F4750494F5F53504545442847502E
:1029F000494F5F496E69745374727563742D3E4715
:102A000050494F5F537065656429000070B50546F5
:102A10000026A0F180400C46B0F584301CBFA5F123
:102A20008040B0F586301DD0A5F18040B0F58830EB
:102A30001CBFA5F18040B0F58A3013D0A5F18040CD
:102A4000B0F58C301FBFA5F18040B0F58E30A5F1F8
:102A50008040B0F5903005D040F229121BA12AA089
:102A600006F0F4F8012C18BF022C28D0042C18BF53
:102A7000082C24D0102C18BF202C20D0402C18BF9C
:102A8000802C1CD0B4F5807F18BFB4F5007F16D021
:102A9000B4F5806F18BFB4F5006F10D0B4F5805F47
:102AA00018BFB4F5005F0AD0B4F5804F18BF052CED
:102AB00005D04FF4957205A11AA006F0C7F8A868D2
:102AC000204218BF0126304670BD00002E2E5C66E5
:102AD00069726D776172655C6E3332673435785F29
:102AE0007374645F7065726970685F64726976653B
:102AF000725C7372635C6E3332673435785F677013
:102B0000696F2E630000000049535F4750494F5FD3
:102B1000414C4C5F504552495048284750494F78E6
:102B20002900000049535F4745545F4750494F5FB4
:102B300050494E2850696E290000000070B50446C7
:102B4000A0F180400D46B0F584301CBFA4F1804058
:102B5000B0F586301DD0A4F18040B0F588301CBFA0
:102B6000A4F18040B0F58A3013D0A4F18040B0F5D4
:102B70008C301FBFA4F18040B0F58E30A4F18040AE
:102B8000B0F5903005D04FF4C57206A114A006F040
:102B90005DF82DB940F28B1202A118A006F056F88C
:102BA000656170BD2E2E5C6669726D776172655CC1
:102BB0006E3332673435785F7374645F7065726941
:102BC00070685F6472697665725C7372635C6E33A1
:102BD00032673435785F6770696F2E6300000000DC
:102BE00049535F4750494F5F414C4C5F50455249F4
:102BF0005048284750494F782900000049535F4703
:102C000050494F5F50494E2850696E29000000001E
:102C100070B50446A0F180400D46B0F584301CBF6D
:102C2000A4F18040B0F586301DD0A4F18040B0F50D
:102C300088301CBFA4F18040B0F58A3013D0A4F1D5
:102C40008040B0F58C301FBFA4F18040B0F58E30CD
:102C5000A4F18040B0F5903005D040F2731206A187
:102C600014A005F0F3FF2DB94FF4BA7202A118A019
:102C700005F0ECFF256170BD2E2E5C6669726D77E4
:102C80006172655C6E3332673435785F7374645F8C
:102C90007065726970685F6472697665725C737280
:102CA000635C6E3332673435785F6770696F2E63AB
:102CB0000000000049535F4750494F5F414C4C5F53
:102CC000504552495048284750494F782900000044
:102CD00049535F4750494F5F50494E2850696E290C
:102CE0000000000010B582B06946002002F06CFEC2
:102CF00001A9002002F002FEDFF898C09DF8000054
:102D00008CF804009DF801008CF805009DF8020085
:102D10008CF806009DF805108CF802109DF806301E
:102D20008CF803309DF80720012902F5FA60ACF811
:102D3000000018BF022904D101F10C00C1B202F257
:102D4000CF704A1C02EB420240F2676412FB04F2AD
:102D500003EB410100EB523211444AF2D73202FB3D
:102D6000002201EB9001A1EB92514FF4C872B0FB2D
:102D7000F2F00144084B08460022C3FB01208210F8
:102D8000A2EBE070A0EBC0000844401C8CF80700E8
:102D900002B010BD200000209324499201A005F04C
:102DA000CFFAFBE7766F696420486172644661750B
:102DB0006C745F48616E646C657228766F69642913
:102DC0000D0A000070B51D4DA8B0A878002804BFFA
:102DD00028B070BD0026AE70194A1AA11AA805F0D5
:102DE000BFFA1C480090431D00F115021AA101A86A
:102DF00005F0B6FA01A8FDF72BFA84B21AA8FDF780
:102E000027FA82B201AB1AA90120009403F0AAF9B3
:102E10002878401CC0B2287003283CBF28B070BD81
:102E20002E70BFF34F8F0F4801680F4A01F4E06125
:102E300011430160BFF34F8F00BFFDE7C8020020C0
:102E4000040000206D6F646275735F696E666F2F9A
:102E500025730000E816002025735F25735F257336
:102E6000000000000CED00E00400FA050449012018
:102E70008870AFF2070203490A2005F03FBA00004C
:102E8000C8020020989F0400024A03490A2005F066
:102E900035BA00006D2E0008989F040010B5B4B03C
:102EA0000E4A0FA127A805F05BFA11480090431DB8
:102EB00000F115020FA101A805F052FA01A8FDF7D3
:102EC000C7F984B227A8FDF7C3F982B201AB27A9DD
:102ED0000120009403F046F934B010BD0400002036
:102EE0006D6F646275735F696E666F2F2573000086
:102EF000E816002025735F25735F2573000000002E
:102F00000848C178012918BF704710B50021C17069
:102F100001F038FE002808BF10BDBDE8104001F0E8
:102F20004BBA0000C802002004490120C870AFF26B
:102F3000070203490B2005F0E1B90000C802002098
:102F4000C0D40100024A03490B2005F0D7B90000A4
:102F5000292F0008C0D4010030B40023002A88BF04
:102F6000DFF834C011D9C45C01EB43050CEB141439
:102F7000247801F81340C45C5B1C04F00F049BB27E
:102F80001CF804406C709A42EDD84FF6FF7030BCCC
:102F900000EA4200704700009A9300082DE9F843C8
:102FA00080464FF48057ADF800700420394E8DF8FC
:102FB0000300002469463046FFF716FC00254FF455
:102FC00000513046FFF7BAFD022005F0D5FE4FF460
:102FD00000513046FFF71CFE6006040E4FF480518E
:102FE0003046FFF713FD00281CBF601CC4B201204F
:102FF00005F0C2FE681CC5B2082DE0D310254FF0C5
:103000000109B8F1000F4FF40051304620D0FFF70E
:1030100095FDADF800708DF803508DF8029069466B
:103020003046FFF7E1FB29023046FFF787FD02201B
:1030300005F0A2FE69023046FFF7EAFD022005F026
:103040009BFE69023046FFF779FD2046BDE8F88314
:10305000FFF774FDADF800708DF803508DF8029005
:1030600069463046FFF7C0FB4FF480513046FFF70A
:10307000CFFD022005F080FE4FF400513046FFF7EF
:10308000C7FD022005F078FE4FF400513046FFF7EF
:1030900055FDDAE7000C0140F8B505464FF48050C5
:1030A000ADF8000010208DF803000120184E8DF8B7
:1030B000020069463046FFF797FB71143046FFF770
:1030C0003DFD002415F0800F4FF48051304602D0B2
:1030D000FFF79EFD01E0FFF731FD6806050E0220B7
:1030E00005F04AFE4FF400513046FFF791FD0220F3
:1030F00005F042FE4FF400513046FFF71FFD02205D
:1031000005F03AFE601CC4B2082CDBD3F8BD000009
:10311000000C014038B54FF48050ADF8000010208D
:103120008DF8030001200F4C8DF8020069462046FF
:10313000FFF75AFBA1142046FFF76AFD61142046F1
:10314000FFF766FD022005F017FEA1142046FFF7E9
:10315000F5FC022005F010FE61142046BDE8384061
:10316000FFF7ECBC000C014038B54FF48050ADF8CF
:10317000000010208DF8030001200C4C8DF8020097
:1031800069462046FFF730FBA1142046FFF7D6FC26
:1031900061142046FFF73CFD022005F0EDFDA1146F
:1031A0002046BDE83840FFF733BD0000000C014069
:1031B000F8B54FF48056ADF800600420264D8DF828
:1031C0000300002469462846FFF70EFBA914284691
:1031D000FFF71EFD012005F0CFFD69142846FFF71B
:1031E00017FD012005F0C8FDA9142846FFF70EFCC5
:1031F00050B3601CC4B2FA2C1FD9ADF80060102087
:103200008DF8030001208DF8020069462846FFF77B
:10321000EBFA4FF480512846FFF790FC4FF4005131
:103220002846FFF7F5FC022005F0A6FD4FF480517B
:103230002846FFF7EDFC0120F8BD4FF480512846E9
:10324000FFF7E4FB0028D4D14FF400512846FFF7E4
:1032500075FC0020F8BD0000000C014010B4C268ED
:10326000D0F804C0531C93FBFCF40CFB1433D0F8CF
:1032700008C0634504BF10BC704703689954C16817
:103280004268491C91FBF2F302FB1311C16010BCB0
:10329000704700002DE9F04F584D83B00026A87B01
:1032A00010B1012812D0A2E06879401C687101F0C9
:1032B000C5F90A2152A004F0D9FFC8216E70534A03
:1032C0000F2005F01BF80120A87390E001F0AAF987
:1032D000002804BF03B0BDE8F08F4D4C206801F01A
:1032E00047FE01464B482268FEF77EFE4AA1494848
:1032F000FCF792FF002876D02C214648FCF79EFF71
:1033000000286CD0441C6E71801CFDF71DFC074624
:103310002046FDF719FC00EB800007EB4000C0B22F
:1033200010282CBF10380830C7B2201DE41CFDF750
:103330000BFC80462046FDF707FC00EB800008EB05
:10334000400000F0FF08201DE41CFDF7FDFB814656
:103350002046FDF7F9FB00EB800009EB400000F090
:10336000FF092DA12B48FCF757FF00F10804093095
:10337000FDF7EAFB82462046FDF7E6FB00EB800006
:103380000AEB400000F5FA600290201DE41CFDF7F6
:10339000DBFB82462046FDF7D7FB00EB80000AEB03
:1033A000400000F0FF0A04F1030B201DFDF7CCFBE9
:1033B00004465846FDF7C8FB00EB800004EB4000D4
:1033C000C2B23B465146CDE90089029802F0F0FEB8
:1033D000AE73012003B0BDE8F08F04E0FFE7687929
:1033E0000A2803D105E068790A2802D0AE730020CC
:1033F000F0E76E71AE730220ECE7000040000020A1
:1034000041542B43434C4B3F0D0A00005D460008DE
:103410003C0000200C1100202B43434C4B3A000091
:103420002DE9F047C54F0024DFF81493387CADF543
:10343000C46D25464FF001082646092880F07B819F
:10344000DFE800F005131F31A8B3C9F6F500F878DE
:10345000012807BFFE70042087F810800DF5C46DA9
:1034600018BFBDE8F08700F0B1B8F8796421401CBE
:10347000F8717E70B34A0F2004F040FF022000F084
:10348000A5B801F0CFF800287CD001F0D7F81121C1
:10349000ADA004F0EBFE64217E70AA4A0F2004F078
:1034A0002DFF032092E001F0BDF800286AD0D9F882
:1034B000000001F05DFD0146A848D9F80020FEF7A4
:1034C00093FDA7A1A548FCF7A7FE00284BD0FE71ED
:1034D000A6A1A248FCF7A0FE1030044601782C29D2
:1034E00003D010F8011F2C29FBD1001BA0F101080B
:1034F000C8216846FCF785FE424621466846FCF72F
:1035000067FE04EB08009DA1FCF786FE002800F092
:103510001281841C81780DF5C1602C2906D041559B
:10352000691C8DB214F8011F2C29F8D14655FCF7FF
:1035300096FE0546C8216846FCF763FE2A46611CD4
:103540006846FCF745FE0E2D07D018D9A9B24FF0FA
:103550000102684600F0F8FF11E00E2100226846E3
:1035600000F0F2FF0BE086A17C48FCF755FE002836
:1035700018BFFE7140F0DF80F879032803D03E7455
:1035800000F0D9B823E0FE7187F80080BE703E7469
:1035900000F0D1B8B8796421401CB8717E70694AD6
:1035A0000F2004F0ABFE052010E001F03BF80028EE
:1035B0000DD001F043F8082175A004F057FE6421F6
:1035C0007E70604A0F2004F099FE062038740DF5D5
:1035D000C46DBDE8F08701F025F8002804BF0DF5A3
:1035E000C46DBDE8F087D9F8000001F0C1FC0146C8
:1035F0005A48D9F80020FEF7F7FC68A15748FCF7B5
:103600000BFE38B310F8061F2C2904D010F8011F48
:10361000641C2C29FAD1DFF88C817125A0EB040AF7
:1036200008F52379012C04D0022C14D02DE065E09C
:103630002EE05046FDF788FAA5EB4000C2B25AA131
:103640000DF2DC5004F08CFE9DF8DC0588F88C024D
:1036500089F8016019E00AF10100FDF775FA0446E6
:103660005046FDF771FA00EB800004EB4000A5EB3B
:103670004000C2B24CA10DF2DC5004F071FEBDF866
:10368000DC05A8F88C0289F80260072038749EE7F0
:1036900000F0D4FF0E2145A004F0E8FD798A4748E8
:1036A00004F0E4FD022135A004F0E0FD062144A071
:1036B00004F0DCFDBA8A3CA10DF5BC6004F050FEBC
:1036C0000DF5BC60FCF7C4FD81B20DF5BC6004F0E3
:1036D000CDFD022138A004F0C9FDB98A3A4804F0B2
:1036E000C5FD032139A004F0C1FDFE70C8217E7024
:1036F000144A0F2004F002FE082067E700F092FF52
:1037000000283FF464AFD9F8000001F031FC014615
:103710001248D9F80020FEF767FC2DA10F48FCF7EE
:103720007BFD00280ABFB879BE71032803D1BE71A2
:1037300087F80080BE703E7449E70000400000201A
:103740003C0000205D46000841542B4D515454521A
:103750004541443D302C310D0A0000000C11002081
:103760002B4D515454524541443A00002B4D515475
:1037700054524541443A20302C302C00222C000079
:103780002B434D45204552524F523A20363031009E
:1037900041542B4353510D0A000000002B43535159
:1037A0003A2000005C1400202564000041542B4D99
:1037B0005154545055423D302C2200005C0C0020E6
:1037C000302C302C302C0000240D0020220D0A005B
:1037D0004F4B00002DE9F041214C224F0025207A6B
:1037E00020B101281FD0022831D02DE01E4EA57037
:1037F000306801F0BDFB01461C483268FEF7F4FB5F
:1038000000F01CFF4FF400413846FFF701FA4FF477
:10381000FA716570164A0F2004F070FD01202072C5
:103820000020BDE8F08100F0FDFE68B14FF40041DA
:103830003846FFF783F941F2883165700C4A0F2052
:1038400004F05CFD022020720020BDE8F08100F051
:10385000E9FE00281CBF25720120BDE8F0810000B0
:1038600040000020000801403C0000200C11002016
:103870005D46000838B54FF40040ADF80000102058
:103880008DF803000120064C8DF8020069462046A1
:10389000FEF7AAFF4FF400412046FFF7B9F938BD03
:1038A000000801404B4810B5407C0B2828BF10BDD4
:1038B000DFE800F0061B29374957650D6F0D8400BE
:1038C000FFF788FF20B1012807D0022809D010BDDA
:1038D000BDE81040002005F009BD3E4901204874B4
:1038E00010BD3C490020487410BD01F0F1F90028DA
:1038F00008BF10BD012802D00228F2D010BD354803
:103900000221417410BD01F093F9002808BF10BDD9
:10391000012802D00228E4D010BD2E4903204874AB
:1039200010BD01F035F9002808BF10BD012806D0F0
:10393000022818BF10BD00212648417410BD25493A
:103940000420487410BDFFF7A5FC002808BF10BD77
:10395000012802D00228C4D010BD1E490820487496
:1039600010BD02F0A9FB002808BF10BD012802D03D
:103970000228B6D010BD17490620487410BDFDF7C7
:1039800095F8002808BF10BD0128E6D00228A8D06D
:1039900010BD00F0F9F8002808BF10BD012802D0C2
:1039A00002289ED010BD0B480A214174012181706C
:1039B000FFF774FABDE81040FFF770BA05480178C8
:1039C000012902D1002101704174BDE81040FFF7C8
:1039D00027BD000040000020010004484FF0100106
:1039E00001D0FFF7ABB8FFF713B90000001001409A
:1039F000010004484FF0800101D0FFF79FB8FFF7A6
:103A000007B9000000080140144A10B51078144CA2
:103A100001280CD1002010709178491CC9B2917016
:103A200001290FD0907020212046FFF787F805F07C
:103A3000C1F900284FF0800120460AD0BDE81040AF
:103A4000FFF77CB8FFF74EF920212046FFF7E0F89A
:103A5000EDE7BDE81040FFF7DBB8000016000020DE
:103A600000080140010004484FF0010101D0FFF7B8
:103A700065B8FFF7CDB80000000C014004490120F3
:103A80000870AFF207024FF47A7104F037BC0000FF
:103A90001600002010B501210348FEF7B7FF0028EB
:103AA0000CBF0120002010BD000801402DE9F041AD
:103AB0000B2000F01BFD0746092000F01DFD064607
:103AC000012000F003FD2E4C002520B9A5710D202A
:103AD00004F00AFC6570A179A9B1012928D0022956
:103AE00018BFBDE8F08147F004010B2000F020FD75
:103AF0000121002000F006FD16F0020F3CD0FFF778
:103B0000C9FF48B338E0042000F0F0FC054604206B
:103B100000F0F2FC854288BFBDE8F0810120A07171
:103B2000BDE8F041174A40F6B8310D2004F0E6BB7D
:103B30006078012818BFBDE8F0816570042000F0AE
:103B4000D5FC0646042000F0D7FC86429EBF02202A
:103B5000A071BDE8F0810FE0002002F0F9F900212A
:103B6000012000F0CFFC02210A2000F0E1FC00203F
:103B7000FDF7A6FB00F020FCA571BDE8F081000078
:103B8000CC0200203192000810B5A9488CB0C07B4F
:103B90000A2833D2DFE800F00519354761A0BDDF00
:103BA000FDFC00F04BFD1921A2A004F05FFBA04C2E
:103BB00000204FF496716070A54A0F2004F09EFB20
:103BC0000120E0730CB0002010BD00F02BFD002898
:103BD00004BF0CB010BD9F4C206801F0C9F901462C
:103BE0009D482268FEF700FA9CA19B48FCF714FB55
:103BF000002800F016818E490220C8730CB0002006
:103C000010BD00F01BFD1E2195A004F02FFB884C79
:103C100000204FF4967160708D4A0F2004F06EFB07
:103C2000032000F096B800F0FDFC002804BF0CB0A3
:103C300010BD884C206801F09BF901468648226837
:103C4000FEF7D2F985A18448FCF7E6FA002800F0D7
:103C5000E88077490420C873D0E700F0EFFC0F211B
:103C600087A004F003FBC621B820CDE90001EA23B8
:103C7000312287A102A804F073FB02A8FCF7E8FA3E
:103C800081B202A804F0F2FA42F6483284A102A8F6
:103C900004F066FB02A8FCF7DBFA81B202A804F08C
:103CA000E5FA02217FA004F0E1FA10217E4804F039
:103CB000DDFA02217DA004F0D9FA13217CA004F0E2
:103CC000D5FA5B4C002041F288316070604A0F20C9
:103CD00004F014FB05203CE000F0A4FC002804BF25
:103CE0000CB010BD5B4C206801F042F901465A4807
:103CF0002268FEF779F973A15748FCF78DFA18B1DD
:103D00004B490620C87379E70F2174A004F0AEFA7E
:103D100087E000F093FC1D2174A004F0A7FA624A2A
:103D20007AA102A804F01CFB02A8FCF791FA81B268
:103D300002A804F09BFA052175A004F097FA3C4C08
:103D4000002041F288316070414A0F2004F0D6FA19
:103D50000720E07352E700F065FC002804BF0CB0B8
:103D600010BD3C4C206801F003F901463A48226836
:103D7000FEF73AF939A13848FCF74EFA044666A135
:103D80003548FCF749FA002C18BF002849D001E05B
:103D900025E003E026490820C8732FE700F04EFC19
:103DA0001A2160A004F062FA3F4A58A102A804F068
:103DB000D7FA02A8FCF74CFA81B202A804F056FA2E
:103DC000052153A004F052FA194C002041F2883129
:103DD00060701F4A0F2004F091FA0920B9E700F043
:103DE00021FC002804BF0CB010BD1A4C206801F063
:103DF000BFF8014618482268FEF7F6F817A11648E2
:103E0000FCF70AFA044644A11348FCF705FA002C13
:103E100018BF002805D006490020C8730CB0012047
:103E200010BD03490020C8730CB0022010BD000073
:103E30004000002041542B4D5154544346473D22ED
:103E4000636163686564222C302C310D0A00000028
:103E50005D4600083C0000200C1100204F4B000084
:103E600041542B4D5154544346473D226B65657078
:103E7000616C697665222C302C3132300D0A0000DD
:103E800041542B4D515454434F4E4E3D302C220043
:103E900025642E25642E25642E2564222C00000026
:103EA000256400002C22000004000020222C0000C9
:103EB0002275736572222C22302E3132333435361E
:103EC000220D0A002B4D5154545552433A2022637F
:103ED0006F6E6E222C302C300000000041542B4DB0
:103EE000515454444953433D300D0A0041542B4D25
:103EF0005154545355423D302C226D6F646275739A
:103F00005F636F6E74726F6C2F000000257300008A
:103F1000222C300D0A0000002B4D515454535542B1
:103F20003A20300041542B4D5154545355423D30AA
:103F30002C226D6F646275735F74696D652F00006C
:103F4000FEE700002DE9F047FF4E0024DFF8FC8378
:103F5000B0889AB027460228C0F01F82811E4046D2
:103F600004F0E2FEB0883278404410F8011C91421F
:103F700040F0138210F8020C7178884240F00D82F4
:103F800098F8032098F8023006F1060A02EB0322A3
:103F900095B298F80010BAF8002098F801008A420B
:103FA00040F0FB8108F5FA79052854D00BDC6F4608
:103FB000012810D00522032800F07F81042800F09A
:103FC000B08100F0EAB9062800F00A81102800F05C
:103FD000308100F0E2B9042D00F2DF8198F805206D
:103FE00098F8043002EB032292B25319052B00F229
:103FF000D4818DF800108DF80100D11D01200F290A
:1040000005D312F0070F14BF00EBD200D0088DF8D3
:10401000020010F0FF0F1CBF7088E8400AD0E100DA
:1040200020FA01F13A19D170611CCCB29DF802104E
:10403000A142F4D89DF80200401DC4B2A11E38462A
:1040400004F072FE3819717800F8021C317800F81B
:10405000011C00F063B998F8052098F80430072D8A
:1040600002EB032294B200F298818DF800108DF8D3
:104070000100280A8DF80200200A8DF804008DF84E
:1040800003508DF805400621684604F04DFE707817
:104090008DF8060030788DF80700082D28D2DFE86B
:1040A00005F0041751276D27737EB4F57F4F40F05C
:1040B000358105F027F9BFF34F8FA5480168A54A60
:1040C00001F4E06111430160BFF34F8F00BFFDE7D2
:1040D000022000F0FBF9002840F02081032000F0CE
:1040E000F5F9012840F01A81B4F57F4F05D0BCB135
:1040F000002F40F0528100F011B9002000F0E6F9E5
:10410000002840F00B810121084600F0FBF9012155
:104110000846FDF7AFFD012001F01AFF01200EE077
:104120000021012000F0EEF900210120FDF7A2FDA1
:104130000A20A9F81400002001F00AFF0020FDF772
:10414000BFF8EBE0B4F57F4F01D04CB110E0012196
:10415000022000F0D7F901210220FDF78BFD07E0D6
:104160000021022000F0CEF900210220FDF782FD9F
:10417000022000F0ABF9FDF727F8CFE0B4F57F4F50
:1041800008BFFDF711FFC9E0B4F57F4F7DD10021D5
:10419000084600F0B7F90020A9F81600BEE0B4F513
:1041A0007F4F01D074B1B9E00121042000F0AAF9D9
:1041B00001210420FDF75EFD042000F087F9FCF7E3
:1041C000C7FFABE00021042000F09CF9002104208F
:1041D000FDF750FD042000F079F9FCF7B9FF9DE0F0
:1041E00098F8052098F80430212D02EB032294B2B0
:1041F00062D88DF800108DF80100280A8DF80200B1
:10420000200A8DF80400EFB28DF803708DF8054098
:104210000621684604F088FD70788DF80600307835
:104220008DF8070000F0C8F82AF81540012138463B
:1042300040E098F8052098F80430212D02EB032285
:1042400092B29CBFAB18222B36D8002A0ED908EBAD
:10425000440393F808C0DB790CEB032304EB050C53
:104260002AF81C30631CDCB2A242F0D88DF8001092
:104270008DF80100280A8DF80200ECB2100A8DF8C2
:1042800003408DF80400D5B200E047E08DF80550FA
:1042900098F806008DF806000721684604F044FDF2
:1042A00070788DF8070030788DF8080000F084F8F9
:1042B00029462046FDF7E1FC6FE098F8053098F8B4
:1042C00004C0212D03EB0C239BB29CBF03EB050C18
:1042D000BCF1220F61D88DF800108DF80100580054
:1042E0008DF80200281907EB44013AF810004FEA54
:1042F000102C81F803C00871601CC4B29C42F1D933
:1043000002EB4300C4B2A11E384604F00DFD38197B
:10431000717800F8021C317800F8011C00F04CF8AC
:104320003BE098F8053098F804C00D2D03EB0C2302
:104330009BB29CBF05EB030CBCF10E0F2DD88DF882
:1043400000108DF8010007E05C000020121700202B
:104350000CED00E00400FA0558008DF80200281961
:1043600007EB440139F810004FEA102C81F803C024
:104370000871601CC4B29C42F1D902EB4300C4B284
:10438000A11E384604F0D0FC3819717800F8021CE0
:10439000317800F8011C00F00FF80020B2880146C7
:1043A000002A05D908F80010401C80B28242F9D8D2
:1043B000B1801AB0BDE8F08770B53C4EADF5C36D65
:1043C000B51F30788DF8F00301208DF8F1038DF8DA
:1043D000F203A8788DF8F3030421FCA804F0A4FCF0
:1043E00068788DF8F40328788DF8F50330788DF827
:1043F000F60303208DF8F70344208DF8F80300201E
:10440000FCAC36F8101004EB40020B0A401C53724F
:10441000C0B291722228F4D94721A01D04F084FC77
:1044200068788DF83D0428788DF83E0430788DF852
:104430003F0404208DF840041C208DF841041C4BDF
:10444000002004EB400233F81010401C4FEA112CFE
:1044500082F852C0C0B282F853100E28F1D91F2141
:1044600004F1510004F060FC68788DF85E0428784F
:104470008DF85F0470240F4A0FA10DF2E45003F091
:104480006FFF224602A9FCA8FEF766FD04460DF266
:10449000E450FBF7DDFE82B202AB0DF2E4510120E5
:1044A000009401F05FFE0DF5C36D70BD6200002049
:1044B00006190020040000206D6F646275735F733D
:1044C00074617475732F2573000000000F2884BF7A
:1044D00000207047012101FA00F003494988084093
:1044E00018BF0120704700005C000020014931F82E
:1044F0001000704706190020014931F8100070477C
:10450000620000200F2888BF7047012202FA00F0E5
:104510000129064A04BF5188084305D0002906BF77
:10452000518821EA00007047508070475C000020ED
:10453000014A22F81010704706190020014A22F89B
:1045400010107047620000202DE9F0470446002556
:10455000314E9CB00F460120AAB1012A1CBF1CB0ED
:10456000BDE8F08770700120FCF76DFE35703A46AB
:1045700021462A48FCF7F8FA29490880FFF7E2FCAF
:104580001CB0BDE8F08770700120FCF75CFE357050
:10459000206802908DF80C5002A8FBF760FE1FFA0D
:1045A00080FAA088ADF808008DF80A5002A8FBF741
:1045B00056FE00F0FF09E088ADF808008DF80A50BB
:1045C00002A8FBF74CFE00F0FF082089ADF80800B8
:1045D0008DF80A5002A8FBF742FEC7B26089ADF819
:1045E00008008DF80A5002A8FBF739FEC6B2A08970
:1045F000ADF808008DF80A5002A8FBF730FEC0B2F3
:10460000CDE900603B4642464946504601F0D0FDA8
:104610001CB0BDE8F0870000C8020020121700207F
:104620006000002004494878002808BF7047012036
:1046300000224A7070470000400000200020054A18
:1046400001461154401C80B2B0F57A7FF9D302487C
:10465000C18270470C110020400000200149012058
:104660004870704740000020704738B535208DF8FD
:10467000000000248DF801408DF8024001258DF8DE
:104680000350684600F032F826208DF800008DF8BF
:1046900001408DF802408DF80350684600F026F87E
:1046A00027208DF800008DF801408DF802408DF82C
:1046B0000350684600F01AF834208DF800000220FC
:1046C0008DF801008DF802408DF80350684600F027
:1046D0000DF808208DF800008DF801408DF802508B
:1046E0008DF80350684600F001F838BD70B50446F7
:1046F000C0780F25002818BF012804D07D2223A1EF
:104700002FA004F0A3FA6078102804D37E221FA102
:104710003A4804F09BFAA078102804D37F221BA10A
:10472000374804F093FAE078012210B33548006866
:10473000637800F4E060C0F5E060000AC0F10401B5
:1047400003FA01F1A37825FA00F018400843217814
:10475000000101F1E02181F80004207800F01F0140
:1047600002FA01F14009800000F1E020C0F80011D8
:1047700070BD207800F01F0102FA01F140098000AD
:1047800000F1E020C0F8801170BD00002E2E5C66A4
:1047900069726D776172655C6E3332673435785F4C
:1047A0007374645F7065726970685F64726976655E
:1047B000725C7372635C6D6973632E63000000004A
:1047C00049535F46554E4354494F4E414C5F5354F5
:1047D000415445284E5649435F496E69745374727B
:1047E0007563742D3E4E5649435F4952514368618B
:1047F0006E6E656C436D64290000000008BC000803
:10480000C4BB00080CED00E010B50446B0F5E06F45
:1048100018BFB4F5C06F0CD0B4F5A06F1CBFB4F5D1
:10482000806FB4F5407F04D06C2205A111A004F084
:104830000DFA1B4944F0FD7040F08060086010BD27
:104840002E2E5C6669726D776172655C6E333267BD
:104850003435785F7374645F7065726970685F6423
:1048600072697665725C7372635C6D6973632E63E3
:104870000000000049535F4E5649435F5052494F74
:10488000524954595F47524F5550284E5649435F3D
:104890005072696F7269747947726F757029000080
:1048A0000CED00E02DE9F0410B20FFF71FFE07465D
:1048B0000920FFF721FE304C0646E17939B3002587
:1048C00001293ED0022946D0032918BFBDE8F08156
:1048D00047F008010B20FFF72BFE01210020FFF716
:1048E00011FE16F0040F0FD0002001F031FB002163
:1048F0000120FFF707FE03210A20FFF719FE002021
:10490000FCF7DEFCFFF758FDE571BDE8F0810520FE
:10491000FFF7ECFD00EB800045000520FFF7ECFD04
:1049200000EB8000B5EB400F38BFBDE8F0810120FF
:10493000E071BDE8F041114A4FF4FA610E2003F036
:10494000DDBCA078012806BFA5700220BDE8F0817B
:10495000E071BDE8F0810520FFF7C8FD00EB8000A5
:1049600046000520FFF7C8FD00EB8000B6EB400FC6
:1049700028BF0320ECD2C7E7CC020020F992000840
:104980002DE9F0410B20FFF7B1FD07460920FFF7A5
:10499000B3FD2B4C0646217A39B30025012939D0C5
:1049A00002293ED0032918BFBDE8F08147F040013D
:1049B0000B20FFF7BDFD01210020FFF7A3FD16F03E
:1049C000100F0FD0002001F0C3FA00210120FFF7E3
:1049D00099FD06210A20FFF7ABFD0020FCF770FCD3
:1049E000FFF7EAFC2572BDE8F0810720FFF77EFDA6
:1049F00005460820FFF780FD854238BFBDE8F081FD
:104A000001202072BDE8F0410E4A4FF4FA611020F7
:104A100003F074BC2079012804BF25712572BDE81C
:104A2000F0810720FFF762FD06460820FFF764FDCE
:104A3000864224BF03202072D4D3BDE8F081000059
:104A4000CC020020E19200082DE9F0410B20FFF795
:104A50004DFD06460920FFF74FFD2B4C05466179B9
:104A600039B30027012939D0022941D0032918BFC1
:104A7000BDE8F08146F002010B20FFF759FD01214E
:104A80000020FFF73FFD15F0010F0FD0002001F0CF
:104A90005FFA00210120FFF735FD01210A20FFF711
:104AA00047FD0020FCF70CFCFFF786FC6771BDE8B2
:104AB000F0810420FFF71AFD05460320FFF71CFDD7
:104AC000854238BFBDE8F08101206071BDE8F0414A
:104AD0000E4A4FF4FA610C2003F010BC2078012834
:104AE00006BF27700220BDE8F0816071BDE8F0814B
:104AF0000420FFF7FBFC05460320FFF7FDFC854281
:104B000028BF0320F1D2D1E7CC020020D5920008C3
:104B100010B5040018BF012C04D0862203A111A0F7
:104B200004F094F81648046210BD00002E2E5C6656
:104B300069726D776172655C6E3332673435785FA8
:104B40007374645F7065726970685F6472697665BA
:104B5000725C7372635C6E3332673435785F707782
:104B6000722E630049535F46554E4354494F4E41A0
:104B70004C5F535441544528436D642900000000A4
:104B800000000E420148807870470000400000207D
:104B900070B51D4C0025E07A10B1012813D010E04B
:104BA0002079401C2071FFF749FD0B2117A003F06D
:104BB0005DFB64216570184A0F2003F09FFB012004
:104BC000E072002070BDFFF72DFD002808BF70BD0A
:104BD000124E306800F0CCF9014611483268FDF7FA
:104BE00003FA10A10E48FBF717FB18B1E572257107
:104BF000012070BD20795A2898BFE572E1D925714E
:104C0000E572022070BD00004000002041542B439B
:104C1000474154543F0D0A005D4600083C00002007
:104C20000C1100202B43474154543A20310000001E
:104C300070B51D4C0025A07A10B1012813D010E0EA
:104C40002079401C2071FFF7F9FC0B2117A003F01D
:104C50000DFB64216570184A0F2003F04FFB012003
:104C6000A072002070BDFFF7DDFC002808BF70BDFA
:104C7000124E306800F07CF9014611483268FDF7A9
:104C8000B3F910A10E48FBF7C7FA18B1A572257148
:104C9000012070BD20795A2898BFA572E1D92571ED
:104CA000A572022070BD00004000002041542B433B
:104CB000455245473F0D0A005D4600083C00002074
:104CC0000C1100202B43455245473A20302C31002F
:104CD000814810B5407A0A283AD2DFE800F0052171
:104CE0003B4850617989B9CA7C4C206800F040F992
:104CF00001467B482268FDF777F9FFF79FFC042106
:104D000078A003F0B3FA744C00204FF4FA6160709D
:104D1000764A0F2003F0F2FA01206072002010BDE5
:104D2000FFF780FC002808BF10BD6C4C206800F025
:104D30001FF901466A482268FDF756F96CA16848D8
:104D4000FBF76AFA002800F0C2806349022048722B
:104D5000002010BD604C00204FF4FA616070634A7F
:104D60000F2003F0CBFA03206072002010BDFFF784
:104D700059FC0028ECD0584904204872E8E7FFF7B6
:104D80005DFC0A215BA003F071FA534C0020642102
:104D90006070564A0F2003F0B1FA05206072D7E721
:104DA000FFF740FC002808BF10BD4C4C206800F005
:104DB000DFF801464A482268FDF716F950A1484835
:104DC000FBF72AFA00287DD0434906204872BFE746
:104DD000FFF734FC0B214EA003F048FA3E4C0020B4
:104DE00064216070414A0F2003F088FA07203EE0FA
:104DF000FFF718FC002808BF10BD384C206800F0F1
:104E0000B7F8014636482268FDF7EEF843A134486A
:104E1000FBF702FA00285AD04249D0F80720C1F81F
:104E20009122D0F80B20C1F89522D0F80F20C1F8BC
:104E30009922B0F81320A1F89D22407D81F89F02AD
:104E400001F52371002008752349082048727FE787
:104E5000FFF7F4FB0A2134A003F008FA1E4C0020EF
:104E600064216070214A0F2003F048FA0920607223
:104E70006EE7FFF7D7FB002808BF10BD174C20686E
:104E800000F076F8014616482268FDF7ADF829A132
:104E90001348FBF7C1F9A8B122498268C1F8A122E1
:104EA000C268C1F8A5220269C1F8A9224269C1F805
:104EB000AD228069C1F8B10201F52371002081F8AB
:104EC000290000E003E004494872012010BD0249B6
:104ED00000204872022010BD400000203C0000204D
:104EE0000C11002041540D0A000000005D4600082E
:104EF0004F4B000041542B4350494E3F0D0A0000D8
:104F00002B4350494E3A205245414459000000007D
:104F100041542B4347534E3D310D0A002B43475319
:104F20004E3A20005C14002041542B49434349442D
:104F30000D0A00002B49434349443A200000000079
:104F400070B5102004F090F904004FF0000508BF80
:104F50002C4607D040F2DD50606004F085F9E56032
:104F6000A56020600148046070BD00003C00002086
:104F70000146D1E90220801A44BF496808447047BD
:104F800010B504001CBF012C042C05D040F20332E4
:104F90000AA118A003F05AFE1B48002180F8201037
:104FA00080F82010012C08BF012103D0042C0CBF75
:104FB000052110BD80F8201010BD00002E2E5C666B
:104FC00069726D776172655C6E3332673435785F14
:104FD0007374645F7065726970685F647269766526
:104FE000725C7372635C6E3332673435785F726300
:104FF000632E630049535F5243435F4C534528522D
:1050000043435F4C534529000010024010B5040093
:1050100018BFB4F5806F0DD0B4F5A06F1CBFB4F508
:10502000C06FB4F5E06F05D040F2C31205A113A024
:1050300003F00CFE1849486820F4E0602043486003
:1050400010BD00002E2E5C6669726D776172655C22
:105050006E3332673435785F7374645F706572697C
:1050600070685F6472697665725C7372635C6E33DC
:1050700032673435785F7263632E630049535F5241
:1050800043435F48434C4B5F444956285243435F78
:1050900048434C4B290000000010024010B5044664
:1050A000B0F5807F1CBFB4F5007FB4F5407F05D01C
:1050B00040F2333206A114A003F0C8FD1B48016A78
:1050C00021F440710162016A2143016210BD0000B8
:1050D0002E2E5C6669726D776172655C6E33326725
:1050E0003435785F7374645F7065726970685F648B
:1050F00072697665725C7372635C6E3332673435E5
:10510000785F7263632E630049535F5243435F527B
:105110005443434C4B5F535243285243435F5254D2
:1051200043434C4B536F7572636529000010024076
:1051300070B504460E480D46044200D12CB940F229
:10514000FE320CA119A003F081FD214E002D04BFF9
:10515000F069A04309D0012D05D040F2FF3205A12E
:105160001CA003F073FDF0692043F06170BD0000E6
:10517000003301412E2E5C6669726D776172655C49
:105180006E3332673435785F7374645F706572694B
:1051900070685F6472697665725C7372635C6E33AB
:1051A00032673435785F7263632E630049535F5210
:1051B00043435F415042315F504552495048285265
:1051C00043435F4150423150657269706829000065
:1051D0000010024049535F46554E4354494F4E41DB
:1051E0004C5F535441544528436D6429000000002E
:1051F00070B504460E480D46044200D12CB940F269
:10520000DF320CA119A003F021FD214E002D04BFB7
:10521000B069A04309D0012D05D04FF4787205A1E3
:105220001CA003F013FDB0692043B06170BD000005
:105230000286E0FF2E2E5C6669726D776172655C96
:105240006E3332673435785F7374645F706572698A
:1052500070685F6472697665725C7372635C6E33EA
:1052600032673435785F7263632E630049535F524F
:1052700043435F415042325F5045524950482852A3
:1052800043435F41504232506572697068290000A3
:105290000010024049535F46554E4354494F4E411A
:1052A0004C5F535441544528436D6429000000006D
:1052B00010B5040018BF012C05D04FF4517203A1A2
:1052C00010A003F0C3FC1648046010BD2E2E5C66CF
:1052D00069726D776172655C6E3332673435785F01
:1052E0007374645F7065726970685F647269766513
:1052F000725C7372635C6E3332673435785F7263ED
:10530000632E630049535F46554E4354494F4E4107
:105310004C5F535441544528436D642900000000FC
:105320003C044242324B30B45968324A11405A6808
:1053300011F0006F02F480320CBF4FF0020C6FF4DA
:10534000F77C0CEB9141002A04BF2B4A514306D055
:105350005A6812F4003F14BF274A284A51435A683A
:10536000DFF898C012F00C0218BF042A03D0082AF4
:1053700008BF016001D0C0F800C05A684FF00F0CA0
:105380001F4D0CEA1212D0F800C0AA5C2CFA02F2EF
:105390004260D3F804C0072404EA1C2C15F80CC0A2
:1053A00022FA0CFCC0F808C0D3F804C004EADC2CD4
:1053B00015F80CC022FA0CFCC0F80CC0D3F82CC0B5
:1053C00005F110040CF00F0C14F80CC0B2FBFCF249
:1053D0004261DA6A1F2303EA121202F00F0204F19B
:1053E000100333F81220B1FBF2F1016130BC7047B9
:1053F0000010024000003C0800093D0000127A0045
:105400005A93000870B500250446212818BF312C96
:1054100021D0392C18BF412C1DD0612C18BF732C02
:1054200019D0742C18BF752C15D0772C18BF792C77
:1054300011D07A2C18BF7B2C0DD07C2C18BF7D2C62
:1054400009D07E2C18BF7F2C05D040F2E3420CA17E
:1054500019A003F0FBFB60091D49012808BF08687B
:1054600003D002280CBF086A486A04F01F01012219
:1054700002FA01F1014218BF0125284670BD000063
:105480002E2E5C6669726D776172655C6E33326771
:105490003435785F7374645F7065726970685F64D7
:1054A00072697665725C7372635C6E333267343531
:1054B000785F7263632E630049535F5243435F46D4
:1054C0004C4147285243435F464C41472900000066
:1054D0000010024038B503F0EBFC4FF40060ADF86B
:1054E000000010208DF803000120064C8DF802000A
:1054F00069462046FDF778F9E1142046FDF71EFBCA
:1055000038BD00000008014002F06CBE00210A28EE
:1055100005D3491C0A38C0B2C9B20A28F9D2090712
:1055200040EA11607047000070B50026674D0C46D8
:1055300000282AD0012805D04FF4E37264A172A09C
:1055400003F084FB286810F0400F00F07F80207883
:10555000010901EB810100F00F0000EB4100C0B236
:10556000401E0B2805D94FF4EE7259A16DA003F02F
:105570006DFBE078002818BF402800F0798040F2E9
:10558000DD1253A16EA000F071B8286810F0400F32
:1055900013D02078401E0B2805D94FF4E6724CA199
:1055A0006FA003F053FBE078002818BF40280ED00E
:1055B00040F2CD1246A162A007E0E67020781728DD
:1055C00005D94FF4E97242A16FA003F03FFB607868
:1055D0003B2805D94FF4EA723DA175A003F036FBD4
:1055E000A0783B2805D940F2D51239A17AA003F062
:1055F0002DFB2078FFF78AFF06046078FFF786FF0F
:1056000046EA0026A078FFF781FFE178304340EAC0
:1056100001437B4CCA2020605320206000F04CF9ED
:1056200070B178487849184008607848016821F0DE
:1056300080010160286810F0200F08BF00F056FCC0
:10564000FF202060BDE8704000F050BCE67020787C
:10565000010901EB810100F00F0000EB4100C0B235
:10566000172805D94FF4F17219A169A003F0EEFAD9
:105670006078010901EB810100F00F0000EB4100AF
:10568000C0B23B2805D94FF4F27211A16EA003F00D
:10569000DDFAA078010901EB810100F00F0000EBB9
:1056A0004100C0B23B2805D940F2E51208A174A020
:1056B00003F0CCFAA0782178E27840EA01406178E2
:1056C000090241EA024140EA0103A2E7082800403A
:1056D0002E2E5C6669726D776172655C6E3332671F
:1056E0003435785F7374645F7065726970685F6485
:1056F00072697665725C7372635C6E3332673435DF
:10570000785F7274632E630049535F5254435F465F
:105710004F524D4154285254435F466F726D61742D
:105720002900000049535F5254435F3132484F55BE
:105730005228746D70726567697374657229000010
:1057400049535F5254435F483132285254435F54A7
:10575000696D655374727563742D3E48313229004A
:1057600049535F5254435F3132484F555228525487
:10577000435F54696D655374727563742D3E486F51
:10578000757273290000000049535F5254435F3221
:1057900034484F5552285254435F54696D655374D1
:1057A000727563742D3E486F757273290000000096
:1057B00049535F5254435F4D494E55544553285207
:1057C00054435F54696D655374727563742D3E4D17
:1057D000696E75746573290049535F5254435F5372
:1057E00045434F4E4453285254435F54696D6553AB
:1057F00074727563742D3E5365636F6E6473290014
:10580000242800407F7F7F00002800400C280040B3
:1058100049535F5254435F3234484F5552285254D3
:10582000435F42636432546F427974652852544333
:105830005F54696D655374727563742D3E486F755E
:10584000727329290000000049535F5254435F4D91
:10585000494E55544553285254435F426364325471
:105860006F42797465285254435F54696D6553746F
:10587000727563742D3E4D696E75746573292900C8
:1058800049535F5254435F5345434F4E445328524C
:1058900054435F42636432546F42797465285254B2
:1058A000435F54696D655374727563742D3E53651F
:1058B000636F6E647329290081B00F490020009046
:1058C000086810F0400F04BF8020086010D10868FD
:1058D000009A00F04000521C0092B2F5005F01D027
:1058E0000028F4D0086810F0400004BF01B07047F1
:1058F000012001B0704700000C28004070B50C4634
:10590000050018BF012D05D04FF4377218A126A04D
:1059100003F09CF92B48006820F0C00121F07F4182
:105920000B0CC1F30422E37001F03F006270A07021
:10593000C1F342312170002D18BF70BD190901EB70
:10594000810103F00F0303EB4101E170110901EB49
:10595000810102F00F0202EB41016170010901EBCC
:10596000810100F00F0000EB4100A07070BD00004D
:105970002E2E5C6669726D776172655C6E3332677C
:105980003435785F7374645F7065726970685F64E2
:1059900072697665725C7372635C6E33326734353C
:1059A000785F7274632E630049535F5254435F46BD
:1059B0004F524D4154285254435F466F726D61748B
:1059C000290000000428004070B50C46050018BFEF
:1059D000012D05D040F23D2218A126A003F036F992
:1059E0002B4800682B494FF0400C0140C1F30542A1
:1059F000C1F30623227001F07F006370A0700CEAEF
:105A00001141E170002D18BF70BD110901EB81013A
:105A100002F00F0202EB41012170190901EB810133
:105A200003F00F0202EB41016170010901EB8101FA
:105A300000F00F0000EB4100A07070BD2E2E5C66E0
:105A400069726D776172655C6E3332673435785F89
:105A50007374645F7065726970685F64726976659B
:105A6000725C7372635C6E3332673435785F727464
:105A7000632E630049535F5254435F464F524D417A
:105A800054285254435F466F726D617429000000C0
:105A9000002800407F7F7F0070B505460026006823
:105AA0003446402818BF002804D0C7221EA12CA0CD
:105AB00003F0CCF868687F2804D9C8221AA135A061
:105AC00003F0C4F8A868B0F5004F04D3C92216A1AA
:105AD0003EA003F0BBF84B4BCA201860532018605F
:105AE000FFF7EAFEB0B14848016821F040010160CB
:105AF00001682A68114301604448A968016001688F
:105B0000AA8841EA02410160001F016821F080017A
:105B100001600126FF20186040F2FF20641C8442CF
:105B2000FCD3304670BD00002E2E5C6669726D7726
:105B30006172655C6E3332673435785F7374645FAD
:105B40007065726970685F6472697665725C7372A1
:105B5000635C6E3332673435785F7274632E630032
:105B600049535F5254435F484F55525F464F524D21
:105B70004154285254435F496E697453747275637B
:105B8000742D3E5254435F486F7572466F726D615B
:105B90007429000049535F5254435F5052454449B1
:105BA000565F4153594E4348285254435F496E69EA
:105BB000745374727563742D3E5254435F4173790C
:105BC0006E636850726564697629000049535F52BC
:105BD00054435F5052454449565F53594E434828F9
:105BE0005254435F496E69745374727563742D3EE9
:105BF0005254435F53796E636850726564697629C5
:105C00000000000024280040082800401028004020
:105C100070B50C46050000F05F80012D05D040F204
:105C2000722256A163A003F011F8E078010901EB9C
:105C3000810100F00F0000EB4100C0B2632805D9DC
:105C40004FF420724DA162A003F000F860780109C2
:105C500001EB810100F00F0000EB4100C0B2401EDB
:105C60000B2805D940F2822244A166A002F0EEFF83
:105C7000A078010901EB810100F00F0000EB410069
:105C8000C0B2401E1E2805D94FF421723BA164A06A
:105C900002F0DCFF2178012918BF02290ED0032968
:105CA00018BF04290AD005291CBF0629072905D0D9
:105CB00040F2862231A161A002F0C8FF002D2FD052
:105CC000A078E178227840EA01406178090241EA4F
:105CD000423140EA010333E0607810F0100F03D046
:105CE00020F010000A306070E078632805D940F297
:105CF0007A2222A15BA002F0A9FF6078401E0B2847
:105D000005D940F27B221DA15FA002F09FFFA07881
:105D1000401E1E28BED94FF41F7218A163A0B7E71A
:105D2000E078FFF7F3FB05046078FFF7EFFB45EA47
:105D30000025A078FFF7EAFB2178284340EA4133A9
:105D4000634CCA20206053202060FFF7B5FD78B176
:105D5000604823F0C00101605F48016821F08001C4
:105D60000160001F006810F0200F08BF00F0BEF8AF
:105D7000FF202060BDE8704000F0B8B82E2E5C66B1
:105D800069726D776172655C6E3332673435785F46
:105D90007374645F7065726970685F647269766558
:105DA000725C7372635C6E3332673435785F727421
:105DB000632E630049535F5254435F464F524D4137
:105DC00054285254435F466F726D6174290000007D
:105DD00049535F5254435F59454152285254435FDF
:105DE00042636432546F42797465285254435F446D
:105DF0006174655374727563742D3E5965617229BF
:105E00002900000049535F5254435F4D4F4E5448A0
:105E100028746D707265676973746572290000007B
:105E200049535F5254435F4441544528746D707226
:105E300065676973746572290000000049535F52F9
:105E400054435F5745454B444159285254435F449E
:105E50006174655374727563742D3E5765656B4448
:105E60006179290049535F5254435F594541522893
:105E70005254435F446174655374727563742D3E6C
:105E8000596561722900000049535F5254435F4DC8
:105E90004F4E5448285254435F44617465537472A2
:105EA0007563742D3E4D6F6E7468290049535F52BF
:105EB00054435F44415445285254435F44617465E0
:105EC0005374727563742D3E44617465290000003B
:105ED00024280040042800400C28004000210160D4
:105EE0007F214160FF2181607047000081B0002068
:105EF0000F4B0090CA201860532018600D490868A5
:105F000020F0200008600868009A00F02000521C71
:105F10000092B2F5004F01D00028F4D0086810F0CC
:105F2000200018BF0120FF21196001B07047000058
:105F3000242800400C280040044901200870AFF2DA
:105F400007024FF47A71042002F0D8B92C00002027
:105F500010B5164C10B101280ED01AE04FF40041D4
:105F60002046FCF755FE4FF480412046FCF7E6FD45
:105F7000142002F0F5FE0CE04FF480412046FCF7BF
:105F800047FE4FF400412046FCF7D8FD142002F0F4
:105F9000E7FE4FF400412046FCF7D0FD2046BDE867
:105FA00010404FF48041FCF7C9BD0000000C0140D7
:105FB000F8B54FF40040ADF8000010250E4E8DF8F6
:105FC000035003248DF8024069463046FCF70CFC70
:105FD000E9023046FCF71CFEA902ADF800108DF86E
:105FE00003508DF8024069463046FCF7FDFBA902DC
:105FF0003046FCF70DFEF8BD000C014010B5012144
:1060000086B00807FFF794F80121C806FFF790F85B
:106010000120FEF77DFD0420FAF7DAFDA0F5A0616E
:10602000053904BF06B010BD4FF48070FFF736F895
:106030000120FEF7A5FF4120FFF7E4F90028FAD080
:106040000120FFF735F97F200190FF200024029006
:1060500000946846FFF742FF6846FFF71DFD0146C2
:1060600011A002F06DF919208DF8130001208DF8B0
:1060700011008DF8120003208DF80D408DF81000EE
:106080008DF80E408DF80C4004A90020FFF7C0FDEC
:1060900003A90020FFF748FA40F205510420FAF75F
:1060A00021FE06B010BD0000525443B3F5CABCBB7C
:1060B000AF25640D0A00000070B51D4C0025207B43
:1060C00010B1012813D010E02079401C2071FEF798
:1060D000B5FA1F2117A002F0C9F8642165701D4AA6
:1060E0000F2002F00BF901202073002070BDFEF795
:1060F00099FA002808BF70BD174E3068FEF738FFC8
:10610000014616483268FBF76FFF15A11348FAF7EE
:1061100083F800281EBF2573012070BD20790A284E
:1061200098BF2573E1D925712573022070BD000049
:106130004000002041542B5149435347503D312CDE
:10614000312C22434D4E4554222C22222C22222C2B
:10615000310D0A005D4600083C0000200C110020B3
:106160004F4B00002DE9F0410E4E069D8846F07021
:106170001F4614467282C8210B48FAF742F822469D
:1061800041460948FAF724F82C46B5824FF47A7153
:106190000648FAF736F822463946BDE8F04103488A
:1061A000FAF716B8400000205C0C0020240D0020F7
:1061B00070B582B0A0F5FA60C0B2DDE906458DF891
:1061C00003008DF801101E468DF8022002F056FDE6
:1061D0008DF804608DF800008DF805408DF80650AC
:1061E00069460020FFF714FD01A90020FFF79CF984
:1061F00002B070BD042808D010F1050F08BF704729
:10620000CF2205A111A002F021BD4FF0E0200169CD
:1062100041F00401016170472E2E5C6669726D7752
:106220006172655C6E3332673435785F7374645FB6
:106230007065726970685F6472697665725C7372AA
:10624000635C6D6973632E630000000049535F5304
:1062500059535449434B5F434C4B5F534F55524343
:1062600045285379735469636B5F434C4B536F7587
:106270007263652900000000704700004B4883B03E
:10628000016841F4700101604948016841F0010171
:1062900001604268474911404160016821F41021C2
:1062A00021F080710160016821F480210160416862
:1062B00021F47F0121F0006141600021C16201638E
:1062C0004FF41F028260C26942F08052C2613A4AB2
:1062D000D36843F00103D360C26922F08052C261E7
:1062E000364A136843F09003136000918DF8041050
:1062F0000291016841F4803101600168C1F34041BD
:106300008DF804100299491C02919DF8041019B9E6
:106310000299B1F5004FF0D10168C1F340418DF809
:1063200004109DF8041000293BD0116821F00701EA
:106330001160116841F003011160416841604168DA
:1063400041F400514160416841F4A06141604168FD
:1063500021F47C1121F000614160416841F48031F9
:1063600041F4003141F0026100914160016841F067
:1063700080710160016811F0007FFBD0416821F05D
:1063800003014160416841F002014160416801F050
:106390000C010829FAD10A494FF00060086003B0E7
:1063A0007047094907480860F5E7000088ED00E0FC
:1063B0000010024000C0FFF80070004000200240C2
:1063C00008ED00E000127A000000002003490020E0
:1063D000087010210248FCF71BBC000028000020B8
:1063E000000C0140074910B5012008701021064833
:1063F000FCF7A4FBBDE81040044A4EF660211120D2
:1064000001F07CBF28000020000C0140CD63000893
:106410002DE9F047DFF894900D4607461C461646D6
:106420004FF02A084FF480714846FCF787FB40463E
:1064300000F060FC4FF480714846FCF7E9FB380A35
:1064400000F058FCF8B200F055FC300A00F052FCA5
:10645000F0B200F04FFC2B264FF480714846FCF759
:106460006DFB304600F046FC4FF480714846FCF767
:10647000CFFB280A00F03EFCE8B200F03BFC200A0B
:1064800000F038FCE0B200F035FC2C244FF48071B1
:106490004846FCF753FB204600F02CFC4846BDE87C
:1064A000F0474FF48071FCF7B3BB0000000C0140D3
:1064B0002DE9F04F0026A2EB00085F1A85B03546A3
:1064C00082468946B8F1000FC8BF012007DC0FBF24
:1064D00000204FF0FF30C8F10008019000D101907A
:1064E000002FC8BF012006DC0FBF00204FF0FF3097
:1064F0007F42009000D10090B845CCBF44463C4656
:106500004FF0000B601C03900028DCBF05B0BDE815
:10651000F08F0E98000A02901FFA8AF01FFA89F194
:10652000DDF838C00B460246CDF810C0FFF770FF0B
:10653000029800F0DFFBDDF810C00CF0FF0000F067
:10654000D9FB46443D44A64202DD0198361B8244F5
:10655000A54202DD00982D1B81440BF101001FFABA
:1065600080FB03988345D7DB05B0BDE8F08F2DE9AC
:10657000F04781469846581E83B21746501E82B295
:106580000D464846089EFFF743FF454534BF4FEA96
:10659000162ABDE8F0874C46B94509D2504600F0AE
:1065A000A9FBF0B200F0A6FB601C84B2BC42F5D39C
:1065B000681C85B24545EED3BDE8F087F8B54FF4C9
:1065C0007C70ADF8000010208DF803000320F64E1B
:1065D0008DF8020069463046FCF706F901210920D2
:1065E000FEF706FE0121F148FBF7AEFD71153046BE
:1065F000FCF7A4FA6423002246F2A811491EFDD13B
:10660000521C9A42F8D34FF400713046FCF700FB5D
:106610006423002246F2A811491EFDD1521C9A4261
:10662000F8D3E3490120087010213046FCF786FAC0
:10663000E04A4EF66021112001F060FE6420002245
:1066400046F2A811491EFDD1521C8242F8D3002403
:1066500036254FF480713046FCF770FA284600F07A
:1066600049FB4FF480713046FCF7D2FA602000F00D
:1066700041FB3A254FF480713046FCF75FFA28461B
:1066800000F038FB4FF480713046FCF7C1FA05206A
:1066900000F030FBB2254FF480713046FCF74EFA23
:1066A000284600F027FB4FF480713046FCF7B0FA23
:1066B0000C2000F01FFB0C2000F01CFB002000F061
:1066C00019FB332000F016FB332000F013FBB72535
:1066D0004FF480713046FCF731FA284600F00AFB8F
:1066E0004FF480713046FCF793FA352000F002FB3E
:1066F000BB254FF480713046FCF720FA284600F0A5
:10670000F9FA4FF480713046FCF782FA192000F054
:10671000F1FAC0254FF480713046FCF70FFA284695
:1067200000F0E8FA4FF480713046FCF771FA2C2043
:1067300000F0E0FAC2254FF480713046FCF7FEF914
:10674000284600F0D7FA4FF480713046FCF760FA23
:10675000012000F0CFFAC3254FF480713046FCF7DA
:10676000EDF9284600F0C6FA4FF480713046FCF788
:106770004FFA122000F0BEFAC4254FF48071304663
:10678000FCF7DCF9284600F0B5FA4FF4807130468A
:10679000FCF73EFA202000F0ADFAC6254FF48071D8
:1067A0003046FCF7CBF9284600F0A4FA4FF480718C
:1067B0003046FCF72DFA0F2000F09CFAD0254FF45C
:1067C00080713046FCF7BAF9284600F093FA4FF48E
:1067D00080713046FCF71CFAA42000F08BFAA1204F
:1067E00000F088FAE0254FF480713046FCF7A6F9F6
:1067F000284600F07FFA4FF480713046FCF708FA23
:10680000D02000F077FA042000F074FA0D2000F098
:1068100071FA112000F06EFA132000F06BFA2B20B1
:1068200000F068FA3F2000F065FA542000F062FAA8
:106830004C2000F05FFA182000F05CFA0D2000F008
:1068400059FA0B2000F056FA1F2000F053FA2320CB
:1068500000F050FAE1254FF480713046FCF76EF9F4
:10686000284600F047FA4FF480713046FCF7D0F923
:10687000D02000F03FFA042000F03CFA0C2000F099
:1068800039FA112000F036FA132000F033FA2C20E8
:1068900000F030FA3F2000F02DFA442000F02AFAF0
:1068A000512000F027FA2F2000F024FA1F2000F0DA
:1068B00021FA1F2000F01EFA202000F01BFA2320EE
:1068C00000F018FA21254FF480713046FCF736F9B4
:1068D000284600F00FFA4FF480713046FCF798F923
:1068E00011254FF480713046FCF728F9284600F056
:1068F00001FA4FF480713046FCF78AF929254FF4EC
:1069000080713046FCF71AF9284600F0F3F94FF48D
:1069100080713046FCF77CF92A254FF480713046AF
:10692000FCF70CF9284600F0E5F94FF48071304689
:10693000FCF76EF9002000F0DDF9002000F0DAF934
:10694000002000F0D7F9EF2000F0D4F92B254FF408
:1069500080713046FCF7F2F8284600F0CBF94FF48E
:1069600080713046FCF754F9002000F0C3F9002094
:1069700000F0C0F9002000F0BDF9C52000F0BAF920
:106980002C254FF480713046FCF7D8F8284600F0EB
:10699000B1F94FF480713046FCF73AF9601CC4B28B
:1069A000022CFFF455AEF8BD000C0140000230008F
:1069B00028000020CD6300082DE9FF4F85B0074671
:1069C000DDF84C800C468B4618F0070018BF0120FC
:1069D00000EBD80000FB08F04FF000090090002801
:1069E0009CBF09B0BDE8F08F2D4800EB4210049029
:1069F0002C4800EBC21003900898000A02901298ED
:106A0000000A0190B8F1100F08BF049806D0B8F141
:106A1000200F0EBF039809B0BDE8F08F10F80950A1
:106A2000002615F0800F0FD023463A46194610462F
:106A3000DDF820A0FFF7ECFC029800F05BF90AF00B
:106A4000FF0000F057F90EE023463A46194610467B
:106A5000DDF848A0FFF7DCFC019800F04BF90AF0E4
:106A6000FF0000F047F94FF6FF7000EA4505601C93
:106A700084B2A4EB0B00404503D1781C5C4687B27E
:106A800003E0701C86B2082ECBD309F101001FFA77
:106A900080F900988145B5D309B0BDE8F08F0000BA
:106AA000DEBA0008DEAF00082DE9FF4F89B00546C9
:106AB000DDF85CA000264FEA5A0901909B4619F0C8
:106AC000070018BF012000EBD90000FB0AF002907C
:106AD000A2F12000C4B20A980A995044401E83B221
:106AE00005EB0900401E82B22846FFF791FC029890
:106AF0004FF0000800289CBF0DB0BDE8F08F3A4968
:106B000004EB440001EB80010791384901EB0411CB
:106B10000691374901EB001005901698000A049081
:106B20004FEA1B200090BAF10C0F04BF079810F831
:106B300008700DD0BAF1100F08BF069806D0BAF150
:106B4000180F0EBF05980DB0BDE8F08F10F8087053
:106B50000024189800284FF0010000FA04F000EA21
:106B6000070019D060B10A992A460B461046FFF774
:106B70004FFC009800F0BEF80BF0FF0000F0BAF8F0
:106B8000681C85B20198281A48451FD10A98019DB2
:106B9000401C80B20A901DE028B1009800F0AAF8CD
:106BA0000BF0FF0006E016980390049800F0A2F89E
:106BB0000398C0B200F09EF8701CC6B2B6FBF9F0A4
:106BC00009FB1060002808BF002603D0601CC4B277
:106BD000082CBED308F101001FFA80F80298804506
:106BE000A1D30DB0BDE8F08FAA9300081E9800084D
:106BF0000E9E00082DE9FF4F83B04FF00008DDE93D
:106C000011961D0082464FEA5607444612BFA5F171
:106C1000010B07B0BDE8F08F0A23281B401EC2B24B
:106C20000121501EC0B203D35943401EC0B2FBD253
:106C30000598B0FBF1F01B49A1FB0021C9084942AE
:106C400001EB810100EB4100B8F1000F06D15C457A
:106C500004DA002818BF4FF0010814D00021CDF845
:106C600000903030CDE90161C2B204FB07A080B2D0
:106C7000109B0499FFF718FF601CC4B2AC42CBD341
:106C800007B0BDE8F08F0020CDF80090CDE901609D
:106C900004FB07A080B22022109B0499FFF704FF99
:106CA000EAE70000CDCCCCCC2DE9F04784B0064615
:106CB000DDE90D571078DDF83080994614468A4694
:106CC000002804BF04B0BDE8F087CDF80080CDE90E
:106CD000015722784B4651463046FFF7E5FE06EB5A
:106CE000550086B214F8010F0028EED104B0BDE8BB
:106CF000F087000070B5134E054620213046FBF7A3
:106D00001DFF002440213046FBF718FF15F0800FCF
:106D10004FF08001304602D0FBF77AFF01E0FBF72D
:106D20000DFF40213046FBF773FF6806050E601C1F
:106D3000C4B2082CE6D33046BDE870402021FBF7F2
:106D400067BF0000000C014004480178012918BF0A
:106D5000704700210170FAF7F3BA000059000020D3
:106D6000044901200870AFF207024FF4FA710620BF
:106D700001F0C4BA5900002010B5084C012120468A
:106D800000F038FA002808BF10BD0121204600F0AD
:106D900007F8BDE8104001F0BBBA00000010004049
:106DA00070B50446A0F180400D46B0F5963018BF8E
:106DB000B4F1804F23D0A4F18040B0F580601CBFB7
:106DC000A4F18040B0F5006019D0A4F18040B0F586
:106DD00040601CBFA4F18040B0F580500FD0A4F1FA
:106DE0008040B0F5A0501CBFA4F18040B0F59A30AF
:106DF00005D040F6224209A116A001F027FF15F4A4
:106E00007F4F00D12DB940F6234204A117A001F015
:106E10001DFF2069A843206170BD00002E2E5C6616
:106E200069726D776172655C6E3332673435785F95
:106E30007374645F7065726970685F6472697665A7
:106E4000725C7372635C6E3332673435785F746979
:106E50006D2E6300497354696D416C6C4D6F6475A0
:106E60006C652854494D7829000000004973546925
:106E70006D496E742854494D5F4954290000000043
:106E800070B50446A0F1804016460D46B0F5963028
:106E900018BFB4F1804F23D0A4F18040B0F58060DA
:106EA0001CBFA4F18040B0F5006019D0A4F180406F
:106EB000B0F540601CBFA4F18040B0F580500FD009
:106EC000A4F18040B0F5A0501CBFA4F18040B0F503
:106ED0009A3005D04FF47B720FA11DA001F0B6FED1
:106EE00015F47F4F00D12DB940F2ED320AA11EA05A
:106EF00001F0ACFE002E04BFA089A84309D0012EEA
:106F000005D040F2EE3204A11CA001F09FFEA08942
:106F10002843A08170BD00002E2E5C6669726D77DB
:106F20006172655C6E3332673435785F7374645FA9
:106F30007065726970685F6472697665725C73729D
:106F4000635C6E3332673435785F74696D2E63002D
:106F5000497354696D416C6C4D6F64756C65285450
:106F6000494D782900000000497354696D496E74D9
:106F70002854494D5F4954290000000049535F4699
:106F8000554E4354494F4E414C5F5354415445284C
:106F9000436D64290000000070B50446A0F18040F4
:106FA00015460E46B0F5963018BFB4F1804F23D089
:106FB000A4F18040B0F580601CBFA4F18040B0F522
:106FC000006019D0A4F18040B0F540601CBFA4F16E
:106FD0008040B0F580500FD0A4F18040B0F5A050B3
:106FE0001CBFA4F18040B0F59A3005D040F2195290
:106FF00008A116A001F02AFE002D18BF012D05D012
:1070000040F21A5203A117A001F020FE2685A582A6
:1070100070BD00002E2E5C6669726D776172655CD2
:107020006E3332673435785F7374645F706572698C
:1070300070685F6472697665725C7372635C6E33EC
:1070400032673435785F74696D2E63004973546913
:107050006D416C6C4D6F64756C652854494D782991
:1070600000000000497354696D50736352656C6F82
:1070700061644D6F64652854494D5F5053435265B8
:107080006C6F61644D6F646529000000F8B51A4E9D
:1070900041F63F70F0804FF4A060FDF7B7FF01218B
:1070A0001020FEF745F836208DF8000003258DF8F6
:1070B000015000248DF8024001208DF8030068463D
:1070C000FDF714FB0D48042185800180C4804480B5
:1070D0000B4C0146204600F00FF90122F1882046B2
:1070E000FFF75AFF012211462046FFF7C9FE012192
:1070F000204600F007F8F8BD16000020E802002046
:107100000010004070B50446A0F180400D46B0F577
:10711000963018BFB4F1804F23D0A4F18040B0F571
:1071200080601CBFA4F18040B0F5006019D0A4F1CC
:107130008040B0F540601CBFA4F18040B0F58050A5
:107140000FD0A4F18040B0F5A0501CBFA4F1804046
:10715000B0F59A3005D040F2AF320BA118A001F083
:1071600075FD002D04BF206820F001000AD0012D1C
:1071700005D04FF46C7204A117A001F067FD2068E0
:1071800040F00100206070BD2E2E5C6669726D7744
:107190006172655C6E3332673435785F7374645F37
:1071A0007065726970685F6472697665725C73722B
:1071B000635C6E3332673435785F74696D2E6300BB
:1071C000497354696D416C6C4D6F64756C652854DE
:1071D000494D78290000000049535F46554E4354FD
:1071E000494F4E414C5F535441544528436D6429E7
:1071F0000000000070B505460026A0F180400C4656
:10720000B0F5963018BFB5F1804F23D0A5F180407E
:10721000B0F580601CBFA5F18040B0F5006019D0CA
:10722000A5F18040B0F540601CBFA5F18040B0F5ED
:1072300080500FD0A5F18040B0F5A0501CBFA5F143
:107240008040B0F59A3005D040F6FC3211A11FA065
:1072500001F0FCFC012C18BF022C11D0042C18BF2B
:10726000082C0DD0102C18BF202C09D0402C18BF92
:10727000802C05D040F6FD3206A11AA001F0E6FCF4
:107280002869A989204201EA04011CBF00290126BE
:10729000304670BD2E2E5C6669726D776172655CDA
:1072A0006E3332673435785F7374645F706572690A
:1072B00070685F6472697665725C7372635C6E336A
:1072C00032673435785F74696D2E63004973546991
:1072D0006D416C6C4D6F64756C652854494D78290F
:1072E00000000000497354696D476574496E742845
:1072F00054494D5F495429002DE9F05FDFF888A11A
:10730000DFF888B1DFF88881DFF88891624F634E3B
:107310000D460446504518BFB4F1804F13D0BC420F
:1073200018BFB4420FD04C4518BF5C450BD0A4F138
:107330008040B0F5A05018BF444504D0BD2258A1EC
:1073400065A001F083FC6888002818BF102809D0C8
:1073500020281CBF4028602804D0BE2250A164A071
:1073600001F074FCE88800281CBFB0F5807FB0F500
:10737000007F04D0BF224AA169A001F067FC206809
:10738000544518BF444508D0B4F1804F18BFBC42E3
:1073900003D0B44218BF4C4503D1698820F0700077
:1073A00008435C451CBFA4F18041B1F5A05103D056
:1073B000E98820F4407008432060A888A0852888C8
:1073C0002085544512BF4445287A20860120A0829A
:1073D0002068544518BF444508D0B4F1804F18BF09
:1073E000BC4203D0B44218BF4C4509D1697A002988
:1073F00014BF40F4006020F40060B4F1804F04D06A
:10740000BC421CBFB4424C4510D1A97A002914BF1C
:1074100040F4805020F48050E97A002914BF40F4F1
:10742000005020F40050B4F1804F03D0BC4218BF8C
:10743000B44206D1297B002914BF40F4804020F4D7
:107440008040544518BF444505D0B4F1804F1CBF5F
:10745000BC42B44206D1697B002914BF40F400400D
:1074600020F4004020606068B4F1804F18BFB4423F
:1074700006D1A97B002914BF40F4807020F48070ED
:107480006060BDE8F09F0000002C0140001000404B
:1074900000340140000C004000040040000800409F
:1074A0002E2E5C6669726D776172655C6E33326731
:1074B0003435785F7374645F7065726970685F6497
:1074C00072697665725C7372635C6E3332673435F1
:1074D000785F74696D2E6300497354696D416C6CFB
:1074E0004D6F64756C652854494D78290000000083
:1074F000497354696D436E744D6F64652854494DEA
:107500005F54696D6542617365496E697453747245
:107510007563742D3E436E744D6F646529000000E1
:10752000497354696D436C6B4469762854494D5FC7
:1075300054696D6542617365496E697453747275FF
:1075400063742D3E436C6B44697629002DE9F04746
:1075500000252C460420FCF7B9FF012818BFBDE820
:10756000F0870D20FCF7C8FF002898BFBDE8F08722
:107570004FF00F08354F4FF0010A4FF00E0908EB9E
:107580004406F0B2FCF7B8FF3979B1EB102F1BD1EC
:10759000F0B2FCF7B1FF7979C0B2884214D109EB9F
:1075A0004406F0B2FCF7A8FFF979491E0AFA01F186
:1075B000084010F0FF0F07D0F0B2FCF79DFF10F06D
:1075C000800F0CBF02250125601CC4B20D20FCF702
:1075D00093FFA042D3D8012D1CD0022D18BFBDE8C7
:1075E000F0870120FCF772FF012818BFBDE8F08783
:1075F0000020FEF7ADFC0020F9F762FE002101201B
:10760000FCF780FF09210A20FCF792FFBDE8F04754
:10761000FCF7D2BE0120FCF759FF002818BFBDE8D7
:10762000F0870020FCF752FF002818BFBDE8F08764
:107630000120FEF78DFC0120F9F742FE01210846EA
:10764000FCF760FFBDE8F047FCF7B6BE2000002065
:1076500010B5054800F0ACFCC1B204480068BDE8B4
:107660001040FBF7FBBD0000004C00403C00002038
:1076700070B5114D40F22551284600F04BFA10B17B
:107680000E4C207820B12846BDE8704000F090BC38
:10769000284600F08DFC6188094A88546088401CA7
:1076A0006080032000F020FEBDE870403221054AD2
:1076B000032000F023BE000000440040DA07002051
:1076C000DE070020A982000870B5114D40F2255157
:1076D000284600F01FFA10B10E4C207820B1284641
:1076E000BDE8704000F064BC284600F061FC618891
:1076F000094A88546088401C6080052000F0F4FD31
:10770000BDE870403221054A052000F0F7BD0000B9
:1077100000480040880300208C030020B982000844
:107720002DE9F047DFF8FC80DFF8FC90DFF8FCA0E3
:1077300016460D460446404518BF4C451AD05445E0
:107740001CBFA4F18040B0F5984013D0A4F1804054
:10775000B0F5A0401FBFA4F18040B0F5A830A4F15F
:107760008040B0F5AA3005D040F27F1230A13FA092
:1077700001F06CFA40F66A17282D1CBFA5F5E060F1
:10778000B0F127001BD0A5F5C06026381CBFA5F5B9
:10779000A060B0F1250012D0A5F5806024381CBF90
:1077A000A5F50060B0F1460009D0BD4218BF602DBC
:1077B00005D04FF4C0721EA133A001F047FA002E8D
:1077C00018BF012E05D040F2811219A135A001F099
:1077D0003DFABD420AD144451CBF4C45544505D035
:1077E00040F2851212A136A001F030FA05F01F0117
:1077F0000122C5F3421002FA01F1012808BF04F189
:107800000C0005D002280CBF04F1100004F1140094
:10781000002E026814BF114322EA01010160BDE895
:10782000F08700000038014000440040004800405C
:107830002E2E5C6669726D776172655C6E3332679D
:107840003435785F7374645F7065726970685F6403
:1078500072697665725C7372635C6E33326734355D
:10786000785F75736172742E6300000049535F5531
:10787000534152545F414C4C5F5045524950482847
:10788000555341525478290049535F55534152543E
:107890005F4346475F494E542855534152545F4910
:1078A0004E54290049535F46554E4354494F4E416B
:1078B0004C5F535441544528436D64290000000037
:1078C00049535F55534152545F3132335F504552F3
:1078D00049504828555341525478290070B5044600
:1078E000A0F180400D46B0F59C301CBFA4F1804053
:1078F000B0F588401DD0A4F18040B0F590401CBF89
:10790000A4F18040B0F5984013D0A4F18040B0F5C8
:10791000A0401FBFA4F18040B0F5A830A4F1804082
:10792000B0F5AA3005D040F259120BA119A001F010
:107930008DF9002D04BFA08920F400500AD0012D3C
:1079400005D04FF4AD7204A119A001F07FF9A08910
:1079500040F40050A08170BD2E2E5C6669726D7778
:107960006172655C6E3332673435785F7374645F5F
:107970007065726970685F6472697665725C737253
:10798000635C6E3332673435785F75736172742E61
:107990006300000049535F55534152545F414C4CC2
:1079A0005F50455249504828555341525478290058
:1079B00049535F46554E4354494F4E414C5F5354D3
:1079C00041544528436D6429000000002DE9F0472B
:1079D000294F0026DFF8A480DFF8A4900C46054666
:1079E000B84218BF45451AD04D451CBFA5F180408F
:1079F000B0F5984013D0A5F18040B0F5A0401FBF6E
:107A0000A5F18040B0F5A830A5F18040B0F5AA30CE
:107A100005D040F219321BA129A001F017F9012C61
:107A200018BF802C20D0402C18BF202C1CD0102C2C
:107A300018BFB4F5807F17D0B4F5007F09D0082CAB
:107A40001CBF042C022C0FD040F21A320DA123A02F
:107A500008E0BD421CBF45454D4505D040F21E32F1
:107A600008A125A001F0F2F82888204218BF0126BD
:107A70003046BDE8F0870000003801400044004077
:107A8000004800402E2E5C6669726D776172655CFD
:107A90006E3332673435785F7374645F7065726912
:107AA00070685F6472697665725C7372635C6E3372
:107AB00032673435785F75736172742E630000002D
:107AC00049535F55534152545F414C4C5F504552AE
:107AD00049504828555341525478290049535F551D
:107AE000534152545F464C41472855534152545FCD
:107AF000464C41472900000049535F5553415254B9
:107B00005F3132335F5045524950482855534152F6
:107B1000547829002DE9F047DFF8F4800026DFF8DB
:107B2000F490DFF8F4A00C460546404518BF4D45DB
:107B30001AD055451CBFA5F18040B0F5984013D030
:107B4000A5F18040B0F5A0401FBFA5F18040B0F581
:107B5000A830A5F18040B0F5AA3005D040F26B32D4
:107B60002EA13DA001F072F8282C34D0A4F5E060DD
:107B700040F66A1727381CBFA4F5C060B0F1260094
:107B80001CD0A4F5A06025381CBFA4F58060B0F11E
:107B9000240013D0A4F50060463818BFBC420DD0B5
:107BA000B4F5587F1CBFB4F5187FB4F5B07F12D080
:107BB0004FF45B7219A12FA001F048F8BC420AD122
:107BC00045451CBF4D45554505D04FF45C7213A18A
:107BD0002FA001F03BF804F01F000122C4F3421172
:107BE00002FA00F0012904BFA989084004D0022943
:107BF0000CBF298AA98A0840210A02FA01F12A88C1
:107C0000114000281CBF002901263046BDE8F0873E
:107C10000038014000440040004800402E2E5C66C1
:107C200069726D776172655C6E3332673435785F87
:107C30007374645F7065726970685F647269766599
:107C4000725C7372635C6E3332673435785F757360
:107C50006172742E6300000049535F5553415254C2
:107C60005F414C4C5F504552495048285553415252
:107C70005478290049535F55534152545F47455446
:107C80005F494E542855534152545F494E54290080
:107C900049535F55534152545F3132335F5045521F
:107CA0004950482855534152547829002DE9F0474E
:107CB000604EDFF88491DFF884A1614FDFF88481A2
:107CC00086B00D460446B04218BF4C4513D054450B
:107CD0001CBFA4F18040B0F598400CD0A4F18040C6
:107CE000B0F5A0401CBFBC42444504D0C42256A1FC
:107CF00064A000F0ABFF28686949401E884204D3A5
:107D0000C52251A167A000F0A1FFA888002818BFD4
:107D1000B0F5805F04D0C6224BA16EA000F096FFA4
:107D2000E888002818BFB0F5805F0AD0B0F5005F82
:107D300018BFB0F5405F04D0C72243A172A000F085
:107D400085FF288900281CBFB0F5806FB0F5C06F93
:107D500004D0C8223CA178A000F078FF688930F0F8
:107D60000C0100D120B9C92237A17EA000F06EFF1E
:107D7000A889002818D0B0F5807F1CBFB0F5007F1F
:107D8000B0F5407F06D0CA222FA1804800F05EFFE8
:107D9000A88948B1B4421CBF4C45544504D0CE22FA
:107DA00029A17BA000F052FF208A4CF6FF71084009
:107DB000E98808432082A0894EF6F3110840A9887B
:107DC0002A8911436A8910430843A081A08A4FF68B
:107DD000FF410840A9890843A0826846FDF7A2FA3E
:107DE000B44218BFBC4203D0444518BF029800D12A
:107DF00003986E4A00EBC00101EB001029686FF098
:107E0000180C8900B0FBF1F0A2FB0031490909010F
:107E10000B0903FB0CF300EB8300322303EB001090
:107E2000A2FB0020C0F343100843208106B0BDE848
:107E3000F087000000380140004400400048004046
:107E400000500140005401402E2E5C6669726D772F
:107E50006172655C6E3332673435785F7374645F6A
:107E60007065726970685F6472697665725C73725E
:107E7000635C6E3332673435785F75736172742E6C
:107E80006300000049535F55534152545F414C4CCD
:107E90005F50455249504828555341525478290063
:107EA00020AA440049535F55534152545F42415503
:107EB00044524154452855534152545F496E6974A8
:107EC0005374727563742D3E4261756452617465BA
:107ED0002900000049535F55534152545F574F5298
:107EE000445F4C454E4754482855534152545F49CE
:107EF0006E69745374727563742D3E576F72644C5F
:107F0000656E67746829000049535F5553415254A8
:107F10005F53544F50424954532855534152545F74
:107F2000496E69745374727563742D3E53746F7027
:107F3000426974732900000049535F5553415254FC
:107F40005F5041524954592855534152545F496E2C
:107F500069745374727563742D3E506172697479DB
:107F60002900000049535F55534152545F4D4F441F
:107F7000452855534152545F496E69745374727564
:107F800063742D3E4D6F64652900000058BC0008E5
:107F900049535F55534152545F3132335F5045521C
:107FA0004950482855534152547829001F85EB51B8
:107FB00010B50446A0F18040B0F59C301CBFA4F180
:107FC0008040B0F588401DD0A4F18040B0F59040CD
:107FD0001CBFA4F18040B0F5984013D0A4F18040BC
:107FE000B0F5A0401FBFA4F18040B0F5A830A4F1C7
:107FF0008040B0F5AA3005D040F2512203A112A072
:1080000000F024FEA088C0F3080010BD2E2E5C6690
:1080100069726D776172655C6E3332673435785F93
:108020007374645F7065726970685F6472697665A5
:10803000725C7372635C6E3332673435785F75736C
:108040006172742E6300000049535F5553415254CE
:108050005F414C4C5F50455249504828555341525E
:108060005478290070B50446A0F180400D46B0F563
:108070009C301CBFA4F18040B0F588401DD0A4F115
:108080008040B0F590401CBFA4F18040B0F598400E
:1080900013D0A4F18040B0F5A0401FBFA4F18040F0
:1080A000B0F5A830A4F18040B0F5AA3005D04FF467
:1080B000107208A116A000F0C9FDB5F5007F05D328
:1080C00040F2412203A119A000F0C0FDC5F3080051
:1080D000A08070BD2E2E5C6669726D776172655CE2
:1080E0006E3332673435785F7374645F70657269BC
:1080F00070685F6472697665725C7372635C6E331C
:1081000032673435785F75736172742E63000000D6
:1081100049535F55534152545F414C4C5F50455257
:1081200049504828555341525478290049535F55C6
:10813000534152545F4441544128446174612900C1
:108140002DE9F0410E0005464FF0000414BF094F21
:10815000BDE8F081295D3846FFF784FF802138466D
:10816000FFF734FC0028F9D0601C84B2B442F1D38C
:10817000BDE8F0810044004010B5184C00205821A3
:108180002278012A18BF10BDB4F802C0BCF1170F45
:1081900008BFACF1010211D12318401C1B79C0B2F9
:1081A000194489B28242F7DCC8430D49C0B21CF8B9
:1081B0000110814204BF201DF8F722FE00206288D2
:1081C0000146002A06D92218401C11716288C0B2EB
:1081D0008242F8D86180217010BD0000DA070020CB
:1081E000DD0700202DE9F0471D4E3078012818BF2B
:1081F000BDE8F0874FF40061DFF868904846FAF771
:1082000007FD7588371D0024002D88BFDFF85880D2
:108210000DD9395D4046FFF725FF80214046FFF725
:10822000D5FB0028F9D0601C84B2AC42F1D36420A5
:1082300000F096FD4FF400614846FAF77FFC0020FD
:1082400072880146002A06D93218401C11717288C2
:10825000C0B28242F8D871803170BDE8F08700006A
:108260008803002000080140004800402DE9F0414B
:108270000E0005464FF0000414BF094FBDE8F08121
:10828000295D3846FFF7EEFE80213846FFF79EFB5A
:108290000028F9D0601C84B2B442F1D3BDE8F0816B
:1082A000004C0040FEE70000024901200870032056
:1082B00000F01AB8DA0700200249012008700520F2
:1082C00000F012B88803002000200649024601EBA6
:1082D000C00341F83020401CC0B25A601228F6D3C7
:1082E000FEF7D4BEF8020020034A002142F8301005
:1082F00002EBC00041607047F8020020034B43F8D6
:10830000301003EBC000426070470000F80200200C
:1083100070B50A4D002455F8340048B1411E05EBF4
:10832000C40045F83410406810B1002908BF8047E8
:10833000601CC4B2122CEED370BD0000F802002005
:108340000FB4054B10B503A9044A029800F0E2F8F7
:1083500010BC5DF814FB0000918D0008D8020020CD
:108360000FB4084B10B504A902AA039800F0D2F884
:10837000044602A9002000F064FC204610BC5DF811
:1083800014FB0000438C000800487047E402002002
:1083900002E008C8121F08C1002AFAD170477047CE
:1083A000002001E001C1121F002AFBD1704700002C
:1083B0002DE9FF5FDDE90220010DDDF838B0024351
:1083C00018D044F61050A1F2FF3141430D140F981C
:1083D000012820D0A5EB0B00401C5FEA000A4FF0FB
:1083E0000004474EDFF81C91A046504616D5CAF14E
:1083F000000728E00F98012443A2012808D000219B
:1084000000980F9BC0E90021C0E90243BDE8FF9F2F
:108410006FEA0B01F4E7CBF10000DEE7074612E05C
:10842000F80707D02246334640464946F7F724FF6F
:10843000804689462246334610461946F7F71CFF08
:1084400004460E467F10002FEAD1DDE90201BAF1A1
:10845000000F42464B4602DAF7F70EFF01E0F8F74D
:1084600047F904460E460022284BF8F7C9F903D80D
:108470004FF0FF30014607E00022254B20463146F1
:10848000F8F78FF8F8F7A3F9102409E0002C0ADBBD
:108490000A220023F7F7AFFF019B30321A55641E02
:1084A00050EA0102F2D1641C019AC4F11103144490
:1084B0000F9A012A03D0012208430DD10AE0084394
:1084C00004D000204FF0110B0F9080E7A3EB0B05B9
:1084D0006D1E0DE05B4504DD4FF0000205F1010566
:1084E00004E003DA4FF00002A5F10105002AECD008
:1084F00000980F99C0E90231C0E9004586E7000005
:10850000000024400000F03F300000000000F04375
:108510000000E03F2DE9FF4F95B09B468946064697
:1085200000250FE2252877D100242746F84A0121AB
:10853000059400E0044316F8013F203B01FA03F0E4
:108540001042F7D130782A2811D06FF02F033078FD
:10855000A0F13002092A16D8059A44F0020402EB71
:10856000820203EB42021044761C0590EFE759F8B3
:10857000042B0592002A03DA504244F4005405907B
:1085800044F00204761C30782E2816D116F8010F1C
:1085900044F004042A280DD06FF02F023078A0F1A7
:1085A0003003092B09D807EB870302EB4303C718F5
:1085B000761CF3E759F8047B761C30786C280FD0D2
:1085C00006DC4C2817D068280DD06A2814D104E0A6
:1085D000742810D07A280FD10DE044F400140AE07A
:1085E00044F4801401E044F440147278824202D1D1
:1085F00004F58014761C761C307866280BD013DCCA
:10860000582877D009DC002875D04528F6D04628B0
:10861000F4D047281AD19DE118E0632835D06428AA
:1086200079D0652812D195E1702873D008DC6728CD
:10863000F1D069286FD06E280DD06F2806D1B5E033
:1086400073282CD0752875D0782874D05A4617997D
:1086500090476D1C75E1C4F30250022809D003282D
:108660000DD0D9F8001004280DD00D6009F10409CF
:1086700067E1D9F80010EA17C1E90052F6E7D9F826
:1086800000100D80F2E70D70F0E719F8041B8DF86B
:10869000001000208DF80100EA46012003E059F89F
:1086A00004AB4FF0FF3061074FF0000102D40DE042
:1086B00008F101018846B9420FDA8045F8DB1AF863
:1086C00008100029F4D108E008F101018846814230
:1086D000FADB1AF808100029F6D105985B46A0EBE2
:1086E000080721463846179A00F094FA284400EB10
:1086F000080507E04DE029E10DE01AF8010B5A46A4
:1087000017999047B8F10108F7D25B4621463846E1
:10871000179A13E142E00A220092C4F302524FF08A
:10872000000A022A08D059F804CB032A4FEAEC7158
:108730000AD00DE029E02AE009F1070121F0070243
:10874000F2E802C1914609E00FFA8CFC4FEAEC71A5
:10875000042A03D14FFA8CFC4FEAEC71002907DAA6
:108760000A460021DCF1000C61EB02012D2202E03F
:10877000220504D52B228DF80420012203E0E20714
:1087800001D02022F7E7904659E00A2102E01022AA
:108790000DE010214FF0000A00910BE010224FF085
:1087A000000A44F004040827009203E008224FF076
:1087B000000A0092C4F30252022A05D059F804CBF1
:1087C0000021032A08D009E009F1070121F007027E
:1087D000F2E802C1914605E01FFA8CFC042A01D19F
:1087E0000CF0FF0C4FF00008220728D5702806D0A7
:1087F000009B83F0100353EA0A0305D00EE04022E9
:108800008DF80420012208E05CEA010206D0302243
:108810008DF804208DF8050002229046009B83F01D
:10882000080353EA0A030AD15CEA010201D1620794
:1088300005D530228DF804204FF001087F1E5828FE
:1088400004D034A003900EA802900DE036A0F9E702
:1088500053466046009AF7F7CEFD84460398825C43
:108860000298401E029002705CEA0100F0D102986A
:1088700006A9081A00F1200A600702D524F4803402
:1088800000E00127574502DDA7EB0A0000E00020C9
:1088900000EB0A01009005984144401A0590E0035E
:1088A00006D45B462146179A059800F0B3F90544B3
:1088B000002706E001A85A46C05D179990476D1C35
:1088C0007F1C4745F6DBE0030CD55B462146179A33
:1088D000059800F09FF9054404E030205A461799A6
:1088E00090476D1C0099481E00900029F5DC08E0B7
:1088F000029802995A460078491C029117999047AC
:108900006D1CBAF10001AAF1010AF1DC65E1000079
:108910000928010030313233343536373839616255
:108920006364656600000000303132333435363719
:1089300038394142434445460000000000F058F9F0
:108940000544761C307800287FF4ECAD19B0284639
:10895000BDE8F08F620700D4062709F1070222F074
:10896000070CFCE80223E14603F000485FEA080C2C
:1089700002D00FF2702C0DE05FEA045C02D50FF21A
:10898000682C07E05FEAC47C02D00FF2602C01E0A3
:10899000AFF2700C4FF0FF3823F00043CDF850C019
:1089A00065280CD006DC452809D046281DD047286C
:1089B0003DD13DE0662818D067287ED138E00021FF
:1089C000112F01DB112000E0781CCDE9000106A980
:1089D0000EA8FFF7EDFCDDE90F010E9A03910021CF
:1089E000009207F1010A04914DE04FF0004000971A
:1089F000CDE9011006A90EA8FFF7DAFCDDE90F02A8
:108A000003920E9B11990022DDF80CA000930492B2
:108A100011B9791C00EB010AB7EB0A0004D4C0F1CC
:108A2000FF3007F1010A0490AAEB0700019044E02F
:108A3000012F00DA01270021112F01DD112000E0B4
:108A40003846CDE9000106A90EA8FFF7B1FCDDE923
:108A50000F010E9A0391002104910092BA4621075A
:108A60000CD40399514500DA8A46BAF1010F05DDAD
:108A7000009AAAF10101515C302908D0B84202DA0B
:108A800010F1040F06DA0121CDE9011015E0AAF179
:108A90000101E9E7002805DC049901440491AAEBEF
:108AA000000102E0411C514500DD8A460499401A4C
:108AB000401C01904FF000400290200704D4019820
:108AC000504501DBCDF8048000208DF84F0002985E
:108AD0000DF14F07B0F1004F25D02B200E900298DA
:108AE0004FF0020800280CDA404202902D200E9030
:108AF00007E00A210298F7F768FC3031029007F886
:108B0000011DB8F10001A8F10108F2DC029800286B
:108B1000EFD1791E0E980870307800F0200040F0F8
:108B2000450007F8020D12A8C01B00F107081498B1
:108B3000007800B1012000EB0A01019801EBE0711F
:108B400005984144401A401E0590E00306D45B4658
:108B50002146179A059800F05DF8054414980078AE
:108B600018B15A46179990476D1CE00324D55B460F
:108B70002146179A059800F04DF805441CE004982A
:108B8000002807DBDDE90301884203DD0098405C33
:108B9000179901E0179930205A469047049805F13B
:108BA0000105401C04900198401E019004D12E2024
:108BB0005A46179990476D1CBAF10001AAF1010AB3
:108BC000DDDC05E017F8010B5A46179990476D1C3C
:108BD000B8F10001A8F10108F4DC5B462146179AC0
:108BE0000598ABE62D0000002B00000020000000DF
:108BF0002DE9F041044600251E461746880404D49A
:108C000005E039462020B0476D1C641EF9D5284682
:108C1000BDE8F0812DE9F041044600251E4690464E
:108C2000C80301D5302700E02027880404D505E0DB
:108C300041463846B0476D1C641EF9D52846BDE84C
:108C4000F0810A68531C0B601070704713460A4687
:108C5000014602A0FFF774FBFEE700006173736535
:108C60007274696F6E206661696C65643A20602574
:108C700073602061742025733A25640000F00F03AF
:108C8000000900EB800003EB4000C0B200F5FA637E
:108C9000080901F00F0C00EB80000CEB40001109FB
:108CA00002F00F0CC0B201EB81010CEB4101421E3E
:108CB000C9B20C2A02D209B11F2901D9002070477C
:108CC000012818BF022803D10C305A1EC0B293B23B
:108CD000421C02EB420240F2676C12FB0CF201EB09
:108CE000400000EB52304AF2D731184401FB031127
:108CF00000EB9300A0EB91504FF4C871B3FBF1F17E
:108D00000844411C074B08460022C3FB0120821087
:108D1000A2EBE070A0EBC000084410F0FF0008BF19
:108D20000720704793244992FF2330B41A46B1F1CB
:108D3000010C24BF084C04F5807508D310F8011B02
:108D40005940635C53406A5CBCF1010CF6D20348A5
:108D50000270437030BC7047C80000205C000020E7
:108D60000022002898BF704746F2A811491EFDD185
:108D7000521C8242F8D370470022002898BF7047E7
:108D80001921491EFDD1521C8242F9D370470000BF
:108D900070B5074D0446C1B22846FFF763F980213C
:108DA0002846FEF713FE0028F9D0204670BD0000CB
:108DB000005000400148407870470000C802002081
:108DC00001480078704700002800002000B587B0F7
:108DD0006846FCF7A7FA012140F2FD10FCF708FAFB
:108DE00001214FF46020FCF7A3F94FF44070FBF72A
:108DF0000BFD0420FDF7FEF90B4901980B4BA1FB7D
:108E0000001040090022401EB0F1807F08D24FF0D0
:108E1000E0214861F02083F8140D8A610720086181
:108E200083F8142D07B000BD1F85EB510FE000E063
:108E300030B585B00424ADF8104018208DF813002B
:108E40000320194D8DF8120004A92846F9F7CCFC2F
:108E50000821ADF8101001218DF812108DF8134083
:108E600004A92846F9F7C0FC4FF4165000900020E2
:108E7000ADF80400ADF80600ADF80800ADF80C0040
:108E80000C200A4CADF80A0069462046FEF70EFF9A
:108E9000012240F225512046FEF742FC01212046E6
:108EA000FEF71CFD05B030BD000801400044004045
:108EB00010B586B04FF48060ADF8100018208DF822
:108EC00013000320194C8DF8120004A92046F9F76D
:108ED0008BFCE114ADF8101001218DF81210042163
:108EE0008DF8131004A92046F9F77EFC4FF41650B4
:108EF00000900020ADF80400ADF80600ADF80800C1
:108F0000ADF80C000C200A4CADF80A00694620466A
:108F1000FEF7CCFE012240F225512046FEF700FC70
:108F200001212046FEF7DAFC06B010BD000C01401E
:108F30000048004010B586B04FF48060ADF81000D6
:108F400018208DF813000320194C8DF8120004A985
:108F50002046F9F749FCE114ADF8101001218DF815
:108F6000121004218DF8131004A92046F9F73CFCD7
:108F70004FF4E13000900020ADF80400ADF8060099
:108F8000ADF80800ADF80C000C200A4CADF80A0052
:108F900069462046FEF78AFE012240F2255120460E
:108FA000FEF7BEFB01212046FEF798FC06B010BD7F
:108FB00000100140004C004010B586B00121312066
:108FC000FCF716F901210805FCF7B2F84FF48050C0
:108FD000ADF8100018208DF8130003208DF8120052
:108FE00004A91648F9F700FC0420ADF810008DF82C
:108FF000130004A91248F9F7F7FB4FF4E130009091
:109000000020ADF80400ADF80600ADF80800ADF89A
:109010000C0008200B4CADF80A0069462046FEF70C
:1090200045FE012240F225512046FEF779FB012141
:109030002046FEF753FC208806B010BD001001400A
:10904000001401400050004026480178012918BF53
:10905000704710B500210170FFF7B2FE012803D060
:10906000BDE81040FDF7BEB90220FBF72FFA00283B
:1090700018BF10BD00210420FBF744FA0021042092
:10908000F8F7F8FD0020F8F763F80120FBF71EFA67
:10909000012811D00120FCF75BFF0120F8F710F93F
:1090A00001210846FBF72EFA01210846F8F7E2FDF8
:1090B000BDE81040FBF780B90020FCF749FF002015
:1090C000F8F7FEF800210120FBF71CFA09210A201D
:1090D000FBF72EFA00210120F8F7CCFDBDE8104087
:1090E000FBF76AB958000020014901200870704759
:1090F0005800002070B584B00425214EADF8005012
:1091000048248DF8034069463046F9F76DFB02218B
:109110000120F8F787FF00208DF80C000C208DF857
:109120000D0001208DF80E00029502A8F8F7D6FC7C
:109130001020ADF80000134D8DF803406946284615
:10914000F9F752FB4020ADF800008DF80340694666
:109150002846F9F749FB2020ADF800008DF80340C0
:1091600069460948F9F740FB0220ADF800008DF888
:10917000034069463046F9F737FB04B070BD000084
:10918000000C01400008014000100140FFF75CBFE7
:10919000F8B52020ADF800001025214E8DF80350C1
:1091A00001248DF8024069463046F9F71DFB202165
:1091B0003046F9F72DFD1B4A4FF4FA710120FFF7F5
:1091C0009DF88021ADF800108DF803508DF8024015
:1091D00069463046F9F708FB80213046F9F718FD5B
:1091E000ADF80050104E8DF803508DF802406946DE
:1091F0003046F9F7F9FA10213046F9F709FDADF8D4
:1092000000408DF803508DF80240084C6946204616
:10921000F9F7EAFA01212046F9F7FAFCF8BD000057
:10922000000801407D3A000800100140000C014098
:109230000149012048707047CC020020F7F712FF67
:10924000F8F786F9F9F720FEF9F77CFEF7F76CFFDF
:10925000FCF75AF9FDF778FDFAF724FBF9F7B2FDB0
:10926000F9F74EFEF2E70000F0B50B30154D20F097
:1092700007010024144A0FE003688B420BD38B4292
:1092800005D95E1A43184768C3E9006700E04368E0
:10929000136002C004E0021D10680028ECD12046D3
:1092A000002802D1286808B10020F0BD064A07480E
:1092B0001060074A121A22F00702C0E900240120B8
:1092C0002860D7E7E0020020DC0200205C190020C3
:1092D000582900200149012008707047CC02002065
:1092E0000149012008717047CC02002001494870F3
:1092F000F7F7A9BFC8020020014901208870704714
:10930000CC02002010B500218F20F7F7A6FB00212A
:109310009020F7F7A2FB00219120F7F79EFB002198
:109320009220F7F79AFBF8F701FE00210420F7F7E7
:1093300094FB01210520F7F790FB00210620F7F7A9
:109340008CFB01210720F7F788FB00210820F7F7A5
:1093500084FBBDE81040F8F7B6BC00000000010235
:109360000304010203040607080901020406080AAF
:109370000C102020202020202020010002000400CA
:10938000060008000A000C001000200040008000C9
:109390000001000100010001000130313233343599
:1093A000363738394142434445460000000000004A
:1093B0000000000000000000040404040400000495
:1093C000000014140A00000000000000000000006B
:1093D0000A0A1F0A0A1F0A0A000000040E150506E1
:1093E0000C14150E0400000012150D152E2C2A1257
:1093F00000000000040A0A361515291600000202B2
:10940000010000000000000000001008080404042F
:1094100004040808100002040408080808080404EA
:10942000020000000004150E0E15040000000000EC
:109430000008083E080800000000000000000000CE
:1094400000000202010000000000003F00000000D8
:1094500000000000000000000000000200000020EA
:109460001010080804040202010000000E1111117E
:109470001111110E00000000040604040404040E7F
:10948000000000000E1111080402011F000000007E
:109490000E11100C1010110E00000000080C0C0A28
:1094A000091F081C000000001F01010F1110110E00
:1094B000000000000C12010D1311110E000000003D
:1094C0001E10080804040404000000000E11110E10
:1094D0001111110E000000000E11111916100906CD
:1094E0000000000000000400000000040000000074
:1094F0000000000400000004040000001008040242
:10950000020408100000000000003F003F000000BF
:10951000000000000204081010080402000000000F
:109520000E11110804040004000000001C22292D63
:109530002D1D221C0000000004040C0A0A1E123318
:10954000000000000F12120E1212120F0000000095
:109550001E1101010101110E000000000F12121274
:109560001212120F000000001F120A0E0A02121F30
:10957000000000001F120A0E0A020207000000008D
:109580001C1201013911120C000000003312121ECE
:1095900012121233000000001F0404040404041F0C
:1095A000000000003E080808080808080907000035
:1095B00037120A060A1212370000000007020202E0
:1095C0000202223F000000003B1B1B1B1515153536
:1095D000000000003B1216161A1A121700000000B5
:1095E0000E1111111111110E000000000F12120EB8
:1095F00002020207000000000E1111111117190ECE
:10960000180000000F12120E0A121237000000009C
:109610001E1101060810110F000000001F150404A0
:109620000404040E00000000331212121212120C75
:10963000000000003312120A0A0C040400000000AB
:10964000151515150E0A0A0A000000001B0A0A0467
:10965000040A0A1B000000001B0A0A0A0404040E84
:10966000000000001F0908040402121F00001C046F
:1096700004040404040404041C000002020404049E
:109680000808081010000E0808080808080808084C
:109690000E00040A000000000000000000000000AE
:1096A0000000000000000000003F02040000000075
:1096B00000000000000000000000000C121C123C22
:1096C000000000030202020E1212120E000000003F
:1096D0000000001C1202120C000000181010101CD8
:1096E0001212123C000000000000000C121E021CAE
:1096F000000000182404041E0404041E00000000DE
:109700000000003C120C021C221C00030202020E8C
:109710001212123700000004040000060404040EB4
:10972000000000080800000C0808080808070003EB
:109730000202021A0A060A130000000704040404C5
:109740000404041F000000000000000F151515158B
:10975000000000000000000F12121237000000008D
:109760000000000C1212120C000000000000000F9C
:109770001212120E020700000000001C1212121C2E
:10978000103800000000001B060202070000000065
:109790000000001E020C101E000000000004041E49
:1097A0000404041C000000000000001B1212123C04
:1097B000000000000000001B0A0A04040000000072
:1097C00000000015150E0A0A000000000000001B32
:1097D0000A040A1B000000000000003312120C08EB
:1097E000040300000000001E0804041E0000180806
:1097F0000808080C080808081800080808080808DD
:1098000008080808080806040404040804040404FA
:109810000600160900000000000000000000000023
:109820000000000000000000000000000000000038
:109830000008080808080808000018180000004878
:109840006C24120000000000000000000000000076
:10985000002424247F1212127F1212120000000032
:10986000081C2A2A0A0C1828282A2A1C0808000082
:109870000022251515152A585454542200000000C2
:10988000000C1212120A76252911916E00000006B2
:10989000060403000000000000000000000000407B
:1098A00020101008080808080810102040000002C6
:1098B000040808101010101010080804020000001E
:1098C000000008086B1C1C6B08080000000000006A
:1098D0000000080808087F080808080000000000C9
:1098E0000000000000000000000006060403000065
:1098F000000000000000FE0000000000000000006A
:10990000000000000000000000000606000000004B
:1099100080404020201010080804040202000000CB
:1099200000182442424242424242241800000000F1
:1099300000080E08080808080808083E0000000093
:10994000003C4242422020100804427E00000000F9
:10995000003C4242201820404042221C00000000EF
:1099600000203028242422227E20207800000000BD
:10997000007E0202021A26404042221C0000000023
:1099800000382402021A2642424224180000000035
:10999000007E2222101008080808080800000000B5
:1099A000003C4242422418244242423C0000000053
:1099B00000182442424264584040241C0000000029
:1099C0000000000018180000000018180000000037
:1099D000000000000008000000000008080400006B
:1099E000004020100804020408102040000000007D
:1099F000000000007F0000007F0000000000000069
:109A0000000204081020402010080402000000009A
:109A1000003C424246402010100018180000000090
:109A2000001C225A555555552D42221C000000009D
:109A3000000808181414243C224242E700000000E9
:109A4000001F2222221E22424242221F000000004A
:109A5000007C4242010101010142221C0000000081
:109A6000001F2242424242424242221F00000000A6
:109A7000003F4212121E12120242423F000000003A
:109A8000003F4212121E12120202020700000000E2
:109A9000003C2222010101712122221C0000000051
:109AA00000E7424242427E42424242E7000000005A
:109AB000003E0808080808080808083E00000000E2
:109AC000007C10101010101010101010110F00005A
:109AD000007722120A0E0A121222227700000000DA
:109AE00000070202020202020202427F000000009E
:109AF0000077363636362A2A2A2A2A6B00000000DA
:109B000000E346464A4A5252526262470000000051
:109B1000001C2241414141414141221C0000000002
:109B2000003F424242423E020202020700000000A1
:109B3000001C2241414141414D53321C6000000054
:109B4000003F4242423E1212222242C70000000061
:109B5000007C4242020418204042423E00000000C5
:109B6000007F4908080808080808081C00000000D1
:109B700000E74242424242424242423C0000000070
:109B800000E74242222424141418080800000000B0
:109B9000006B4949494955553622222200000000F0
:109BA00000E7422424181818242442E7000000008B
:109BB00000772222141408080808081C000000007E
:109BC000007E2120101008040442423F000000786B
:109BD00008080808080808080808080878000000AD
:109BE0000202040408080810102020204040001E33
:109BF0001010101010101010101010101E0000384F
:109C00004400000000000000000000000000000010
:109C100000000000000000000000000000FF00063F
:109C2000080000000000000000000000000000002C
:109C300000000000003C4278444242FC000000006A
:109C400000030202021A26424242261A00000000C5
:109C50000000000000384402020244380000000006
:109C60000060404040784442424264D80000000016
:109C700000000000003C427E0202423C0000000066
:109C800000F08808087E08080808083E0000000068
:109C900000000000007C22221C023C42423C0000EA
:109CA00000030202023A4642424242E7000000003C
:109CB000000C0C00000E08080808083E0000000018
:109CC000003030000038202020202020221E0000FC
:109CD000000302020272120A16122277000000002C
:109CE000000E0808080808080808083E00000000E0
:109CF00000000000007F9292929292B70000000054
:109D000000000000003B4642424242E700000000E3
:109D100000000000003C42424242423C0000000081
:109D200000000000001B26424242221E02070000E3
:109D300000000000007844424242447840E00000C5
:109D40000000000000774C040404041F0000000021
:109D500000000000007C42023C40423E0000000047
:109D600000000008083E080808080830000000004D
:109D70000000000000634242424262DC000000003A
:109D80000000000000E7422424140808000000003E
:109D90000000000000EB4949555522220000000058
:109DA00000000000007624181818246E000000003F
:109DB0000000000000E742242414180808070000EF
:109DC00000000000007E22100808447E000000C051
:109DD000202020202010202020202020C000101033
:109DE000101010101010101010101010101000068D
:109DF00008080808081008080808080806000C32B7
:109E0000C200000000000000000000000000000090
:109E10000000000000000000000000000000000042
:109E20000000000000000000000000000000000032
:109E30000000000000000000000000000000000022
:109E40000000000000006000600060006000600032
:109E500060006000400020002000200000000000A2
:109E600000006000600060000000000000000000D2
:109E7000000060066006300398018800440000007E
:109E800000000000000000000000000000000000D2
:109E900000000000000000000000000000000000C2
:109EA0000000000000001002100210021002FE0765
:109EB000FE0708020801080108010801FE07FE0765
:109EC000040104010401040100000000000000007E
:109ED0000000000040004000F00158034C03CC0398
:109EE0004C0058007000E000C001C00140034C036A
:109EF0005C034C034801F0004000400000000000FB
:109F00000000000000000E010A0191009100910084
:109F1000510051003A00AE03A0025004500448041E
:109F2000480448048402840300000000000000008C
:109F300000000000000038006C006C006C006C0039
:109F40006C002C0098071C011A01330133016301D6
:109F5000E300C308C6093C07000000000000000041
:109F600000000C001C00100010000800040000009D
:109F700000000000000000000000000000000000E1
:109F800000000000000000000000000000000000D1
:109F9000000000040002000180008000400040003A
:109FA0002000200020002000200020002000400091
:109FB000400080008000000100020004000000005A
:109FC0000000020004000800100010002000200023
:109FD00040004000400040004000400040002000A1
:109FE0002000100010000800040002000000000023
:109FF000000000000000000000004000C000400021
:10A00000460C4E0FD001F0015E0F460C40004000A0
:10A010004000000000000000000000000000000000
:10A0200000000000000000000000000040004000B0
:10A03000400040004000FE0F400040004000400053
:10A0400040000000000000000000000000000000D0
:10A050000000000000000000000000000000000000
:10A0600000000000000000000000000000000000F0
:10A0700000000C001C00100010000800040000008C
:10A0800000000000000000000000000000000000D0
:10A09000000000000000FE070000000000000000BB
:10A0A00000000000000000000000000000000000B0
:10A0B00000000000000000000000000000000000A0
:10A0C0000000000000000000000000000000000090
:10A0D00000001C001C001C0000000000000000002C
:10A0E00000000004000600020003000100018000DF
:10A0F00080004000400060002000200010001000A0
:10A10000080008000C000400060002000000000027
:10A110000000000000000000F00098010C030C0398
:10A1200006060606060606060606060606060606CF
:10A130000C030C039801F000000000000000000078
:10A14000000000000000000040007C006000600093
:10A1500060006000600060006000600060006000FF
:10A16000600060006000FC030000000000000000D0
:10A170000000000000000000F80084010203060354
:10A180000603000300018001C000600020001000F1
:10A19000080204020602FE030000000000000000A6
:10A1A00000000000000000007800C6008601860163
:10A1B00080018001C00070008001000100030003E5
:10A1C000060306038601F8000000000000000000FE
:10A1D000000000000000000080018001C001A0011B
:10A1E000A00190018801880184018201FE0F800195
:10A1F000800180018001E0070000000000000000F5
:10A200000000000000000000FC0304000400040043
:10A2100004000400F4008C0104030003000306039F
:10A22000060382018401F800000000000000000025
:10A230000000000000000000E00118030C030C0007
:10A2400004000600E60116030E06060606060606CC
:10A2500004060C021803F0000000000000000000DB
:10A260000000000000000000F8070C0604020401D2
:10A2700000010001800080004000400040006000BC
:10A28000600060006000600000000000000000004E
:10A290000000000000000000F8010C03060606069E
:10A2A00006060C021C03F000C8010C030606060695
:10A2B000060606060C03F001000000000000000086
:10A2C0000000000000000000F0000C010C0306027A
:10A2D00006060606060606078C0678060006000334
:10A2E00000030C018C017800000000000000000059
:10A2F000000000000000000000000000000000005E
:10A300000000E000E000E0000000000000000000AD
:10A310000000E000E000E00000000000000000009D
:10A32000000000000000000000000000000000002D
:10A33000000060006000000000000000000000005D
:10A3400000000000600060004000200020000000CD
:10A350000000000000000004000200018000400036
:10A360002000100008000400080010002000400039
:10A370008000000100020004000000000000000056
:10A3800000000000000000000000000000000000CD
:10A390000000FE07000000000000FE0700000000B3
:10A3A00000000000000000000000000000000000AD
:10A3B0000000000000000400080010002000400021
:10A3C0008000000100020004000200018000400043
:10A3D0002000100008000400000000000000000041
:10A3E0000000000000000000E0031806040C040C4C
:10A3F0000C0C0C0C000780014000400040000000E5
:10A400000000E000E000E0000000000000000000AC
:10A41000000000000000E00018030C02CC056405F9
:10A420006605A605B604B604B604B604B602E40191
:10A430000C040C021803F0000000000000000000F3
:10A440000000000000000000600060005000D0002C
:10A4500090009000880088010801F80104030403BB
:10A460000402020202060F0F0000000000000000BC
:10A470000000000000000000FE008C030C030C0331
:10A480000C030C038C01FC000C030C020C060C06E4
:10A490000C060C060C03FE0100000000000000008A
:10A4A0000000000000000000E00318030C060C048C
:10A4B0000404060006000600060006000600060466
:10A4C0000C040C021803F000000000000000000063
:10A4D00000000000000000007F008C010C030C0352
:10A4E0000C060C060C060C060C060C060C060C06DC
:10A4F0000C030C038C017F00000000000000000032
:10A500000000000000000000FF030603060406042C
:10A51000060086008600FE00860086008600060093
:10A52000060406040602FF0300000000000000000D
:10A530000000000000000000FF03060306040604FC
:10A54000060086008600FE00860086008600060063
:10A550000600060006001F000000000000000000CA
:10A560000000000000000000F00018010C020C02C6
:10A5700004020600060006000600C60F06030603D6
:10A580000C030C031803F0000000000000000000A2
:10A5900000000000000000000F0F06060606060679
:10A5A000060606060606FE07060606060606060652
:10A5B0000606060606060F0F000000000000000059
:10A5C0000000000000000000FC036000600060006C
:10A5D000600060006000600060006000600060007B
:10A5E000600060006000FC0300000000000000004C
:10A5F0000000000000000000F807C000C000C0001C
:10A60000C000C000C000C000C000C000C000C0004A
:10A61000C000C000C000C000C60066003C000000D2
:10A620000000000000000000CF038601C6004600C5
:10A630002600160036002E006E004600C60086007A
:10A640008601060106038F070000000000000000DD
:10A6500000000000000000001F00060006000600C9
:10A6600006000600060006000600060006000600BA
:10A67000060406040602FF030000000000000000BC
:10A6800000000000000000000707860386038E0319
:10A690008E034E034E034A035A035A033A0332030E
:10A6A000320332031203870700000000000000009D
:10A6B00000000000000000008E0F0C021C021C02B3
:10A6C00034023402640264024402C4028402840339
:10A6D0008403040304031F020000000000000000C4
:10A6E0000000000000000000F00098010C030C02C4
:10A6F00006060606060606060606060606060606FA
:10A700000C020C039801F0000000000000000000A3
:10A710000000000000000000FF0006030606060619
:10A720000606060606068603FE000600060006006C
:10A730000600060006001F000000000000000000E8
:10A740000000000000000000F00098010C030C0263
:10A750000606060606060606060606060606760629
:10A760004C02CC039801F0008007000300000000B9
:10A770000000000000000000FF01060306060606B8
:10A78000060606060603FE004600C6008600860191
:10A790000603060306060F0E00000000000000007E
:10A7A0000000000000000000F8020C030602060290
:10A7B00006000E003C00F800E003800300070206DC
:10A7C000020606060C03F001000000000000000075
:10A7D0000000000000000000FE076204610861083C
:10A7E0006000600060006000600060006000600069
:10A7F000600060006000F801000000000000000040
:10A8000000000000000000001E070C020C020C02F9
:10A810000C020C020C020C020C020C020C020C02C8
:10A820000C020C021801F000000000000000000003
:10A8300000000000000000000F07060204010401F0
:10A840000C010C018800880098009800500050000E
:10A850007000300020002000000000000000000018
:10A860000000000000000000F70E620442044604ED
:10A87000460464026402E402E4029C029C01980122
:10A880009801880188008800000000000000000096
:10A8900000000000000000009E070C0108011801E4
:10A8A0009000B0006000200060006000D0009000C8
:10A8B0008801080104038E0700000000000000006A
:10A8C00000000000000000000F0F060404020C024C
:10A8D00008011801B800B00070006000600060005E
:10A8E000600060006000F80100000000000000004F
:10A8F0000000000000000000FC070C02060302013B
:10A90000800180004000400020002000100018005E
:10A9100008040C040402FE03000000000000000014
:10A920000000E00320002000200020002000200084
:10A930002000200020002000200020002000200017
:10A9400020002000200020002000E0030000000084
:10A9500000000000000004000400080008001000CF
:10A96000100010002000200040004000C0008000C7
:10A97000800000010001000200020002000400004B
:10A9800000007C00400040004000400040004000CB
:10A9900040004000400040004000400040004000B7
:10A9A000400040004000400040007C0000000000EB
:10A9B000600090000801000000000000000000009E
:10A9C0000000000000000000000000000000000087
:10A9D0000000000000000000000000000000000077
:10A9E0000000000000000000000000000000000067
:10A9F0000000000000000000000000000000000057
:10AA0000000000000000000000000000FF0F000038
:10AA100000001800600000000000000000000000BE
:10AA20000000000000000000000000000000000026
:10AA30000000000000000000000000000000000016
:10AA40000000000000000000000000000000000006
:10AA50000000F0010C030C030003E0031C030E03D1
:10AA6000060306038E0B7C0E0000000000000000B1
:10AA700000000000000008000E000C000C000C009C
:10AA80000C00CC013C031C060C060C060C060C0644
:10AA90000C060C021C03E401000000000000000092
:10AAA00000000000000000000000000000000000A6
:10AAB0000000F0008C018C018601060006000600F3
:10AAC00006020C020C01F000000000000000000073
:10AAD0000000000000000002C003000300030003A8
:10AAE000000378038C030C03060306030603060326
:10AAF000060304038C07780100000000000000003A
:10AB00000000000000000000000000000000000045
:10AB10000000E001180308020C060C06FC070C00FC
:10AB20000C0018041802E001000000000000000002
:10AB30000000000000000000C00360063006300086
:10AB40003000FE01300030003000300030003000B6
:10AB5000300030003000FC01000000000000000068
:10AB600000000000000000000000000000000000E5
:10AB70000000F007D8068C018C018C019801F800C8
:10AB80000C00FC00CC03060306038E03F800000053
:10AB900000000000000008000E000C000C000C007B
:10ABA0000C00EC011C030C030C030C030C030C0342
:10ABB0000C030C030C039E070000000000000000C3
:10ABC00000000000000000006000600000000000C5
:10ABD00040007C0060006000600060006000600079
:10ABE000600060006000FC03000000000000000046
:10ABF0000000000000000000C001C00100000000D3
:10AC00000001F0018001800180018001800180014C
:10AC100080018001800180018001CC007C00000067
:10AC200000000000000008000E000C000C000C00EA
:10AC30000C008C038C008C004C006C005C008C00C1
:10AC40008C010C010C039E070000000000000000B6
:10AC500000000000000040007C0060006000600018
:10AC600060006000600060006000600060006000E4
:10AC7000600060006000FC030000000000000000B5
:10AC800000000000000000000000000000000000C4
:10AC900000003707EE066606660666066606660666
:10ACA000660666066606FF0F000000000000000052
:10ACB0000000000000000000000000000000000094
:10ACC0000000EE011C030C030C030C030C030C032B
:10ACD0000C030C030C039E070000000000000000A2
:10ACE0000000000000000000000000000000000064
:10ACF0000000F00098010C0306060606060606068C
:10AD000006060C030C03F000000000000000000029
:10AD10000000000000000000000000000000000033
:10AD20000000EE011C030C060C060C060C060C06BB
:10AD30000C060C031C03EC010C000C003E00000090
:10AD40000000000000000000000000000000000003
:10AD5000000078028C030C030603060306030603B7
:10AD6000060304038C03780300030003C0070000FC
:10AD700000000000000000000000000000000000D3
:10AD800000009F0358063806180018001800180025
:10AD9000180018001800FF0000000000000000006C
:10ADA00000000000000000000000000000000000A3
:10ADB0000000F0031C030C020C023800F000C0037A
:10ADC000040304038C03FC010000000000000000E9
:10ADD0000000000000000000000020002000300003
:10ADE0003000FE0130003000300030003000300014
:10ADF000300030023002E0010000000000000000DE
:10AE00000000000000000000000000000000000042
:10AE100008028E030C030C030C030C030C030C033D
:10AE20000C030C039C0778010000000000000000E8
:10AE30000000000000000000000000000000000012
:10AE400000001E070C020801080118019000B00064
:10AE5000B000600060002000000000000000000062
:10AE600000000000000000000000000000000000E2
:10AE70000000F70E6204460464026402EC029C01C6
:10AE800098019801980108000000000000000000EF
:10AE900000000000000000000000000000000000B2
:10AEA0000000BC0718011001B00060006000E00065
:10AEB0009000080108039E07000000000000000049
:10AEC0000000000000000000000000000000000082
:10AED00000009E0708010801080190009000B000E2
:10AEE0006000600060002000200024001C000000C2
:10AEF0000000000000000000000000000000000052
:10AF00000000FC018401C400440060002000300007
:10AF1000180208020C03FC01000000000000000001
:10AF2000000000038000800080008000800080001E
:10AF300080008000400020004000800080008000F1
:10AF4000800080008000800080000003000040003E
:10AF500040004000400040004000400040004000F1
:10AF600040004000400040004000400040004000E1
:10AF70004000400040004000400040004000000011
:10AF800000000C0010001000100010001000100055
:10AF900010001000200040002000100010001000E1
:10AFA000100010001000100010000C000000000045
:10AFB0001C002204C2048003000000000000000006
:10AFC0000000000000000000000000000000000081
:10AFD0000000000000000000000000000000000071
:10AFE0000000000000000000000000000000000061
:10AFF000000001FFFF0000FFFF000082040000824C
:10B000000400008204000082040000820400008228
:10B010000400008204003FFFFFF81FFFFFFC1082C6
:10B02000040C0082040C0082040C0082040C0082D8
:10B03000040C0082040C0082040C0082040C01FF4A
:10B04000FE0C00FFFE0C0000000C0000001C0000C5
:10B0500001FC0000000800000000000000000000EB
:10B0600000000000000200000004000000180000C2
:10B07000007000000FC80FFFFF080FFF80080800D6
:10B08000000808010008080100080801000808017C
:10B0900000080801000808010008080100080BFF6B
:10B0A000FFF809FFFFF809810008080100080801FE
:10B0B0000008080110080801180808010E08080314
:10B0C00007C8180303C83801000818000018080052
:10B0D0000018000000080000000000000000000050
:10B0E00000000000000000100200000C0200000F31
:10B0F000033C080707FC06001F800780700203035B
:10B100008004000C0004003000180200003002042B
:10B1100007E00207FF80020E4000021600000264F2
:10B12000000032C480021F847FFC1E8440000204A1
:10B13000000002040000020400000224FFFC021CC4
:10B140007FEC020E00040607000406000004020063
:10B1500000FC0000001C00000008000000000000CF
:10B1600000000000000001000180010001C001009A
:10B17000018001000180010003000100030001FFC4
:10B18000FE0001FFFE0201000404010004040100AE
:10B1900004080300081803100810011008600010CC
:10B1A00000C00010018000100F000010FC103FFFD5
:10B1B000E0101FF80008101000080010000C00102C
:10B1C000000E0010000C001001FC001FFFF0003FFB
:10B1D000E00000100000000000000000000000007F
:10B1E0000000000000000000010002001100024009
:10B1F00039000260310002306100023C410002105F
:10B20000810002010100020C3100021C3100023CED
:10B2100071000268B10033C9A1001F8B3FFE1E0EF2
:10B220002FFC020C21000238A100027061000220F4
:10B230007900020431000209010002188100023085
:10B24000C1000260C100062071000200330000004E
:10B2500003000000010000000000000000000000EA
:10B2600000000000000000000000000000020000DC
:10B27000000400000008000002080FF847100890C2
:10B28000E7300890C6600890CAE008914BC008916A
:10B290004A48089252080896520C089C640E0FF413
:10B2A00067FC089047F80890C40008908400089153
:10B2B00084000891A480089014C008901C40089055
:10B2C0000C601FF80E30080007380000001C00005A
:10B2D000000000000000000000000000000000006E
:10B2E000000000040000000400000004000000044E
:10B2F000000020040000100400100C0FFFF80F04E1
:10B30000003807000060000000C000040180000455
:10B31000020000040000000400000004000000041B
:10B32000000000040000000400003FFFFFFE1FFFBC
:10B33000FFFC1004000000040000000400000004F2
:10B3400000000004000000040000000C0000000CDD
:10B3500000000004000000000000000000000000E9
:10B3600000000000000000000000000000000000DD
:10B37000000001FFFF0000FFFF00008204000082C8
:10B3800004000082040000820400008204000082A5
:10B390000400008204003FFFFFF81FFFFFFC108243
:10B3A000040C0082040C0082040C0082040C008255
:10B3B000040C0082040C0082040C0082040C01FFC7
:10B3C000FE0C00FFFE0C0000000C0000001C000042
:10B3D00001FC000000080000000000000000000068
:10B3E000000000000000004000000070000000EFBE
:10B3F000FFFE01A7FFFC03244200062442001C2498
:10B40000420818244208102442080044420C024416
:10B41000420E01CFFFFC01E4000000F0000000003C
:10B420000000000000001FF87FF81FFE7FFC0846A8
:10B43000020C0082020C0082040C01820C0C03023C
:10B44000180C0702380C0202300C0006100C003EEB
:10B4500001FC0004000800000000000000000000E3
:10B4600000000100000001038300010F03000179C7
:10B47000020007C102003F010200193FFFFE111F39
:10B48000FFFE01110400010304000305040001098B
:10B490000400001FFFFE0033FFFC0062220000D208
:10B4A000220003A222040F13FFFE3C17FFFC181218
:10B4B0000000141000000330000001F1FFC800D0AC
:10B4C00000080060000C0030000E003BFFFC001A7A
:10B4D000000000100000001000000000000000004C
:10B4E000000000000000000000000000000000005C
:10B4F000000800011FFC01FF8FF801FF0008000198
:10B500000008000100080001000800010008000117
:10B51000000800010008000100083FFFFFF81FFFBE
:10B52000FFF81001000800010008000100080001F8
:10B53000000800010008000100080001000803FFE6
:10B54000800801FF9FFE01000FFE000008000000C0
:10B5500000000000000000000000000000000000EB
:10B5600000000000000000402000004030100040BB
:10B570006008004060080040400C0040C00E3FFFE3
:10B58000FFFC1FFFFFF8004100000041000000C267
:10B59000000000C2000002400000020000000200A3
:10B5A0000000020000100200000802000008020073
:10B5B000000E03FFFFFC03FFFFFC0200000002007F
:10B5C000000002000000020000000600000006006B
:10B5D0000000020000000000000000000000000069
:10B5E000000000000000000100020401000404014A
:10B5F00000040401000804010010040100200401FB
:10B6000000C00401038007FFFF0007FFF8000401EA
:10B610000000040100000401000004010000040116
:10B62000000004010000040100000401000007FF05
:10B63000FFFE07FFFFFC04010000040100000401FD
:10B6400000000C0100001C0100000C0300000403BA
:10B6500000000001000000000000000000000000E9
:10B660000000000000000000400200004002002036
:10B670004004002040040020400800204018002022
:10B68000401010204020182040600E2040C007A02D
:10B69000438003A0470000207C00003FF800003FEB
:10B6A000C0000020600000E0580003A046003E20DB
:10B6B00043801C2040C018204060002040700020C3
:10B6C0004038002040180060401C0060C00C002082
:10B6D000C00C000040080000000000000000000056
:10B6E000000000000000000000000000000003FF58
:10B6F000FFFE03FFFFFC010000002000010018080E
:10B7000001001E0802000E080400000808000008DE
:10B710001000040860800408C040040B8040040E40
:10B72000007007FFFFE005FFFFC004880000040869
:10B7300000000408000004080008041800080408B9
:10B74000000C0408000E07FFFFFE0FFFFFFC0400C3
:10B7500000000000000000000000000000000000E9
:10B7600000000001000000062000000C200000780E
:10B77000200003C820003F0FFFF01D0FFFF8110845
:10B78000203001082062010820C2031860820108ED
:10B7900021040000000408000004043FFF08071F04
:10B7A000FE0803D0001000100030001000E03FF34E
:10B7B000FF801FF3FE001011008000500040009039
:10B7C0000040031000200E3FFE300C100038000037
:10B7D000001C0000000E000000000000000000003F
:10B7E0000000000000000040200000403010004039
:10B7F0006008004060080040400C0040C00E3FFF61
:10B80000FFFC1FFFFFF0104180000041000000C15D
:10B81000000000C200000042000000000000000024
:10B82000000000FFFFFC00FFFFF8008000400080E8
:10B830000040008000400080004000800040008008
:10B8400000400080004000FFFFFC01FFFFF8008087
:10B8500000000000000000000000000000000000E8
:10B8600000000000040001000800010010000100B9
:10B870003000010060000100C0000103FFFE010371
:10B88000FFFC010E0010011C00100170801003C0AD
:10B8900080100F0080103D008010110080101100FA
:10B8A000801001008010017FFFF0013FFFF00100D8
:10B8B0008010010080100100801001008010010044
:10B8C000801001018010030180100300803001000E
:10B8D0000030000000100000000000000000000028
:10B8E0000000000000000200000002000000020052
:10B8F0003FFE02001FFE0201100003FF900002FF46
:10B900009000028310C0020310C0028511C00245DE
:10B9100012C022491CC0324938801A31F0801E31D1
:10B92000D0800A71548002D9128002CD1380020F98
:10B930001180020111C8030110E802FF900802FF04
:10B94000900C0200100E02003FFC06001FF00600E3
:10B9500000000200000000000000000000000000E5
:10B9600000000000000000040830000E0C3000341D
:10B970001E3000E43C200384EC201F0588601C0777
:10B980000840080C08400038104400F0504400D033
:10B9900050840010408800108008001080100010B3
:10B9A0008030001080203FFFF060101FFFC000209B
:10B9B00087C0002083E0082107700C210E38062183
:10B9C0001C1C07E1780C00E3300E0063101E0023FE
:10B9D00000FE000100020000000000000000000066
:10B9E0000000000000000000000800000008000047
:10B9F0000008000000080000000800000008000027
:10BA00000008000000080000000800000008000016
:10BA10000008000000083FFFFFF81FFFFFF81004B8
:10BA200000080004000800040008000400080004E6
:10BA30000008000400080004000800040008000CCE
:10BA40000008000C000800040008000000180000B6
:10BA500000180000000800000000000000000000C6
:10BA6000000000000002000C000C00100030007FFD
:10BA7000FFC001DFFC00071088003E108800121F85
:10BA8000FFF8123FFFF002D08800039088040310F3
:10BA90008806003FFFFC00100000000406000808B4
:10BAA0001A00081072000833C20008E342000FC2F7
:10BAB00042000E004200082FFFFE0827FFFC08147A
:10BAC000420008184200083842001FF0C200080077
:10BAD0004600000002000000000000000000080115
:10BAE00030022204227822042202A20263FE2222D1
:10BAF00022222222222222222802300200000000DA
:10BB00003FFC2108210821083FFC000008000880B4
:10BB1000086008020801FFFE08000800000000009D
:10BB200000000FF00820082008200820FFFF082050
:10BB30000820082008200FF000000000000000404E
:10BB400040404040404040404141414141404040F0
:10BB50004040404040404040404040404040400520
:10BB60000202020202020202020202020202022097
:10BB70002020202020202020200202020202020297
:10BB800090909090909010101010101010101010B5
:10BB900010101010101010101010020202020202F9
:10BBA0008888888888880808080808080808080815
:10BBB00008080808080808080808020202024000ED
:10BBC0003FBB000849535F4E5649435F5355425FA0
:10BBD0005052494F52495459284E5649435F496E75
:10BBE00069745374727563742D3E4E5649435F49B0
:10BBF00052514368616E6E656C5375625072696F25
:10BC0000726974792900000049535F4E5649435FB9
:10BC1000505245454D5054494F4E5F5052494F5236
:10BC2000495459284E5649435F496E69745374729A
:10BC30007563742D3E4E5649435F495251436861C6
:10BC40006E6E656C507265656D7074696F6E507262
:10BC5000696F72697479290049535F555341525491
:10BC60005F48415244574152455F464C4F575F43EE
:10BC70004F4E54524F4C2855534152545F496E69B0
:10BC8000745374727563742D3E4861726477617287
:10BC900065466C6F77436F6E74726F6C290000009D
:10BCA0002E2E5C2E2E5C2E2E5C323032353132330D
:10BCB000302D2DB2BBB4F84C76676C5C4E333247F6
:10BCC00034353752454C375C6669726D7761726501
:10BCD0005C6E3332673435785F7374645F7065729D
:10BCE0006970685F6472697665725C7372635C6EBA
:10BCF0003332673435785F657874692E63000000ED
:10BD000020BD000800000020E80200005A090008D9
:10BD100064BE0008E802002070660000A0830008EE
:10BD2000111810E1F5053132313030323235303909
:10BD30003230015232024A01036380252808C18152
:10BD40004001C0804104690C2908E918A91C091A9E
:10BD500030091638093660092E70092F6000FF007F
:10BD6000C0C101C30302C2C60607C705C5C404CCCF
:10BD70000C0DCD0FCFCE0E0ACACB0BC90908C8D8FF
:10BD80001819D91BDBDA1A1EDEDF1FDD1D1CDC14BF
:10BD9000D4D515D71716D6D21213D311D1D010F08F
:10BDA0003031F133F3F23236F6F737F53534F43C0F
:10BDB000FCFD3DFF3F3EFEFA3A3BFB39F9F83828DF
:10BDC000E8E929EB2B2AEAEE2E2FEF2DEDEC2CE4FF
:10BDD0002425E527E7E62622E2E323E12120E0A06F
:10BDE0006061A163A3A26266A6A767A56564A46C4F
:10BDF000ACAD6DAF6F6EAEAA6A6BAB69A9A868787F
:10BE0000B8B979BB7B7ABABE7E7FBF7DBDBC7CB43E
:10BE10007475B577B7B67672B2B373B17170B0504E
:10BE20009091519353529296565797559594549C8E
:10BE30005C5D9D5F9F9E5E5A9A9B5B99595898885E
:10BE40004849894B8B8A4A4E8E8F4F8D4D4C8C447E
:10BE5000848545874746868242438341818002200C
:04BE6000400000009E
:040000050800019955
:00000001FF
