:020000040800F2
:1000000048690020AD010008AD460008012E000837
:10001000853F0008651100088D820008000000007F
:10002000000000000000000000000000BF01000808
:100030006711000800000000C3010008BD6200084D
:10004000C7010008C7010008C7010008C701000870
:10005000C7010008C7010008C7010008C701000860
:100060005D1A0008C7010008C7010008C7010008A1
:10007000C7010008C7010008C7010008C701000840
:10008000C7010008C7010008C7010008C701000830
:10009000C7010008C7010008C7010008C701000820
:1000A000C7010008C7010008C7010008C701000810
:1000B000C7010008C7010008C7010008C701000800
:1000C000C7010008C7010008C7010008C7010008F0
:1000D000C7010008C701000859760008B17600087A
:1000E000C7010008C7010008C7010008C7010008D0
:1000F000C7010008C7010008C7010008C7010008C0
:10010000C7010008C7010008C7010008C7010008AF
:1001100039760008C7010008616D0008C7010008B2
:10012000C7010008C7010008C7010008C70100088F
:10013000C7010008C7010008C7010008C70100087F
:10014000C7010008C7010008C7010008C70100086F
:10015000C7010008C7010008C7010008C70100085F
:10016000C7010008C7010008C7010008C70100084F
:10017000C7010008C7010008C7010008C70100083F
:10018000C7010008C7010008C7010008C70100082F
:10019000C7010008C7010008DFF80CD000F05AFBC7
:1001A000004800470192000848690020064880473F
:1001B00006480047FEE7FEE7FEE7FEE7FEE7FEE74C
:1001C000FEE7FEE7FEE7FEE7C162000899010008CE
:1001D00040EA01039B0703D009E008C9121F08C0C9
:1001E000042AFAD203E011F8013B00F8013B521E49
:1001F000F9D27047D2B201E000F8012B491EFBD2C0
:1002000070470022F6E710B513460A460446194621
:10021000FFF7F0FF204610BD30B505462A460B46D5
:1002200012F8010B13F8014B08B1A042F8D01CB131
:10023000002802D06D1CF1E7284630BDCAB2401E2E
:1002400010F8011F8A4202D00029F9D1002070471E
:10025000421C10F8011B0029FBD1801A704770B5B1
:10026000064608F085F8046805460A220021304653
:1002700000F015F92C6070BD2DE9FE4F81EA0304F2
:1002800004F0004421F0004100944FF0000B23F0F3
:10029000004350EA01045ED052EA03045BD0C3F38A
:1002A0000A54C1F30A552C44A4F2F3340194A0FB80
:1002B0000254C1F3130141F48011C3F3130343F457
:1002C000801301FB024400FB034E840A970A44EAB0
:1002D000815447EA8357A4FB076802958D0A05FB02
:1002E00007854FEA932C04FB0C542705029D4FEA27
:1002F000065847EA1637B5EB08056EEB070C870E74
:10030000920E47EA811742EA8312A7FB0201B6EB7D
:100310000B0164EB00042B0D43EA0C335E1844EB35
:100320001C50DA465146E7FB0201C5F313044FEABD
:100330000B3343EA14534FEA0432019C43EA0603A9
:10034000A4F10C040294009CCDE900B400F0EEF896
:1003500003B0BDE8F08F00200146F9E70EB5C10FEC
:1003600080EAE0700844CA07002140F233438DE878
:100370000E000A460B4600F0D9F803B000BD0EB5DA
:1003800040F2334102910021CDE900110A460B46AB
:1003900000F0CCF803B000BDC1F30A5210B5C1F3B0
:1003A000130140F2FF3341F480119A4201DA002038
:1003B00010BD40F233439A42A2F2334203DC524270
:1003C00000F05DF810BD904010BD00F0004230F02C
:1003D00000400AD0C10D01F56071C0F3160042EA79
:1003E0000151C20840071143704700200146704781
:1003F00030B50B46014600202022012409E021FAF5
:1004000002F59D4205D303FA02F5491B04FA02F5F1
:100410002844151EA2F10102F1DC30BD2DE9F05F88
:100420000546002092469B46884606468146402463
:100430001BE0284641464746224600F020F8534636
:100440005A46C01A914110D311461846224600F070
:1004500013FA2D1A67EB01084F46224601200021AE
:1004600000F00AFA17EB00094E41201EA4F1010426
:10047000DFDC484631462A464346BDE8F09F202A45
:1004800004DB203A21FA02F00021704721FA02F33E
:10049000D040C2F1200291400843194670472DE92F
:1004A000F04791460F4680460446002614F8015B4B
:1004B0002DB100F003FA0068405DC007F6D12B2D86
:1004C00002D02D2D18D0641E4A463946204600F031
:1004D000F9F927B13968A14201D1C7F80080710547
:1004E0004FF002040BD54042002803DD07F040FF27
:1004F0000460A007BDE8F08746F48066E4E70028C2
:10050000F8DA07F035FF04606FF00040F2E710B54D
:10051000141E73F1000408DA401C41F10001921826
:100520005B411A4301D120F0010010BD2DE9F04DCF
:1005300092469B4611B1B1FA81F202E0B0FA80F224
:100540002032904600F098F904460F4640EA0A002F
:1005500041EA0B0153465A46084313D0114653EA69
:10056000010019D0C8F140025046FFF788FF054648
:100570000E4650465946424600F07EF9084305D0E3
:10058000012004E020463946BDE8F08D00200543F7
:1005900046EAE0762C4337430A986305E40AA0EB69
:1005A00008000022FD0A44EA47540A3002D5002020
:1005B0000146E9E7010510196941DDE9084500191F
:1005C0006941BDE8F04DA2E72DE9FE4F804681EA82
:1005D0000300C00F0C46009021F0004123F00045BD
:1005E000B8EB0200A94105D24046214690461C4680
:1005F0000B46024623F00040104347D0270DC7F3B7
:100600000A00C3F30A510290401A019040286BDAA5
:10061000C3F3130040F4801B0098924620B10023DE
:10062000D2EB030A63EB0B0B01985946C0F1400271
:10063000504600F021F906460D4650465946019AAB
:1006400000F029F910EB08006141002487EA1152FB
:1006500084EAE7731A4340D0009A62B3019A012AF0
:100660004FEA075215DC001B61EB02014FF000421C
:1006700002EA0752CDE90042001C41F580113246E2
:100680002B46FFF753FF03B0BDE8F08F40462146ED
:10069000F9E7001B61EB0201001C41F58013001813
:1006A0005B412018A2F5001747EB030140EAD57023
:1006B000B6196D4111E06D084FEA360645EAC0757E
:1006C0004FEA0752001B61EB0201001C41F580114B
:1006D00049084FEA30000019514132462B4603B019
:1006E000BDE8F04FFFF713BF009801224000002340
:1006F000D0EB020263EBE073009821464FEAE0740E
:10070000B8EB000061EB0401E9E783F000435BE72D
:1007100081F0004158E72DE9F04D81EA030404F02F
:10072000004B21F0004514464FF0000A23F0004131
:1007300050EA050220D054EA01021DD0C5F30A5741
:100740000246C5F31303C1F31300C1F30A5640F484
:10075000801543F48013A7EB0608101BD64608F259
:10076000FD3873EB050002D308F1010801E092188F
:100770005B41B8F1000F03DA00200146BDE8F08DBF
:1007800000204FF48011064684460EE0171B73EBE1
:10079000050705D3121B63EB050306434CEA010C66
:1007A00049084FEA300092185B4150EA0107EDD149
:1007B00052EA030012D082EA040083EA05010843EA
:1007C00005D0101BAB4106D20122002306E0002217
:1007D0004FF0004302E06FF0010253101AEB0600E5
:1007E0004CEB085110EB0A0041EB0B01BDE8F04D5A
:1007F000FFF78DBEC1F30A52C1F3130140F2FF337C
:1008000041F480119A4202DA00200146704740F21A
:1008100033439A42A2F2334202DC5242FFF72FBE28
:1008200000F02AB830B5041E71F1000404DB4FF06B
:100830000044404264EB0101141E73F1000405DB27
:100840001C464FF00043524263EB0403994208BF39
:10085000904230BD064C074D06E0E06840F00103D1
:1008600094E8070098471034AC42F6D3FFF798FCA1
:10087000C4BC0008E4BC0008202A04DB203A00FACB
:1008800002F1002070479140C2F1200320FA03F3E7
:10089000194390407047202A06DBCB17203A41FAD3
:1008A00002F043EAE07306E041FA02F3D040C2F1FD
:1008B00020029140084319467047000000487047E5
:1008C00084BB00082DE9F05F8246007800271546BA
:1008D0008B460AF10104B946302801D09DB113E0DE
:1008E00014F8010B0127782803D0582801D045B10E
:1008F0000AE00DB1102D07D10027102514F8010BC7
:1009000002E0082500E00A250026B0460EE005FBBF
:10091000080005FB06F1012701EB10461FFA80F8DD
:10092000B6F5803F00D3B94614F8010B294600F014
:1009300018F80028EBDABBF1000F05D00FB1641EE8
:1009400000E05446CBF80040B9F1000F06D007F0A4
:100950000FFD02210160C81EBDE8F09F48EA064075
:10096000FAE73A2800D2303820F02002412A01D399
:10097000A2F13700884201D34FF0FF30704770B5C5
:100980008C1810F8015B15F0070301D110F8013B3A
:100990002A1106D110F8012B03E010F8016B01F8C1
:1009A000016B5B1EF9D12B0705D40023521E0DD419
:1009B00001F8013BFAE710F8013BCB1A921C03E067
:1009C00013F8015B01F8015B521EF9D5A142D8D39F
:1009D000002070BDF8B54FF40050ADF800001025B0
:1009E0000E4E8DF8035001248DF8024069463046C2
:1009F00001F02CFF2103ADF800108DF803508DF8A5
:100A000002406946304601F021FF6103304602F0A2
:100A100031F92103304602F02DF9F8BD000C0140F8
:100A200070B5C0F307110E2202EAD10200F00F00E8
:100A300001F00F0142F0A00440EA011502F09CFB16
:100A400004F0FE0002F05AFB02F0E4FB284602F03C
:100A500055FB02F0DFFB02F08FFB44F0010002F0D7
:100A60004DFB02F0D7FB002002F0CAFA044602F068
:100A7000ADFB44F6206008F073F9204670BD70B5F8
:100A800002460E46C0F307100E2101EAD00102F023
:100A90000F0200F00F0041F0A00442EA001502F03E
:100AA0006BFB204602F02AFB02F0B4FB284602F062
:100AB00025FB02F0AFFB304602F020FB02F0AAFB60
:100AC00002F084FBBDE8704044F6206008F048B9AD
:100AD00070B51D4C0025607B10B1012813D010E0CB
:100AE0002079401C207103F0CBFD0C2117A007F0EA
:100AF000B1FB64216570194A0F2007F0F3FB012058
:100B00006073002070BD03F0AFFD002808BF70BD0A
:100B1000134E306804F04EFA01461248326801F074
:100B200095FA11A10F48FFF777FB00281EBF6573E8
:100B3000012070BD20790A2898BF6573E1D925711D
:100B40006573022070BD00003C00002041542B5111
:100B5000494143543D310D0A00000000A146000800
:100B600038000020001100204F4B00000146064ACB
:100B700009780020135C994208BF7047401CC0B23E
:100B80000A28F7D3704700005E9300082DE9F001B2
:100B90004FF0000C002A88BF154C24D911F81C60B6
:100BA000002314F80380464504BF1D072D0E5B1C6F
:100BB000DBB2102BF5D301EB4C060023767814F84A
:100BC0000380464508BF03F00F075B1CDBB2102B08
:100BD000F5D345EA070300F80C300CF101031FFAC6
:100BE00083FC9445DAD3BDE8F0015008704700005B
:100BF0005E93000838B5044600200090042C18BF0E
:100C0000082C54D00C2C18BF102C50D0142C18BF0A
:100C1000182C4CD01C2C18BF202C48D0242C18BFCA
:100C2000282C44D0402C18BF442C40D0482C18BF4E
:100C30004C2C3CD0502C18BF542C38D0582C18BFFA
:100C40005C2C34D0602C18BF642C30D0682C18BFBA
:100C50006C2C2CD0702C18BF742C28D0782C18BF7A
:100C60007C2C24D0802C18BF842C20D0882C18BF3A
:100C70008C2C1CD0902C18BF942C18D0982C18BFFA
:100C80009C2C14D0A02C18BFA42C10D0A82C18BFBA
:100C9000AC2C0CD0B02C18BFB42C08D0B82C18BF7A
:100CA000BC2C04D0C62205A112A007F0C3FF04F19A
:100CB000804000F5D8400090008838BD2E2E5C663C
:100CC00069726D776172655C6E3332673435785F57
:100CD0007374645F7065726970685F647269766569
:100CE000725C7372635C6E3332673435785F626B4B
:100CF000702E630049535F424B505F444154284279
:100D00004B505F444154290038B5044600200D463D
:100D10000090042C18BF082C54D00C2C18BF102C99
:100D200050D0142C18BF182C4CD01C2C18BF202CC1
:100D300048D0242C18BF282C44D0402C18BF442C59
:100D400040D0482C18BF4C2C3CD0502C18BF542CF1
:100D500038D0582C18BF5C2C34D0602C18BF642CB1
:100D600030D0682C18BF6C2C2CD0702C18BF742C71
:100D700028D0782C18BF7C2C24D0802C18BF842C31
:100D800020D0882C18BF8C2C1CD0902C18BF942CF1
:100D900018D0982C18BF9C2C14D0A02C18BFA42CB1
:100DA00010D0A82C18BFAC2C0CD0B02C18BFB42C71
:100DB00008D0B82C18BFBC2C04D0B32205A113A0B6
:100DC00007F038FF04F1804000F5D840009005603E
:100DD00038BD00002E2E5C6669726D776172655CAD
:100DE0006E3332673435785F7374645F706572692F
:100DF00070685F6472697665725C7372635C6E338F
:100E000032673435785F626B702E630049535F42FE
:100E10004B505F44415428424B505F444154290099
:100E20002DE9F0415C4C8188A1808179A171B0F8F5
:100E300001102180C178A170B0F807102181417A9A
:100E4000A1724189A181017BA173B0F80D102182AB
:100E5000C17BA174018AA182817CA175B0F81310B5
:100E60002183407DA0766068FFF789FA9FED4C1BD7
:100E700053EC112BFFF700FAFFF78EFA04F11C0573
:100E800086B22E802068FFF77AFA9FED471B53EC5D
:100E9000112BFFF7F1F9FFF77FFA07466860E0686A
:100EA000B0F5000F03DBC043401CC0F31600FFF792
:100EB00055FA9FED3F1B53EC112BFFF7DDF9FFF7C0
:100EC0006BFA80B200EE100A28813D4BB8EE401A52
:100ED00000EE106AB8EE400AC1EE000A00EE107A89
:100EE000B8EE400A80EE801A9FED330A61EE000AE8
:100EF0009FED320A60EE800AFCEEE00A10EE900AE6
:100F00002874206959680844586019469A68C96865
:100F1000904203D3821A1144D96006E06FF07F4CEF
:100F2000ACEB020202441144D9600022C3E9012063
:100F30000D291AD300EE901A9FED221AE968F8EEF7
:100F4000600A60EE810A20EE800ABCEEC00A10EE54
:100F5000100A0844E860010C0820DA6003F00AFB7C
:100F6000A88981B2092003F005FB2988042003F039
:100F700001FB15496868A1FB0010C0F3CF010520F3
:100F800003F0F8FA2989072003F0F4FA297CBDE878
:100F9000F041062003F0EEBA200C00200000000013
:100FA0009FE74A621B81103FCD2D44350B4E903F89
:100FB00056B7DD7835487A3F0000C84200007A44D1
:100FC00028000020EDF8433ACDCCCCCC08B507A0E2
:100FD0000068009006480178012918BF08BD00216B
:100FE00001700221684607F09FF808BD58AA00006A
:100FF00028000020084808B50068009007480178DC
:10100000012905D1002101700221684607F08CF802
:10101000BDE8084007F0A4B8EC0F00082800002045
:1010200038B50220ADF8000010208DF80300012033
:10103000104C8DF802006946204601F007FC0221A1
:10104000204601F0ADFD0221204601F013FE4FF4D1
:10105000FA7007F079FE0221204601F0A1FD40F66A
:10106000B83007F071FE044A4FF47A71042007F09B
:1010700039F938BD000801407D5F000838B507F038
:1010800093FE07F015F90124ADF8004010258DF806
:1010900003508DF802406946224801F0D7FB224AEE
:1010A0001E21022007F01EF903F06CFF07F072FF0B
:1010B00007F0ACFE07F02CFF03F0F9FA04F0C0FFD4
:1010C000FFF7AEFF08F046F82003ADF800008DF8FA
:1010D0000350164D8DF802406946284601F0B6FBD4
:1010E0002103284601F05CFDADF8004048218DF851
:1010F00003106946284601F0A9FB05F05FFA04F0E9
:1011000079FF04F009FAFFF765FC00F0A5FE02F094
:10111000E3FB07F0D1FF05F017FEBDE8384004A05F
:1011200007F002B900100140F5190008000801405D
:1011300048656C6C6F20576F726C64210D0A00005B
:10114000074910B50120487002F090FCFFF752FFEC
:1011500007F0FEFF06F0EEF9BDE8104000F06BBFAF
:1011600016000020FEE7704770B584B000254CF2F1
:10117000186428B301281CBF04B070BD1026CDE947
:1011800000464FF61F0300220C21E820029505F0CF
:1011900007FCCDE900464FF61F0301220C21F82081
:1011A000029505F0FDFBCDE900464FF61F03022234
:1011B0000C214FF48470029505F0F2FB04B070BD71
:1011C0001820CDE90040002303A20C210295E8205D
:1011D00005F05EFD04B070BD20202020000000005E
:1011E00070B5002484B020254CF21866E8B10128BF
:1011F0001CBF04B070BD012002F020FC0096CDE9B8
:1012000001544FF478431422C021E02005F0C8FBBC
:101210000096CDE901544FF478430F22C0214FF4DA
:10122000807005F0BDFB04B070BD002002F006FC2C
:101230000096CDE901544FF4FC631522C021E02053
:1012400005F0AEFB0096CDE901544FF4FC630F228C
:10125000C0214FF4807005F0A3FB04B070BD70B5E1
:10126000002484B020254CF21866E0B101281CBF90
:1012700004B070BD012002F0EDFB0096CDE90154F1
:101280004FF4FC6311224021E02005F089FB009619
:10129000CDE9015440214FF4FC631322880005F08E
:1012A0007FFB04B070BD002002F0D4FB0096CDE9B6
:1012B00001544FF4784312224021E02005F070FBE6
:1012C0000096CDE9015440214FF478431322880061
:1012D00005F066FB04B070BD70B5002484B0202515
:1012E0004CF21866E0B101281CBF04B070BD0120AB
:1012F00002F0EAFB0096CDE901544FF4FC630B22A7
:10130000C021582005F04CFB0096CDE901544FF464
:10131000FC630C22C021782005F042FB04B070BDB4
:10132000002002F0D1FB0096CDE901544FF4784340
:101330000D22C021582005F033FB0096CDE9015461
:101340004FF478430E22C021782005F029FB04B029
:1013500070BD000000000000F0B5854A18252DED95
:10136000028B87B05078834F401CC0B20024824962
:1013700050704CF21866072880F0F880DFE800F023
:10138000F604273845767E00CDE9004602953A8876
:1013900004230821002005F021FCCDE90046029538
:1013A000BA78022308213C2005F018FCCDE900465C
:1013B0000295FA7802230821602005F00FFCCDE9A0
:1013C0000046029501230821FA79CC2017E0CDE9E7
:1013D000004602953A7902230821842005F0FEFB9D
:1013E000CDE900460295022308217A79A82006E07B
:1013F000CDE9004602950A88042340213CE005F02F
:10140000EDFB07B0BDEC028BF0BD4868642820D32B
:1014100000EE100AB8EE400ADFED580A20EE200A6E
:1014200010EE100AFEF7D1FF41EC100B54A153EC63
:10143000102B06A806F088FF0096CDE90154002382
:1014400006AA6021642005F023FC07B0BDEC028BE6
:10145000F0BD0096CDE9015400234BA26021642029
:1014600005F016FC07B0BDEC028BF0BDCDE90046DF
:1014700002950A89062380215820C0E7C868002801
:1014800066D04249A1FB002149096FF0180251437F
:1014900010EB81019FED3E8B24D03F49A1FB002141
:1014A000C908494201EB810110EB410135D0FEF73B
:1014B00066FF53EC182BFEF7DFFE41EC100B37A153
:1014C00053EC102B03A806F03FFF0096CDE9015422
:1014D000002303AAA021642005F0DAFB07B0BDECCD
:1014E000028BF0BDFEF74BFF53EC182BFEF7C4FE4A
:1014F00041EC100B22A153EC102B03A806F024FFA3
:101500000096CDE90154002303AAA021642005F030
:10151000BFFB07B0BDEC028BF0BDFEF730FF53EC14
:10152000182BFEF7A9FE41EC100B1EA153EC102B5B
:1015300003A806F009FF0096CDE90154002303AA91
:10154000A021642005F0A4FB07B0BDEC028BF0BD28
:101550000096CDE9015400230BA2A021642005F0E0
:1015600097FB07B0BDEC028BF0BDFFE75470F8E7C6
:1015700055000020200000203C0C00206F12833A10
:10158000252E316600000000300000001F85EB5161
:10159000FCA9F1D24D62503FCDCCCCCC252E336688
:1015A00000000000252E3266000000000000000050
:1015B0002DE9F0412DED028B88B04CF2186400212A
:1015C000F0234FF4A0720846009404F0D0FF4FF4CB
:1015D0007840302300904FF4A0721946002004F0A8
:1015E00067FF0025EE4FCDE90054182602963A8891
:1015F00004230821284605F0F1FACDE9004600232E
:10160000E8A208213020029505F042FBCDE9005404
:101610000296BA78022308213C2005F0DFFACDE9D2
:1016200000460023DFA208215420029505F030FB7C
:10163000CDE900540296FA7802230821602005F0D3
:10164000CDFACDE9005402963A790223082184208C
:1016500005F0C4FACDE900460023D3A208219C205E
:10166000029505F015FBCDE9005402967A79022324
:101670000821A82005F0B2FACDE900540296FA79C3
:1016800001230821CC2005F0A9FA042002F040FF34
:10169000FFF76AFDCDE900460023C4A208214FF4FC
:1016A0009170029505F0F4FA20270023CDE9004758
:1016B0001A4640211846029505F072F9CDE9004717
:1016C0000023012240212020029505F069F9CDE98F
:1016D000004640210023B4A20846029505F0D8FA3E
:1016E000DFF8CC82CDE900540296B8F8002004233C
:1016F0004021582005F072FACDE900460023ADA242
:101700004021A020029505F0C3FACDE900474FF42F
:10171000784312224021E020029505F041F9CDE9FD
:10172000004740214FF4784313228800029505F0CA
:1017300037F90023CDE900471A4660211846029583
:1017400005F02EF9CDE90047002302226021202078
:10175000029505F025F9CDE90046002392A260210B
:101760004020029505F094FAD8F8040064281DD3AF
:1017700000EE100AB8EE400ADFED8F0A20EE200AD4
:1017800010EE100AFEF721FE41EC100B8BA153EC7A
:10179000102B06A806F0D8FDCDE90046002306AAC6
:1017A00060216420029505F073FA08E0CDE9004657
:1017B000002384A260216420029505F069FACDE936
:1017C0000046002341226021A020029505F060F927
:1017D000CDE900470023032280211846029505F039
:1017E000DFF8CDE900470023042280212020029564
:1017F00005F0D6F8CDE9004600236BA280214020F9
:10180000029505F045FACDE900540296B8F8082093
:1018100006238021582005F0E1F9CDE90046002398
:1018200069A28021D020029505F032FACDE9004767
:1018300000230722A0211846029505F0B1F8CDE952
:10184000004700230822A0212020029505F0A8F8D7
:10185000CDE90046002354A2A0214020029505F0C6
:1018600017FAD8F80C0000285DD05849A1FB0021D8
:1018700049096FF01802514310EB81019FED548B21
:1018800021D05549A1FB0021C908494201EB810142
:1018900010EB41012FD0FEF772FD53EC182BFEF731
:1018A000EBFC41EC100B4DA153EC102B03A806F000
:1018B0004BFDCDE90046002303AAA0216420029538
:1018C00005F0E6F938E0FEF75AFD53EC182BFEF769
:1018D000D3FC41EC100B39A153EC102B03A806F0FC
:1018E00033FDCDE90046002303AAA0216420029520
:1018F00005F0CEF920E0FEF742FD53EC182BFEF781
:10190000BBFC41EC100B37A153EC102B03A806F0E5
:101910001BFDCDE90046002303AAA0216420029507
:1019200005F0B6F908E0CDE90046002325A2A02184
:101930006420029505F0ACF9CDE9004600232BA206
:10194000A0214FF48070029505F0A2F9CDE900477F
:1019500000230922C0211846029505F021F8CDE99F
:10196000004700230A22C0212020029505F018F824
:10197000CDE9004600230CA2C0214020029505F0CD
:1019800087F9012002F0C4FDFFF7A6FC022002F057
:10199000BFFDFFF725FC08B0BDEC028BBDE8F08170
:1019A000200000202F0000003A0000003447000013
:1019B0003C0C0020560000006F12833A252E316641
:1019C0000000000030000000570000001F85EB51B0
:1019D000FCA9F1D24D62503FCDCCCCCC252E336644
:1019E00000000000252E3266000000004B572F48F3
:1019F0000000000010B5174CE07868B12179164856
:101A000000294FF0010102D001F034F901E001F0AA
:101A1000C7F82079C043207120890021B0F57A7F72
:101A200028BF21810CD2401C0004000C208107D06B
:101A3000A0F54072E73A02BF60780028E17000E04C
:101A40006170AFF24F021E21BDE81040022006F087
:101A500049BC0000160000200010014010B5042011
:101A600000F028F8002808BF10BD07F01FFBBDE8F4
:101A700010400420AFF3008010B50446800D00D163
:101A80002CB940F20112034903A007F0D3F808482B
:101A9000046010BD64BC000849535F455854495F59
:101AA0004C494E4528455854495F4C696E6529009C
:101AB0001404014070B500250446012818BF022C0B
:101AC0003AD0042C18BF082C36D0102C18BF202C6C
:101AD00032D0402C18BF802C2ED0B4F5807F18BF98
:101AE000B4F5007F28D0B4F5806F18BFB4F5006F4F
:101AF00022D0B4F5805F18BFB4F5005F1CD0B4F5F8
:101B0000804F18BFB4F5004F16D0B4F5803F18BF12
:101B1000B4F5003F10D0B4F5802F18BFB4F5002FF6
:101B20000AD0B4F5801F18BFB4F5001F04D0EB2213
:101B3000074908A007F07EF80D4800680D492040CD
:101B4000096821421CBF00280125284670BD0000FD
:101B500064BC000849535F4745545F455854495F8A
:101B60004C494E4528455854495F4C696E652900DB
:101B7000000401401404014010B504460079002817
:101B800018BF042804D073222F4930A007F052F860
:101B9000607908281CBF0C28102804D074222A4918
:101BA00035A007F047F82068810D00D120B97522D3
:101BB00025493DA007F03EF8A079002818BF01286C
:101BC00004D07622204943A007F034F8A1794E488A
:101BD000002930D00168226891430160001D01682E
:101BE000226891430160207900F1804000F5823045
:101BF00001682268114301604449086822689043E3
:101C000008600A1D106823689843106060791028E6
:101C100008D000F1804000F582300168226811434D
:101C2000016010BD086823681843086010682168C7
:101C30000843106010BD207900F1804000F582302B
:101C4000016822689143EBE764BC000849535F4593
:101C50005854495F4D4F444528455854495F496E93
:101C600069745374727563742D3E455854495F4DC1
:101C70006F6465290000000049535F455854495F6F
:101C80005452494747455228455854495F496E695F
:101C9000745374727563742D3E455854495F547281
:101CA000696767657229000049535F455854495F69
:101CB0004C494E4528455854495F496E69745374E0
:101CC000727563742D3E455854495F4C696E6529A1
:101CD0000000000049535F46554E4354494F4E4162
:101CE0004C5F535441544528455854495F496E69E7
:101CF000745374727563742D3E455854495F4C6932
:101D00006E65436D64290000000401400804014031
:101D1000001DFEF7B4BE2DE9F0475FEA0108074653
:101D20004FF000041ABF4FF017094FF0180ABDE832
:101D3000F087E519E8B202F001FC010A3E1909EB4F
:101D40004600FEF79CFEE8B202F0F8FBC1B20AEBD7
:101D50004600FEF794FE601CC4B2A045E9D8BDE879
:101D6000F08710B500211720FEF789FE0121182009
:101D7000FEF785FE00211920FEF781FE00211A20C2
:101D8000FEF77DFE25211B20FEF779FE80211C2019
:101D9000FEF775FE01211D20FEF771FE0E211E20AB
:101DA000FEF76DFE00211F20FEF769FEB421202002
:101DB000FEF765FE1F212120FEF761FE4021222053
:101DC000FEF75DFE00212320FEF759FE1E21242090
:101DD000FEF755FE00212520FEF751FE502126205A
:101DE000FEF74DFE44212720FEF749FEC0212820A2
:101DF000FEF745FE00212920FEF741FE3F212A2063
:101E0000FEF73DFE00213120FEF739FE022132208F
:101E1000FEF735FE00213320FEF731FEFF2134208E
:101E2000FEF72DFE00213520FEF729FE0021362089
:101E3000FEF725FE00213720FEF721FE7F21382006
:101E4000FEF71DFE17213920FEF719FE3B21BDE8E4
:101E500010403A20FEF713BEF8B500246D46204628
:101E6000FEF7DEFD2855601CC4B2042CF7D39DF8A4
:101E7000000018251726A12804BF9DF80100582846
:101E800007D19DF80200592804BF9DF80300A2283D
:101E900041D0A1210020FEF7F2FD58210120FEF7DC
:101EA000EEFD59210220FEF7EAFDA2210320FEF7F4
:101EB000E6FD00218F20FEF7E2FD00219020FEF7D5
:101EC000DEFD00219120FEF7DAFD00219220FEF7D1
:101ED000D6FD00F079F800210420FEF7D0FD0121A5
:101EE0000520FEF7CCFD00210620FEF7C8FD0121EC
:101EF0000720FEF7C4FD00210820FEF7C0FDFFF714
:101F000030FF00F061F80024201DFEF789FD012854
:101F100033D088B33AE000F057F80024201DFEF7D4
:101F20007FFD012801D028B108E00121204602F000
:101F30000BFB03E00021204602F006FB601CC4B24C
:101F4000052CEBD3012002F0E3FA04F023F800247F
:101F500005EB4400FEF764FD074606EB4400FEF780
:101F60005FFD07EB002081B2204602F009FB601CF8
:101F7000C4B2212CECD3F8BD04E00121204602F0CC
:101F8000E3FA03E00021204602F0DEFA601CC4B24E
:101F9000052CB9D3012002F0BBFA03F0FBFF0024AB
:101FA00005EB4400FEF73CFD074606EB4400FEF758
:101FB00037FD07EB002081B2204602F0E1FA601CF9
:101FC000C4B2212CECD3F8BD10B58F20FEF728FD4C
:101FD00004069020FEF724FD04EB00449120FEF758
:101FE0001FFD04EB00249220FEF71AFD2044064C4E
:101FF000010CE060082002F0BDFAA089BDE81040A5
:1020000081B2092002F0B6BA3C0C002010B50021C4
:102010008F20FEF734FD00219020FEF730FD0021D7
:102020009120FEF72CFD00219220FEF728FDBDE84F
:102030001040FFF7C9BF10B502F028FD01F05CFDAC
:1020400002F052FCBDE8104002F0BCBC00230029A5
:1020500098BF7047F0B40026D2E902C4644508BFB7
:1020600034460BD01468556814F80C400CF1010C80
:102070009CFBF5F705FB17CCC2F808C0C4545B1CE9
:102080008B42E9D3F0BC704770B50C46050018BF11
:10209000012D0ED0022D18BF032D0AD0042D1CBF18
:1020A000052D062D05D040F247321FA12DA006F0C8
:1020B000C1FD002C18BF012C21D0022C18BF032C0D
:1020C0001DD0042C18BF052C19D0062C18BF072CC6
:1020D00015D0082C18BF092C11D00A2C18BF0B2CB6
:1020E0000DD00C2C18BF0D2C09D00E2C18BF0F2CA6
:1020F00005D04FF452720CA124A006F09BFDA0075E
:10210000010F0F2000FA01F224F0030000F18040DB
:1021100000F58030836823EA02028260826805FA53
:1021200001F11143816070BD2E2E5C6669726D777E
:102130006172655C6E3332673435785F7374645FE7
:102140007065726970685F6472697665725C7372DB
:10215000635C6E3332673435785F6770696F2E6306
:102160000000000049535F4750494F5F45585449AC
:102170005F504F52545F534F5552434528506F7232
:1021800074536F75726365290000000049535F47FF
:1021900050494F5F50494E5F534F55524345285069
:1021A000696E536F757263652900000070B50D4646
:1021B0000446012818BF022C00F0E081042C18BF4F
:1021C000082C00F0DB81A4F5A01010381CBFA4F58A
:1021D000A010B0F1300000F0D181A4F5B01040386B
:1021E0001CBFA4F5B010B0F1C00000F0C781A4F589
:1021F000C010B0F580701CBFA4F5C010B0F5007021
:1022000000F0BC81A4F5C010B0F540701CBFA4F56F
:10221000C010B0F5023000F0B181A4F5C010B0F5E7
:10222000033018BFB4F5805F00F0A881B4F5E91F52
:1022300018BFB4F5EA1F00F0A181B4F5EB1F18BF79
:10224000B4F5004F00F09A816FF40010C4421CBF37
:10225000A4F50010B0F1020000F09081A4F5001088
:10226000001F1CBFA4F50010B0F1080000F086812B
:10227000A4F5001010381CBFA4F54010B0F5807014
:1022800000F07C81A4F54010B0F500701CBFA4F5EF
:102290004010B0F5806000F07181FB4884421CBFA3
:1022A0006FF08040C44200F06981F84884421CBF4E
:1022B000F748844200F06281F64884421CBFF64829
:1022C000844200F05B81F54884421CBFF44884429C
:1022D00000F05481F34884421CBFF348844200F06C
:1022E0004D81F24884421CBFF148844200F046818F
:1022F000F04884421CBFF048844200F03F81A4F1C2
:102300008040B0F5F2101CBFA4F18040B0F5F4108D
:1023100000F03481A4F18040B0F5F6101CBFE7480E
:10232000844200F02B81E64884421CBFE548844289
:1023300000F02481A4F18040B0F190701CBFE2480D
:10234000844200F01B81E14884421CBFA4F180401C
:10235000B0F1846000F01281DD4884421CBFDD488A
:10236000844200F00B81DC4884421CBFDB4884427D
:1023700000F00481DA4884421CBFDA48844200F04D
:10238000FD80D94884421CBFD848844200F0F680C2
:10239000D74884421CBFD748844200F0EF80D6481B
:1023A00084421CBFD548844200F0E880D44884426F
:1023B0001CBFD448844200F0E180A4F18040B0F515
:1023C00079101CBFA4F18040B0F57B107ED0CE48C0
:1023D00084421CBFCD48844278D0CD4884421CBF83
:1023E000CC48844272D0CC4884421CBFCB48844243
:1023F0006CD0CB4884421CBFCA48844266D0CA48CD
:1024000084421CBFC948844260D0C94884421CBF72
:10241000C84884425AD0C84884421CBFC748844236
:1024200054D0C74884421CBFA4F10050B0F580507E
:102430004CD0A4F10050B0F580401CBFA4F1005076
:10244000B0F5004042D0BF4884421CBFBE48844221
:102450003CD0BE4884421CBFBD48844236D0BD48F3
:1024600084421CBFBC48844230D0BC4884421CBF5C
:10247000BB4884422AD0BB4884421CBFBA4884422D
:102480007CD0A4F5001080381CBFA4F5B010B0F1CA
:10249000800073D0A4F1815080381CBFA4F181501A
:1024A000B0F140006AD0A4F1815020381CBFA4F1E3
:1024B0008150B0F1100061D0A4F1815008381CBFE8
:1024C000A4F18150B0F1040058D000E056E0A4F12E
:1024D0008150801E1CBF6FF08150C4424ED0A4F1C9
:1024E0008050B0F500401CBFA4F18050B0F5804092
:1024F00044D0A4F18050B0F5005018BFB4F1102FB3
:102500003CD0A4F18050B0F500601CBFA4F1805015
:10251000B0F5806032D0A4F18050B0F500701CBFDF
:10252000A4F18050B0F5807028D0A4F1805080389C
:102530001CBFA4F18050B0F140001FD0A4F1805026
:1025400020381CBFA4F18050B0F1100016D0A4F1C7
:10255000805008381CBFA4F18050B0F104000DD0A9
:10256000A4F18050801E1CBF6FF08050C44205D083
:1025700040F27A227DA18CA006F05CFB002D18BFF2
:10258000012D05D040F27B2278A18DA006F052FBF0
:10259000924A14F0004F18BFD0691ED090491FFA1C
:1025A00084FC04EA0106C4F340510B01A1B2994036
:1025B000B6F5401F21D014F4801F24D014F4001F5E
:1025C0004FF00303C4F3034603FA06F318BF1B04DA
:1025D000984314F0E04F52D11EE114F0804F18BF21
:1025E000106ADBD114F0005F18BF506AD6D114F026
:1025F000805F14BF906A5068D0E7536820F0706025
:1026000023F07063FAE014F0807F25D014F0040FFB
:102610001AD014F0007F20EA01000ED035B15368C3
:1026200043F0010343F070635360F8E0516821F018
:10263000010141F070615160F2E0536823F0010341
:1026400043F070635360E9E04CF0040C0CFA03F3C0
:102650009843002DEAD0E2E714F0806F11D014F017
:10266000080F0FD014F0007F20EA01000BD03DB11D
:10267000536843F0080343F070635360CFE0CDE04C
:10268000B0E0C5E0BCE0B4E000040080020011400E
:102690000600114020001440300014404000164055
:1026A000C0001640000218400003184000041A4001
:1026B000000C1A4000101C4000301C40010030404B
:1026C0000200304003003040040020410400204359
:1026D0000800204408002046100034402000344008
:1026E000300034404000364080003640C000364064
:1026F000000238400003384000043A40000C3A40E1
:1027000000103C4000303C4001001020020010202E
:102710000300102004001220080012200C001220D8
:10272000100014203000142040001620C000162095
:1027300000011820000218200003182000041A20AD
:10274000000C1A200100202002002020040020207C
:1027500008002020100034203000342040002020C9
:102760008000202000012020000220202E2E5C6608
:1027700069726D776172655C6E3332673435785F8C
:102780007374645F7065726970685F64726976659E
:10279000725C7372635C6E3332673435785F677076
:1027A000696F2E630000000049535F4750494F5F37
:1027B00052454D415028526D7050696E29000000FD
:1027C00049535F46554E4354494F4E414C5F535415
:1027D00041544528436D6429000000000000014079
:1027E00000003070516821F0080141F070615160C3
:1027F00016E0536823F0080343F0706353600DE064
:102800004CF0080C0CFA03F39843002DEAD02FE7A4
:10281000884314F0E04F01D140F0706005B10843E7
:1028200014F0004F1CBFD06170BD14F0804F1CBF6E
:10283000106270BD14F0005F1CBF506270BD14F0D8
:10284000805F14BF9062506070BD00002DE9F041C0
:1028500004460026A0F180400D46B0F584301CBF30
:10286000A4F18040B0F586301CD0A4F18040B0F5D2
:1028700088301CBFA4F18040B0F58A3012D0A4F19A
:102880008040B0F58C301FBFA4F18040B0F58E3091
:10289000A4F18040B0F5903004D0BE223FA14EA0FC
:1028A00006F0C8F9E878002818BF042810D02828B6
:1028B00018BF48280CD0142818BF102808D01C288E
:1028C00018BF182804D0BF2234A14AA006F0B2F9DC
:1028D000288820B9C02231A151A006F0ABF9E878D0
:1028E00000F00F0710F0100F0FD0A878002818BFC5
:1028F000022808D0012818BF032804D0C72227A126
:1029000050A006F097F9A878074328784FF00F0CED
:1029100010F0FF0F4FF0010318BF216819D02A886B
:1029200003FA06F0024082420FD1B2000CFA02F81C
:1029300021EA080107FA02F21143EA78282A08BFBF
:10294000606102D0482A08BF2061761C082EE6D3B9
:1029500021602888FF2886BF62680020BDE8F081DA
:1029600000F108012E8803FA01F10E408E420FD1CA
:1029700086000CFA06F822EA080207FA06F6324345
:10298000EE78282E08BF6161EE78482E08BF2161DD
:10299000401C0828E4D36260BDE8F0812E2E5C66FE
:1029A00069726D776172655C6E3332673435785F5A
:1029B0007374645F7065726970685F64726976656C
:1029C000725C7372635C6E3332673435785F677044
:1029D000696F2E630000000049535F4750494F5F05
:1029E000414C4C5F504552495048284750494F7818
:1029F0002900000049535F4750494F5F4D4F444500
:102A0000284750494F5F496E6974537472756374F7
:102A10002D3E4750494F5F4D6F646529000000000F
:102A200049535F4750494F5F50494E284750494FDF
:102A30005F496E69745374727563742D3E50696E8C
:102A40002900000049535F4750494F5F53504545A7
:102A500044284750494F5F496E69745374727563D7
:102A6000742D3E4750494F5F5370656564290000DF
:102A700070B505460026A0F180400C46B0F58430C4
:102A80001CBFA5F18040B0F586301DD0A5F1804077
:102A9000B0F588301CBFA5F18040B0F58A3013D066
:102AA000A5F18040B0F58C301FBFA5F18040B0F596
:102AB0008E30A5F18040B0F5903005D040F229125B
:102AC0001BA12AA006F0B6F8012C18BF022C28D0B2
:102AD000042C18BF082C24D0102C18BF202C20D078
:102AE000402C18BF802C1CD0B4F5807F18BFB4F5E3
:102AF000007F16D0B4F5806F18BFB4F5006F10D00A
:102B0000B4F5805F18BFB4F5005F0AD0B4F5804F0C
:102B100018BF052C05D04FF4957205A11AA006F038
:102B200089F8A868204218BF0126304670BD000011
:102B30002E2E5C6669726D776172655C6E333267EA
:102B40003435785F7374645F7065726970685F6450
:102B500072697665725C7372635C6E3332673435AA
:102B6000785F6770696F2E630000000049535F470C
:102B700050494F5F414C4C5F50455249504828479F
:102B800050494F782900000049535F4745545F473B
:102B900050494F5F50494E2850696E29000000008F
:102BA00070B50446A0F180400D46B0F584301CBFDE
:102BB000A4F18040B0F586301DD0A4F18040B0F57E
:102BC00088301CBFA4F18040B0F58A3013D0A4F146
:102BD0008040B0F58C301FBFA4F18040B0F58E303E
:102BE000A4F18040B0F5903005D04FF4C57206A135
:102BF00014A006F01FF82DB940F28B1202A118A004
:102C000006F018F8656170BD2E2E5C6669726D77EE
:102C10006172655C6E3332673435785F7374645FFC
:102C20007065726970685F6472697665725C7372F0
:102C3000635C6E3332673435785F6770696F2E631B
:102C40000000000049535F4750494F5F414C4C5FC3
:102C5000504552495048284750494F7829000000B4
:102C600049535F4750494F5F50494E2850696E297C
:102C70000000000070B50446A0F180400D46B0F59C
:102C800084301CBFA4F18040B0F586301DD0A4F183
:102C90008040B0F588301CBFA4F18040B0F58A3088
:102CA00013D0A4F18040B0F58C301FBFA4F1804058
:102CB000B0F58E30A4F18040B0F5903005D040F2F0
:102CC000731206A114A005F0B5FF2DB94FF4BA7226
:102CD00002A118A005F0AEFF256170BD2E2E5C6626
:102CE00069726D776172655C6E3332673435785F17
:102CF0007374645F7065726970685F647269766529
:102D0000725C7372635C6E3332673435785F677000
:102D1000696F2E630000000049535F4750494F5FC1
:102D2000414C4C5F504552495048284750494F78D4
:102D30002900000049535F4750494F5F50494E28D2
:102D400050696E290000000010B582B0694600206D
:102D500002F05CFE01A9002002F0F2FDDFF898C04D
:102D60009DF800008CF804009DF801008CF8050027
:102D70009DF802008CF806009DF805108CF80210F2
:102D80009DF806308CF803309DF80720012902F5E4
:102D9000FA60ACF8000018BF022904D101F10C0060
:102DA000C1B202F2CF704A1C02EB420240F26764E9
:102DB00012FB04F203EB410100EB523211444AF2E0
:102DC000D73202FB002201EB9001A1EB92514FF4AC
:102DD000C872B0FBF2F00144084B08460022C3FB66
:102DE00001208210A2EBE070A0EBC0000844401C60
:102DF0008CF8070002B010BD2000002093244992F7
:102E000001A005F091FAFBE7766F696420486172D2
:102E1000644661756C745F48616E646C6572287697
:102E20006F6964290D0A000070B51D4DA8B0A8781F
:102E3000002804BF28B070BD0026AE70194A1AA140
:102E40001AA805F081FA1C480090431D00F11502F4
:102E50001AA101A805F078FA01A8FDF7F9F984B2E2
:102E60001AA8FDF7F5F982B201AB1AA90120009466
:102E700003F09AF92878401CC0B2287003283CBFA0
:102E800028B070BD2E70BFF34F8F0F4801680F4AF6
:102E900001F4E06111430160BFF34F8F00BFFDE714
:102EA000C4020020040000206D6F646275735F69C6
:102EB0006E666F2F25730000DC16002025735F25DA
:102EC000735F2573000000000CED00E00400FA05BC
:102ED000044901208870AFF2070203490A2005F077
:102EE00001BA0000C4020020989F0400024A03496E
:102EF0000A2005F0F7B90000D12E0008989F0400C1
:102F000010B5B4B00E4A0FA127A805F01DFA11485C
:102F10000090431D00F115020FA101A805F014FA5D
:102F200001A8FDF795F984B227A8FDF791F982B2BF
:102F300001AB27A90120009403F036F934B010BD8D
:102F4000040000206D6F646275735F696E666F2F99
:102F500025730000DC16002025735F25735F257341
:102F6000000000000848C178012918BF704710B55B
:102F70000021C17001F028FE002808BF10BDBDE887
:102F8000104001F03BBA0000C402002004490120B7
:102F9000C870AFF2070203490B2005F0A3B9000087
:102FA000C4020020C0D40100024A03490B2005F0EE
:102FB00099B900008D2F0008C0D4010030B400235F
:102FC000002A88BFDFF834C011D9C45C01EB430587
:102FD0000CEB1414247801F81340C45C5B1C04F05F
:102FE0000F049BB21CF804406C709A42EDD84FF667
:102FF000FF7030BC00EA4200704700005E9300089A
:103000002DE9F84380464FF48057ADF80070042056
:10301000394E8DF80300002469463046FFF716FC50
:1030200000254FF400513046FFF7BAFD022005F0AD
:1030300097FE4FF400513046FFF71CFE6006040E69
:103040004FF480513046FFF713FD00281CBF601C71
:10305000C4B2012005F084FE681CC5B2082DE0D37F
:1030600010254FF00109B8F1000F4FF40051304620
:1030700020D0FFF795FDADF800708DF803508DF866
:10308000029069463046FFF7E1FB29023046FFF720
:1030900087FD022005F064FE69023046FFF7EAFD75
:1030A000022005F05DFE69023046FFF779FD2046FB
:1030B000BDE8F883FFF774FDADF800708DF803509C
:1030C0008DF8029069463046FFF7C0FB4FF48051FF
:1030D0003046FFF7CFFD022005F042FE4FF40051CD
:1030E0003046FFF7C7FD022005F03AFE4FF40051CD
:1030F0003046FFF755FDDAE7000C0140F8B505460C
:103100004FF48050ADF8000010208DF8030001202E
:10311000184E8DF8020069463046FFF797FB711490
:103120003046FFF73DFD002415F0800F4FF480512D
:10313000304602D0FFF79EFD01E0FFF731FD680643
:10314000050E022005F00CFE4FF400513046FFF74B
:1031500091FD022005F004FE4FF400513046FFF7C8
:103160001FFD022005F0FCFD601CC4B2082CDBD35F
:10317000F8BD0000000C014038B54FF48050ADF8A8
:10318000000010208DF8030001200F4C8DF8020084
:1031900069462046FFF75AFBA1142046FFF76AFD57
:1031A00061142046FFF766FD022005F0D9FDA11449
:1031B0002046FFF7F5FC022005F0D2FD6114204601
:1031C000BDE83840FFF7ECBC000C014038B54FF4C7
:1031D0008050ADF8000010208DF8030001200C4C49
:1031E0008DF8020069462046FFF730FBA114204607
:1031F000FFF7D6FC61142046FFF73CFD022005F0E6
:10320000AFFDA1142046BDE83840FFF733BD0000F4
:10321000000C0140F8B54FF48056ADF80060042072
:10322000264D8DF80300002469462846FFF70EFB63
:10323000A9142846FFF71EFD012005F091FD691431
:103240002846FFF717FD012005F08AFDA91428463E
:10325000FFF70EFC50B3601CC4B2FA2C1FD9ADF8B6
:10326000006010208DF8030001208DF802006946EF
:103270002846FFF7EBFA4FF480512846FFF790FC01
:103280004FF400512846FFF7F5FC022005F068FDD9
:103290004FF480512846FFF7EDFC0120F8BD4FF4B4
:1032A00080512846FFF7E4FB0028D4D14FF40051A9
:1032B0002846FFF775FC0020F8BD0000000C014017
:1032C00010B4C268D0F804C0531C93FBFCF40CFB90
:1032D0001433D0F808C0634504BF10BC70470368BE
:1032E0009954C1684268491C91FBF2F302FB131127
:1032F000C16010BC704700002DE9F04F584D83B0FD
:103300000026A87B10B1012812D0A2E06879401CE9
:10331000687101F0B5F90A2152A004F09BFFC821A1
:103320006E70534A0F2004F0DDFF0120A87390E077
:1033300001F09AF9002804BF03B0BDE8F08F4D4CAE
:10334000206801F037FE01464B482268FEF77EFEFA
:103350004AA14948FCF760FF002876D02C21464856
:10336000FCF76CFF00286CD0441C6E71801CFDF7CC
:10337000FDFB07462046FDF7F9FB00EB800007EB5D
:103380004000C0B210282CBF10380830C7B2201D32
:10339000E41CFDF7EBFB80462046FDF7E7FB00EB66
:1033A000800008EB400000F0FF08201DE41CFDF742
:1033B000DDFB81462046FDF7D9FB00EB800009EBE1
:1033C000400000F0FF092DA12B48FCF725FF00F17C
:1033D00008040930FDF7CAFB82462046FDF7C6FB0C
:1033E00000EB80000AEB400000F5FA600290201D1F
:1033F000E41CFDF7BBFB82462046FDF7B7FB00EB64
:1034000080000AEB400000F0FF0A04F1030B201DCE
:10341000FDF7ACFB04465846FDF7A8FB00EB800027
:1034200004EB4000C2B23B465146CDE90089029808
:1034300002F0E0FEAE73012003B0BDE8F08F04E0BF
:10344000FFE768790A2803D105E068790A2802D0E5
:10345000AE730020F0E76E71AE730220ECE700005F
:103460003C00002041542B43434C4B3F0D0A0000CD
:10347000A146000838000020001100202B43434CD7
:103480004B3A00002DE9F047C54F0024DFF81493B4
:10349000387CADF5C46D25464FF001082646092855
:1034A00080F07B81DFE800F005131F31A8B3C9F677
:1034B000F500F878012807BFFE70042087F8108017
:1034C0000DF5C46D18BFBDE8F08700F0B1B8F8790C
:1034D0006421401CF8717E70B34A0F2004F002FF93
:1034E000022000F0A5B801F0BFF800287CD001F060
:1034F000C7F81121ADA004F0ADFE64217E70AA4A88
:103500000F2004F0EFFE032092E001F0ADF8002858
:103510006AD0D9F8000001F04DFD0146A848D9F85D
:103520000020FEF793FDA7A1A548FCF775FE002833
:103530004BD0FE71A6A1A248FCF76EFE10300446E7
:1035400001782C2903D010F8011F2C29FBD1001B76
:10355000A0F10108C8216846FCF753FE4246214607
:103560006846FCF735FE04EB08009DA1FCF754FE0D
:10357000002800F01281841C81780DF5C1602C298F
:1035800006D04155691C8DB214F8011F2C29F8D1C1
:103590004655FCF764FE0546C8216846FCF731FE37
:1035A0002A46611C6846FCF713FE0E2D07D018D979
:1035B000A9B24FF00102684600F0E8FF11E00E21C9
:1035C0000022684600F0E2FF0BE086A17C48FCF791
:1035D00023FE002818BFFE7140F0DF80F879032831
:1035E00003D03E7400F0D9B823E0FE7187F8008064
:1035F000BE703E7400F0D1B8B8796421401CB87137
:103600007E70694A0F2004F06DFE052010E001F085
:103610002BF800280DD001F033F8082175A004F034
:1036200019FE64217E70604A0F2004F05BFE0620C4
:1036300038740DF5C46DBDE8F08701F015F8002869
:1036400004BF0DF5C46DBDE8F087D9F8000001F0A6
:10365000B1FC01465A48D9F80020FEF7F7FC68A1F2
:103660005748FCF7D9FD38B310F8061F2C2904D0B1
:1036700010F8011F641C2C29FAD1DFF88C81712508
:10368000A0EB040A08F52379012C04D0022C14D0F5
:103690002DE065E02EE05046FDF768FAA5EB40000E
:1036A000C2B25AA10DF2DC5004F04EFE9DF8DC05CA
:1036B00088F88C0289F8016019E00AF10100FDF731
:1036C00055FA04465046FDF751FA00EB800004EB32
:1036D0004000A5EB4000C2B24CA10DF2DC5004F05A
:1036E00033FEBDF8DC05A8F88C0289F802600720DB
:1036F00038749EE700F0C4FF0E2145A004F0AAFD37
:10370000798A474804F0A6FD022135A004F0A2FD05
:10371000062144A004F09EFDBA8A3CA10DF5BC60D0
:1037200004F012FE0DF5BC60FCF792FD81B20DF5C0
:10373000BC6004F08FFD022138A004F08BFDB98A33
:103740003A4804F087FD032139A004F083FDFE70A0
:10375000C8217E70144A0F2004F0C4FD082067E7DA
:1037600000F082FF00283FF464AFD9F8000001F0B8
:1037700021FC01461248D9F80020FEF767FC2DA174
:103780000F48FCF749FD00280ABFB879BE7103282D
:1037900003D1BE7187F80080BE703E7449E7000017
:1037A0003C00002038000020A146000841542B4D69
:1037B000515454524541443D302C310D0A00000013
:1037C000001100202B4D515454524541443A000001
:1037D0002B4D515454524541443A20302C302C004A
:1037E000222C00002B434D45204552524F523A2087
:1037F0003630310041542B4353510D0A0000000074
:103800002B4353513A20000050140020256400003F
:1038100041542B4D5154545055423D302C22000000
:10382000500C0020302C302C302C0000180D0020C3
:10383000220D0A004F4B00002DE9F041214C224F90
:103840000025207A20B101281FD0022831D02DE098
:103850001E4EA570306801F0ADFB01461C48326871
:10386000FEF7F4FB00F00CFF4FF400413846FFF781
:1038700001FA4FF4FA716570164A0F2004F032FD18
:10388000012020720020BDE8F08100F0EDFE68B15B
:103890004FF400413846FFF783F941F288316570F3
:1038A0000C4A0F2004F01EFD022020720020BDE80B
:1038B000F08100F0D9FE00281CBF25720120BDE870
:1038C000F08100003C00002000080140380000208A
:1038D00000110020A146000838B54FF40040ADF8B3
:1038E000000010208DF803000120064C8DF8020026
:1038F00069462046FEF7AAFF4FF400412046FFF735
:10390000B9F938BD000801404B4810B5407C0B2880
:1039100028BF10BDDFE800F0061B29374957650DA9
:103920006F0D8400FFF788FF20B1012807D002281F
:1039300009D010BDBDE81040002005F0B9BC3E49DB
:103940000120487410BD3C490020487410BD01F0AE
:10395000E1F9002808BF10BD012802D00228F2D0EA
:1039600010BD35480221417410BD01F083F90028D3
:1039700008BF10BD012802D00228E4D010BD2E4996
:103980000320487410BD01F025F9002808BF10BDC0
:10399000012806D0022818BF10BD00212648417416
:1039A00010BD25490420487410BDFFF7A5FC002870
:1039B00008BF10BD012802D00228C4D010BD1E4986
:1039C0000820487410BD02F099FB002808BF10BD04
:1039D000012802D00228B6D010BD1749062048742D
:1039E00010BDFDF775F8002808BF10BD0128E6D00E
:1039F0000228A8D010BD00F0E9F8002808BF10BDCB
:103A0000012802D002289ED010BD0B480A21417423
:103A100001218170FFF774FABDE81040FFF770BA1A
:103A200005480178012902D1002101704174BDE8E7
:103A30001040FFF727BD00003C00002001000448B3
:103A40004FF0100101D0FFF7ABB8FFF713B900003A
:103A500000100140010004484FF0800101D0FFF741
:103A60009FB8FFF707B9000000080140144A10B5DD
:103A70001078144C01280CD1002010709178491C4A
:103A8000C9B2917001290FD0907020212046FFF714
:103A900087F805F083F900284FF0800120460AD00E
:103AA000BDE81040FFF77CB8FFF74EF92021204613
:103AB000FFF7E0F8EDE7BDE81040FFF7DBB80000E6
:103AC0001600002000080140010004484FF00101E9
:103AD00001D0FFF765B8FFF7CDB80000000C01403A
:103AE000044901200870AFF207024FF47A7104F024
:103AF000F9BB0000160000202DE9F0410B2000F07A
:103B000017FD0746092000F019FD0646012000F0C8
:103B1000FFFC2C4C002520B9A5710D2004F0D8FB2A
:103B20006570A17921B3012937D0022918BFBDE8FA
:103B3000F08147F004010B2000F01CFD0121002062
:103B400000F002FD16F0020F0FD0002002F022FA62
:103B50000021012000F0F8FC02210A2000F00AFDFB
:103B60000020FDF7B9FB00F049FCA571BDE8F0812C
:103B7000042000F0DDFC0546042000F0DFFC854257
:103B800088BFBDE8F0810120A071BDE8F0410E4A78
:103B900040F6B8310D2004F0A5BB6078012818BFAD
:103BA000BDE8F0816570042000F0C2FC06460420E8
:103BB00000F0C4FC86429CBF0220A071D5D8BDE8AD
:103BC000F0810000C8020020F591000810B5A94856
:103BD0008CB0C07B0A2833D2DFE800F005193547E6
:103BE00061A0BDDFFDFC00F04BFD1921A2A004F097
:103BF00031FBA04C00204FF496716070A54A0F2055
:103C000004F070FB0120E0730CB0002010BD00F048
:103C10002BFD002804BF0CB010BD9F4C206801F0A4
:103C2000C9F901469D482268FEF710FA9CA19B48FD
:103C3000FCF7F2FA002800F016818E490220C873C2
:103C40000CB0002010BD00F01BFD1E2195A004F05B
:103C500001FB884C00204FF4967160708D4A0F2054
:103C600004F040FB032000F096B800F0FDFC0028B3
:103C700004BF0CB010BD884C206801F09BF90146D0
:103C800086482268FEF7E2F985A18448FCF7C4FA69
:103C9000002800F0E88077490420C873D0E700F0DE
:103CA000EFFC0F2187A004F0D5FAC621B820CDE99A
:103CB0000001EA23312287A102A804F045FB02A8F3
:103CC000FCF7C6FA81B202A804F0C4FA42F6483200
:103CD00084A102A804F038FB02A8FCF7B9FA81B26B
:103CE00002A804F0B7FA02217FA004F0B3FA102171
:103CF0007E4804F0AFFA02217DA004F0ABFA132154
:103D00007CA004F0A7FA5B4C002041F2883160707F
:103D1000604A0F2004F0E6FA05203CE000F0A4FC25
:103D2000002804BF0CB010BD5B4C206801F042F9C4
:103D300001465A482268FEF789F973A15748FCF7F3
:103D40006BFA18B14B490620C87379E70F2174A0AC
:103D500004F080FA87E000F093FC1D2174A004F0C9
:103D600079FA624A7AA102A804F0EEFA02A8FCF7F6
:103D70006FFA81B202A804F06DFA052175A004F073
:103D800069FA3C4C002041F288316070414A0F20B2
:103D900004F0A8FA0720E07352E700F065FC002861
:103DA00004BF0CB010BD3C4C206801F003F9014683
:103DB0003A482268FEF74AF939A13848FCF72CFA4C
:103DC000044666A13548FCF727FA002C18BF0028E6
:103DD00049D001E025E003E026490820C8732FE719
:103DE00000F04EFC1A2160A004F034FA3F4A58A1BA
:103DF00002A804F0A9FA02A8FCF72AFA81B202A8E4
:103E000004F028FA052153A004F024FA194C0020EC
:103E100041F2883160701F4A0F2004F063FA0920D4
:103E2000B9E700F021FC002804BF0CB010BD1A4C0B
:103E3000206801F0BFF8014618482268FEF706F92D
:103E400017A11648FCF7E8F9044644A11348FCF70B
:103E5000E3F9002C18BF002805D006490020C873DC
:103E60000CB0012010BD03490020C8730CB0022023
:103E700010BD00003C00002041542B4D51545443D0
:103E800046473D22636163686564222C302C310D06
:103E90000A000000A14600083800002000110020A0
:103EA0004F4B000041542B4D5154544346473D2243
:103EB0006B656570616C697665222C302C3132300F
:103EC0000D0A000041542B4D515454434F4E4E3D6A
:103ED000302C220025642E25642E25642E25642294
:103EE0002C000000256400002C22000004000020AB
:103EF000222C00002275736572222C22302E313262
:103F000033343536220D0A002B4D5154545552434B
:103F10003A2022636F6E6E222C302C30000000009D
:103F200041542B4D515454444953433D300D0A00E4
:103F300041542B4D5154545355423D302C226D6FFA
:103F4000646275735F636F6E74726F6C2F00000034
:103F500025730000222C300D0A0000002B4D515417
:103F6000545355423A20300041542B4D5154545330
:103F700055423D302C226D6F646275735F74696DBC
:103F8000652F0000FEE700002DE9F047FF4E0024FA
:103F9000DFF8FC83B0889AB027460228C0F01F8261
:103FA000811E404604F0B4FEB0883278404410F8D8
:103FB000011C914240F0138210F8020C7178884283
:103FC00040F00D8298F8032098F8023006F1060AB6
:103FD00002EB032295B298F80010BAF8002098F886
:103FE00001008A4240F0FB8108F5FA79052854D097
:103FF0000BDC6F46012810D00522032800F07F81DA
:10400000042800F0B08100F0EAB9062800F00A8127
:10401000102800F0308100F0E2B9042D00F2DF81B9
:1040200098F8052098F8043002EB032292B2531955
:10403000052B00F2D4818DF800108DF80100D11D00
:1040400001200F2905D312F0070F14BF00EBD20097
:10405000D0088DF8020010F0FF0F1CBF7088E840F8
:104060000AD0E10020FA01F13A19D170611CCCB2FA
:104070009DF80210A142F4D89DF80200401DC4B280
:10408000A11E384604F044FE3819717800F8021C6D
:10409000317800F8011C00F063B998F8052098F811
:1040A0000430072D02EB032294B200F298818DF8C0
:1040B00000108DF80100280A8DF80200200A8DF802
:1040C00004008DF803508DF805400621684604F081
:1040D0001FFE70788DF8060030788DF80700082DE7
:1040E00028D2DFE805F0041751276D27737EB4F559
:1040F0007F4F40F0358105F0E7F8BFF34F8FA548BB
:104100000168A54A01F4E06111430160BFF34F8FDC
:1041100000BFFDE7022000F0FBF9002840F02081FD
:10412000032000F0F5F9012840F01A81B4F57F4F23
:1041300005D0BCB1002F40F0528100F011B9002031
:1041400000F0E6F9002840F00B810121084600F05C
:10415000FBF901210846FDF7DBFD012001F01AFF04
:1041600001200EE00021012000F0EEF900210120E5
:10417000FDF7CEFD0A20A9F81400002001F00AFF87
:104180000020FDF7A9F8EBE0B4F57F4F01D04CB16A
:1041900010E00121022000F0D7F901210220FDF7F3
:1041A000B7FD07E00021022000F0CEF90021022037
:1041B000FDF7AEFD022000F0ABF9FDF711F8CFE0FE
:1041C000B4F57F4F08BFFDF721FFC9E0B4F57F4F7D
:1041D0007DD10021084600F0B7F90020A9F81600AB
:1041E000BEE0B4F57F4F01D074B1B9E001210420E5
:1041F00000F0AAF901210420FDF78AFD042000F057
:1042000087F9FCF7B1FFABE00021042000F09CF936
:1042100000210420FDF77CFD042000F079F9FCF773
:10422000A3FF9DE098F8052098F80430212D02EBBB
:10423000032294B262D88DF800108DF80100280A8C
:104240008DF80200200A8DF80400EFB28DF803709B
:104250008DF805400621684604F05AFD70788DF807
:10426000060030788DF8070000F0C8F82AF81540ED
:104270000121384640E098F8052098F80430212DB7
:1042800002EB032292B29CBFAB18222B36D8002A35
:104290000ED908EB440393F808C0DB790CEB032339
:1042A00004EB050C2AF81C30631CDCB2A242F0D8E7
:1042B0008DF800108DF80100280A8DF80200ECB28C
:1042C000100A8DF803408DF80400D5B200E047E0F5
:1042D0008DF8055098F806008DF80600072168460D
:1042E00004F016FD70788DF8070030788DF808001E
:1042F00000F084F829462046FDF70DFD6FE098F8A0
:10430000053098F804C0212D03EB0C239BB29CBF11
:1043100003EB050CBCF1220F61D88DF800108DF86D
:10432000010058008DF80200281907EB44013AF803
:1043300010004FEA102C81F803C00871601CC4B251
:104340009C42F1D902EB4300C4B2A11E384604F0EE
:10435000DFFC3819717800F8021C317800F8011C74
:1043600000F04CF83BE098F8053098F804C00D2DAB
:1043700003EB0C239BB29CBF05EB030CBCF10E0FAF
:104380002DD88DF800108DF8010007E058000020AE
:10439000061700200CED00E00400FA0558008DF827
:1043A0000200281907EB440139F810004FEA102CDD
:1043B00081F803C00871601CC4B29C42F1D902EBC1
:1043C0004300C4B2A11E384604F0A2FC381971782B
:1043D00000F8021C317800F8011C00F00FF80020F2
:1043E000B2880146002A05D908F80010401C80B2A6
:1043F0008242F9D8B1801AB0BDE8F08770B53C4E62
:10440000ADF5C36DB51F30788DF8F00301208DF840
:10441000F1038DF8F203A8788DF8F3030421FCA8CA
:1044200004F076FC68788DF8F40328788DF8F503AD
:1044300030788DF8F60303208DF8F70344208DF8CB
:10444000F8030020FCAC36F8101004EB40020B0A15
:10445000401C5372C0B291722228F4D94721A01D8A
:1044600004F056FC68788DF83D0428788DF83E04F9
:1044700030788DF83F0404208DF840041C208DF81E
:1044800041041C4B002004EB400233F81010401C88
:104490004FEA112C82F852C0C0B282F853100E2895
:1044A000F1D91F2104F1510004F032FC68788DF835
:1044B0005E0428788DF85F0470240F4A0FA10DF276
:1044C000E45003F041FF224602A9FCA8FEF776FD66
:1044D00004460DF2E450FBF7BBFE82B202AB0DF2D4
:1044E000E4510120009401F05FFE0DF5C36D70BD35
:1044F0005E000020FA180020040000206D6F646246
:1045000075735F7374617475732F257300000000F9
:104510000F2884BF00207047012101FA00F00349F1
:104520004988084018BF012070470000580000204B
:10453000014931F810007047FA180020014931F89C
:10454000100070475E0000200F2888BF70470122CE
:1045500002FA00F00129064A04BF5188084305D039
:10456000002906BF518821EA00007047508070473B
:1045700058000020014A22F810107047FA18002055
:10458000014A22F8101070475E0000202DE9F04724
:1045900004460025314E9CB00F460120AAB1012AE5
:1045A0001CBF1CB0BDE8F08770700120FCF757FEFF
:1045B00035703A4621462A48FCF7E8FA294908802E
:1045C000FFF7E2FC1CB0BDE8F08770700120FCF73B
:1045D00046FE3570206802908DF80C5002A8FBF75B
:1045E0003EFE1FFA80FAA088ADF808008DF80A5048
:1045F00002A8FBF734FE00F0FF09E088ADF80800E0
:104600008DF80A5002A8FBF72AFE00F0FF08208967
:10461000ADF808008DF80A5002A8FBF720FEC7B2DB
:104620006089ADF808008DF80A5002A8FBF717FE64
:10463000C6B2A089ADF808008DF80A5002A8FBF7B1
:104640000EFEC0B2CDE900603B46424649465046A8
:1046500001F0D0FD1CB0BDE8F0870000C4020020CE
:10466000061700205C00002004494878002808BF95
:104670007047012000224A70704700003C00002073
:104680000020054A01461154401C80B2B0F57A7FE3
:10469000F9D30248C1827047001100203C0000207D
:1046A00001490120487070473C000020704738B530
:1046B00035208DF8000000248DF801408DF802406F
:1046C00001258DF80350684600F032F826208DF859
:1046D00000008DF801408DF802408DF803506846C7
:1046E00000F026F827208DF800008DF801408DF8A5
:1046F00002408DF80350684600F01AF834208DF817
:10470000000002208DF801008DF802408DF8035062
:10471000684600F00DF808208DF800008DF8014083
:104720008DF802508DF80350684600F001F838BD4E
:1047300070B50446C0780F25002818BF012804D0A2
:104740007D2223A12FA004F075FA6078102804D3ED
:104750007E221FA13A4804F06DFAA078102804D3F5
:104760007F221BA1374804F065FAE078012210B3DC
:1047700035480068637800F4E060C0F5E060000A46
:10478000C0F1040103FA01F1A37825FA00F0184002
:1047900008432178000101F1E02181F8000420782C
:1047A00000F01F0102FA01F14009800000F1E02051
:1047B000C0F8001170BD207800F01F0102FA01F16D
:1047C0004009800000F1E020C0F8801170BD0000B9
:1047D0002E2E5C6669726D776172655C6E3332672E
:1047E0003435785F7374645F7065726970685F6494
:1047F00072697665725C7372635C6D6973632E6354
:104800000000000049535F46554E4354494F4E4106
:104810004C5F5354415445284E5649435F496E6995
:10482000745374727563742D3E4E5649435F4952FA
:10483000514368616E6E656C436D64290000000031
:10484000CCBB000888BB00080CED00E010B50446A6
:10485000B0F5E06F18BFB4F5C06F0CD0B4F5A06F21
:104860001CBFB4F5806FB4F5407F04D06C2205A165
:1048700011A004F0DFF91B4944F0FD7040F08060A6
:10488000086010BD2E2E5C6669726D776172655C82
:104890006E3332673435785F7374645F7065726944
:1048A00070685F6472697665725C7372635C6D696F
:1048B00073632E630000000049535F4E5649435F07
:1048C0005052494F524954595F47524F5550284E04
:1048D0005649435F5072696F7269747947726F7598
:1048E000702900000CED00E02DE9F0410B20FFF7EE
:1048F0001FFE07460920FFF721FE304C0646E179EE
:1049000039B3002501293ED0022946D0032918BF1A
:10491000BDE8F08147F008010B20FFF72BFE0121D5
:104920000020FFF711FE16F0040F0FD0002001F059
:1049300031FB00210120FFF707FE03210A20FFF7CA
:1049400019FE0020FCF7C8FCFFF758FDE571BDE833
:10495000F0810520FFF7ECFD00EB8000450005200D
:10496000FFF7ECFD00EB8000B5EB400F38BFBDE872
:10497000F0810120E071BDE8F041114A4FF4FA6185
:104980000E2003F0AFBCA078012806BFA57002205E
:10499000BDE8F081E071BDE8F0810520FFF7C8FDBA
:1049A00000EB800046000520FFF7C8FD00EB80000B
:1049B000B6EB400F28BF0320ECD2C7E7C8020020A7
:1049C000BD9200082DE9F0410B20FFF7B1FD07462D
:1049D0000920FFF7B3FD2B4C0646217A39B3002599
:1049E000012939D002293ED0032918BFBDE8F08142
:1049F00047F040010B20FFF7BDFD01210020FFF72C
:104A0000A3FD16F0100F0FD0002001F0C3FA002113
:104A10000120FFF799FD06210A20FFF7ABFD0020DA
:104A2000FCF75AFCFFF7EAFC2572BDE8F08107208D
:104A3000FFF77EFD05460820FFF780FD854238BF61
:104A4000BDE8F08101202072BDE8F0410E4A4FF42C
:104A5000FA61102003F046BC2079012804BF2571BB
:104A60002572BDE8F0810720FFF762FD06460820A9
:104A7000FFF764FD864224BF03202072D4D3BDE833
:104A8000F0810000C8020020A59200082DE9F04145
:104A90000B20FFF74DFD06460920FFF74FFD2B4C7D
:104AA0000546617939B30027012939D0022941D05F
:104AB000032918BFBDE8F08146F002010B20FFF783
:104AC00059FD01210020FFF73FFD15F0010F0FD028
:104AD000002001F05FFA00210120FFF735FD0121E0
:104AE0000A20FFF747FD0020FCF7F6FBFFF786FCE6
:104AF0006771BDE8F0810420FFF71AFD0546032029
:104B0000FFF71CFD854238BFBDE8F08101206071D0
:104B1000BDE8F0410E4A4FF4FA610C2003F0E2BB0D
:104B20002078012806BF27700220BDE8F08160715F
:104B3000BDE8F0810420FFF7FBFC05460320FFF7EA
:104B4000FDFC854228BF0320F1D2D1E7C802002036
:104B50009992000810B5040018BF012C04D08622D9
:104B600003A111A004F066F81648046210BD00000D
:104B70002E2E5C6669726D776172655C6E3332678A
:104B80003435785F7374645F7065726970685F64F0
:104B900072697665725C7372635C6E33326734354A
:104BA000785F7077722E630049535F46554E4354C9
:104BB000494F4E414C5F535441544528436D64293D
:104BC0000000000000000E4201488078704700009D
:104BD0003C00002070B51D4C0025E07A10B1012882
:104BE00013D010E02079401C2071FFF749FD0B2104
:104BF00017A003F02FFB64216570184A0F2003F003
:104C000071FB0120E072002070BDFFF72DFD002830
:104C100008BF70BD124E306800F0CCF90146114853
:104C20003268FDF713FA10A10E48FBF7F5FA18B138
:104C3000E5722571012070BD20795A2898BFE57270
:104C4000E1D92571E572022070BD00003C00002012
:104C500041542B43474154543F0D0A00A1460008DC
:104C600038000020001100202B43474154543A20C3
:104C70003100000070B51D4C0025A07A10B101284C
:104C800013D010E02079401C2071FFF7F9FC0B21B4
:104C900017A003F0DFFA64216570184A0F2003F0B3
:104CA00021FB0120A072002070BDFFF7DDFC002871
:104CB00008BF70BD124E306800F07CF90146114803
:104CC0003268FDF7C3F910A10E48FBF7A5FA18B139
:104CD000A5722571012070BD20795A2898BFA57250
:104CE000E1D92571A572022070BD00003C000020B2
:104CF00041542B43455245473F0D0A00A146000849
:104D000038000020001100202B43455245473A202F
:104D1000302C3100814810B5407A0A283AD2DFE8B9
:104D200000F005213B4850617989B9CA7C4C206864
:104D300000F040F901467B482268FDF787F9FFF74C
:104D40009FFC042178A003F085FA744C00204FF4F6
:104D5000FA616070764A0F2003F0C4FA0120607295
:104D6000002010BDFFF780FC002808BF10BD6C4C70
:104D7000206800F01FF901466A482268FDF766F9CD
:104D80006CA16848FBF748FA002800F0C28063492C
:104D900002204872002010BD604C00204FF4FA61E0
:104DA0006070634A0F2003F09DFA032060720020B8
:104DB00010BDFFF759FC0028ECD058490420487278
:104DC000E8E7FFF75DFC0A215BA003F043FA534CD0
:104DD000002064216070564A0F2003F083FA0520FA
:104DE0006072D7E7FFF740FC002808BF10BD4C4CAD
:104DF000206800F0DFF801464A482268FDF726F9EE
:104E000050A14848FBF708FA00287DD04349062006
:104E10004872BFE7FFF734FC0B214EA003F01AFAEB
:104E20003E4C002064216070414A0F2003F05AFA82
:104E300007203EE0FFF718FC002808BF10BD384CE3
:104E4000206800F0B7F8014636482268FDF7FEF802
:104E500043A13448FBF7E0F900285AD04249D0F882
:104E60000720C1F89122D0F80B20C1F89522D0F884
:104E70000F20C1F89922B0F81320A1F89D22407D9F
:104E800081F89F0201F5237100200875234908204D
:104E900048727FE7FFF7F4FB0A2134A003F0DAF948
:104EA0001E4C002064216070214A0F2003F01AFA82
:104EB000092060726EE7FFF7D7FB002808BF10BD1E
:104EC000174C206800F076F8014616482268FDF776
:104ED000BDF829A11348FBF79FF9A8B122498268C0
:104EE000C1F8A122C268C1F8A5220269C1F8A922AD
:104EF0004269C1F8AD228069C1F8B10201F52371A0
:104F0000002081F8290000E003E0044948720120F4
:104F100010BD024900204872022010BD3C00002054
:104F2000380000200011002041540D0A000000004C
:104F3000A14600084F4B000041542B4350494E3FBF
:104F40000D0A00002B4350494E3A20524541445926
:104F50000000000041542B4347534E3D310D0A00E1
:104F60002B4347534E3A20005014002041542B4904
:104F7000434349440D0A00002B49434349443A2026
:104F80000000000070B5102004F050F904004FF04C
:104F9000000508BF2C4607D040F2DD50606004F0E9
:104FA00045F9E560A56020600148046070BD00001F
:104FB000380000200146D1E90220801A44BF496828
:104FC0000844704710B504001CBF012C042C05D008
:104FD00040F203320AA118A003F02CFE1B48002166
:104FE00080F8201080F82010012C08BF012103D088
:104FF000042C0CBF052110BD80F8201010BD00004E
:105000002E2E5C6669726D776172655C6E333267F5
:105010003435785F7374645F7065726970685F645B
:1050200072697665725C7372635C6E3332673435B5
:10503000785F7263632E630049535F5243435F4C52
:105040005345285243435F4C53452900001002400A
:1050500010B5040018BFB4F5806F0DD0B4F5A06F83
:105060001CBFB4F5C06FB4F5E06F05D040F2C312B9
:1050700005A113A003F0DEFD1849486820F4E060A4
:105080002043486010BD00002E2E5C6669726D776B
:105090006172655C6E3332673435785F7374645F58
:1050A0007065726970685F6472697665725C73724C
:1050B000635C6E3332673435785F7263632E6300EE
:1050C00049535F5243435F48434C4B5F4449562822
:1050D0005243435F48434C4B2900000000100240FC
:1050E00010B50446B0F5807F1CBFB4F5007FB4F561
:1050F000407F05D040F2333206A114A003F09AFDA0
:105100001B48016A21F440710162016A2143016276
:1051100010BD00002E2E5C6669726D776172655C51
:105120006E3332673435785F7374645F70657269AB
:1051300070685F6472697665725C7372635C6E330B
:1051400032673435785F7263632E630049535F5270
:1051500043435F525443434C4B5F535243285243A3
:10516000435F525443434C4B536F75726365290040
:105170000010024070B504460E480D46044200D1AE
:105180002CB940F2FE320CA119A003F053FD214EC0
:10519000002D04BFF069A04309D0012D05D040F2D5
:1051A000FF3205A11CA003F045FDF0692043F0612A
:1051B00070BD0000003301412E2E5C6669726D7770
:1051C0006172655C6E3332673435785F7374645F27
:1051D0007065726970685F6472697665725C73721B
:1051E000635C6E3332673435785F7263632E6300BD
:1051F00049535F5243435F415042315F50455249EA
:105200005048285243435F415042315065726970A3
:10521000682900000010024049535F46554E435430
:10522000494F4E414C5F535441544528436D6429C6
:105230000000000070B504460E480D46044200D13F
:105240002CB940F2DF320CA119A003F0F3FC214E7F
:10525000002D04BFB069A04309D0012D05D04FF443
:10526000787205A11CA003F0E5FCB0692043B06191
:1052700070BD00000286E0FF2E2E5C6669726D77BD
:105280006172655C6E3332673435785F7374645F66
:105290007065726970685F6472697665725C73725A
:1052A000635C6E3332673435785F7263632E6300FC
:1052B00049535F5243435F415042325F5045524928
:1052C0005048285243435F415042325065726970E2
:1052D000682900000010024049535F46554E435470
:1052E000494F4E414C5F535441544528436D642906
:1052F0000000000010B5040018BF012C05D04FF4C9
:10530000517203A110A003F095FC1648046010BD73
:105310002E2E5C6669726D776172655C6E333267E2
:105320003435785F7374645F7065726970685F6448
:1053300072697665725C7372635C6E3332673435A2
:10534000785F7263632E630049535F46554E435442
:10535000494F4E414C5F535441544528436D642995
:10536000000000003C044242324B30B45968324ADB
:1053700011405A6811F0006F02F480320CBF4FF0F8
:10538000020C6FF4F77C0CEB9141002A04BF2B4A0E
:10539000514306D05A6812F4003F14BF274A284AE6
:1053A00051435A68DFF898C012F00C0218BF042A63
:1053B00003D0082A08BF016001D0C0F800C05A68B5
:1053C0004FF00F0C1F4D0CEA1212D0F800C0AA5C6F
:1053D0002CFA02F24260D3F804C0072404EA1C2C21
:1053E00015F80CC022FA0CFCC0F808C0D3F804C0B1
:1053F00004EADC2C15F80CC022FA0CFCC0F80CC036
:10540000D3F82CC005F110040CF00F0C14F80CC0EC
:10541000B2FBFCF24261DA6A1F2303EA121202F0C5
:105420000F0204F1100333F81220B1FBF2F1016115
:1054300030BC70470010024000003C0800093D00ED
:1054400000127A001E93000870B50025044621283A
:1054500018BF312C21D0392C18BF412C1DD0612C04
:1054600018BF732C19D0742C18BF752C15D0772C3D
:1054700018BF792C11D07A2C18BF7B2C0DD07C2C26
:1054800018BF7D2C09D07E2C18BF7F2C05D040F290
:10549000E3420CA119A003F0CDFB60091D490128CE
:1054A00008BF086803D002280CBF086A486A04F0E5
:1054B0001F01012202FA01F1014218BF012528460D
:1054C00070BD00002E2E5C6669726D776172655C3E
:1054D0006E3332673435785F7374645F70657269F8
:1054E00070685F6472697665725C7372635C6E3358
:1054F00032673435785F7263632E630049535F52BD
:1055000043435F464C4147285243435F464C414723
:10551000290000000010024038B503F0B7FC4FF43A
:105520000060ADF8000010208DF803000120064C4B
:105530008DF8020069462046FDF788F9E1142046FF
:10554000FDF72EFB38BD00000008014002F03EBE12
:1055500000210A2805D3491C0A38C0B2C9B20A285A
:10556000F9D2090740EA11607047000070B50026C3
:10557000674D0C4600282AD0012805D04FF4E3726D
:1055800064A172A003F056FB286810F0400F00F0F1
:105590007F802078010901EB810100F00F0000EB12
:1055A0004100C0B2401E0B2805D94FF4EE7259A13C
:1055B0006DA003F03FFBE078002818BF402800F002
:1055C000798040F2DD1253A16EA000F071B8286816
:1055D00010F0400F13D02078401E0B2805D94FF44F
:1055E000E6724CA16FA003F025FBE078002818BFFD
:1055F00040280ED040F2CD1246A162A007E0E6702E
:105600002078172805D94FF4E97242A16FA003F062
:1056100011FB60783B2805D94FF4EA723DA175A0D3
:1056200003F008FBA0783B2805D940F2D51239A138
:105630007AA003F0FFFA2078FFF78AFF060460786B
:10564000FFF786FF46EA0026A078FFF781FFE178A2
:10565000304340EA01437B4CCA2020605320206045
:1056600000F04CF970B178487849184008607848E3
:10567000016821F080010160286810F0200F08BF48
:1056800000F056FCFF202060BDE8704000F050BCE8
:10569000E6702078010901EB810100F00F0000EBBA
:1056A0004100C0B2172805D94FF4F17219A169A0C1
:1056B00003F0C0FA6078010901EB810100F00F00EE
:1056C00000EB4100C0B23B2805D94FF4F27211A1A2
:1056D0006EA003F0AFFAA078010901EB810100F0A0
:1056E0000F0000EB4100C0B23B2805D940F2E512A3
:1056F00008A174A003F09EFAA0782178E27840EA2D
:1057000001406178090241EA024140EA0103A2E74F
:10571000082800402E2E5C6669726D776172655CA8
:105720006E3332673435785F7374645F70657269A5
:1057300070685F6472697665725C7372635C6E3305
:1057400032673435785F7274632E630049535F5259
:1057500054435F464F524D4154285254435F466F65
:10576000726D61742900000049535F5254435F31E8
:1057700032484F555228746D70726567697374654D
:105780007229000049535F5254435F483132285216
:1057900054435F54696D655374727563742D3E484C
:1057A0003132290049535F5254435F3132484F55DB
:1057B00052285254435F54696D6553747275637413
:1057C0002D3E486F757273290000000049535F52E7
:1057D00054435F3234484F5552285254435F546902
:1057E0006D655374727563742D3E486F75727329BD
:1057F0000000000049535F5254435F4D494E5554D9
:105800004553285254435F54696D655374727563F0
:10581000742D3E4D696E75746573290049535F524E
:1058200054435F5345434F4E4453285254435F54AF
:10583000696D655374727563742D3E5365636F6E45
:1058400064732900242800407F7F7F0000280040E7
:105850000C28004049535F5254435F3234484F553F
:1058600052285254435F42636432546F42797465E4
:10587000285254435F54696D655374727563742D77
:105880003E486F75727329290000000049535F522A
:1058900054435F4D494E55544553285254435F423B
:1058A000636432546F42797465285254435F54697B
:1058B0006D655374727563742D3E4D696E757465B4
:1058C0007329290049535F5254435F5345434F4E58
:1058D0004453285254435F42636432546F42797494
:1058E00065285254435F54696D65537472756374CF
:1058F0002D3E5365636F6E647329290081B00F4993
:1059000000200090086810F0400F04BF802008605D
:1059100010D10868009A00F04000521C0092B2F5C5
:10592000005F01D00028F4D0086810F0400004BFE8
:1059300001B07047012001B0704700000C28004002
:1059400070B50C46050018BF012D05D04FF4377215
:1059500018A126A003F06EF92B48006820F0C001C2
:1059600021F07F410B0CC1F30422E37001F03F00F2
:105970006270A070C1F342312170002D18BF70BD5C
:10598000190901EB810103F00F0303EB4101E17001
:10599000110901EB810102F00F0202EB410161707C
:1059A000010901EB810100F00F0000EB4100A07044
:1059B00070BD00002E2E5C6669726D776172655C49
:1059C0006E3332673435785F7374645F7065726903
:1059D00070685F6472697665725C7372635C6E3363
:1059E00032673435785F7274632E630049535F52B7
:1059F00054435F464F524D4154285254435F466FC3
:105A0000726D6174290000000428004070B50C46D6
:105A1000050018BF012D05D040F23D2218A126A097
:105A200003F008F92B4800682B494FF0400C014067
:105A3000C1F30542C1F30623227001F07F006370B9
:105A4000A0700CEA1141E170002D18BF70BD110962
:105A500001EB810102F00F0202EB410121701909F3
:105A600001EB810103F00F0202EB410161700109BA
:105A700001EB810100F00F0000EB4100A07070BD50
:105A80002E2E5C6669726D776172655C6E3332676B
:105A90003435785F7374645F7065726970685F64D1
:105AA00072697665725C7372635C6E33326734352B
:105AB000785F7274632E630049535F5254435F46AC
:105AC0004F524D4154285254435F466F726D61747A
:105AD00029000000002800407F7F7F0070B5054648
:105AE000002600683446402818BF002804D0C7228A
:105AF0001EA12CA003F09EF868687F2804D9C82254
:105B00001AA135A003F096F8A868B0F5004F04D3A9
:105B1000C92216A13EA003F08DF84B4BCA20186095
:105B200053201860FFF7EAFEB0B14848016821F041
:105B30004001016001682A68114301604448A96876
:105B400001600168AA8841EA02410160001F016802
:105B500021F0800101600126FF20186040F2FF2043
:105B6000641C8442FCD3304670BD00002E2E5C665F
:105B700069726D776172655C6E3332673435785F58
:105B80007374645F7065726970685F64726976656A
:105B9000725C7372635C6E3332673435785F727433
:105BA000632E630049535F5254435F484F55525F21
:105BB000464F524D4154285254435F496E697453C5
:105BC00074727563742D3E5254435F486F7572460C
:105BD0006F726D617429000049535F5254435F50E6
:105BE00052454449565F4153594E43482852544305
:105BF0005F496E69745374727563742D3E525443D9
:105C00005F4173796E63685072656469762900003C
:105C100049535F5254435F5052454449565F53596C
:105C20004E4348285254435F496E697453747275E9
:105C300063742D3E5254435F53796E6368507265AE
:105C400064697629000000002428004008280040EC
:105C50001028004070B50C46050000F05F80012D53
:105C600005D040F2722256A163A002F0E3FFE07873
:105C7000010901EB810100F00F0000EB4100C0B20F
:105C8000632805D94FF420724DA162A002F0D2FF23
:105C90006078010901EB810100F00F0000EB410089
:105CA000C0B2401E0B2805D940F2822244A166A052
:105CB00002F0C0FFA078010901EB810100F00F00A4
:105CC00000EB4100C0B2401E1E2805D94FF42172DE
:105CD0003BA164A002F0AEFF2178012918BF022980
:105CE0000ED0032918BF04290AD005291CBF062994
:105CF000072905D040F2862231A161A002F09AFF67
:105D0000002D2FD0A078E178227840EA0140617818
:105D1000090241EA423140EA010333E0607810F0C1
:105D2000100F03D020F010000A306070E078632874
:105D300005D940F27A2222A15BA002F07BFF6078B5
:105D4000401E0B2805D940F27B221DA15FA002F066
:105D500071FFA078401E1E28BED94FF41F7218A1F3
:105D600063A0B7E7E078FFF7F3FB05046078FFF77F
:105D7000EFFB45EA0025A078FFF7EAFB21782843EE
:105D800040EA4133634CCA20206053202060FFF773
:105D9000B5FD78B1604823F0C00101605F4801683B
:105DA00021F080010160001F006810F0200F08BF83
:105DB00000F0BEF8FF202060BDE8704000F0B8B8E9
:105DC0002E2E5C6669726D776172655C6E33326728
:105DD0003435785F7374645F7065726970685F648E
:105DE00072697665725C7372635C6E3332673435E8
:105DF000785F7274632E630049535F5254435F4669
:105E00004F524D4154285254435F466F726D617436
:105E10002900000049535F5254435F5945415228BD
:105E20005254435F42636432546F4279746528521E
:105E300054435F446174655374727563742D3E59A5
:105E4000656172292900000049535F5254435F4D38
:105E50004F4E544828746D7072656769737465722B
:105E60002900000049535F5254435F444154452880
:105E7000746D707265676973746572290000000043
:105E800049535F5254435F5745454B44415928524B
:105E900054435F446174655374727563742D3E5747
:105EA00065656B446179290049535F5254435F59DA
:105EB000454152285254435F44617465537472756E
:105EC00063742D3E596561722900000049535F5289
:105ED00054435F4D4F4E5448285254435F446174BD
:105EE000655374727563742D3E4D6F6E746829002E
:105EF00049535F5254435F44415445285254435FD1
:105F0000446174655374727563742D3E44617465A5
:105F10002900000024280040042800400C280040EC
:105F2000002101607F214160FF21816070470000F6
:105F300081B000200F4B0090CA20186053201860D9
:105F40000D49086820F0200008600868009A00F0F9
:105F50002000521C0092B2F5004F01D00028F4D06E
:105F6000086810F0200018BF0120FF21196001B05F
:105F700070470000242800400C28004004490120FC
:105F80000870AFF207024FF47A71042002F0AAB948
:105F90002800002010B5164C10B101280ED01AE0D0
:105FA0004FF400412046FCF765FE4FF48041204647
:105FB000FCF7F6FD142002F0C7FE0CE04FF4804120
:105FC0002046FCF757FE4FF400412046FCF7E8FD61
:105FD000142002F0B9FE4FF400412046FCF7E0FD2A
:105FE0002046BDE810404FF48041FCF7D9BD0000C9
:105FF000000C0140F8B54FF40040ADF8000010254A
:106000000E4E8DF8035003248DF802406946304649
:10601000FCF71CFCE9023046FCF72CFEA902ADF8A7
:1060200000108DF803508DF8024069463046FCF7A9
:106030000DFCA9023046FCF71DFEF8BD000C014026
:1060400010B5012186B00807FFF794F80121C806B2
:10605000FFF790F80120FEF77DFD0420FAF7CAFD56
:10606000A0F5A061053904BF06B010BD4FF48070E3
:10607000FFF736F80120FEF7A5FF4120FFF7E4F90E
:106080000028FAD00120FFF735F97F200190FF208A
:106090000024029000946846FFF742FF6846FFF72D
:1060A0001DFD014611A002F03FF919208DF81300E3
:1060B00001208DF811008DF8120003208DF80D409D
:1060C0008DF810008DF80E408DF80C4004A90020CA
:1060D000FFF7C0FD03A90020FFF748FA40F2055181
:1060E0000420FAF711FE06B010BD0000525443B36D
:1060F000F5CABCBBAF25640D0A00000070B51D4C8D
:106100000025207B10B1012813D010E02079401C1D
:106110002071FEF7B5FA1F2117A002F09BF8642149
:1061200065701D4A0F2002F0DDF801202073002069
:1061300070BDFEF799FA002808BF70BD174E306891
:10614000FEF738FF014616483268FBF77FFF15A1BE
:106150001348FAF761F800281EBF2573012070BDAF
:1061600020790A2898BF2573E1D92571257302206B
:1061700070BD00003C00002041542B51494353475F
:10618000503D312C312C22434D4E4554222C22229D
:106190002C22222C310D0A00A146000838000020D4
:1061A000001100204F4B00002DE9F0410E4E069DDE
:1061B0008846F0701F4614467282C8210B48FAF7D1
:1061C00020F8224641460948FAF702F82C46B582E3
:1061D0004FF47A710648FAF714F822463946BDE8BA
:1061E000F0410348F9F7F4BF3C000020500C0020B8
:1061F000180D002070B582B0A0F5FA60C0B2DDE9DC
:1062000006458DF803008DF801101E468DF802201A
:1062100002F028FD8DF804608DF800008DF805402F
:106220008DF8065069460020FFF714FD01A90020F3
:10623000FFF79CF902B070BD042808D010F1050FDB
:1062400008BF7047CF2205A111A002F0F3BC4FF0A8
:10625000E020016941F00401016170472E2E5C6667
:1062600069726D776172655C6E3332673435785F61
:106270007374645F7065726970685F647269766573
:10628000725C7372635C6D6973632E63000000005F
:1062900049535F5359535449434B5F434C4B5F53EE
:1062A0004F55524345285379735469636B5F434C90
:1062B0004B536F7572636529000000007047000042
:1062C0004B4883B0016841F470010160494801689E
:1062D00041F0010101604268474911404160016895
:1062E00021F4102121F080710160016821F48021E6
:1062F0000160416821F47F0121F0006141600021CB
:10630000C16201634FF41F028260C26942F0805291
:10631000C2613A4AD36843F00103D360C26922F0F4
:106320008052C261364A136843F0900313600091B3
:106330008DF804100291016841F480310160016818
:10634000C1F340418DF804100299491C02919DF857
:10635000041019B90299B1F5004FF0D10168C1F3E9
:1063600040418DF804109DF8041000293BD01168BD
:1063700021F007011160116841F0030111604168CB
:106380004160416841F400514160416841F4A061BD
:106390004160416821F47C1121F000614160416855
:1063A00041F4803141F4003141F0026100914160DB
:1063B000016841F080710160016811F0007FFBD03D
:1063C000416821F003014160416841F002014160F0
:1063D000416801F00C010829FAD10A494FF0006028
:1063E000086003B07047094907480860F5E70000F6
:1063F00088ED00E00010024000C0FFF8007000408F
:106400000020024008ED00E000127A0000000020A9
:106410002DE9F047DFF894900D4607461C461646D6
:106420004FF02A084FF480714846FCF7B9FB40460C
:1064300000F054FC4FF480714846FCF71BFC380A0E
:1064400000F04CFCF8B200F049FC300A00F046FCC9
:10645000F0B200F043FC2B264FF480714846FCF765
:106460009FFB304600F03AFC4FF480714846FCF741
:1064700001FC280A00F032FCE8B200F02FFC200AF0
:1064800000F02CFCE0B200F029FC2C244FF48071C9
:106490004846FCF785FB204600F020FC4846BDE856
:1064A000F0474FF48071FCF7E5BB0000000C0140A1
:1064B0002DE9F04F0026A2EB00085F1A85B03546A3
:1064C00082468946B8F1000FC8BF012007DC0FBF24
:1064D00000204FF0FF30C8F10008019000D101907A
:1064E000002FC8BF012006DC0FBF00204FF0FF3097
:1064F0007F42009000D10090B845CCBF44463C4656
:106500004FF0000B601C03900028DCBF05B0BDE815
:10651000F08F0E98000A02901FFA8AF01FFA89F194
:10652000DDF838C00B460246CDF810C0FFF770FF0B
:10653000029800F0D3FBDDF810C00CF0FF0000F073
:10654000CDFB46443D44A64202DD0198361B824401
:10655000A54202DD00982D1B81440BF101001FFABA
:1065600080FB03988345D7DB05B0BDE8F08F2DE9AC
:10657000F04781469846581E83B21746501E82B295
:106580000D464846089EFFF743FF454534BF4FEA96
:10659000162ABDE8F0874C46B94509D2504600F0AE
:1065A0009DFBF0B200F09AFB601C84B2BC42F5D3B4
:1065B000681C85B24545EED3BDE8F087F8B54FF4C9
:1065C0007C70ADF8000010208DF803000320F24E1F
:1065D0008DF8020069463046FCF738F901210920A0
:1065E000FEF728FE0121ED48FBF7E0FD711530466E
:1065F000FCF7D6FA6423002246F2A811491EFDD109
:10660000521C9A42F8D34FF400713046FCF732FB2B
:106610006423002246F2A811491EFDD1521C9A4261
:10662000F8D310213046FCF7BBFA6423002246F26F
:10663000A811491EFDD1521C9A42F8D300243625D8
:106640004FF480713046FCF7ABFA284600F046FB69
:106650004FF480713046FCF70DFB602000F03EFBEC
:106660003A254FF480713046FCF79AFA284600F03C
:1066700035FB4FF480713046FCF7FCFA052000F042
:106680002DFBB2254FF480713046FCF789FA28467D
:1066900000F024FB4FF480713046FCF7EBFA0C203D
:1066A00000F01CFB0C2000F019FB002000F016FB92
:1066B000332000F013FB332000F010FBB7254FF41C
:1066C00080713046FCF76CFA284600F007FB4FF467
:1066D00080713046FCF7CEFA352000F0FFFABB257A
:1066E0004FF480713046FCF75BFA284600F0F6FA6A
:1066F0004FF480713046FCF7BDFA192000F0EEFA35
:10670000C0254FF480713046FCF74AFA284600F065
:10671000E5FA4FF480713046FCF7ACFA2C2000F01B
:10672000DDFAC2254FF480713046FCF739FA28466D
:1067300000F0D4FA4FF480713046FCF79BFA012048
:1067400000F0CCFAC3254FF480713046FCF728FAEC
:10675000284600F0C3FA4FF480713046FCF78AFAFD
:10676000122000F0BBFAC4254FF480713046FCF7CC
:1067700017FA284600F0B2FA4FF480713046FCF761
:1067800079FA202000F0AAFAC6254FF4807130462D
:10679000FCF706FA284600F0A1FA4FF48071304663
:1067A000FCF768FA0F2000F099FAD0254FF48071B9
:1067B0003046FCF7F5F9284600F090FA4FF4807166
:1067C0003046FCF757FAA42000F088FAA12000F028
:1067D00085FAE0254FF480713046FCF7E1F9284650
:1067E00000F07CFA4FF480713046FCF743FAD02079
:1067F00000F074FA042000F071FA0D2000F06EFA37
:10680000112000F06BFA132000F068FA2B2000F042
:1068100065FA3F2000F062FA542000F05FFA4C2045
:1068200000F05CFA182000F059FA0D2000F056FA3A
:106830000B2000F053FA1F2000F050FA232000F044
:106840004DFAE1254FF480713046FCF7A9F928464E
:1068500000F044FA4FF480713046FCF70BFAD02078
:1068600000F03CFA042000F039FA0C2000F036FA6F
:10687000112000F033FA132000F030FA2C2000F041
:106880002DFA3F2000F02AFA442000F027FA512088
:1068900000F024FA2F2000F021FA1F2000F01EFA49
:1068A0001F2000F01BFA202000F018FA232000F02F
:1068B00015FA21254FF480713046FCF771F928460E
:1068C00000F00CFA4FF480713046FCF7D3F9112533
:1068D0004FF480713046FCF763F9284600F0FEF96A
:1068E0004FF480713046FCF7C5F929254FF48071CB
:1068F0003046FCF755F9284600F0F0F94FF4807166
:106900003046FCF7B7F92A254FF480713046FCF782
:1069100047F9284600F0E2F94FF480713046FCF761
:10692000A9F9002000F0DAF9002000F0D7F90020E2
:1069300000F0D4F9EF2000F0D1F92B254FF480714D
:106940003046FCF72DF9284600F0C8F94FF4807165
:106950003046FCF78FF9002000F0C0F9002000F06D
:10696000BDF9002000F0BAF9C52000F0B7F92C25D8
:106970004FF480713046FCF713F9284600F0AEF969
:106980004FF480713046FCF775F9601CC4B2022CDC
:10699000FFF455AEF8BD0000000C014000023000CD
:1069A0002DE9FF4F85B00746DDF84C800C468B463D
:1069B00018F0070018BF012000EBD80000FB08F01A
:1069C0004FF00009009000289CBF09B0BDE8F08F8F
:1069D0002D4800EB421004902C4800EBC2100390AD
:1069E0000898000A02901298000A0190B8F1100F5E
:1069F00008BF049806D0B8F1200F0EBF039809B065
:106A0000BDE8F08F10F80950002615F0800F0FD068
:106A100023463A4619461046DDF820A0FFF7F8FC59
:106A2000029800F05BF90AF0FF0000F057F90EE061
:106A300023463A4619461046DDF848A0FFF7E8FC21
:106A4000019800F04BF90AF0FF0000F047F94FF60B
:106A5000FF7000EA4505601C84B2A4EB0B004045C2
:106A600003D1781C5C4687B203E0701C86B2082E06
:106A7000CBD309F101001FFA80F900988145B5D305
:106A800009B0BDE8F08F0000A2BA0008A2AF00086C
:106A90002DE9FF4F89B00546DDF85CA000264FEADE
:106AA0005A0901909B4619F0070018BF012000EB1E
:106AB000D90000FB0AF00290A2F12000C4B20A98AB
:106AC0000A995044401E83B205EB0900401E82B271
:106AD0002846FFF79DFC02984FF0000800289CBF55
:106AE0000DB0BDE8F08F3A4904EB440001EB8001A2
:106AF0000791384901EB04110691374901EB001069
:106B000005901698000A04904FEA1B200090BAF1F5
:106B10000C0F04BF079810F808700DD0BAF1100FD1
:106B200008BF069806D0BAF1180F0EBF05980DB031
:106B3000BDE8F08F10F808700024189800284FF076
:106B4000010000FA04F000EA070019D060B10A99C8
:106B50002A460B461046FFF75BFC009800F0BEF893
:106B60000BF0FF0000F0BAF8681C85B20198281AF3
:106B700048451FD10A98019D401C80B20A901DE033
:106B800028B1009800F0AAF80BF0FF0006E0169874
:106B90000390049800F0A2F80398C0B200F09EF8A9
:106BA000701CC6B2B6FBF9F009FB1060002808BFE4
:106BB000002603D0601CC4B2082CBED308F101002B
:106BC0001FFA80F802988045A1D30DB0BDE8F08F80
:106BD0006E930008E2970008D29D00082DE9FF4F50
:106BE00083B04FF00008DDE911961D0082464FEAA0
:106BF0005607444612BFA5F1010B07B0BDE8F08F60
:106C00000A23281B401EC2B20121501EC0B203D36A
:106C10005943401EC0B2FBD20598B0FBF1F01B49AE
:106C2000A1FB0021C908494201EB810100EB4100B1
:106C3000B8F1000F06D15C4504DA002818BF4FF008
:106C4000010814D00021CDF800903030CDE9016169
:106C5000C2B204FB07A080B2109B0499FFF718FF93
:106C6000601CC4B2AC42CBD307B0BDE8F08F0020AB
:106C7000CDF80090CDE9016004FB07A080B220228E
:106C8000109B0499FFF704FFEAE70000CDCCCCCCC1
:106C90002DE9F04784B00646DDE90D571078DDF8A0
:106CA0003080994614468A46002804BF04B0BDE8E7
:106CB000F087CDF80080CDE9015722784B46514648
:106CC0003046FFF7E5FE06EB550086B214F8010FDB
:106CD0000028EED104B0BDE8F087000070B5134E77
:106CE000054620213046FBF75BFF0024402130465B
:106CF000FBF756FF15F0800F4FF08001304602D0B1
:106D0000FBF7B8FF01E0FBF74BFF40213046FBF7F4
:106D1000B1FF6806050E601CC4B2082CE6D33046ED
:106D2000BDE870402021FBF7A5BF0000000C01402A
:106D300004480178012918BF704700210170FAF753
:106D40000BBB000055000020044901200870AFF281
:106D500007024FF4FA71062001F0C4BA5500002072
:106D600010B5084C0121204600F038FA002808BF71
:106D700010BD0121204600F007F8BDE8104001F0E9
:106D8000BBBA00000010004070B50446A0F180407E
:106D90000D46B0F5963018BFB4F1804F23D0A4F162
:106DA0008040B0F580601CBFA4F18040B0F5006069
:106DB00019D0A4F18040B0F540601CBFA4F1804020
:106DC000B0F580500FD0A4F18040B0F5A0501CBFAA
:106DD000A4F18040B0F59A3005D040F6224209A1D6
:106DE00016A001F027FF15F47F4F00D12DB940F612
:106DF000234204A117A001F01DFF2069A8432061D0
:106E000070BD00002E2E5C6669726D776172655CE4
:106E10006E3332673435785F7374645F706572699E
:106E200070685F6472697665725C7372635C6E33FE
:106E300032673435785F74696D2E63004973546925
:106E40006D416C6C4D6F64756C652854494D7829A3
:106E500000000000497354696D496E742854494D0F
:106E60005F4954290000000070B50446A0F180403D
:106E700016460D46B0F5963018BFB4F1804F23D0BA
:106E8000A4F18040B0F580601CBFA4F18040B0F553
:106E9000006019D0A4F18040B0F540601CBFA4F19F
:106EA0008040B0F580500FD0A4F18040B0F5A050E4
:106EB0001CBFA4F18040B0F59A3005D04FF47B722E
:106EC0000FA11DA001F0B6FE15F47F4F00D12DB922
:106ED00040F2ED320AA11EA001F0ACFE002E04BF6C
:106EE000A089A84309D0012E05D040F2EE3204A1BA
:106EF0001CA001F09FFEA0892843A08170BD000066
:106F00002E2E5C6669726D776172655C6E333267D6
:106F10003435785F7374645F7065726970685F643C
:106F200072697665725C7372635C6E333267343596
:106F3000785F74696D2E6300497354696D416C6CA0
:106F40004D6F64756C652854494D78290000000028
:106F5000497354696D496E742854494D5F495429E9
:106F60000000000049535F46554E4354494F4E417F
:106F70004C5F535441544528436D64290000000080
:106F800070B50446A0F1804015460E46B0F5963027
:106F900018BFB4F1804F23D0A4F18040B0F58060D9
:106FA0001CBFA4F18040B0F5006019D0A4F180406E
:106FB000B0F540601CBFA4F18040B0F580500FD008
:106FC000A4F18040B0F5A0501CBFA4F18040B0F502
:106FD0009A3005D040F2195208A116A001F02AFEFD
:106FE000002D18BF012D05D040F21A5203A117A0A1
:106FF00001F020FE2685A58270BD00002E2E5C6665
:1070000069726D776172655C6E3332673435785FB3
:107010007374645F7065726970685F6472697665C5
:10702000725C7372635C6E3332673435785F746997
:107030006D2E6300497354696D416C6C4D6F6475BE
:107040006C652854494D7829000000004973546943
:107050006D50736352656C6F61644D6F6465285445
:10706000494D5F50534352656C6F61644D6F646569
:1070700029000000F8B51A4E41F63F70F0804FF439
:10708000A060FDF7E5FF01211020FEF773F8362020
:107090008DF8000003258DF8015000248DF8024082
:1070A00001208DF803006846FDF742FB0D480421DE
:1070B00085800180C48044800B4C0146204600F04E
:1070C0000FF90122F1882046FFF75AFF01221146ED
:1070D0002046FFF7C9FE0121204600F007F8F8BD61
:1070E00016000020E40200200010004070B50446A5
:1070F000A0F180400D46B0F5963018BFB4F1804F36
:1071000023D0A4F18040B0F580601CBFA4F1804082
:10711000B0F5006019D0A4F18040B0F540601CBF0C
:10712000A4F18040B0F580500FD0A4F18040B0F5BC
:10713000A0501CBFA4F18040B0F59A3005D040F2B9
:10714000AF320BA118A001F075FD002D04BF20681F
:1071500020F001000AD0012D05D04FF46C7204A17B
:1071600017A001F067FD206840F00100206070BDAD
:107170002E2E5C6669726D776172655C6E33326764
:107180003435785F7374645F7065726970685F64CA
:1071900072697665725C7372635C6E333267343524
:1071A000785F74696D2E6300497354696D416C6C2E
:1071B0004D6F64756C652854494D782900000000B6
:1071C00049535F46554E4354494F4E414C5F5354CB
:1071D00041544528436D64290000000070B5054600
:1071E0000026A0F180400C46B0F5963018BFB5F1EE
:1071F000804F23D0A5F18040B0F580601CBFA5F181
:107200008040B0F5006019D0A5F18040B0F5406035
:107210001CBFA5F18040B0F580500FD0A5F1804093
:10722000B0F5A0501CBFA5F18040B0F59A3005D054
:1072300040F6FC3211A11FA001F0FCFC012C18BF8C
:10724000022C11D0042C18BF082C0DD0102C18BF04
:10725000202C09D0402C18BF802C05D040F6FD32E0
:1072600006A11AA001F0E6FC2869A989204201EADA
:1072700004011CBF00290126304670BD2E2E5C661D
:1072800069726D776172655C6E3332673435785F31
:107290007374645F7065726970685F647269766543
:1072A000725C7372635C6E3332673435785F746915
:1072B0006D2E6300497354696D416C6C4D6F64753C
:1072C0006C652854494D78290000000049735469C1
:1072D0006D476574496E742854494D5F49542900BF
:1072E0002DE9F05FDFF888A1DFF888B1DFF8888149
:1072F000DFF88891624F634E0D460446504518BF33
:10730000B4F1804F13D0BC4218BFB4420FD04C45EB
:1073100018BF5C450BD0A4F18040B0F5A05018BF59
:10732000444504D0BD2258A165A001F083FC6888C3
:10733000002818BF102809D020281CBF402860282A
:1073400004D0BE2250A164A001F074FCE88800289B
:107350001CBFB0F5807FB0F5007F04D0BF224AA1EA
:1073600069A001F067FC2068544518BF444508D067
:10737000B4F1804F18BFBC4203D0B44218BF4C4593
:1073800003D1698820F0700008435C451CBFA4F15C
:107390008041B1F5A05103D0E98820F44070084342
:1073A0002060A888A08528882085544512BF4445C0
:1073B000287A20860120A0822068544518BF4445C1
:1073C00008D0B4F1804F18BFBC4203D0B44218BFFC
:1073D0004C4509D1697A002914BF40F4006020F4BB
:1073E0000060B4F1804F04D0BC421CBFB4424C4595
:1073F00010D1A97A002914BF40F4805020F48050A5
:10740000E97A002914BF40F4005020F40050B4F190
:10741000804F03D0BC4218BFB44206D1297B00295B
:1074200014BF40F4804020F48040544518BF4445C8
:1074300005D0B4F1804F1CBFBC42B44206D1697B79
:10744000002914BF40F4004020F400402060606830
:10745000B4F1804F18BFB44206D1A97B002914BFF4
:1074600040F4807020F480706060BDE8F09F000000
:10747000002C01400010004000340140000C00408E
:1074800000040040000800402E2E5C6669726D7793
:107490006172655C6E3332673435785F7374645F34
:1074A0007065726970685F6472697665725C737228
:1074B000635C6E3332673435785F74696D2E6300B8
:1074C000497354696D416C6C4D6F64756C652854DB
:1074D000494D782900000000497354696D436E746A
:1074E0004D6F64652854494D5F54696D6542617301
:1074F00065496E69745374727563742D3E436E747E
:107500004D6F646529000000497354696D436C6BCD
:107510004469762854494D5F54696D6542617365CD
:10752000496E69745374727563742D3E436C6B4479
:10753000697629002DE9F04700252C460420FCF748
:10754000E7FF012818BFBDE8F0870D20FCF7F6FF24
:10755000002898BFBDE8F0874FF00F08354F4FF077
:10756000010A4FF00E0908EB4406F0B2FCF7E6FF03
:107570003979B1EB102F1BD1F0B2FCF7DFFF79792D
:10758000C0B2884214D109EB4406F0B2FCF7D6FF32
:10759000F979491E0AFA01F1084010F0FF0F07D0EF
:1075A000F0B2FCF7CBFF10F0800F0CBF02250125D5
:1075B000601CC4B20D20FCF7C1FFA042D3D8012D3E
:1075C0001CD0022D18BFBDE8F0870120FCF7A0FFFA
:1075D000012818BFBDE8F0870020FEF7DBFC002083
:1075E000F9F77AFE00210120FCF7AEFF09210A20FD
:1075F000FCF7C0FFBDE8F047FCF700BF0120FCF737
:1076000087FF002818BFBDE8F0870020FCF780FF47
:10761000002818BFBDE8F0870120FEF7BBFC012061
:10762000F9F75AFE01210846FCF78EFFBDE8F04746
:10763000FCF7E4BE2000002010B5054800F0ACFCCB
:10764000C1B204480068BDE81040FBF739BE000035
:10765000004C00403800002070B5114D40F225511B
:10766000284600F04BFA10B10E4C207820B1284685
:10767000BDE8704000F090BC284600F08DFC6188A9
:10768000094A88546088401C6080032000F020FE76
:10769000BDE870403221054A032000F023BE0000FF
:1076A00000440040CE070020D2070020918200084D
:1076B00070B5114D40F22551284600F01FFA10B167
:1076C0000E4C207820B12846BDE8704000F064BC24
:1076D000284600F061FC6188094A88546088401C93
:1076E0006080052000F0F4FDBDE870403221054ABD
:1076F000052000F0F7BD0000004800407C0300209A
:1077000080030020A18200082DE9F047DFF8FC800B
:10771000DFF8FC90DFF8FCA016460D460446404515
:1077200018BF4C451AD054451CBFA4F18040B0F599
:10773000984013D0A4F18040B0F5A0401FBFA4F141
:107740008040B0F5A830A4F18040B0F5AA3005D053
:1077500040F27F1230A13FA001F06CFA40F66A17A8
:10776000282D1CBFA5F5E060B0F127001BD0A5F5C2
:10777000C06026381CBFA5F5A060B0F1250012D06E
:10778000A5F5806024381CBFA5F50060B0F1460067
:1077900009D0BD4218BF602D05D04FF4C0721EA1A4
:1077A00033A001F047FA002E18BF012E05D040F299
:1077B000811219A135A001F03DFABD420AD144451C
:1077C0001CBF4C45544505D040F2851212A136A08D
:1077D00001F030FA05F01F010122C5F3421002FA50
:1077E00001F1012808BF04F10C0005D002280CBFEC
:1077F00004F1100004F11400002E026814BF1143BC
:1078000022EA01010160BDE8F08700000038014074
:1078100000440040004800402E2E5C6669726D777F
:107820006172655C6E3332673435785F7374645FA0
:107830007065726970685F6472697665725C737294
:10784000635C6E3332673435785F75736172742EA2
:107850006300000049535F55534152545F414C4C03
:107860005F50455249504828555341525478290099
:1078700049535F55534152545F4346475F494E5405
:107880002855534152545F494E54290049535F468D
:10789000554E4354494F4E414C5F53544154452833
:1078A000436D64290000000049535F555341525411
:1078B0005F3132335F504552495048285553415249
:1078C0005478290070B50446A0F180400D46B0F50B
:1078D0009C301CBFA4F18040B0F588401DD0A4F1BD
:1078E0008040B0F590401CBFA4F18040B0F59840B6
:1078F00013D0A4F18040B0F5A0401FBFA4F1804098
:10790000B0F5A830A4F18040B0F5AA3005D040F21F
:1079100059120BA119A001F08DF9002D04BFA08907
:1079200020F400500AD0012D05D04FF4AD7204A10F
:1079300019A001F07FF9A08940F40050A08170BD2A
:107940002E2E5C6669726D776172655C6E3332678C
:107950003435785F7374645F7065726970685F64F2
:1079600072697665725C7372635C6E33326734354C
:10797000785F75736172742E6300000049535F5520
:10798000534152545F414C4C5F5045524950482836
:10799000555341525478290049535F46554E43543C
:1079A000494F4E414C5F535441544528436D64291F
:1079B000000000002DE9F047294F0026DFF8A480E1
:1079C000DFF8A4900C460546B84218BF45451AD0CA
:1079D0004D451CBFA5F18040B0F5984013D0A5F1EE
:1079E0008040B0F5A0401FBFA5F18040B0F5A830A1
:1079F000A5F18040B0F5AA3005D040F219321BA1A4
:107A000029A001F017F9012C18BF802C20D0402CA0
:107A100018BF202C1CD0102C18BFB4F5807F17D0B5
:107A2000B4F5007F09D0082C1CBF042C022C0FD009
:107A300040F21A320DA123A008E0BD421CBF45450B
:107A40004D4505D040F21E3208A125A001F0F2F804
:107A50002888204218BF01263046BDE8F087000084
:107A60000038014000440040004800402E2E5C6673
:107A700069726D776172655C6E3332673435785F39
:107A80007374645F7065726970685F64726976654B
:107A9000725C7372635C6E3332673435785F757312
:107AA0006172742E6300000049535F555341525474
:107AB0005F414C4C5F504552495048285553415204
:107AC0005478290049535F55534152545F464C4105
:107AD000472855534152545F464C41472900000006
:107AE00049535F55534152545F3132335F504552D1
:107AF0004950482855534152547829002DE9F04700
:107B0000DFF8F4800026DFF8F490DFF8F4A00C46EC
:107B10000546404518BF4D451AD055451CBFA5F137
:107B20008040B0F5984013D0A5F18040B0F5A0405A
:107B30001FBFA5F18040B0F5A830A5F18040B0F599
:107B4000AA3005D040F26B322EA13DA001F072F8B0
:107B5000282C34D0A4F5E06040F66A1727381CBF03
:107B6000A4F5C060B0F126001CD0A4F5A0602538B3
:107B70001CBFA4F58060B0F1240013D0A4F5006010
:107B8000463818BFBC420DD0B4F5587F1CBFB4F5C1
:107B9000187FB4F5B07F12D04FF45B7219A12FA0FB
:107BA00001F048F8BC420AD145451CBF4D4555453A
:107BB00005D04FF45C7213A12FA001F03BF804F044
:107BC0001F000122C4F3421102FA00F0012904BF90
:107BD000A989084004D002290CBF298AA98A084033
:107BE000210A02FA01F12A88114000281CBF00294D
:107BF00001263046BDE8F0870038014000440040CF
:107C0000004800402E2E5C6669726D776172655C7B
:107C10006E3332673435785F7374645F7065726990
:107C200070685F6472697665725C7372635C6E33F0
:107C300032673435785F75736172742E63000000AB
:107C400049535F55534152545F414C4C5F5045522C
:107C500049504828555341525478290049535F559B
:107C6000534152545F4745545F494E542855534140
:107C700052545F494E54290049535F555341525461
:107C80005F3132335F504552495048285553415275
:107C9000547829002DE9F047604EDFF88491DFF831
:107CA00084A1614FDFF8848186B00D460446B0425E
:107CB00018BF4C4513D054451CBFA4F18040B0F50B
:107CC00098400CD0A4F18040B0F5A0401CBFBC424D
:107CD000444504D0C42256A164A000F0ABFF28683C
:107CE0006949401E884204D3C52251A167A000F013
:107CF000A1FFA888002818BFB0F5805F04D0C62275
:107D00004BA16EA000F096FFE888002818BFB0F5E0
:107D1000805F0AD0B0F5005F18BFB0F5405F04D0B7
:107D2000C72243A172A000F085FF288900281CBF4C
:107D3000B0F5806FB0F5C06F04D0C8223CA178A028
:107D400000F078FF688930F00C0100D120B9C92219
:107D500037A17EA000F06EFFA889002818D0B0F5EA
:107D6000807F1CBFB0F5007FB0F5407F06D0CA22EF
:107D70002FA1804800F05EFFA88948B1B4421CBF23
:107D80004C45544504D0CE2229A17BA000F052FFDF
:107D9000208A4CF6FF710840E98808432082A089B8
:107DA0004EF6F3110840A9882A8911436A891043C5
:107DB0000843A081A08A4FF6FF410840A9890843E3
:107DC000A0826846FDF7D0FAB44218BFBC4203D087
:107DD000444518BF029800D103986E4A00EBC001D9
:107DE00001EB001029686FF0180C8900B0FBF1F06E
:107DF000A2FB0031490909010B0903FB0CF300EB5D
:107E00008300322303EB0010A2FB0020C0F34310D9
:107E10000843208106B0BDE8F0870000003801402B
:107E20000044004000480040005001400054014020
:107E30002E2E5C6669726D776172655C6E33326797
:107E40003435785F7374645F7065726970685F64FD
:107E500072697665725C7372635C6E333267343557
:107E6000785F75736172742E6300000049535F552B
:107E7000534152545F414C4C5F5045524950482841
:107E8000555341525478290020AA440049535F5564
:107E9000534152545F424155445241544528555331
:107EA0004152545F496E69745374727563742D3E08
:107EB00042617564526174652900000049535F5541
:107EC000534152545F574F52445F4C454E475448BC
:107ED0002855534152545F496E69745374727563E7
:107EE000742D3E576F72644C656E6774682900008C
:107EF00049535F55534152545F53544F5042495474
:107F0000532855534152545F496E697453747275C6
:107F100063742D3E53746F704269747329000000BE
:107F200049535F55534152545F5041524954592867
:107F300055534152545F496E69745374727563743A
:107F40002D3E5061726974792900000049535F55D4
:107F5000534152545F4D4F44452855534152545F4D
:107F6000496E69745374727563742D3E4D6F646508
:107F7000290000001CBC000849535F55534152546E
:107F80005F3132335F504552495048285553415272
:107F9000547829001F85EB5110B50446A0F18040AC
:107FA000B0F59C301CBFA4F18040B0F588401DD0D6
:107FB000A4F18040B0F590401CBFA4F18040B0F522
:107FC000984013D0A4F18040B0F5A0401FBFA4F1A9
:107FD0008040B0F5A830A4F18040B0F5AA3005D0BB
:107FE00040F2512203A112A000F024FEA088C0F3A9
:107FF000080010BD2E2E5C6669726D776172655C3B
:108000006E3332673435785F7374645F706572699C
:1080100070685F6472697665725C7372635C6E33FC
:1080200032673435785F75736172742E63000000B7
:1080300049535F55534152545F414C4C5F50455238
:1080400049504828555341525478290070B5044688
:10805000A0F180400D46B0F59C301CBFA4F18040DB
:10806000B0F588401DD0A4F18040B0F590401CBF11
:10807000A4F18040B0F5984013D0A4F18040B0F551
:10808000A0401FBFA4F18040B0F5A830A4F180400B
:10809000B0F5AA3005D04FF4107208A116A000F078
:1080A000C9FDB5F5007F05D340F2412203A119A017
:1080B00000F0C0FDC5F30800A08070BD2E2E5C66E8
:1080C00069726D776172655C6E3332673435785FE3
:1080D0007374645F7065726970685F6472697665F5
:1080E000725C7372635C6E3332673435785F7573BC
:1080F0006172742E6300000049535F55534152541E
:108100005F414C4C5F5045524950482855534152AD
:108110005478290049535F55534152545F444154A8
:1081200041284461746129002DE9F0410E000546A3
:108130004FF0000414BF094FBDE8F081295D3846B7
:10814000FFF784FF80213846FFF734FC0028F9D080
:10815000601C84B2B442F1D3BDE8F0810044004019
:1081600010B5184C002058212278012A18BF10BDE4
:10817000B4F802C0BCF1170F08BFACF1010211D175
:108180002318401C1B79C0B2194489B28242F7DC23
:10819000C8430D49C0B21CF80110814204BF201D24
:1081A000F8F73EFE002062880146002A06D9221810
:1081B000401C11716288C0B28242F8D8618021707F
:1081C00010BD0000CE070020D10700202DE9F047A8
:1081D0001D4E3078012818BFBDE8F0874FF40061CC
:1081E000DFF868904846FAF745FD7588371D00248A
:1081F000002D88BFDFF858800DD9395D4046FFF764
:1082000025FF80214046FFF7D5FB0028F9D0601CF0
:1082100084B2AC42F1D3642000F096FD4FF40061CB
:108220004846FAF7BDFC002072880146002A06D9AC
:108230003218401C11717288C0B28242F8D8718025
:108240003170BDE8F08700007C0300200008014089
:10825000004800402DE9F0410E0005464FF00004B3
:1082600014BF094FBDE8F081295D3846FFF7EEFEE7
:1082700080213846FFF79EFB0028F9D0601C84B2AD
:10828000B442F1D3BDE8F081004C0040FEE70000AD
:10829000024901200870032000F01AB8CE07002020
:1082A000024901200870052000F012B87C0300206C
:1082B00000200649024601EBC00341F83020401C73
:1082C000C0B25A601128F6D3FEF7D4BEF4020020E3
:1082D000034A002142F8301002EBC00041607047B1
:1082E000F4020020034B43F8301003EBC00042605F
:1082F00070470000F402002070B50A4D002455F8C4
:10830000340048B1411E05EBC40045F83410406804
:1083100010B1002908BF8047601CC4B2112CEED3F5
:1083200070BD0000F40200200FB4054B10B503A986
:10833000044A029800F0E2F810BC5DF814FB00005B
:10834000798D0008D40200200FB4084B10B504A9A1
:1083500002AA039800F0D2F8044602A9002000F017
:1083600064FC204610BC5DF814FB00002B8C000858
:1083700000487047E002002002E008C8121F08C150
:10838000002AFAD170477047002001E001C1121F96
:10839000002AFBD1704700002DE9FF5FDDE90220D4
:1083A000010DDDF838B0024318D044F61050A1F2A8
:1083B000FF3141430D140F98012820D0A5EB0B008D
:1083C000401C5FEA000A4FF00004474EDFF81C91A2
:1083D000A046504616D5CAF1000728E00F980124A0
:1083E00043A2012808D0002100980F9BC0E900217A
:1083F000C0E90243BDE8FF9F6FEA0B01F4E7CBF150
:108400000000DEE7074612E0F80707D022463346B1
:1084100040464946F7F730FF8046894622463346B4
:1084200010461946F7F728FF04460E467F10002F26
:10843000EAD1DDE90201BAF1000F42464B4602DA09
:10844000F7F71AFF01E0F8F766F904460E46002236
:10845000284BF8F7E7F903D84FF0FF30014607E063
:108460000022254B20463146F8F7AEF8F8F7C2F95E
:10847000102409E0002C0ADB0A220023F7F7CEFFC4
:10848000019B30321A55641E50EA0102F2D1641C7D
:10849000019AC4F1110314440F9A012A03D0012256
:1084A00008430DD10AE0084304D000204FF0110B1F
:1084B0000F9080E7A3EB0B056D1E0DE05B4504DD1F
:1084C0004FF0000205F1010504E003DA4FF000026D
:1084D000A5F10105002AECD000980F99C0E90231FE
:1084E000C0E9004586E70000000024400000F03F9E
:1084F000300000000000F0430000E03F2DE9FF4F96
:1085000095B09B468946064600250FE2252877D17F
:1085100000242746F84A0121059400E0044316F898
:10852000013F203B01FA03F01042F7D130782A28AE
:1085300011D06FF02F033078A0F13002092A16D83D
:10854000059A44F0020402EB820203EB420210445B
:10855000761C0590EFE759F8042B0592002A03DA00
:10856000504244F40054059044F00204761C3078E4
:108570002E2816D116F8010F44F004042A280DD035
:108580006FF02F023078A0F13003092B09D807EBE8
:10859000870302EB4303C718761CF3E759F8047B03
:1085A000761C30786C280FD006DC4C2817D0682851
:1085B0000DD06A2814D104E0742810D07A280FD185
:1085C0000DE044F400140AE044F4801401E044F4A3
:1085D00040147278824202D104F58014761C761C15
:1085E000307866280BD013DC582877D009DC0028B7
:1085F00075D04528F6D04628F4D047281AD19DE1F9
:1086000018E0632835D0642879D0652812D195E127
:10861000702873D008DC6728F1D069286FD06E28E5
:108620000DD06F2806D1B5E073282CD0752875D0F1
:10863000782874D05A46179990476D1C75E1C4F399
:108640000250022809D003280DD0D9F800100428C0
:108650000DD00D6009F1040967E1D9F80010EA179F
:10866000C1E90052F6E7D9F800100D80F2E70D706D
:10867000F0E719F8041B8DF8001000208DF80100B8
:10868000EA46012003E059F804AB4FF0FF306107E0
:108690004FF0000102D40DE008F101018846B94213
:1086A0000FDA8045F8DB1AF808100029F4D108E049
:1086B00008F1010188468142FADB1AF80810002906
:1086C000F6D105985B46A0EB080721463846179A75
:1086D00000F094FA284400EB080507E04DE029E19A
:1086E0000DE01AF8010B5A4617999047B8F10108A6
:1086F000F7D25B4621463846179A13E142E00A2238
:108700000092C4F302524FF0000A022A08D059F82E
:1087100004CB032A4FEAEC710AD00DE029E02AE0ED
:1087200009F1070121F00702F2E802C1914609E0D0
:108730000FFA8CFC4FEAEC71042A03D14FFA8CFC3F
:108740004FEAEC71002907DA0A460021DCF1000C3F
:1087500061EB02012D2202E0220504D52B228DF8C7
:108760000420012203E0E20701D02022F7E790462F
:1087700059E00A2102E010220DE010214FF0000A1A
:1087800000910BE010224FF0000A44F00404082787
:10879000009203E008224FF0000A0092C4F3025254
:1087A000022A05D059F804CB0021032A08D009E099
:1087B00009F1070121F00702F2E802C1914605E044
:1087C0001FFA8CFC042A01D10CF0FF0C4FF00008BA
:1087D000220728D5702806D0009B83F0100353EAA7
:1087E0000A0305D00EE040228DF80420012208E0A3
:1087F0005CEA010206D030228DF804208DF80500D5
:1088000002229046009B83F0080353EA0A030AD130
:108810005CEA010201D1620705D530228DF80420FF
:108820004FF001087F1E582804D034A003900EA8F2
:1088300002900DE036A0F9E753466046009AF7F73C
:10884000EDFD84460398825C0298401E02900270FF
:108850005CEA0100F0D1029806A9081A00F1200A8A
:10886000600702D524F4803400E00127574502DD7B
:10887000A7EB0A0000E0002000EB0A010090059839
:108880004144401A0590E00306D45B462146179AFE
:10889000059800F0B3F90544002706E001A85A4600
:1088A000C05D179990476D1C7F1C4745F6DBE003C0
:1088B0000CD55B462146179A059800F09FF90544B0
:1088C00004E030205A46179990476D1C0099481EC5
:1088D00000900029F5DC08E0029802995A460078D9
:1088E000491C0291179990476D1CBAF10001AAF139
:1088F000010AF1DC65E10000092801003031323362
:1089000034353637383961626364656600000000CB
:1089100030313233343536373839414243444546B5
:108920000000000000F058F90544761C307800285B
:108930007FF4ECAD19B02846BDE8F08F620700D493
:10894000062709F1070222F0070CFCE80223E146A2
:1089500003F000485FEA080C02D00FF2702C0DE023
:108960005FEA045C02D50FF2682C07E05FEAC47C82
:1089700002D00FF2602C01E0AFF2700C4FF0FF3824
:1089800023F00043CDF850C065280CD006DC452804
:1089900009D046281DD047283DD13DE0662818D093
:1089A00067287ED138E00021112F01DB112000E083
:1089B000781CCDE9000106A90EA8FFF7EDFCDDE962
:1089C0000F010E9A03910021009207F1010A049110
:1089D0004DE04FF000400097CDE9011006A90EA828
:1089E000FFF7DAFCDDE90F0203920E9B11990022DA
:1089F000DDF80CA00093049211B9791C00EB010A78
:108A0000B7EB0A0004D4C0F1FF3007F1010A04906B
:108A1000AAEB0700019044E0012F00DA01270021B2
:108A2000112F01DD112000E03846CDE9000106A933
:108A30000EA8FFF7B1FCDDE90F010E9A03910021AA
:108A400004910092BA4621070CD40399514500DAEB
:108A50008A46BAF1010F05DD009AAAF10101515CC5
:108A6000302908D0B84202DA10F1040F06DA0121E9
:108A7000CDE9011015E0AAF10101E9E7002805DCC4
:108A8000049901440491AAEB000102E0411C514504
:108A900000DD8A460499401A401C01904FF00040C6
:108AA0000290200704D40198504501DBCDF80480E2
:108AB00000208DF84F0002980DF14F07B0F1004FE4
:108AC00025D02B200E9002984FF0020800280CDAD7
:108AD000404202902D200E9007E00A210298F7F7FD
:108AE00087FC3031029007F8011DB8F10001A8F1B0
:108AF0000108F2DC02980028EFD1791E0E98087068
:108B0000307800F0200040F0450007F8020D12A870
:108B1000C01B00F107081498007800B1012000EB99
:108B20000A01019801EBE07105984144401A401E8A
:108B30000590E00306D45B462146179A059800F09D
:108B40005DF805441498007818B15A461799904773
:108B50006D1CE00324D55B462146179A059800F06A
:108B60004DF805441CE00498002807DBDDE903010B
:108B7000884203DD0098405C179901E01799302086
:108B80005A469047049805F10105401C049001984D
:108B9000401E019004D12E205A46179990476D1C13
:108BA000BAF10001AAF1010ADDDC05E017F8010BBA
:108BB0005A46179990476D1CB8F10001A8F10108B9
:108BC000F4DC5B462146179A0598ABE62D000000C1
:108BD0002B000000200000002DE9F0410446002594
:108BE0001E461746880404D405E039462020B047C5
:108BF0006D1C641EF9D52846BDE8F0812DE9F041D1
:108C0000044600251E469046C80301D5302700E0E3
:108C10002027880404D505E041463846B0476D1C3E
:108C2000641EF9D52846BDE8F0810A68531C0B6024
:108C30001070704713460A46014602A0FFF774FB06
:108C4000FEE70000617373657274696F6E20666180
:108C5000696C65643A206025736020617420257317
:108C60003A25640000F00F03000900EB800003EBDD
:108C70004000C0B200F5FA63080901F00F0C00EBE8
:108C800080000CEB4000110902F00F0CC0B201EBA8
:108C900081010CEB4101421EC9B20C2A02D209B17A
:108CA0001F2901D900207047012818BF022803D1CD
:108CB0000C305A1EC0B293B2421C02EB420240F288
:108CC000676C12FB0CF201EB400000EB52304AF2F1
:108CD000D731184401FB031100EB9300A0EB915036
:108CE0004FF4C871B3FBF1F10844411C074B08462F
:108CF0000022C3FB01208210A2EBE070A0EBC000B9
:108D0000084410F0FF0008BF0720704793244992E1
:108D1000FF2330B41A46B1F1010C24BF084C04F50E
:108D2000807508D310F8011B5940635C53406A5C9E
:108D3000BCF1010CF6D203480270437030BC70479E
:108D4000C4000020580000200022002898BF70476F
:108D500046F2A811491EFDD1521C8242F8D3704739
:108D60000022002898BF70471921491EFDD1521CCE
:108D70008242F9D37047000070B5074D0446C1B276
:108D80002846FFF763F980212846FEF713FE0028E6
:108D9000F9D0204670BD00000050004001484078E6
:108DA00070470000C402002000B587B06846FCF799
:108DB000DBFA012140F2FD10FCF73CFA01214FF4EF
:108DC0006020FCF7D7F94FF44070FBF73FFD04201B
:108DD000FDF732FA0B4901980B4BA1FB001040093B
:108DE0000022401EB0F1807F08D24FF0E0214861A0
:108DF000F02083F8140D8A610720086183F8142D90
:108E000007B000BD1F85EB510FE000E030B585B025
:108E10000424ADF8104018208DF813000320194DDC
:108E20008DF8120004A92846F9F710FD0821ADF8C5
:108E3000101001218DF812108DF8134004A9284656
:108E4000F9F704FD4FF4165000900020ADF804002F
:108E5000ADF80600ADF80800ADF80C000C200A4C87
:108E6000ADF80A0069462046FEF714FF012240F2E1
:108E700025512046FEF748FC01212046FEF722FD41
:108E800005B030BD000801400044004010B586B078
:108E90004FF48060ADF8100018208DF81300032007
:108EA000194C8DF8120004A92046F9F7CFFCE11403
:108EB000ADF8101001218DF8121004218DF8131057
:108EC00004A92046F9F7C2FC4FF416500090002088
:108ED000ADF80400ADF80600ADF80800ADF80C00E0
:108EE0000C200A4CADF80A0069462046FEF7D2FE77
:108EF000012240F225512046FEF706FC01212046C2
:108F0000FEF7E0FC06B010BD000C01400048004038
:108F100010B586B04FF48060ADF8100018208DF8C1
:108F200013000320194C8DF8120004A92046F9F70C
:108F30008DFCE114ADF8101001218DF81210042100
:108F40008DF8131004A92046F9F780FC4FF4E130A6
:108F500000900020ADF80400ADF80600ADF8080060
:108F6000ADF80C000C200A4CADF80A00694620460A
:108F7000FEF790FE012240F225512046FEF7C4FB89
:108F800001212046FEF79EFC06B010BD00100140F6
:108F9000004C004010B586B001213120FCF74AF9A1
:108FA00001210805FCF7E6F84FF48050ADF81000F9
:108FB00018208DF8130003208DF8120004A916481C
:108FC000F9F744FC0420ADF810008DF8130004A953
:108FD0001248F9F73BFC4FF4E13000900020ADF867
:108FE0000400ADF80600ADF80800ADF80C0008204C
:108FF0000B4CADF80A0069462046FEF74BFE0122F5
:1090000040F225512046FEF77FFB01212046FEF766
:1090100059FC208806B010BD00100140001401402A
:109020000050004020480178012918BF704710B552
:10903000002101700220FBF76BFA002818BF10BD59
:1090400000210420FBF780FA0120FBF761FA0128D8
:1090500014D00120FCF79EFF0120F8F73DF9012113
:109060000846FBF771FA01210846F8F751FEFBF7B5
:10907000C5F9BDE810400020F8F776B80020FCF7ED
:1090800089FF0020F8F728F900210120FBF75CFA9E
:1090900009210A20FBF76EFA00210120F8F738FEBB
:1090A000FBF7ACF9E5E7000054000020014901207E
:1090B000087070475400002070B584B00425214E1C
:1090C000ADF8005048248DF8034069463046F9F762
:1090D000BDFB02210120F8F7D7FF00208DF80C001E
:1090E0000C208DF80D0001208DF80E00029502A8CD
:1090F000F8F742FD1020ADF80000134D8DF8034045
:1091000069462846F9F7A2FB4020ADF800008DF82B
:10911000034069462846F9F799FB2020ADF8000086
:109120008DF8034069460948F9F790FB0220ADF835
:1091300000008DF8034069463046F9F787FB04B01C
:1091400070BD0000000C014000080140001001400B
:10915000FFF768BFF8B52020ADF800001025214EBC
:109160008DF8035001248DF8024069463046F9F726
:109170006DFB20213046F9F77DFD1B4A4FF4FA7153
:109180000120FFF7AFF88021ADF800108DF80350F3
:109190008DF8024069463046F9F758FB8021304689
:1091A000F9F768FDADF80050104E8DF803508DF8BA
:1091B000024069463046F9F749FB10213046F9F77D
:1091C00059FDADF800408DF803508DF80240084C71
:1091D00069462046F9F73AFB01212046F9F74AFD96
:1091E000F8BD000000080140E13A0008001001400D
:1091F000000C01400149012048707047C80200205E
:10920000F7F73CFFF8F7D4F9F9F770FEF9F7CCFE61
:10921000F7F796FFFCF79AF9FDF78AFDFAF774FB6A
:10922000F9F702FEF9F79EFEF2E70000F0B50B3009
:10923000154D20F007010024144A0FE003688B420B
:109240000BD38B4205D95E1A43184768C3E9006700
:1092500000E04368136002C004E0021D10680028AB
:10926000ECD12046002802D1286808B10020F0BDCA
:10927000064A07481060074A121A22F00702C0E99E
:10928000002401202860D7E7DC020020D80200205B
:109290004C1900204829002001490120087070471E
:1092A000C80200200149012008717047C80200204F
:1092B00001494870F7F7D3BFC402002001490120DB
:1092C00088707047C802002010B500218F20F7F782
:1092D000D6FB00219020F7F7D2FB00219120F7F771
:1092E000CEFB00219220F7F7CAFBF8F76DFE0021B4
:1092F0000420F7F7C4FB01210520F7F7C0FB00218C
:109300000620F7F7BCFB01210720F7F7B8FB002187
:109310000820F7F7B4FBBDE81040F8F722BD0000C5
:109320000000010203040102030406070809010208
:109330000406080A0C1020202020202020200100F4
:1093400002000400060008000A000C0010002000C3
:1093500040008000000100010001000100013031E7
:1093600032333435363738394142434445460000BC
:1093700000000000000000000000000004040404DD
:1093800004000004000014140A00000000000000A3
:10939000000000000A0A1F0A0A1F0A0A000000044F
:1093A0000E1505060C14150E0400000012150D15FF
:1093B0002E2C2A1200000000040A0A361515291660
:1093C0000000020201000000000000000000100880
:1093D000080404040404080810000204040808082F
:1093E00008080404020000000004150E0E15040015
:1093F000000000000008083E08080000000000000F
:109400000000000000000202010000000000003F18
:10941000000000000000000000000000000000024A
:1094200000000020101008080404020201000000DF
:109430000E1111111111110E000000000406040498
:109440000404040E000000000E1111080402011FA4
:10945000000000000E11100C1010110E0000000092
:10946000080C0C0A091F081C000000001F01010F56
:109470001110110E000000000C12010D1311110E3D
:10948000000000001E10080804040404000000008E
:109490000E11110E1111110E000000000E11111904
:1094A000161009060000000000000400000000047F
:1094B00000000000000000040000000404000000A0
:1094C00010080402020408100000000000003F0021
:1094D0003F00000000000000020408101008040211
:1094E000000000000E111108040400040000000038
:1094F0001C22292D2D1D221C0000000004040C0A32
:109500000A1E1233000000000F12120E1212120F68
:10951000000000001E1101010101110E00000000F9
:109520000F1212121212120F000000001F120A0E68
:109530000A02121F000000001F120A0E0A02020790
:10954000000000001C1201013911120C0000000083
:109550003312121E12121233000000001F04040402
:109560000404041F000000003E080808080808085A
:109570000907000037120A060A121237000000001D
:10958000070202020202223F000000003B1B1B1BDD
:1095900015151535000000003B1216161A1A121781
:1095A000000000000E1111111111110E0000000039
:1095B0000F12120E02020207000000000E1111111C
:1095C0001117190E180000000F12120E0A1212378E
:1095D000000000001E1101060810110F000000001D
:1095E0001F1504040404040E0000000033121212BC
:1095F0001212120C000000003312120A0A0C0404AA
:1096000000000000151515150E0A0A0A00000000DA
:109610001B0A0A04040A0A1B000000001B0A0A0AAB
:109620000404040E000000001F0908040402121FB5
:1096300000001C0404040404040404041C000002CC
:10964000020404040808081010000E08080808089E
:10965000080808080E00040A0000000000000000CE
:10966000000000000000000000000000003F0204B5
:109670000000000000000000000000000000000CDE
:10968000121C123C000000030202020E1212120E03
:10969000000000000000001C1202120C0000001864
:1096A0001010101C1212123C000000000000000CF0
:1096B000121E021C000000182404041E0404041ED0
:1096C000000000000000003C120C021C221C0003E1
:1096D0000202020E121212370000000404000006FB
:1096E0000404040E000000080800000C0808080824
:1096F000080700030202021A0A060A130000000704
:10970000040404040404041F000000000000000F0F
:1097100015151515000000000000000F1212123779
:10972000000000000000000C1212120C00000000EB
:109730000000000F1212120E020700000000001CB1
:109740001212121C103800000000001B0602020753
:10975000000000000000001E020C101E00000000AF
:109760000004041E0404041C000000000000001B90
:109770001212123C000000000000001B0A0A040440
:109780000000000000000015150E0A0A000000008D
:109790000000001B0A040A1B000000000000003348
:1097A00012120C08040300000000001E0804041E2E
:1097B000000018080808080C08080808180008081D
:1097C000080808080808080808080604040404082B
:1097D0000404040406001609000000000000000054
:1097E0000000000000000000000000000000000079
:1097F0000000000000080808080808080000181801
:10980000000000486C24120000000000000000006E
:1098100000000000002424247F1212127F12121272
:1098200000000000081C2A2A0A0C1828282A2A1CD2
:10983000080800000022251515152A5854545422F2
:1098400000000000000C1212120A76252911916EF8
:1098500000000006060403000000000000000000F5
:109860000000004020101008080808080810102008
:10987000400000020408081010101010100808041E
:1098800002000000000008086B1C1C6B08080000A8
:10989000000000000000080808087F080808080009
:1098A00000000000000000000000000000000606AC
:1098B00004030000000000000000FE0000000000A3
:1098C000000000000000000000000000000006068C
:1098D000000000008040402020101008080404020E
:1098E0000200000000182442424242424242241830
:1098F0000000000000080E08080808080808083ED4
:1099000000000000003C4242422020100804427E39
:1099100000000000003C4242201820404042221C2F
:109920000000000000203028242422227E202078FD
:1099300000000000007E0202021A26404042221C63
:109940000000000000382402021A26424242241875
:1099500000000000007E22221010080808080808F5
:1099600000000000003C4242422418244242423C93
:109970000000000000182442424264584040241C69
:109980000000000000000000181800000000181877
:1099900000000000000000000008000000000008B7
:1099A00008040000004020100804020408102040B1
:1099B00000000000000000007F0000007F000000A9
:1099C00000000000000204081020402010080402DB
:1099D00000000000003C42424640201010001818D1
:1099E00000000000001C225A555555552D42221CDE
:1099F00000000000000808181414243C224242E72A
:109A000000000000001F2222221E22424242221F8A
:109A100000000000007C4242010101010142221CC1
:109A200000000000001F2242424242424242221FE6
:109A300000000000003F4212121E12120242423F7A
:109A400000000000003F4212121E12120202020722
:109A500000000000003C2222010101712122221C91
:109A60000000000000E7424242427E42424242E79A
:109A700000000000003E0808080808080808083E22
:109A800000000000007C10101010101010101010BA
:109A9000110F0000007722120A0E0A1212222277FA
:109AA0000000000000070202020202020202427FDE
:109AB000000000000077363636362A2A2A2A2A6B1A
:109AC0000000000000E346464A4A52525262624792
:109AD00000000000001C2241414141414141221C43
:109AE00000000000003F424242423E0202020207E2
:109AF00000000000001C2241414141414D53321CF5
:109B000060000000003F4242423E1212222242C741
:109B100000000000007C4242020418204042423E05
:109B200000000000007F4908080808080808081C11
:109B30000000000000E74242424242424242423CB0
:109B40000000000000E742422224241414180808F0
:109B500000000000006B4949494955553622222230
:109B60000000000000E7422424181818242442E7CB
:109B70000000000000772222141408080808081CBE
:109B800000000000007E2120101008040442423F23
:109B900000000078080808080808080808080808ED
:109BA0007800000002020404080808101020202099
:109BB0004040001E10101010101010101010101047
:109BC0001E000038440000000000000000000000FB
:109BD0000000000000000000000000000000000085
:109BE00000FF000608000000000000000000000068
:109BF0000000000000000000003C4278444242FCAB
:109C00000000000000030202021A26424242261A05
:109C10000000000000000000003844020202443846
:109C2000000000000060404040784442424264D856
:109C30000000000000000000003C427E0202423CA6
:109C40000000000000F08808087E08080808083EA8
:109C50000000000000000000007C22221C023C42A8
:109C6000423C000000030202023A4642424242E7FE
:109C700000000000000C0C00000E08080808083E58
:109C8000000000000030300000382020202020207C
:109C9000221E0000000302020272120A161222772C
:109CA00000000000000E0808080808080808083E20
:109CB0000000000000000000007F9292929292B794
:109CC0000000000000000000003B4642424242E724
:109CD0000000000000000000003C42424242423CC2
:109CE0000000000000000000001B26424242221E2D
:109CF000020700000000000000784442424244781D
:109D000040E000000000000000774C040404041F41
:109D10000000000000000000007C42023C40423E87
:109D20000000000000000008083E0808080808308D
:109D3000000000000000000000634242424262DC7A
:109D4000000000000000000000E74224241408087E
:109D5000000000000000000000EB49495555222298
:109D60000000000000000000007624181818246E7F
:109D7000000000000000000000E74224241418083E
:109D80000807000000000000007E22100808447E42
:109D9000000000C020202020201020202020202093
:109DA000C000101010101010101010101010101013
:109DB0001010000608080808081008080808080815
:109DC00006000C32C200000000000000000000008D
:109DD0000000000000000000000000000000000083
:109DE0000000000000000000000000000000000073
:109DF0000000000000000000000000000000000063
:109E00000000000000000000000060006000600032
:109E10006000600060006000400020002000200022
:109E20000000000000006000600060000000000012
:109E30000000000000006006600630039801880002
:109E400044000000000000000000000000000000CE
:109E50000000000000000000000000000000000002
:109E600000000000000000000000100210021002BC
:109E70001002FE07FE070802080108010801080198
:109E8000FE07FE07040104010401040100000000B4
:109E9000000000000000000040004000F0015803F6
:109EA0004C03CC034C0058007000E000C001C0011E
:109EB00040034C035C034C034801F00040004000A9
:109EC000000000000000000000000E010A019100E7
:109ED00091009100510051003A00AE03A0025004DD
:109EE000500448044804480484028403000000002D
:109EF0000000000000000000000038006C006C0052
:109F00006C006C006C002C0098071C011A013301D6
:109F100033016301E300C308C6093C0700000000E9
:109F20000000000000000C001C00100010000800E1
:109F3000040000000000000000000000000000001D
:109F40000000000000000000000000000000000011
:109F500000000000000000040002000180008000FA
:109F600040004000200020002000200020002000B1
:109F7000200040004000800080000001000200043A
:109F800000000000000002000400080010001000A3
:109F90002000200040004000400040004000400001
:109FA0004000200020001000100008000400020003
:109FB0000000000000000000000000000000400061
:109FC000C0004000460C4E0FD001F0015E0F460C61
:109FD00040004000400000000000000000000000C1
:109FE0000000000000000000000000000000000071
:109FF00040004000400040004000FE0F4000400094
:10A000004000400040000000000000000000000090
:10A010000000000000000000000000000000000040
:10A020000000000000000000000000000000000030
:10A030000000000000000C001C00100010000800D0
:10A04000040000000000000000000000000000000C
:10A0500000000000000000000000FE0700000000FB
:10A0600000000000000000000000000000000000F0
:10A0700000000000000000000000000000000000E0
:10A0800000000000000000000000000000000000D0
:10A090000000000000001C001C001C00000000006C
:10A0A00000000000000000040006000200030001A0
:10A0B000000180008000400040006000200020007F
:10A0C00010001000080008000C0004000600020048
:10A0D000000000000000000000000000F0009801F7
:10A0E0000C030C030606060606060606060606060A
:10A0F000060606060C030C039801F00000000000A1
:10A1000000000000000000000000000040007C0093
:10A11000600060006000600060006000600060003F
:10A1200060006000600060006000FC030000000050
:10A13000000000000000000000000000F8008401A2
:10A14000020306030603000300018001C000600053
:10A1500020001000080204020602FE0300000000B6
:10A160000000000000000000000000007800C600B1
:10A170008601860180018001C0007000800100011D
:10A1800000030003060306038601F8000000000038
:10A1900000000000000000000000000080018001BD
:10A1A000C001A001A0019001880188018401820101
:10A1B000FE0F8001800180018001E00700000000A7
:10A1C000000000000000000000000000FC0304008C
:10A1D0000400040004000400F4008C0104030003E4
:10A1E00000030603060382018401F800000000005A
:10A1F000000000000000000000000000E001180363
:10A200000C030C0004000600E60116030E06060609
:10A210000606060604060C021803F0000000000003
:10A22000000000000000000000000000F8070C061D
:10A230000402040100010001800080004000400091
:10A2400040006000600060006000600000000000EE
:10A25000000000000000000000000000F8010C03F6
:10A260000606060606060C021C03F000C8010C03D5
:10A2700006060606060606060C03F00100000000AE
:10A28000000000000000000000000000F0000C01D1
:10A290000C03060206060606060606078C06780666
:10A2A0000006000300030C018C0178000000000090
:10A2B000000000000000000000000000000000009E
:10A2C000000000000000E000E000E00000000000EE
:10A2D000000000000000E000E000E00000000000DE
:10A2E000000000000000000000000000000000006E
:10A2F000000000000000600060000000000000009E
:10A30000000000000000000060006000400020002D
:10A310002000000000000000000000040002000116
:10A320008000400020001000080004000800100019
:10A330002000400080000001000200040000000036
:10A34000000000000000000000000000000000000D
:10A35000000000000000FE07000000000000FE07F3
:10A3600000000000000000000000000000000000ED
:10A3700000000000000000000000040008001000C1
:10A3800020004000800000010002000400020001E3
:10A3900080004000200010000800040000000000C1
:10A3A000000000000000000000000000E0031806AC
:10A3B000040C040C0C0C0C0C000780014000400045
:10A3C000400000000000E000E000E00000000000AD
:10A3D00000000000000000000000E00018030C0274
:10A3E000CC0564056605A605B604B604B604B60435
:10A3F000B602E4010C040C021803F0000000000097
:10A40000000000000000000000000000600060008C
:10A410005000D00090009000880088010801F801E9
:10A42000040304030402020202060F0F00000000EE
:10A43000000000000000000000000000FE008C038F
:10A440000C030C030C030C038C01FC000C030C022A
:10A450000C060C060C060C060C03FE0100000000A6
:10A46000000000000000000000000000E0031803EE
:10A470000C060C0404040600060006000600060094
:10A48000060006040C040C021803F0000000000093
:10A490000000000000000000000000007F008C01B0
:10A4A0000C030C030C060C060C060C060C060C0622
:10A4B0000C060C060C030C038C017F00000000004E
:10A4C000000000000000000000000000FF03060381
:10A4D00006040604060086008600FE00860086004C
:10A4E00086000600060406040602FF0300000000C2
:10A4F000000000000000000000000000FF03060351
:10A5000006040604060086008600FE00860086001B
:10A51000860006000600060006001F00000000007E
:10A52000000000000000000000000000F000180122
:10A530000C020C0204020600060006000600C60F0C
:10A54000060306030C030C031803F00000000000D0
:10A550000000000000000000000000000F0F0606D1
:10A5600006060606060606060606FE070606060692
:10A57000060606060606060606060F0F0000000081
:10A58000000000000000000000000000FC0360006C
:10A5900060006000600060006000600060006000BB
:10A5A00060006000600060006000FC0300000000CC
:10A5B000000000000000000000000000F807C000DC
:10A5C000C000C000C000C000C000C000C000C0008B
:10A5D000C000C000C000C000C000C000C6006600CF
:10A5E0003C0000000000000000000000CF038601D6
:10A5F000C60046002600160036002E006E004600FB
:10A60000C60086008601060106038F0700000000D1
:10A610000000000000000000000000001F00060015
:10A6200006000600060006000600060006000600FA
:10A6300006000600060406040602FF0300000000F0
:10A640000000000000000000000000000707860373
:10A6500086038E038E034E034E034A035A035A03A6
:10A660003A0332033203320312038707000000006B
:10A670000000000000000000000000008E0F0C022F
:10A680001C021C0234023402640264024402C4024A
:10A69000840284038403040304031F0200000000F7
:10A6A000000000000000000000000000F000980121
:10A6B0000C030C0206060606060606060606060635
:10A6C000060606060C020C039801F00000000000CC
:10A6D000000000000000000000000000FF00060372
:10A6E000060606060606060606068603FE000600A1
:10A6F000060006000600060006001F00000000001D
:10A70000000000000000000000000000F0009801C0
:10A710000C030C02060606060606060606060606D4
:10A72000060676064C02CC039801F0008007000371
:10A73000000000000000000000000000FF01060310
:10A7400006060606060606060603FE004600C600C6
:10A75000860086010603060306060F0E00000000B1
:10A76000000000000000000000000000F8020C03E0
:10A770000602060206000E003C00F800E00380031B
:10A7800000070206020606060C03F00100000000A6
:10A79000000000000000000000000000FE0762044E
:10A7A0006108610860006000600060006000600097
:10A7B00060006000600060006000F80100000000C0
:10A7C0000000000000000000000000001E070C0256
:10A7D0000C020C020C020C020C020C020C020C0209
:10A7E0000C020C020C020C021801F0000000000028
:10A7F0000000000000000000000000000F0706023B
:10A80000040104010C010C018800880098009800E4
:10A8100050005000700030002000200000000000B8
:10A82000000000000000000000000000F70E6204BD
:10A8300042044604460464026402E402E4029C0208
:10A840009C019801980188018800880000000000A0
:10A850000000000000000000000000009E070C0146
:10A86000080118019000B000600020006000600046
:10A87000D00090008801080104038E07000000004A
:10A880000000000000000000000000000F0F0604A0
:10A8900004020C0208011801B800B000700060004A
:10A8A00060006000600060006000F80100000000CF
:10A8B000000000000000000000000000FC070C0287
:10A8C00006030201800180004000400020002000BB
:10A8D0001000180008040C040402FE03000000002D
:10A8E000000000000000E003200020002000200005
:10A8F0002000200020002000200020002000200058
:10A900002000200020002000200020002000E00384
:10A910000000000000000000000004000400080027
:10A92000080010001000100020002000400040002F
:10A93000C00080008000000100010002000200024F
:10A940000004000000007C00400040004000400087
:10A9500040004000400040004000400040004000F7
:10A9600040004000400040004000400040007C00AB
:10A9700000000000600090000801000000000000DE
:10A9800000000000000000000000000000000000C7
:10A9900000000000000000000000000000000000B7
:10A9A00000000000000000000000000000000000A7
:10A9B0000000000000000000000000000000000097
:10A9C0000000000000000000000000000000000087
:10A9D000FF0F0000000018006000000000000000F1
:10A9E0000000000000000000000000000000000067
:10A9F0000000000000000000000000000000000057
:10AA00000000000000000000000000000000000046
:10AA1000000000000000F0010C030C030003E00341
:10AA20001C030E03060306038E0B7C0E00000000C1
:10AA30000000000000000000000008000E000C00F4
:10AA40000C000C000C00CC013C031C060C060C0690
:10AA50000C060C060C060C021C03E40100000000AE
:10AA600000000000000000000000000000000000E6
:10AA7000000000000000F0008C018C01860106003F
:10AA80000600060006020C020C01F00000000000A7
:10AA9000000000000000000000000002C0030003EE
:10AAA00000030003000378038C030C030603060372
:10AAB00006030603060304038C0778010000000068
:10AAC0000000000000000000000000000000000086
:10AAD000000000000000E001180308020C060C064C
:10AAE000FC070C000C0018041802E0010000000034
:10AAF000000000000000000000000000C00360062D
:10AB0000300630003000FE013000300030003000F0
:10AB100030003000300030003000FC010000000048
:10AB20000000000000000000000000000000000025
:10AB3000000000000000F007D8068C018C018C0199
:10AB40009801F8000C00FC00CC03060306038E03FA
:10AB5000F800000000000000000008000E000C00DB
:10AB60000C000C000C00EC011C030C030C030C0388
:10AB70000C030C030C030C030C039E0700000000E5
:10AB80000000000000000000000000006000600005
:10AB90000000000040007C00600060006000600079
:10ABA00060006000600060006000FC0300000000C6
:10ABB000000000000000000000000000C001C00113
:10ABC000000000000001F00180018001800180018F
:10ABD0008001800180018001800180018001CC0022
:10ABE0007C00000000000000000008000E000C00C7
:10ABF0000C000C000C008C038C008C004C006C00D2
:10AC00005C008C008C010C010C039E07000000000E
:10AC10000000000000000000000040007C00600018
:10AC20006000600060006000600060006000600024
:10AC300060006000600060006000FC030000000035
:10AC40000000000000000000000000000000000004
:10AC50000000000000003707EE066606660666067E
:10AC600066066606660666066606FF0F00000000BA
:10AC700000000000000000000000000000000000D4
:10AC8000000000000000EE011C030C030C030C0389
:10AC90000C030C030C030C030C039E0700000000C4
:10ACA00000000000000000000000000000000000A4
:10ACB000000000000000F00098010C0306060606E4
:10ACC0000606060606060C030C03F0000000000052
:10ACD0000000000000000000000000000000000074
:10ACE000000000000000EE011C030C060C060C0620
:10ACF0000C060C060C060C031C03EC010C000C00EB
:10AD00003E00000000000000000000000000000005
:10AD100000000000000078028C030C030603060309
:10AD200006030603060304038C03780300030003F1
:10AD3000C00700000000000000000000000000004C
:10AD40000000000000009F03580638061800180095
:10AD500018001800180018001800FF00000000007C
:10AD600000000000000000000000000000000000E3
:10AD7000000000000000F0031C030C020C0238006D
:10AD8000F000C003040304038C03FC010000000076
:10AD90000000000000000000000000000000200093
:10ADA000200030003000FE01300030003000300064
:10ADB00030003000300030023002E00100000000BE
:10ADC0000000000000000000000000000000000083
:10ADD0000000000008028E030C030C030C030C039C
:10ADE0000C030C030C030C039C077801000000000B
:10ADF0000000000000000000000000000000000053
:10AE00000000000000001E070C02080108011801E4
:10AE10009000B000B0006000600020000000000062
:10AE20000000000000000000000000000000000022
:10AE3000000000000000F70E620446046402640291
:10AE4000EC029C01980198019801080000000000A4
:10AE500000000000000000000000000000000000F2
:10AE6000000000000000BC0718011001B0006000E5
:10AE70006000E0009000080108039E070000000049
:10AE800000000000000000000000000000000000C2
:10AE90000000000000009E07080108010801900062
:10AEA0009000B000600060006000200020002400DE
:10AEB0001C00000000000000000000000000000076
:10AEC000000000000000FC018401C4004400600098
:10AED00020003000180208020C03FC0100000000F2
:10AEE000000000000000000380008000800080005F
:10AEF0008000800080008000400020004000800032
:10AF000080008000800080008000800080000003BE
:10AF10000000400040004000400040004000400071
:10AF20004000400040004000400040004000400021
:10AF30004000400040004000400040004000400011
:10AF40004000000000000C00100010001000100075
:10AF50001000100010001000200040002000100021
:10AF600010001000100010001000100010000C0065
:10AF7000000000001C002204C20480030000000046
:10AF800000000000000000000000000000000000C1
:10AF900000000000000000000000000000000000B1
:10AFA00000000000000000000000000000000000A1
:10AFB00000000000000001FFFF0000FFFF00008212
:10AFC0000400008204000082040000820400008269
:10AFD000040000820400008204003FFFFFF81FFF0E
:10AFE000FFFC1082040C0082040C0082040C00821E
:10AFF000040C0082040C0082040C0082040C008209
:10B00000040C01FFFE0C00FFFE0C0000000C000011
:10B01000001C000001FC000000080000000000000F
:10B02000000000000000000000020000000400001A
:10B0300000180000007000000FC80FFFFF080FFF8E
:10B04000800808000008080100080801000808013D
:10B0500000080801000808010008080100080801AC
:10B0600000080BFFFFF809FFFFF80981000808013D
:10B070000008080100080801100808011808080164
:10B080000E08080307C8180303C838010008180091
:10B090000018080000180000000800000000000070
:10B0A0000000000000000000000000100200000C82
:10B0B0000200000F033C080707FC06001F80078002
:10B0C000700203038004000C00040030001802002A
:10B0D0000030020407E00207FF80020E4000021663
:10B0E00000000264000032C480021F847FFC1E84C2
:10B0F00040000204000002040000020400000224D8
:10B10000FFFC021C7FEC020E000406070004060090
:10B110000004020000FC0000001C00000008000009
:10B12000000000000000000000000100018001009C
:10B1300001C0010001800100018001000300010045
:10B14000030001FFFE0001FFFE02010004040100F4
:10B15000040401000408030008180310081001107B
:10B160000860001000C00010018000100F000010E7
:10B17000FC103FFFE0101FF800081010000800103E
:10B18000000C0010000E0010000C001001FC001F4D
:10B19000FFF0003FE0000010000000000000000091
:10B1A000000000000000000000000000010002009C
:10B1B0001100024039000260310002306100023C9F
:10B1C00041000210810002010100020C3100021C4A
:10B1D0003100023C71000268B10033C9A1001F8B2D
:10B1E0003FFE1E0E2FFC020C21000238A10002704F
:10B1F00061000220790002043100020901000218F6
:10B2000081000230C1000260C1000620710002000E
:10B2100033000000030000000100000000000000F7
:10B22000000000000000000000000000000000001E
:10B2300000020000000400000008000002080FF8EF
:10B2400047100890E7300890C6600890CAE008915F
:10B250004BC008914A48089252080896520C089C24
:10B26000640E0FF467FC089047F80890C40008903B
:10B270008400089184000891A480089014C008906C
:10B280001C4008900C601FF80E30080007380000C2
:10B29000001C000000000000000000000000000092
:10B2A0000000000000000004000000040000000492
:10B2B00000000004000020040000100400100C0F27
:10B2C000FFF80F04003807000060000000C0000411
:10B2D00001800004020000040000000400000004DB
:10B2E00000000004000000040000000400003FFF14
:10B2F000FFFE1FFFFFFC100400000004000000041C
:10B300000000000400000004000000040000000C25
:10B310000000000C0000000400000000000000001D
:10B32000000000000000000000000000000000001D
:10B3300000000000000001FFFF0000FFFF0000828E
:10B3400004000082040000820400008204000082E5
:10B35000040000820400008204003FFFFFF81FFF8A
:10B36000FFFC1082040C0082040C0082040C00829A
:10B37000040C0082040C0082040C0082040C008285
:10B38000040C01FFFE0C00FFFE0C0000000C00008E
:10B39000001C000001FC000000080000000000008C
:10B3A00000000000000000000000004000000070ED
:10B3B000000000EFFFFE01A7FFFC0324420006246B
:10B3C00042001C2442081824420810244208004469
:10B3D000420C0244420E01CFFFFC01E4000000F0E9
:10B3E000000000000000000000001FF87FF81FFEB2
:10B3F0007FFC0846020C0082020C0082040C0182D1
:10B400000C0C0302180C0702380C0202300C000668
:10B41000100C003E01FC00040008000000000000C9
:10B420000000000000000100000001038300010F84
:10B4300003000179020007C102003F010200193F29
:10B44000FFFE111FFFFE01110400010304000305AC
:10B45000040001090400001FFFFE0033FFFC00622E
:10B46000220000D2220003A222040F13FFFE3C1789
:10B47000FFFC18120000141000000330000001F15E
:10B48000FFC800D000080060000C0030000E003B38
:10B49000FFFC001A00000010000000100000000077
:10B4A000000000000000000000000000000000009C
:10B4B00000000000000800011FFC01FF8FF801FFE1
:10B4C0000008000100080001000800010008000158
:10B4D00000080001000800010008000100083FFF0B
:10B4E000FFF81FFFFFF8100100080001000800012D
:10B4F0000008000100080001000800010008000128
:10B50000000803FF800801FF9FFE01000FFE0000FE
:10B510000800000000000000000000000000000023
:10B52000000000000000000000000040200000407B
:10B53000301000406008004060080040400C0040AF
:10B54000C00E3FFFFFFC1FFFFFF80041000000415D
:10B55000000000C2000000C2000002400000020023
:10B5600000000200000002000010020000080200BB
:10B5700000080200000E03FFFFFC03FFFFFC0200B7
:10B5800000000200000002000000020000000600AF
:10B5900000000600000002000000000000000000A3
:10B5A0000000000000000000000000010002040193
:10B5B0000004040100040401000804010010040157
:10B5C0000020040100C00401038007FFFF0007FF03
:10B5D000F80004010000040100000401000004015F
:10B5E0000000040100000401000004010000040147
:10B5F000000007FFFFFE07FFFFFC0401000004013D
:10B600000000040100000C0100001C0100000C03FC
:10B610000000040300000001000000000000000022
:10B6200000000000000000000000000040020000D8
:10B630004002002040040020400400204008002078
:10B6400040180020401010204020182040600E209C
:10B6500040C007A0438003A0470000207C00003FBB
:10B66000F800003FC0000020600000E0580003A088
:10B6700046003E2043801C2040C01820406000202F
:10B68000407000204038002040180060401C0060DE
:10B69000C00C0020C00C00004008000000000000AA
:10B6A000000000000000000000000000000000009A
:10B6B000000003FFFFFE03FFFFFC0100000020006D
:10B6C0000100180801001E0802000E08040000080E
:10B6D000080000081000040860800408C040040B43
:10B6E0008040040E007007FFFFE005FFFFC00488E4
:10B6F0000000040800000408000004080008041802
:10B7000000080408000C0408000E07FFFFFE0FFFEE
:10B71000FFFC04000000000000000000000000002A
:10B720000000000000000001000000062000000CE6
:10B7300020000078200003C820003F0FFFF01D0FFD
:10B74000FFF81108203001082062010820C2031808
:10B750006082010821040000000408000004043F86
:10B76000FF08071FFE0803D0001000100030001073
:10B7700000E03FF3FF801FF3FE0010110080005037
:10B78000004000900040031000200E3FFE300C10DF
:10B7900000380000001C0000000E00000000000047
:10B7A00000000000000000000000004020000040F9
:10B7B000301000406008004060080040400C00402D
:10B7C000C00E3FFFFFFC1FFFFFF010418000004153
:10B7D000000000C1000000C20000004200000000A4
:10B7E00000000000000000FFFFFC00FFFFF80080E9
:10B7F0000040008000400080004000800040008049
:10B800000040008000400080004000FFFFFC01FF7E
:10B81000FFF80080000000000000000000000000B1
:10B82000000000000000000004000100080001000A
:10B83000100001003000010060000100C0000103A1
:10B84000FFFE0103FFFC010E0010011C001001703F
:10B85000801003C080100F0080103D008010110088
:10B8600080101100801001008010017FFFF0013F67
:10B87000FFF0010080100100801001008010010025
:10B88000801001008010010180100301801003006E
:10B8900080300100003000000010000000000000B7
:10B8A0000000000000000000000002000000020094
:10B8B000000002003FFE02001FFE0201100003FF15
:10B8C000900002FF9000028310C0020310C00285A6
:10B8D00011C0024512C022491CC0324938801A31B9
:10B8E000F0801E31D0800A71548002D9128002CDBE
:10B8F0001380020F1180020111C8030110E802FF3A
:10B90000900802FF900C0200100E02003FFC06009F
:10B910001FF0060000000200000000000000000010
:10B920000000000000000000000000040830000ECD
:10B930000C3000341E3000E43C200384EC201F0552
:10B9400088601C070840080C08400038104400F0CC
:10B95000504400D05084001040880010800800102F
:10B96000801000108030001080203FFFF060101F1A
:10B97000FFC0002087C0002083E0082107700C2151
:10B980000E3806211C1C07E1780C00E3300E006322
:10B99000101E002300FE0001000200000000000055
:10B9A000000000000000000000000000000800008F
:10B9B0000008000000080000000800000008000067
:10B9C0000008000000080000000800000008000057
:10B9D000000800000008000000083FFFFFF81FFFFC
:10B9E000FFF8100400080004000800040008000428
:10B9F0000008000400080004000800040008000417
:10BA00000008000C0008000C0008000400080000FA
:10BA100000180000001800000008000000000000EE
:10BA200000000000000000000002000C000C0010EC
:10BA30000030007FFFC001DFFC00071088003E10CF
:10BA40008800121FFFF8123FFFF002D08800039019
:10BA5000880403108806003FFFFC0010000000046B
:10BA6000060008081A00081072000833C20008E334
:10BA700042000FC242000E004200082FFFFE0827BE
:10BA8000FFFC0814420008184200083842001FF06A
:10BA9000C200080046000000020000000000000094
:10BAA0000000080130022204227822042202A202AD
:10BAB00063FE222222222222222222222802300275
:10BAC000000000003FFC2108210821083FFC000085
:10BAD00008000880086008020801FFFE080008004E
:10BAE0000000000000000FF00820082008200820B7
:10BAF000FFFF08200820082008200FF000000000A9
:10BB000000000040404040404040404041414141F1
:10BB10004140404040404040404040404040404024
:10BB20004040400502020202020202020202020238
:10BB300002020220202020202020202020020202B9
:10BB4000020202029090909090901010101010102D
:10BB50001010101010101010101010101010020201
:10BB6000020202028888888888880808080808086D
:10BB70000808080808080808080808080808020251
:10BB80000202400003BB000849535F4E5649435F21
:10BB90005355425F5052494F52495459284E5649C5
:10BBA000435F496E69745374727563742D3E4E56CB
:10BBB00049435F4952514368616E6E656C537562CB
:10BBC0005072696F726974792900000049535F4EA1
:10BBD0005649435F505245454D5054494F4E5F5072
:10BBE00052494F52495459284E5649435F496E694C
:10BBF000745374727563742D3E4E5649435F4952B7
:10BC0000514368616E6E656C507265656D707469E4
:10BC10006F6E5072696F72697479290049535F556C
:10BC2000534152545F48415244574152455F464C3C
:10BC30004F575F434F4E54524F4C28555341525427
:10BC40005F496E69745374727563742D3E486172F6
:10BC50006477617265466C6F77436F6E74726F6C58
:10BC6000290000002E2E5C2E2E5C2E2E5C323032EF
:10BC700035313233302D2DB2BBB4F84C76676C5C65
:10BC80004E33324734353752454C375C6669726DF6
:10BC9000776172655C6E3332673435785F737464D4
:10BCA0005F7065726970685F6472697665725C73F3
:10BCB00072635C6E3332673435785F657874692EF1
:10BCC00063000000E4BC000800000020E402000063
:10BCD0007E09000828BE0008E40200206466000017
:10BCE00088830008111810E1F50531323130303207
:10BCF0003235303932300152320246010363802539
:10BD00002808C1814001C0804104690C2908E91854
:10BD1000A91C091A30091638093660092E70092F36
:10BD20006000FF00C0C101C30302C2C60607C70509
:10BD3000C5C404CC0C0DCD0FCFCE0E0ACACB0BC997
:10BD40000908C8D81819D91BDBDA1A1EDEDF1FDD77
:10BD50001D1CDC14D4D515D71716D6D21213D31147
:10BD6000D1D010F03031F133F3F23236F6F737F547
:10BD70003534F43CFCFD3DFF3F3EFEFA3A3BFB39D7
:10BD8000F9F83828E8E929EB2B2AEAEE2E2FEF2DD7
:10BD9000EDEC2CE42425E527E7E62622E2E323E187
:10BDA0002120E0A06061A163A3A26266A6A767A5A7
:10BDB0006564A46CACAD6DAF6F6EAEAA6A6BAB6917
:10BDC000A9A86878B8B979BB7B7ABABE7E7FBF7DF7
:10BDD000BDBC7CB47475B577B7B67672B2B373B1C7
:10BDE0007170B05090915193535292965657975507
:10BDF0009594549C5C5D9D5F9F9E5E5A9A9B5B9957
:10BE0000595898884849894B8B8A4A4E8E8F4F8D56
:10BE10004D4C8C4484854587474686824243834106
:08BE20008180022040000000B7
:040000050800019955
:00000001FF
