:020000040800F2
:1000000068690020AD010008D5440008AD2D000846
:10001000B13D00085D1100080581000800000000E6
:10002000000000000000000000000000BF01000808
:100030005F11000800000000C3010008D96000083B
:10004000C7010008C7010008C7010008C701000870
:10005000C7010008C7010008C7010008C701000860
:10006000D1190008C7010008C7010008C70100082E
:10007000C7010008C7010008C7010008C701000840
:10008000C7010008C7010008C7010008C701000830
:10009000C7010008C7010008C7010008C701000820
:1000A000C7010008C7010008C7010008C701000810
:1000B000C7010008C7010008C7010008C701000800
:1000C000C7010008C7010008C7010008C7010008F0
:1000D000C7010008C7010008D1740008297500088D
:1000E000C7010008C7010008C7010008C7010008D0
:1000F000C7010008C7010008C7010008C7010008C0
:10010000C7010008C7010008C7010008C7010008AF
:10011000B1740008C7010008D96B0008C7010008C6
:10012000C7010008C7010008C7010008C70100088F
:10013000C7010008C7010008C7010008C70100087F
:10014000C7010008C7010008C7010008C70100086F
:10015000C7010008C7010008C7010008C70100085F
:10016000C7010008C7010008C7010008C70100084F
:10017000C7010008C7010008C7010008C70100083F
:10018000C7010008C7010008C7010008C70100082F
:10019000C7010008C7010008DFF80CD000F050FBD1
:1001A000004800479D900008686900200648804785
:1001B00006480047FEE7FEE7FEE7FEE7FEE7FEE74C
:1001C000FEE7FEE7FEE7FEE7DD60000899010008B4
:1001D0000649074A0868504343F239021044086050
:1001E000400870470149086070470000E80200209D
:1001F0006D4EC64140EA01039B0703D009E008C9E0
:10020000121F08C0042AFAD203E011F8013B00F8DB
:10021000013B521EF9D27047D2B201E000F8012B27
:10022000491EFBD270470022F6E710B513460A4676
:1002300004461946FFF7F0FF204610BD30B50546CD
:100240002A460B4612F8010B13F8014B08B1A042E5
:10025000F8D01CB1002802D06D1CF1E7284630BD53
:10026000421C10F8011B0029FBD1801A704770B5A1
:10027000064607F0B9FF046805460A220021304609
:1002800000F002F92C6070BD2DE9FE4F81EA0304F5
:1002900004F0004421F0004100944FF0000B23F0E3
:1002A000004350EA01045ED052EA03045BD0C3F37A
:1002B0000A54C1F30A552C44A4F2F3340194A0FB70
:1002C0000254C1F3130141F48011C3F3130343F447
:1002D000801301FB024400FB034E840A970A44EAA0
:1002E000815447EA8357A4FB076802958D0A05FBF2
:1002F00007854FEA932C04FB0C542705029D4FEA17
:10030000065847EA1637B5EB08056EEB070C870E63
:10031000920E47EA811742EA8312A7FB0201B6EB6D
:100320000B0164EB00042B0D43EA0C335E1844EB25
:100330001C50DA465146E7FB0201C5F313044FEAAD
:100340000B3343EA14534FEA0432019C43EA060399
:10035000A4F10C040294009CCDE900B400F0DBF899
:1003600003B0BDE8F08F00200146F9E70EB5C10FDC
:1003700080EAE0700844CA07002140F233438DE868
:100380000E000A460B4600F0C6F803B000BD0EB5DD
:1003900040F2334102910021CDE900110A460B469B
:1003A00000F0B9F803B000BDC1F30A5210B5C1F3B3
:1003B000130140F2FF3341F480119A4201DA002028
:1003C00010BD40F233439A42A2F2334203DC524260
:1003D00000F04AF810BD904010BD30B50B46014604
:1003E00000202022012409E021FA02F59D4205D3D4
:1003F00003FA02F5491B04FA02F52844151EA2F17E
:100400000102F1DC30BD2DE9F05F05460020924687
:100410009B4688460646814640241BE028464146C6
:100420004746224600F020F853465A46C01A9141EA
:1004300010D311461846224600F014FA2D1A67EB25
:1004400001084F4622460120002100F00BFA17EB6D
:1004500000094E41201EA4F10104DFDC484631466C
:100460002A464346BDE8F09F202A04DB203A21FAC1
:1004700002F00021704721FA02F3D040C2F12002BD
:1004800091400843194670472DE9F04791460F46C1
:1004900080460446002614F8015B2DB100F004FAF2
:1004A0000068405DC007F6D12B2D02D02D2D18D04D
:1004B000641E4A463946204600F0FAF927B13968E9
:1004C000A14201D1C7F8008071054FF002040BD59D
:1004D0004042002803DD07F087FE0460A007BDE866
:1004E000F08746F48066E4E70028F8DA07F07CFE3F
:1004F00004606FF00040F2E710B5141E73F10004C1
:1005000008DA401C41F1000192185B411A4301D105
:1005100020F0010010BD2DE9F04D92469B4611B12F
:10052000B1FA81F202E0B0FA80F22032904600F097
:1005300099F904460F4640EA0A0041EA0B01534686
:100540005A46084313D0114653EA010019D0C8F1A6
:1005500040025046FFF788FF05460E465046594672
:10056000424600F07FF9084305D0012004E0204610
:100570003946BDE8F08D0020054346EAE0762C437D
:1005800037430A986305E40AA0EB08000022FD0A3D
:1005900044EA47540A3002D500200146E9E7010544
:1005A00010196941DDE9084500196941BDE8F04DC0
:1005B000A2E72DE9FE4F804681EA0300C00F0C46FA
:1005C000009021F0004123F00045B8EB0200A94162
:1005D00005D24046214690461C460B46024623F073
:1005E0000040104347D0270DC7F30A00C3F30A5158
:1005F0000290401A019040286BDAC3F3130040F4D4
:10060000801B0098924620B10023D2EB030A63EBD3
:100610000B0B01985946C0F14002504600F022F9F8
:1006200006460D4650465946019A00F02AF910EB4D
:1006300008006141002487EA115284EAE7731A43F3
:1006400040D0009A62B3019A012A4FEA075215DCA2
:10065000001B61EB02014FF0004202EA0752CDE9B4
:100660000042001C41F5801132462B46FFF753FF34
:1006700003B0BDE8F08F40462146F9E7001B61EB6F
:100680000201001C41F5801300185B412018A2F5FF
:10069000001747EB030140EAD570B6196D4111E030
:1006A0006D084FEA360645EAC0754FEA0752001B4F
:1006B00061EB0201001C41F5801149084FEA30004E
:1006C0000019514132462B4603B0BDE8F04FFFF709
:1006D00013BF0098012240000023D0EB020263EB1D
:1006E000E073009821464FEAE074B8EB000061EB3C
:1006F0000401E9E783F000435BE781F0004158E73C
:100700002DE9F04D81EA030404F0004B21F000458F
:1007100014464FF0000A23F0004150EA050220D0B1
:1007200054EA01021DD0C5F30A570246C5F313036C
:10073000C1F31300C1F30A5640F4801543F480134B
:10074000A7EB0608101BD64608F2FD3873EB050030
:1007500002D308F1010801E092185B41B8F1000FE3
:1007600003DA00200146BDE8F08D00204FF480112F
:10077000064684460EE0171B73EB050705D3121BD4
:1007800063EB050306434CEA010C49084FEA3000CD
:1007900092185B4150EA0107EDD152EA030012D0F2
:1007A00082EA040083EA0501084305D0101BAB412F
:1007B00006D20122002306E000224FF0004302E0AF
:1007C0006FF0010253101AEB06004CEB085110EBCE
:1007D0000A0041EB0B01BDE8F04DFFF78DBEC1F300
:1007E0000A52C1F3130140F2FF3341F480119A42DF
:1007F00002DA00200146704740F233439A42A2F2E7
:10080000334202DC5242FFF72FBE00F02BB800004B
:1008100030B5041E71F1000404DB4FF00044404287
:1008200064EB0101141E73F1000405DB1C464FF05C
:100830000043524263EB0403994208BF904230BD2B
:10084000064C074D06E0E06840F0010394E807001D
:1008500098471034AC42F6D3FFF7A2FC90BB0008D7
:10086000B0BB0008202A04DB203A00FA02F1002085
:1008700070479140C2F1200320FA03F319439040DE
:100880007047202A06DBCB17203A41FA02F043EAF0
:10089000E07306E041FA02F3D040C2F12002914039
:1008A0000843194670470000004870470CBA00081A
:1008B0002DE9F05F82460078002715468B460AF145
:1008C0000104B946302801D09DB113E014F8010BA2
:1008D0000127782803D0582801D045B10AE00DB18E
:1008E000102D07D10027102514F8010B02E0082570
:1008F00000E00A250026B0460EE005FB080005FBD7
:1009000006F1012701EB10461FFA80F8B6F5803F8B
:1009100000D3B94614F8010B294600F018F8002856
:10092000EBDABBF1000F05D00FB1641E00E05446B6
:10093000CBF80040B9F1000F06D007F055FC0221BA
:100940000160C81EBDE8F09F48EA0640FAE73A2871
:1009500000D2303820F02002412A01D3A2F1370022
:10096000884201D34FF0FF30704770B58C1810F8F3
:10097000015B15F0070301D110F8013B2A1106D1E4
:1009800010F8012B03E010F8016B01F8016B5B1EFE
:10099000F9D12B0705D40023521E0DD401F8013BD9
:1009A000FAE710F8013BCB1A921C03E013F8015B45
:1009B00001F8015B521EF9D5A142D8D3002070BDC9
:1009C000F8B54FF40050ADF8000010250E4E8DF82C
:1009D000035001248DF802406946304601F00CFFB7
:1009E0002103ADF800108DF803508DF802406946E0
:1009F000304601F001FF6103304602F011F9210396
:100A0000304602F00DF9F8BD000C014070B5C0F39E
:100A100007110E2202EAD10200F00F0001F00F01CF
:100A200042F0A00440EA011502F040FB04F0FE0091
:100A300002F0FEFA02F088FB284602F0F9FA02F012
:100A400083FB02F033FB44F0010002F0F1FA02F004
:100A50007BFB002002F06EFA044602F051FB44F6E4
:100A6000206008F0B9F8204670BD70B502460E4609
:100A7000C0F307100E2101EAD00102F00F0200F0CE
:100A80000F0041F0A00442EA001502F00FFB2046DF
:100A900002F0CEFA02F058FB284602F0C9FA02F042
:100AA00053FB304602F0C4FA02F04EFB02F028FB82
:100AB000BDE8704044F6206008F08EB870B51D4C5B
:100AC0000025E07A10B1012813D010E02079401CF5
:100AD000207103F0E9FC0C2117A007F0F7FA64215C
:100AE0006570194A0F2007F039FB0120E0720020E1
:100AF00070BD03F0CDFC002808BF70BD134E3068F8
:100B000004F066F901461248326801F075FA11A145
:100B10000F48FFF793FB00281EBFE572012070BD50
:100B200020790A2898BFE572E1D92571E572022083
:100B300070BD00005400002041542B5149414354E2
:100B40003D310D0A00000000C9440008500000209B
:100B5000201100204F4B00000146064A0978002072
:100B6000135C994208BF7047401CC0B20A28F7D3F3
:100B700070470000E69100082DE9F0014FF0000CED
:100B8000002A88BF154C24D911F81C60002314F8E2
:100B90000380464504BF1D072D0E5B1CDBB2102BE6
:100BA000F5D301EB4C060023767814F80380464514
:100BB00008BF03F00F075B1CDBB2102BF5D345EA2F
:100BC000070300F80C300CF101031FFA83FC944575
:100BD000DAD3BDE8F001500870470000E691000844
:100BE00038B5044600200090042C18BF082C54D0BF
:100BF0000C2C18BF102C50D0142C18BF182C4CD013
:100C00001C2C18BF202C48D0242C18BF282C44D0D2
:100C1000402C18BF442C40D0482C18BF4C2C3CD042
:100C2000502C18BF542C38D0582C18BF5C2C34D002
:100C3000602C18BF642C30D0682C18BF6C2C2CD0C2
:100C4000702C18BF742C28D0782C18BF7C2C24D082
:100C5000802C18BF842C20D0882C18BF8C2C1CD042
:100C6000902C18BF942C18D0982C18BF9C2C14D002
:100C7000A02C18BFA42C10D0A82C18BFAC2C0CD0C2
:100C8000B02C18BFB42C08D0B82C18BFBC2C04D082
:100C9000C62205A112A007F009FF04F1804000F56B
:100CA000D8400090008838BD2E2E5C6669726D7742
:100CB0006172655C6E3332673435785F7374645F7C
:100CC0007065726970685F6472697665725C737270
:100CD000635C6E3332673435785F626B702E63000D
:100CE00049535F424B505F44415428424B505F444C
:100CF0004154290038B5044600200D460090042CCC
:100D000018BF082C54D00C2C18BF102C50D0142C09
:100D100018BF182C4CD01C2C18BF202C48D0242CC9
:100D200018BF282C44D0402C18BF442C40D0482C4D
:100D300018BF4C2C3CD0502C18BF542C38D0582CF9
:100D400018BF5C2C34D0602C18BF642C30D0682CB9
:100D500018BF6C2C2CD0702C18BF742C28D0782C79
:100D600018BF7C2C24D0802C18BF842C20D0882C39
:100D700018BF8C2C1CD0902C18BF942C18D0982CF9
:100D800018BF9C2C14D0A02C18BFA42C10D0A82CB9
:100D900018BFAC2C0CD0B02C18BFB42C08D0B82C79
:100DA00018BFBC2C04D0B32205A113A007F07EFE0F
:100DB00004F1804000F5D8400090056038BD000087
:100DC0002E2E5C6669726D776172655C6E33326778
:100DD0003435785F7374645F7065726970685F64DE
:100DE00072697665725C7372635C6E333267343538
:100DF000785F626B702E630049535F424B505F44D3
:100E0000415428424B505F444154290000000000E7
:100E10002DE9F0415E4C8188A1808179A171B0F803
:100E200001102180C178A170B0F807102181417AAA
:100E3000A1724189A181017BA173B0F80D102182BB
:100E4000C17BA174018AA182817CA175B0F81310C5
:100E50002183407DA0766068FFF799FA9FED4E1BD5
:100E600053EC112BFFF710FAFFF79EFA04F11C0563
:100E700086B22E802068FFF78AFA9FED491B53EC5B
:100E8000112BFFF701FAFFF78FFA07466860E06859
:100E9000B0F5000F03DBC043401CC0F31600FFF7A2
:100EA00065FA9FED411B53EC112BFFF7EDF9FFF7AE
:100EB0007BFA80B200EE100A28813F4BB8EE401A50
:100EC00000EE106AB8EE400AC1EE000A00EE107A99
:100ED000B8EE400A80EE801A9FED350A61EE000AF6
:100EE0009FED340A60EE800AFCEEE00A10EE900AF4
:100EF0002874206959680844586019469A68C96876
:100F0000904203D3821A1144D96006E06FF07F4CFF
:100F1000ACEB020202441144D9600022C3E9012073
:100F20000D291CD300EE901A9FED241AE968F8EE03
:100F3000600A60EE810A20EE800ABCEEC00A10EE64
:100F4000100A0844E860010C0820DA6003F024FA73
:100F5000A88981B2092003F01FFA01F011F829884D
:100F6000042003F019FA16496868A1FB0010C0F3C9
:100F7000CF01052003F010FA2989072003F00CFAAD
:100F8000297CBDE8F041062003F006BA000000000D
:100F9000400C0020000000009FE74A621B81103FC8
:100FA000CD2D44350B4E903F56B7DD7835487A3F0E
:100FB0000000C84200007A4440000020EDF8433AA7
:100FC000CDCCCCCC08B507A00068009006480178CD
:100FD000012918BF08BD002101700221684606F0F2
:100FE000DFFF08BD58AA000040000020084808B5EF
:100FF0000068009007480178012905D1002101709F
:101000000221684606F0CCFFBDE8084006F0E4BFC8
:10101000E40F00084000002038B50220ADF80000C1
:1010200010208DF803000120104C8DF80200694655
:10103000204601F0E1FB0221204601F087FD02215C
:10104000204601F0EDFD4FF4FA7007F0B9FD0221E2
:10105000204601F07BFD40F6B83007F0B1FD044AB0
:1010600040F6B831042007F079F838BD0008014097
:10107000995D000838B507F0D9FD07F055F801244F
:10108000ADF8004010258DF803508DF802406946F8
:10109000224801F0B1FB224A1E21022007F05EF82F
:1010A00003F07EFE07F0B8FE07F0F2FD07F072FED7
:1010B00003F011FA04F0D2FEFFF7AEFF07F098FF3D
:1010C0002003ADF800008DF80350164D8DF8024056
:1010D0006946284601F090FB2103284601F036FDC1
:1010E000ADF8004004218DF803106946284601F050
:1010F00083FB05F093F904F08BFE04F01BF9FFF776
:101100005FFC00F063FE02F003FB07F023FF05F035
:1011100057FDBDE8384004A007F042B80010014078
:10112000691900080008014048656C6C6F20576F12
:10113000726C64210D0A0000074910B50120487047
:1011400002F0A8FBFFF752FF07F050FF06F02EF960
:10115000BDE8104000F045BF2A000020FEE77047C0
:1011600070B584B000254CF2186428B301281CBF68
:1011700004B070BD1026CDE900464FF61F030022D3
:101180000C21E820029505F047FBCDE900464FF61B
:101190001F0301220C21F820029505F03DFBCDE94B
:1011A00000464FF61F0302220C214FF48470029573
:1011B00005F032FB04B070BD1820CDE900400023DB
:1011C00003A20C210295E82005F09EFC04B070BD3E
:1011D000202020200000000070B5002484B02025CD
:1011E0004CF21866E8B101281CBF04B070BD0120A4
:1011F00002F038FB0096CDE901544FF478431422F5
:10120000C021E02005F008FB0096CDE901544FF421
:1012100078430F22C0214FF4807005F0FDFA04B02E
:1012200070BD002002F01EFB0096CDE901544FF482
:10123000FC631522C021E02005F0EEFA0096CDE90E
:1012400001544FF4FC630F22C0214FF4807005F06D
:10125000E3FA04B070BD70B5002484B020254CF2D0
:101260001866E0B101281CBF04B070BD012002F077
:1012700005FB0096CDE901544FF4FC631122402197
:10128000E02005F0C9FA0096CDE9015440214FF461
:10129000FC631322880005F0BFFA04B070BD002083
:1012A00002F0ECFA0096CDE901544FF47843122293
:1012B0004021E02005F0B0FA0096CDE9015440212C
:1012C0004FF478431322880005F0A6FA04B070BDED
:1012D00070B5002484B020254CF21866E0B10128D6
:1012E0001CBF04B070BD012002F002FB0096CDE9E6
:1012F00001544FF4FC630B22C021582005F08CFAF6
:101300000096CDE901544FF4FC630C22C0217820F3
:1013100005F082FA04B070BD002002F0E9FA0096F0
:10132000CDE901544FF478430D22C021582005F037
:1013300073FA0096CDE901544FF478430E22C02190
:10134000782005F069FA04B070BD000000000000CC
:10135000F0B5754A18252DED028B87B05078734F84
:10136000401CC0B20024724950704CF21866072825
:1013700080F0D480DFE800F0D204273845535B00CA
:10138000CDE9004602953A8804230821002005F0A3
:1013900061FBCDE900460295BA78022308213C2082
:1013A00005F058FBCDE900460295FA7802230821A2
:1013B000602005F04FFBCDE900460295012308218E
:1013C000FA79CC2025E0CDE9004602953A7902234E
:1013D0000821842005F03EFBCDE90046029502235A
:1013E00008217A79A82014E0CDE9004602950A8800
:1013F00004234021582005F02DFB07B0BDEC028BE3
:10140000F0BDCDE9004602958888052382B26021AF
:101410000BE005F01FFB07B0BDEC028BF0BDCDE982
:10142000004602950A89062380215820F1E7C86802
:10143000002866D03F49A1FB002149096FF018023E
:10144000514310EB81019FED3C8B24D03C49A1FB23
:101450000021C908494201EB810110EB410135D05F
:10146000FEF795FF53EC182BFEF70EFF41EC100B27
:1014700034A153EC102B03A806F0A2FE0096CDE990
:101480000154002303AAA021642005F03DFB07B00E
:10149000BDEC028BF0BDFEF77AFF53EC182BFEF784
:1014A000F3FE41EC100B29A153EC102B03A806F01E
:1014B00087FE0096CDE90154002303AAA0216420F1
:1014C00005F022FB07B0BDEC028BF0BDFEF75FFF1D
:1014D00053EC182BFEF7D8FE41EC100B1DA153EC7A
:1014E000102B03A806F06CFE0096CDE901540023F2
:1014F00003AAA021642005F007FB07B0BDEC028B16
:10150000F0BD0096CDE90154002314A2A02164206F
:1015100005F0FAFA07B0BDEC028BF0BD547007B0CD
:10152000BDEC028BF0BD00006B00002034000020F9
:101530005C0C00201F85EB51FCA9F1D24D62503F9D
:10154000CDCCCCCC252E336600000000252E316694
:1015500000000000252E3266000000003000000070
:101560002DE9F0412DED028B86B04CF2186400217C
:10157000F0234FF4A0720846009404F028FF4FF4C3
:101580007840302300904FF4A0721946002004F0F8
:10159000BFFE0025DE4FCDE90054182602963A889A
:1015A00004230821284605F055FACDE9004600231A
:1015B000D8A208213020029505F0A6FACDE9005402
:1015C0000296BA78022308213C2005F043FACDE9BF
:1015D00000460023CFA208215420029505F094FA7A
:1015E000CDE900540296FA7802230821602005F024
:1015F00031FACDE9005402963A7902230821842079
:1016000005F028FACDE900460023C3A208219C205A
:10161000029505F079FACDE9005402967A79022311
:101620000821A82005F016FACDE900540296FA79AF
:1016300001230821CC2005F00DFA042002F07AFEE7
:10164000FFF78EFDCDE900460023B4A208214FF438
:101650009170029505F058FA20270023CDE9004744
:101660001A4640211846029505F0D6F8CDE9004704
:101670000023012240212020029505F0CDF8CDE97C
:10168000004640210023A4A20846029505F03CFA3A
:10169000DFF88C82CDE900540296B8F800200423CC
:1016A0004021582005F0D6F9CDE9004600239DA23F
:1016B0004021A020029505F027FACDE900474FF41C
:1016C000784312224021E020029505F0A5F8CDE9EB
:1016D000004740214FF4784313228800029505F01B
:1016E0009BF80023CDE900471A4660211846029571
:1016F00005F092F8CDE90047002302226021202066
:10170000029505F089F8CDE90046002382A2602108
:101710004020029505F0F8F9CDE900540296B8F89A
:101720000400052382B26021582005F093F9CDE929
:10173000004600237CA26021AC20029505F0E4F96C
:10174000CDE900470023032280211846029505F0C9
:1017500063F8CDE900470023042280212020029570
:1017600005F05AF8CDE9004600236BA28021402005
:10177000029505F0C9F9CDE900540296B8F80820A1
:1017800006238021582005F065F9CDE900460023A5
:1017900066A28021D020029505F0B6F9CDE9004778
:1017A00000230722A0211846029505F035F8CDE95F
:1017B000004700230822A0212020029505F02CF8E4
:1017C000CDE90046002354A2A0214020029505F057
:1017D0009BF9D8F80C0000285CD05549A1FB0021EA
:1017E0004909F243514310EB81019FED538B21D006
:1017F0005349A1FB0021C908494201EB810110EBCB
:1018000041012FD0FEF7C3FD53EC182BFEF73CFD32
:1018100041EC100B4BA153EC102B03A806F0D0FCAD
:10182000CDE90046002303AAA0216420029505F01B
:101830006BF938E0FEF7ABFD53EC182BFEF724FDF7
:1018400041EC100B41A153EC102B03A806F0B8FC9F
:10185000CDE90046002303AAA0216420029505F0EB
:1018600053F920E0FEF793FD53EC182BFEF70CFD27
:1018700041EC100B37A153EC102B03A806F0A0FC91
:10188000CDE90046002303AAA0216420029505F0BB
:101890003BF908E0CDE90046002330A2A0216420F6
:1018A000029505F031F9CDE9004600232CA2A021D4
:1018B0004FF48070029505F027F9CDE90047002329
:1018C0000922C0211846029504F0A6FFCDE9004781
:1018D00000230A22C0212020029504F09DFFCDE9BB
:1018E000004600230CA2C0214020029505F00CF90F
:1018F000012002F01FFDFFF7EBFC022002F01AFDB1
:10190000FFF76AFC06B0BDEC028BBDE8F081000079
:10191000340000202F0000003A000000344700008F
:101920005C0C0020560000006D41000057000000D4
:101930001F85EB5100000000FCA9F1D24D62503F21
:10194000CDCCCCCC252E336600000000252E316690
:1019500000000000252E326600000000300000006C
:101960004B572F480000000010B5174CE07868B1C5
:101970002179164800294FF0010102D001F050F9F9
:1019800001E001F0E3F82079C043207120890021B3
:10199000B0F57A7F28BF21810CD2401C0004000CD6
:1019A000208107D0A0F54072E73A02BF6078002896
:1019B000E17000E06170AFF24F021E21BDE81040FF
:1019C000022006F0CBBB00002A00002000100140DE
:1019D00010B5042000F028F8002808BF10BD07F05B
:1019E000B3FABDE810400420AFF3008010B5044600
:1019F000800D00D12CB940F20112034903A007F079
:101A000055F80848046010BDECBA000849535F451A
:101A10005854495F4C494E4528455854495F4C69D4
:101A20006E6529001404014070B5002504460128A4
:101A300018BF022C3AD0042C18BF082C36D0102C1A
:101A400018BF202C32D0402C18BF802C2ED0B4F5DB
:101A5000807F18BFB4F5007F28D0B4F5806F18BF21
:101A6000B4F5006F22D0B4F5805F18BFB4F5005F05
:101A70001CD0B4F5804F18BFB4F5004F16D0B4F5A4
:101A8000803F18BFB4F5003F10D0B4F5802F18BFC9
:101A9000B4F5002F0AD0B4F5801F18BFB4F5001FAD
:101AA00004D0EB22074908A007F000F80D480068B1
:101AB0000D492040096821421CBF00280125284605
:101AC00070BD0000ECBA000849535F4745545F45BC
:101AD0005854495F4C494E4528455854495F4C6914
:101AE0006E652900000401401404014010B504464D
:101AF0000079002818BF042804D073222F4930A091
:101B000006F0D4FF607908281CBF0C28102804D0E8
:101B100074222A4935A006F0C9FF2068810D00D142
:101B200020B9752225493DA006F0C0FFA079002804
:101B300018BF012804D07622204943A006F0B6FF42
:101B4000A1794E48002930D0016822689143016094
:101B5000001D0168226891430160207900F18040F6
:101B600000F5823001682268114301604449086829
:101B70002268904308600A1D10682368984310602B
:101B80006079102808D000F1804000F582300168AB
:101B900022681143016010BD08682368184308607B
:101BA000106821680843106010BD207900F1804062
:101BB00000F58230016822689143EBE7ECBA000837
:101BC00049535F455854495F4D4F44452845585443
:101BD000495F496E69745374727563742D3E45583C
:101BE00054495F4D6F6465290000000049535F450B
:101BF0005854495F5452494747455228455854491B
:101C00005F496E69745374727563742D3E45585400
:101C1000495F5472696767657229000049535F45DF
:101C20005854495F4C494E4528455854495F496EC0
:101C300069745374727563742D3E455854495F4CF2
:101C4000696E65290000000049535F46554E4354B4
:101C5000494F4E414C5F53544154452845585449CF
:101C60005F496E69745374727563742D3E455854A0
:101C7000495F4C696E65436D6429000000040140B2
:101C800008040140001DFEF7F0BE2DE9F0475FEAB1
:101C9000010807464FF000041ABF4FF017094FF034
:101CA000180ABDE8F087E519E8B202F059FB010A0D
:101CB0003E1909EB4600FEF7D8FEE8B202F050FBF1
:101CC000C1B20AEB4600FEF7D0FE601CC4B2A045CC
:101CD000E9D8BDE8F08710B500211720FEF7C5FE52
:101CE00001211820FEF7C1FE00211920FEF7BDFEDC
:101CF00000211A20FEF7B9FE25211B20FEF7B5FEB4
:101D000080211C20FEF7B1FE01211D20FEF7ADFE53
:101D10000E211E20FEF7A9FE00211F20FEF7A5FEC2
:101D2000B4212020FEF7A1FE1F212120FEF79DFEF9
:101D300040212220FEF799FE00212320FEF795FE88
:101D40001E212420FEF791FE00212520FEF78DFEA6
:101D500050212620FEF789FE44212720FEF785FE2C
:101D6000C0212820FEF781FE00212920FEF77DFEFC
:101D70003F212A20FEF779FE00213120FEF775FE73
:101D800002213220FEF771FE00213320FEF76DFEA6
:101D9000FF213420FEF769FE00213520FEF765FEA5
:101DA00000213620FEF761FE00213720FEF75DFEA0
:101DB0007F213820FEF759FE17213920FEF755FE06
:101DC0003B21BDE810403A20FEF74FBEF8B5002495
:101DD0006D462046FEF71AFE2855601CC4B2042C3E
:101DE000F7D39DF8000018251726A12804BF9DF8F9
:101DF0000100582807D19DF80200592804BF9DF81A
:101E00000300A22841D0A1210020FEF72EFE582178
:101E10000120FEF72AFE59210220FEF726FEA2210C
:101E20000320FEF722FE00218F20FEF71EFE002178
:101E30009020FEF71AFE00219120FEF716FE0021E9
:101E40009220FEF712FE00F079F800210420FEF740
:101E50000CFE01210520FEF708FE00210620FEF7FA
:101E600004FE01210720FEF700FE00210820FEF7F6
:101E7000FCFDFFF730FF00F061F80024201DFEF7A5
:101E8000C5FD012833D088B33AE000F057F80024AC
:101E9000201DFEF7BBFD012801D028B108E001217B
:101EA000204602F063FA03E00021204602F05EFAC9
:101EB000601CC4B2052CEBD3012002F03BFA03F006
:101EC00077FF002405EB4400FEF7A0FD074606EB74
:101ED0004400FEF79BFD07EB002081B2204602F094
:101EE00061FA601CC4B2212CECD3F8BD04E00121DE
:101EF000204602F03BFA03E00021204602F036FAC9
:101F0000601CC4B2052CB9D3012002F013FA03F00F
:101F10004FFF002405EB4400FEF778FD074606EB73
:101F20004400FEF773FD07EB002081B2204602F06B
:101F300039FA601CC4B2212CECD3F8BD10B58F2047
:101F4000FEF764FD04069020FEF760FD04EB0044FC
:101F50009120FEF75BFD04EB00249220FEF756FD76
:101F60002044064C010CE060082002F015FAA0891C
:101F7000BDE8104081B2092002F00EBA5C0C0020CE
:101F800010B50C4CE068010E8F20FEF76EFDE06886
:101F9000C0F307419020FEF768FDA089C0F3072138
:101FA0009120FEF762FD217BBDE810409220FEF7F4
:101FB0005CBD00005C0C002010B500218F20FEF7F6
:101FC00054FD00219020FEF750FD00219120FEF7E6
:101FD0004CFD00219220FEF748FDBDE81040FFF7C0
:101FE000ADBF10B502F066FC01F0A6FC02F090FB5C
:101FF000BDE8104002F0FABB0023002998BF7047EB
:10200000F0B40026D2E902C4644508BF34460BD0C0
:102010001468556814F80C400CF1010C9CFBF5F7A2
:1020200005FB17CCC2F808C0C4545B1C8B42E9D333
:10203000F0BC704770B50C46050018BF012D0ED0DE
:10204000022D18BF032D0AD0042D1CBF052D062D0F
:1020500005D040F247321FA12DA006F027FD002C2D
:1020600018BF012C21D0022C18BF032C1DD0042C2A
:1020700018BF052C19D0062C18BF072C15D0082C1A
:1020800018BF092C11D00A2C18BF0B2C0DD00C2C0A
:1020900018BF0D2C09D00E2C18BF0F2C05D04FF4F3
:1020A00052720CA124A006F001FDA007010F0F2021
:1020B00000FA01F224F0030000F1804000F58030C6
:1020C000836823EA02028260826805FA01F1114303
:1020D000816070BD2E2E5C6669726D776172655C81
:1020E0006E3332673435785F7374645F706572691C
:1020F00070685F6472697665725C7372635C6E337C
:1021000032673435785F6770696F2E6300000000B6
:1021100049535F4750494F5F455854495F504F52AC
:10212000545F534F5552434528506F7274536F7527
:10213000726365290000000049535F4750494F5FB3
:1021400050494E5F534F555243452850696E536F67
:10215000757263652900000070B50D4604460128BC
:1021600018BF022C00F0E081042C18BF082C00F0EE
:10217000DB81A4F5A01010381CBFA4F5A010B0F1AD
:10218000300000F0D181A4F5B01040381CBFA4F598
:10219000B010B0F1C00000F0C781A4F5C010B0F5D8
:1021A00080701CBFA4F5C010B0F5007000F0BC81B9
:1021B000A4F5C010B0F540701CBFA4F5C010B0F578
:1021C000023000F0B181A4F5C010B0F5033018BFA3
:1021D000B4F5805F00F0A881B4F5E91F18BFB4F52D
:1021E000EA1F00F0A181B4F5EB1F18BFB4F5004F52
:1021F00000F09A816FF40010C4421CBFA4F50010D7
:10220000B0F1020000F09081A4F50010001F1CBF87
:10221000A4F50010B0F1080000F08681A4F50010CC
:1022200010381CBFA4F54010B0F5807000F07C8120
:10223000A4F54010B0F500701CBFA4F54010B0F537
:10224000806000F07181FB4884421CBF6FF08040C9
:10225000C44200F06981F84884421CBFF7488442B8
:1022600000F06281F64884421CBFF648844200F0C8
:102270005B81F54884421CBFF448844200F05481DD
:10228000F34884421CBFF348844200F04D81F24879
:1022900084421CBFF148844200F04681F0488442E9
:1022A0001CBFF048844200F03F81A4F18040B0F5AB
:1022B000F2101CBFA4F18040B0F5F41000F034819E
:1022C000A4F18040B0F5F6101CBFE748844200F04E
:1022D0002B81E64884421CBFE548844200F02481FB
:1022E000A4F18040B0F190701CBFE248844200F03D
:1022F0001B81E14884421CBFA4F18040B0F184609E
:1023000000F01281DD4884421CBFDD48844200F0A9
:102310000B81DC4884421CBFDB48844200F004810E
:10232000DA4884421CBFDA48844200F0FD80D94874
:1023300084421CBFD848844200F0F680D7488442CB
:102340001CBFD748844200F0EF80D64884421CBFAF
:10235000D548844200F0E880D44884421CBFD44869
:10236000844200F0E180A4F18040B0F579101CBFF8
:10237000A4F18040B0F57B107ED0CE4884421CBFD3
:10238000CD48844278D0CD4884421CBFCC4884429A
:1023900072D0CC4884421CBFCB4884426CD0CB481E
:1023A00084421CBFCA48844266D0CA4884421CBFCB
:1023B000C948844260D0C94884421CBFC84884428E
:1023C0005AD0C84884421CBFC748844254D0C7482A
:1023D00084421CBFA4F10050B0F580504CD0A4F151
:1023E0000050B0F580401CBFA4F10050B0F5004093
:1023F00042D0BF4884421CBFBE4884423CD0BE4845
:1024000084421CBFBD48844236D0BD4884421CBFB4
:10241000BC48844230D0BC4884421CBFBB48844284
:102420002AD0BB4884421CBFBA4884427CD0A4F561
:10243000001080381CBFA4F5B010B0F1800073D03C
:10244000A4F1815080381CBFA4F18150B0F140004C
:102450006AD0A4F1815020381CBFA4F18150B0F1A2
:10246000100061D0A4F1815008381CBFA4F1815044
:10247000B0F1040058D000E056E0A4F18150801E75
:102480001CBF6FF08150C4424ED0A4F18050B0F513
:1024900000401CBFA4F18050B0F5804044D0A4F1AE
:1024A0008050B0F5005018BFB4F1102F3CD0A4F10B
:1024B0008050B0F500601CBFA4F18050B0F5806082
:1024C00032D0A4F18050B0F500701CBFA4F1805050
:1024D000B0F5807028D0A4F1805080381CBFA4F1E2
:1024E0008050B0F140001FD0A4F1805020381CBFB4
:1024F000A4F18050B0F1100016D0A4F1805008383B
:102500001CBFA4F18050B0F104000DD0A4F18050A4
:10251000801E1CBF6FF08050C44205D040F27A226A
:102520007DA18CA006F0C2FA002D18BF012D05D0A8
:1025300040F27B2278A18DA006F0B8FA924A14F0FE
:10254000004F18BFD0691ED090491FFA84FC04EADE
:102550000106C4F340510B01A1B29940B6F5401FEA
:1025600021D014F4801F24D014F4001F4FF0030373
:10257000C4F3034603FA06F318BF1B04984314F090
:10258000E04F52D11EE114F0804F18BF106ADBD12A
:1025900014F0005F18BF506AD6D114F0805F14BFEA
:1025A000906A5068D0E7536820F0706023F0706341
:1025B000FAE014F0807F25D014F0040F1AD014F044
:1025C000007F20EA01000ED035B1536843F00103CB
:1025D00043F070635360F8E0516821F0010141F06D
:1025E00070615160F2E0536823F0010343F07063BF
:1025F0005360E9E04CF0040C0CFA03F39843002D0F
:10260000EAD0E2E714F0806F11D014F0080F0FD079
:1026100014F0007F20EA01000BD03DB1536843F075
:10262000080343F070635360CFE0CDE0B0E0C5E055
:10263000BCE0B4E00004008002001140060011403C
:10264000200014403000144040001640C0001640E6
:10265000000218400003184000041A40000C1A4001
:1026600000101C4000301C4001003040020030408F
:1026700003003040040020410400204308002044AF
:102680000800204610003440200034403000344020
:102690004000364080003640C000364000023840DE
:1026A0000003384000043A40000C3A4000103C401F
:1026B00000303C40010010200200102003001020D8
:1026C00004001220080012200C0012201000142018
:1026D0003000142040001620C000162000011820F1
:1026E000000218200003182000041A20000C1A20F1
:1026F00001002020020020200400202008002020CB
:1027000010003420300034204000202080002020A1
:1027100000012020000220202E2E5C6669726D7759
:102720006172655C6E3332673435785F7374645FF1
:102730007065726970685F6472697665725C7372E5
:10274000635C6E3332673435785F6770696F2E6310
:102750000000000049535F4750494F5F52454D41CB
:102760005028526D7050696E2900000049535F4631
:10277000554E4354494F4E414C5F535441544528A4
:10278000436D64290000000000000140000030702B
:10279000516821F0080141F07061516016E0536802
:1027A00023F0080343F0706353600DE04CF0080C15
:1027B0000CFA03F39843002DEAD02FE7884314F076
:1027C000E04F01D140F0706005B1084314F0004FB4
:1027D0001CBFD06170BD14F0804F1CBF106270BD73
:1027E00014F0005F1CBF506270BD14F0805F14BF16
:1027F0009062506070BD00002DE9F0410446002653
:10280000A0F180400D46B0F584301CBFA4F180409B
:10281000B0F586301CD0A4F18040B0F588301CBFE4
:10282000A4F18040B0F58A3012D0A4F18040B0F518
:102830008C301FBFA4F18040B0F58E30A4F18040F1
:10284000B0F5903004D0BE223FA14EA006F02EF984
:10285000E878002818BF042810D0282818BF482876
:102860000CD0142818BF102808D01C2818BF18280E
:1028700004D0BF2234A14AA006F018F9288820B954
:10288000C02231A151A006F011F9E87800F00F073D
:1028900010F0100F0FD0A878002818BF022808D019
:1028A000012818BF032804D0C72227A150A006F092
:1028B000FDF8A878074328784FF00F0C10F0FF0FB1
:1028C0004FF0010318BF216819D02A8803FA06F0D7
:1028D000024082420FD1B2000CFA02F821EA08014C
:1028E00007FA02F21143EA78282A08BF606102D091
:1028F000482A08BF2061761C082EE6D3216028886C
:10290000FF2886BF62680020BDE8F08100F1080161
:102910002E8803FA01F10E408E420FD186000CFA88
:1029200006F822EA080207FA06F63243EE78282E65
:1029300008BF6161EE78482E08BF2161401C08285D
:10294000E4D36260BDE8F0812E2E5C6669726D771B
:102950006172655C6E3332673435785F7374645FBF
:102960007065726970685F6472697665725C7372B3
:10297000635C6E3332673435785F6770696F2E63DE
:102980000000000049535F4750494F5F414C4C5F86
:10299000504552495048284750494F782900000077
:1029A00049535F4750494F5F4D4F44452847504971
:1029B0004F5F496E69745374727563742D3E47504E
:1029C000494F5F4D6F6465290000000049535F4720
:1029D00050494F5F50494E284750494F5F496E69F3
:1029E000745374727563742D3E50696E2900000033
:1029F00049535F4750494F5F53504545442847501E
:102A0000494F5F496E69745374727563742D3E4704
:102A100050494F5F537065656429000070B50546E5
:102A20000026A0F180400C46B0F584301CBFA5F113
:102A30008040B0F586301DD0A5F18040B0F58830DB
:102A40001CBFA5F18040B0F58A3013D0A5F18040BD
:102A5000B0F58C301FBFA5F18040B0F58E30A5F1E8
:102A60008040B0F5903005D040F229121BA12AA079
:102A700006F01CF8012C18BF022C28D0042C18BF1B
:102A8000082C24D0102C18BF202C20D0402C18BF8C
:102A9000802C1CD0B4F5807F18BFB4F5007F16D011
:102AA000B4F5806F18BFB4F5006F10D0B4F5805F37
:102AB00018BFB4F5005F0AD0B4F5804F18BF052CDD
:102AC00005D04FF4957205A11AA005F0EFFFA86894
:102AD000204218BF0126304670BD00002E2E5C66D5
:102AE00069726D776172655C6E3332673435785F19
:102AF0007374645F7065726970685F64726976652B
:102B0000725C7372635C6E3332673435785F677002
:102B1000696F2E630000000049535F4750494F5FC3
:102B2000414C4C5F504552495048284750494F78D6
:102B30002900000049535F4745545F4750494F5FA4
:102B400050494E2850696E290000000070B50446B7
:102B5000A0F180400D46B0F584301CBFA4F1804048
:102B6000B0F586301DD0A4F18040B0F588301CBF90
:102B7000A4F18040B0F58A3013D0A4F18040B0F5C4
:102B80008C301FBFA4F18040B0F58E30A4F180409E
:102B9000B0F5903005D04FF4C57206A114A005F031
:102BA00085FF2DB940F28B1202A118A005F07EFF1F
:102BB000656170BD2E2E5C6669726D776172655CB1
:102BC0006E3332673435785F7374645F7065726931
:102BD00070685F6472697665725C7372635C6E3391
:102BE00032673435785F6770696F2E6300000000CC
:102BF00049535F4750494F5F414C4C5F50455249E4
:102C00005048284750494F782900000049535F47F2
:102C100050494F5F50494E2850696E29000000000E
:102C200070B50446A0F180400D46B0F584301CBF5D
:102C3000A4F18040B0F586301DD0A4F18040B0F5FD
:102C400088301CBFA4F18040B0F58A3013D0A4F1C5
:102C50008040B0F58C301FBFA4F18040B0F58E30BD
:102C6000A4F18040B0F5903005D040F2731206A177
:102C700014A005F01BFF2DB94FF4BA7202A118A0E1
:102C800005F014FF256170BD2E2E5C6669726D77AC
:102C90006172655C6E3332673435785F7374645F7C
:102CA0007065726970685F6472697665725C737270
:102CB000635C6E3332673435785F6770696F2E639B
:102CC0000000000049535F4750494F5F414C4C5F43
:102CD000504552495048284750494F782900000034
:102CE00049535F4750494F5F50494E2850696E29FC
:102CF0000000000010B582B06946002002F094FD8B
:102D000001A9002002F02AFDDFF898C09DF800001C
:102D10008CF804009DF801008CF805009DF8020075
:102D20008CF806009DF805108CF802109DF806300E
:102D30008CF803309DF80720012902F5FA60ACF801
:102D4000000018BF022904D101F10C00C1B202F247
:102D5000CF704A1C02EB420240F2676412FB04F29D
:102D600003EB410100EB523211444AF2D73202FB2D
:102D7000002201EB9001A1EB92514FF4C872B0FB1D
:102D8000F2F00144084B08460022C3FB01208210E8
:102D9000A2EBE070A0EBC0000844401C8CF80700D8
:102DA00002B010BD340000209324499201A005F028
:102DB000F7F9FBE7766F69642048617264466175D4
:102DC0006C745F48616E646C657228766F69642903
:102DD0000D0A000070B51C4DB4B0A878002804BFDF
:102DE00034B070BD0026AE70184A194927A805F006
:102DF000E7F9184A01A802F11C0105F0E1F901A860
:102E0000FDF72EFA84B227A8FDF72AFA82B201ABA9
:102E100027A90120009403F0D5F82878401CC0B2FF
:102E2000287064283CBF34B070BD2E70BFF34F8F44
:102E300009480168094A01F4E06111430160BFF3E8
:102E40004F8F00BFFDE70000DA02002004000020E1
:102E5000C42E0008D02E00080CED00E00400FA0596
:102E6000044901208870AFF2070242F210710A2073
:102E700005F074B9DA020020024A42F210710A2009
:102E800005F06CB9612E000810B5B4B00C4A0DA164
:102E900027A805F095F90EA214A101A805F090F954
:102EA00001A8FDF7DDF984B227A8FDF7D9F982B2B0
:102EB00001AB27A90120009403F084F834B010BDC1
:102EC000040000207374617475732F257300000073
:102ED0005B7B224F6E223A226F6E222C2276223AA0
:102EE000224E4F524D414C227D5D00002573000063
:102EF00030B40023002A88BFDFF834C011D9C45C85
:102F000001EB43050CEB1414247801F81340C45C66
:102F10005B1C04F00F049BB21CF804406C709A42D6
:102F2000EDD84FF6FF7030BC00EA42007047000059
:102F3000E69100082DE9F84380464FF48057ADF83C
:102F400000700420394E8DF8030000246946304695
:102F5000FFF752FC00254FF400513046FFF7F6FD15
:102F6000022005F039FE4FF400513046FFF758FEBD
:102F70006006040E4FF480513046FFF74FFD0028E5
:102F80001CBF601CC4B2012005F026FE681CC5B23F
:102F9000082DE0D310254FF00109B8F1000F4FF4D0
:102FA0000051304620D0FFF7D1FDADF800708DF80C
:102FB00003508DF8029069463046FFF71DFC290248
:102FC0003046FFF7C3FD022005F006FE69023046D9
:102FD000FFF726FE022005F0FFFD69023046FFF7ED
:102FE000B5FD2046BDE8F883FFF7B0FDADF80070F1
:102FF0008DF803508DF8029069463046FFF7FCFBD0
:103000004FF480513046FFF70BFE022005F0E4FD3F
:103010004FF400513046FFF703FE022005F0DCFDBF
:103020004FF400513046FFF791FDDAE7000C014004
:10303000F8B505464FF48050ADF8000010208DF82B
:1030400003000120184E8DF8020069463046FFF754
:10305000D3FB71143046FFF779FD002415F0800F83
:103060004FF48051304602D0FFF7DAFD01E0FFF760
:103070006DFD6806050E022005F0AEFD4FF400510F
:103080003046FFF7CDFD022005F0A6FD4FF40051BC
:103090003046FFF75BFD022005F09EFD601CC4B2C8
:1030A000082CDBD3F8BD0000000C014038B54FF40C
:1030B0008050ADF8000010208DF8030001200F4C67
:1030C0008DF8020069462046FFF796FBA1142046C2
:1030D000FFF7A6FD61142046FFF7A2FD022005F0D0
:1030E0007BFDA1142046FFF731FD022005F074FDA1
:1030F00061142046BDE83840FFF728BD000C0140B0
:1031000038B54FF48050ADF8000010208DF8030062
:1031100001200C4C8DF8020069462046FFF76CFB3D
:10312000A1142046FFF712FD61142046FFF778FD39
:10313000022005F051FDA1142046BDE83840FFF7FC
:103140006FBD0000000C0140F8B54FF48056ADF89B
:1031500000600420264D8DF80300002469462846AF
:10316000FFF74AFBA9142846FFF75AFD012005F096
:1031700033FD69142846FFF753FD012005F02CFDAF
:10318000A9142846FFF74AFC50B3601CC4B2FA2CBD
:103190001FD9ADF8006010208DF8030001208DF8D4
:1031A000020069462846FFF727FB4FF48051284666
:1031B000FFF7CCFC4FF400512846FFF731FD022009
:1031C00005F00AFD4FF480512846FFF729FD012044
:1031D000F8BD4FF480512846FFF720FC0028D4D1D9
:1031E0004FF400512846FFF7B1FC0020F8BD000065
:1031F000000C014010B4C268D0F804C0531C93FB0B
:10320000FCF40CFB1433D0F808C0634504BF10BCB9
:10321000704703689954C1684268491C91FBF2F3F6
:1032200002FB1311C16010BC704700002DE9F04192
:103230002D4E0025307B10B1012812D04CE0707962
:10324000401C707101F030F90A2128A004F03EFF03
:10325000C8217570284A0F2004F080FF01203073C8
:103260003AE001F015F9002808BFBDE8F081234CD1
:10327000206801F0ADFD014621482268FEF7BCFE42
:1032800020A11F48FCF7DAFF10B320A11C48FCF76F
:10329000D5FFC8B1441C7571801CFDF75DFC20464C
:1032A000FDF75AFC271D3846E41CFDF755FC204667
:1032B000FDF752FC3846FDF74FFC2046FDF74CFC6D
:1032C00035730120BDE8F08170790A2803D106E04A
:1032D00070790A2803D035730020BDE8F08175713C
:1032E00035730220BDE8F0815400002041542B4387
:1032F000434C4B3F0D0A0000C94400085000002019
:10330000201100202B43434C4B3A00002C000000BE
:103310002DE9F047B44E0024DFF8D092B07BADF534
:10332000C56D25464FF001082746092880F05481D5
:10333000DFE800F005121A2C8E96ACFCFB00F0784A
:10334000012807BFF770042086F80E800DF5C56DC3
:1033500018BFBDE8F08794E064217770A44A0F207D
:1033600004F0FCFE02208CE001F092F800286ED000
:1033700001F09AF811219FA004F0A8FE6421777053
:103380009B4A0F2004F0EAFE03207AE001F080F867
:10339000002877D0D9F8000001F01AFD01469A48BC
:1033A000D9F80020FEF728FE98A19748FCF746FFC1
:1033B000002800F0118198A19348FCF73FFF1030DE
:1033C000044601782C2903D010F8011F2C29FBD1C9
:1033D000001BA0F10108C8216846FCF724FF424603
:1033E00021466846FCF706FF04EB08008EA1FCF7B7
:1033F00025FF002800F0F080841C81780DF5C16065
:103400002C2907D014F8011B4155691C8DB2217875
:103410002C29F7D14755FCF72AFF0546C8216846F5
:10342000FCF701FF2A46611C6846FCF7E3FE1A2DF3
:1034300007D0A9B20122684600F0BAFFB77300F0C6
:10344000CBB81A210022684600F0B2FFF6E719E077
:1034500064217770664A0F2004F080FE052010E09A
:1034600001F016F800280DD001F01EF808216FA019
:1034700004F02CFE642177705D4A0F2004F06EFE8C
:103480000620B0730DF5C56DBDE8F08701F000F8BA
:10349000002804BF0DF5C56DBDE8F087D9F8000020
:1034A00001F096FC01465848D9F80020FEF7A4FD2B
:1034B00061A15548FCF7C2FE28B310F8061F2C295D
:1034C00004D010F8011F641C2C29FAD1DFF8708198
:1034D0007125A0EB040A08F52379012C02D0022CF7
:1034E00012D02EE05046FDF737FBA5EB4000C2B2EC
:1034F00054A10DF2DC5004F063FE9DF8DC0588F861
:103500008C0289F801701CE00AF10100FDF724FB30
:1035100004465046FDF720FB00EB800004EB400022
:10352000A5EB4000C2B247A101E041E00CE00DF282
:10353000DC5004F045FEBDF8DC05A8F88C0289F8E3
:1035400002700720B0739DE70E213FA004F0BEFD7E
:10355000318A414804F0BAFD022133A004F0B6FDDF
:1035600006213EA004F0B2FD728A36A10DF5BC60C2
:1035700004F026FE0DF5BC60FCF772FE81B20DF57D
:10358000BC6004F0A3FD022132A004F09FFD718A0B
:10359000344804F09BFD032133A004F097FDF7703D
:1035A000C8217770124A0F2004F0D8FD082068E780
:1035B00000F06EFF00283FF465AFD9F8000001F07D
:1035C00007FC01461048D9F80020FEF715FD27A199
:1035D0000D48FCF733FE08B1B77353E786F8008057
:1035E000B770B7734EE70000540000205000002071
:1035F000C944000841542B4D515454524541443D57
:10360000302C310D0A000000201100202B4D5154A8
:1036100054524541443A00002B4D515454524541B7
:10362000443A20302C302C00222C000041542B43F3
:1036300053510D0A000000002B4353513A20000063
:10364000701400202564000041542B4D51545450F7
:1036500055423D302C220000700C0020302C302CC4
:10366000302C0000380D0020220D0A004F4B0000C6
:103670002DE9F041214C224F0025A07920B10128ED
:103680001FD0022831D02DE01E4EA570306801F009
:103690009FFB01461C483268FEF7AEFC00F004FFB9
:1036A0004FF400413846FFF7BBFA4FF4FA716570EA
:1036B000164A0F2004F052FD0120A0710020BDE841
:1036C000F08100F0E5FE68B14FF400413846FFF7A5
:1036D0003DFA41F2883165700C4A0F2004F03EFD3E
:1036E0000220A0710020BDE8F08100F0D1FE00288A
:1036F0001CBFA5710120BDE8F0810000540000202E
:10370000000801405000002020110020C94400089A
:1037100038B54FF40040ADF8000010208DF80300DC
:103720000120064C8DF8020069462046FFF764F838
:103730004FF400412046FFF773FA38BD00080140FE
:10374000474810B5C07B0B2828BF10BDDFE800F04C
:10375000061826344654620F6C0F7C00FFF788FF72
:10376000002808BF10BD012802D0022804D010BDD7
:103770003B490120C87310BD39490020C87310BDF2
:1037800001F0D6F9002808BF10BD012802D0022898
:10379000F2D010BD32480221C17310BD01F078F99A
:1037A000002808BF10BD012802D00228E4D010BDB7
:1037B0002B490320C87310BD01F01AF9002808BF77
:1037C00010BD012806D0022818BF10BD00212448D2
:1037D000C17310BD22490420C87310BDFFF726FD38
:1037E000002808BF10BD012802D00228C4D010BD97
:1037F0001B490820C87310BD02F08EFB002808BFCB
:1038000010BD012802D00228B6D010BD14490620F0
:10381000C87310BDFDF752F9002808BF10BD01287C
:10382000E6D00228A8D010BD00F0F4F8002808BFA8
:1038300010BD012802D002289ED010BD08480A21E0
:10384000C1730121817010BD05480178012902D1A1
:1038500000210170C173BDE81040FFF759BD0000A1
:1038600054000020010004484FF0100101D0FFF780
:103870006DB9FFF7D5B90000001001400100044800
:103880004FF0800101D0FFF761B9FFF7C9B900001F
:1038900000080140144A10B51078144C01280CD1CE
:1038A000002010709178491CC9B2917001290FD085
:1038B000907020212046FFF749F905F0ABF9002868
:1038C0004FF0800120460AD0BDE81040FFF73EB916
:1038D000FFF710FA20212046FFF7A2F9EDE7BDE837
:1038E0001040FFF79DB900002A00002000080140A9
:1038F000010004484FF0010101D0FFF727B9FFF79D
:103900008FB90000000C0140044901200870AFF29B
:1039100007024FF47A7104F021BC00002A00002055
:1039200010B501210348FFF779F800280CBF0120EA
:10393000002010BD000801402DE9F0410B2000F0EF
:1039400009FD0746092000F00BFD0646012000F0A6
:10395000F1FC2E4C002520B9A5710D2004F0F4FBDC
:103960006570A179A9B1012928D0022918BFBDE845
:10397000F08147F004010B2000F00EFD0121002032
:1039800000F0F4FC16F0020F3CD0FFF7C9FF48B37B
:1039900038E0042000F0DEFC0546042000F0E0FCE6
:1039A000854288BFBDE8F0810120A071BDE8F041EB
:1039B000174A40F6B8310D2004F0D0BB60780128DA
:1039C00018BFBDE8F0816570042000F0C3FC064616
:1039D000042000F0C5FC86429EBF0220A071BDE815
:1039E000F0810FE0002002F0E3F90021012000F057
:1039F000BDFC02210A2000F0CFFC0020FDF768FC8E
:103A000000F012FCA571BDE8F0810000DD0200208D
:103A10009190000810B5AC4896B0407B0A2832D28D
:103A2000DFE800F0051834455FA8C1E3FDFC00F0B5
:103A30003BFD1921A5A004F049FBA34C0020642103
:103A40006070A94A0F2004F089FB0120607316B052
:103A5000002010BD00F01CFD002804BF16B010BDF2
:103A6000A24C206801F0B4F90146A1482268FEF793
:103A7000C3FAA0A19E48FCF7E1FB002800F01D81DD
:103A800091490220487316B0002010BD00F00CFDD3
:103A90001D2199A004F01AFB8B4C0020642160705A
:103AA000914A0F2004F05AFB032000F09CB800F06C
:103AB000EFFC002804BF16B010BD8C4C206801F04C
:103AC00087F901468A482268FEF796FA89A1884854
:103AD000FCF7B4FB002800F0F0807B490420487319
:103AE000D1E700F0E1FC0F218BA004F0EFFAC62132
:103AF000B820CDE90001EA2331228BA102A804F00D
:103B00005FFB02A8FCF7ACFB81B202A804F0DEFA6E
:103B100042F6483288A102A804F052FB02A8FCF742
:103B20009FFB81B202A804F0D1FA022183A004F025
:103B3000CDFAFCF74DFB02467FA10CA804F040FB38
:103B40000CA8FCF78DFB81B20CA804F0BFFA02218F
:103B50007BA004F0BBFA43217A4804F0B7FA5A4C30
:103B600000204FF4FA6160705F4A0F2004F0F6FA0B
:103B7000052038E000F08CFC002804BF16B010BD12
:103B80005A4C206801F024F9014659482268FEF792
:103B900033FA6DA15648FCF751FB00287ED04A4904
:103BA000062048736FE700F07FFC16216CA004F03C
:103BB0008DFA714A71A102A804F002FB02A8FCF779
:103BC0004FFB81B202A804F081FA05216CA004F039
:103BD0007DFA3D4C002041F288316070424A0F204E
:103BE00004F0BCFA072060734DE700F051FC002898
:103BF00004BF16B010BD3D4C206801F0E9F8014645
:103C00003B482268FEF7F8F93AA13948FCF716FB61
:103C100004465DA13648FCF711FB01E029E007E00E
:103C2000002C18BF002848D02749082048732AE7ED
:103C300000F03AFC1B2157A004F048FA4E4A4FA16D
:103C400002A804F0BDFA02A8FCF70AFB81B202A8A0
:103C500004F03CFA05214AA004F038FA1A4C00207E
:103C600041F288316070204A0F2004F077FA092071
:103C7000B9E700F00DFC002804BF16B010BD1B4CC6
:103C8000206801F0A5F8014619482268FEF7B4F94A
:103C900018A11748FCF7D2FA044600E00DE03AA15B
:103CA0001348FCF7CBFA002C18BF002805D00649B2
:103CB0000020487316B0012010BD0349002048734E
:103CC00016B0022010BD00005400002041542B4DBE
:103CD0005154544346473D22636163686564222C16
:103CE000302C310D0A000000C944000850000020AB
:103CF000201100204F4B000041542B4D5154544390
:103D000046473D226B656570616C697665222C3093
:103D10002C36300D0A00000041542B4D51545443B1
:103D20004F4E4E3D302C220025642E25642E2564F6
:103D30002E2564222C000000256400002C220000A7
:103D4000222C00004CBB00082B4D515454555243BB
:103D50003A2022636F6E6E222C302C30000000005F
:103D600041542B4D5154545355423D302C22636FD6
:103D70006E74726F6C2F0000040000202573000029
:103D8000222C300D0A0000002B4D51545453554243
:103D90003A20300041542B4D5154545355423D303C
:103DA0002C227374617475735F7265706C792F0067
:103DB000FEE700002DE9F047FF4E0024DFF8FC830A
:103DC000B0889AB027460228C0F01F82811E404664
:103DD00004F0DAFEB0883278404410F8011C9142B9
:103DE00040F0138210F8020C7178884240F00D8286
:103DF00098F8032098F8023006F1060A02EB032235
:103E000095B298F80010BAF8002098F801008A429C
:103E100040F0FB8108F5FA79052854D00BDC6F4699
:103E2000012810D00522032800F07F81042800F02B
:103E3000B08100F0EAB9062800F00A81102800F0ED
:103E4000308100F0E2B9042D00F2DF8198F80520FE
:103E500098F8043002EB032292B25319052B00F2BA
:103E6000D4818DF800108DF80100D11D01200F299B
:103E700005D312F0070F14BF00EBD200D0088DF865
:103E8000020010F0FF0F1CBF7088E8400AD0E1006C
:103E900020FA01F13A19D170611CCCB29DF80210E0
:103EA000A142F4D89DF80200401DC4B2A11E3846BC
:103EB00004F06AFE3819717800F8021C317800F8B5
:103EC000011C00F063B998F8052098F80430072D1C
:103ED00002EB032294B200F298818DF800108DF865
:103EE0000100280A8DF80200200A8DF804008DF8E0
:103EF00003508DF805400621684604F045FE7078B1
:103F00008DF8060030788DF80700082D28D2DFE8FC
:103F100005F0041751276D27737EB4F57F4F40F0ED
:103F2000358105F015F9BFF34F8FA5480168A54A03
:103F300001F4E06111430160BFF34F8F00BFFDE763
:103F4000022000F0F7F9002840F02081032000F063
:103F5000F1F9012840F01A81B4F57F4F05D0BCB1CA
:103F6000002F40F0528100F011B9002000F0E2F97A
:103F7000002840F00B810121084600F0F7F90121EB
:103F80000846FDF77FFE012001F012FF01200EE040
:103F90000021012000F0EAF900210120FDF772FE66
:103FA0000A20A9F81400002001F002FF0020FDF70C
:103FB0008FF9EBE0B4F57F4F01D04CB110E0012157
:103FC000022000F0D3F901210220FDF75BFE07E09B
:103FD0000021022000F0CAF900210220FDF752FE64
:103FE000022000F0A7F9FDF7F7F8CFE0B4F57F4F16
:103FF00008BFFDF7E1FFC9E0B4F57F4F7DD1002197
:10400000084600F0B3F90020A9F81600BEE0B4F5A8
:104010007F4F01D074B1B9E00121042000F0A6F96E
:1040200001210420FDF72EFE042000F083F9FDF7A6
:1040300097F8ABE00021042000F098F9002104205B
:10404000FDF720FE042000F075F9FDF789F89DE0EA
:1040500098F8052098F80430212D02EB032294B241
:1040600062D88DF800108DF80100280A8DF8020042
:10407000200A8DF80400EFB28DF803708DF805402A
:104080000621684604F080FD70788DF806003078CF
:104090008DF8070000F0C8F82AF8154001213846CD
:1040A00040E098F8052098F80430212D02EB032217
:1040B00092B29CBFAB18222B36D8002A0ED908EB3F
:1040C000440393F808C0DB790CEB032304EB050CE5
:1040D0002AF81C30631CDCB2A242F0D88DF8001024
:1040E0008DF80100280A8DF80200ECB2100A8DF854
:1040F00003408DF80400D5B200E047E08DF805508C
:1041000098F806008DF806000721684604F03CFD8B
:1041100070788DF8070030788DF8080000F084F88A
:1041200029462046FDF7B1FD6FE098F8053098F874
:1041300004C0212D03EB0C239BB29CBF03EB050CA9
:10414000BCF1220F61D88DF800108DF801005800E5
:104150008DF80200281907EB44013AF810004FEAE5
:10416000102C81F803C00871601CC4B29C42F1D9C4
:1041700002EB4300C4B2A11E384604F005FD381915
:10418000717800F8021C317800F8011C00F04CF83E
:104190003BE098F8053098F804C00D2D03EB0C2394
:1041A0009BB29CBF05EB030CBCF10E0F2DD88DF814
:1041B00000108DF8010007E06E0000202617002097
:1041C0000CED00E00400FA0558008DF802002819F3
:1041D00007EB440139F810004FEA102C81F803C0B6
:1041E0000871601CC4B29C42F1D902EB4300C4B216
:1041F000A11E384604F0C8FC3819717800F8021C7A
:10420000317800F8011C00F00FF80020B288014658
:10421000002A05D908F80010401C80B28242F9D863
:10422000B1801AB0BDE8F08770B53C4EADF5C36DF6
:10423000B51F30788DF8F00301208DF8F1038DF86B
:10424000F203A8788DF8F3030421FCA804F09CFC89
:1042500068788DF8F40328788DF8F50330788DF8B8
:10426000F60303208DF8F70344208DF8F8030020AF
:10427000FCAC36F8101004EB40020B0A401C5372E1
:10428000C0B291722228F4D94721A01D04F07CFC11
:1042900068788DF83D0428788DF83E0430788DF8E4
:1042A0003F0404208DF840041C208DF841041C4B71
:1042B000002004EB400233F81010401C4FEA112C90
:1042C00082F852C0C0B282F853100E28F1D91F21D3
:1042D00004F1510004F058FC68788DF85E042878E9
:1042E0008DF85F0470240F4A0FA10DF2E45003F023
:1042F00067FF224602A9FCA8FEF7FAFD04460DF26C
:10430000E450FBF7ADFF82B202AB0DF2E4510120A5
:10431000009401F057FE0DF5C36D70BD74000020D0
:104320001A190020040000207374617475732F251E
:10433000730000000F2884BF00207047012101FA9C
:1043400000F003494988084018BF01207047000069
:104350006E000020014931F8100070471A19002042
:10436000014931F810007047740000200F2888BF01
:104370007047012202FA00F00129064A04BF518861
:10438000084305D0002906BF518821EA0000704784
:10439000508070476E000020014A22F810107047CC
:1043A0001A190020014A22F81010704774000020EA
:1043B0002DE9F04704460025324E9CB00F460120FF
:1043C000AAB1012A1CBF1CB0BDE8F08770700120A3
:1043D000FCF741FF35703A4621462B48FCF7CCFBF1
:1043E0002A490880FFF7E6FC1CB0BDE8F087707032
:1043F0000120FCF730FF3570206802908DF80C50DA
:1044000002A8FBF734FF1FFA80FAB4F80500ADF8F4
:1044100008008DF80A5002A8FBF729FF00F0FF09F9
:104420002089ADF808008DF80A5002A8FBF71FFF9D
:1044300000F0FF08B4F80B00ADF808008DF80A5042
:1044400002A8FBF714FFC7B2E089ADF808008DF8A9
:104450000A5002A8FBF70BFFC6B2B4F81100ADF882
:1044600008008DF80A5002A8FBF701FFC0B2CDE9A1
:1044700000603B4642464946504601F0C9FD1CB02B
:10448000BDE8F087DA020020261700207200002025
:1044900004494878002808BF7047012000224A706C
:1044A00070470000540000200020054A01461154C6
:1044B000401C80B2B0F57A7FF9D302488182704700
:1044C000201100205400002001490120487070474D
:1044D00054000020704738B535208DF800000024C6
:1044E0008DF801408DF8024001258DF80350684693
:1044F00000F032F826208DF800008DF801408DF88C
:1045000002408DF80350684600F026F827208DF809
:1045100000008DF801408DF802408DF80350684688
:1045200000F01AF834208DF8000002208DF8010008
:104530008DF802408DF80350684600F00DF8082011
:104540008DF800008DF801408DF802508DF8035071
:10455000684600F001F838BD70B50446C0780F25F4
:10456000002818BF012804D07D2223A12FA004F029
:104570009DFA6078102804D37E221FA13A4804F0E7
:1045800095FAA078102804D37F221BA1374804F0A5
:104590008DFAE078012210B335480068637800F4A2
:1045A000E060C0F5E060000AC0F1040103FA01F127
:1045B000A37825FA00F0184008432178000101F1A2
:1045C000E02181F80004207800F01F0102FA01F1D7
:1045D0004009800000F1E020C0F8001170BD207893
:1045E00000F01F0102FA01F14009800000F1E02013
:1045F000C0F8801170BD00002E2E5C6669726D7768
:104600006172655C6E3332673435785F7374645FF2
:104610007065726970685F6472697665725C7372E6
:10462000635C6D6973632E630000000049535F464D
:10463000554E4354494F4E414C5F535441544528C5
:104640004E5649435F496E69745374727563742D95
:104650003E4E5649435F4952514368616E6E656CE8
:10466000436D64290000000054BA000810BA000825
:104670000CED00E010B50446B0F5E06F18BFB4F5DE
:10468000C06F0CD0B4F5A06F1CBFB4F5806FB4F54B
:10469000407F04D06C2205A111A004F007FA1B4949
:1046A00044F0FD7040F08060086010BD2E2E5C6606
:1046B00069726D776172655C6E3332673435785F2D
:1046C0007374645F7065726970685F64726976653F
:1046D000725C7372635C6D6973632E63000000002B
:1046E00049535F4E5649435F5052494F52495459BE
:1046F0005F47524F5550284E5649435F5072696F7D
:104700007269747947726F75702900000CED00E0D2
:104710002DE9F0410B20FFF71DFE07460920FFF7AA
:104720001FFE304C0646E17939B3002501293ED001
:10473000022946D0032918BFBDE8F08147F00801DF
:104740000B20FFF729FE01210020FFF70FFE16F0D6
:10475000040F0FD0002001F02BFB00210120FFF7F8
:1047600005FE03210A20FFF717FE0020FCF7B0FD2D
:10477000FFF75AFDE571BDE8F0810520FFF7EAFD7E
:1047800000EB800045000520FFF7EAFD00EB80000C
:10479000B5EB400F38BFBDE8F0810120E071BDE806
:1047A000F041114A4FF4FA610E2003F0D7BCA07813
:1047B000012806BFA5700220BDE8F081E071BDE8C8
:1047C000F0810520FFF7C6FD00EB800046000520C4
:1047D000FFF7C6FD00EB8000B6EB400F28BF0320BB
:1047E000ECD2C7E7DD020020459100082DE9F04139
:1047F0000B20FFF7AFFD07460920FFF7B1FD2B4C5B
:104800000646217A39B30025012939D002293ED044
:10481000032918BFBDE8F08147F040010B20FFF7E6
:10482000BBFD01210020FFF7A1FD16F0100F0FD0F6
:10483000002001F0BDFA00210120FFF797FD0621BD
:104840000A20FFF7A9FD0020FCF742FDFFF7ECFC72
:104850002572BDE8F0810720FFF77CFD05460820A2
:10486000FFF77EFD854238BFBDE8F0810120207250
:10487000BDE8F0410E4A4FF4FA61102003F06EBC1F
:104880002079012804BF25712572BDE8F081072039
:10489000FFF760FD06460820FFF762FD864224BF51
:1048A00003202072D4D3BDE8F0810000DD02002097
:1048B000399100082DE9F0410B20FFF74BFD06462A
:1048C0000920FFF74DFD2B4C0546617939B30027D0
:1048D000012939D0022941D0032918BFBDE8F08150
:1048E00046F002010B20FFF757FD01210020FFF7E2
:1048F0003DFD15F0010F0FD0002001F059FA002105
:104900000120FFF733FD01210A20FFF745FD0020BC
:10491000FCF7DEFCFFF788FC6771BDE8F08104203E
:10492000FFF718FD05460320FFF71AFD854238BF43
:10493000BDE8F08101206071BDE8F0410E4A4FF4FE
:10494000FA610C2003F00ABC2078012806BF27700A
:104950000220BDE8F0816071BDE8F0810420FFF71E
:10496000F9FC05460320FFF7FBFC854228BF032026
:10497000F1D2D1E7DD0200202D91000810B504002E
:1049800018BF012C04D0862203A111A004F08EF8D8
:104990001648046210BD00002E2E5C6669726D77A9
:1049A0006172655C6E3332673435785F7374645F4F
:1049B0007065726970685F6472697665725C737243
:1049C000635C6E3332673435785F7077722E6300C4
:1049D00049535F46554E4354494F4E414C5F5354E3
:1049E00041544528436D64290000000000000E4238
:1049F00070B51D4C0025607A10B1012813D010E06D
:104A00002079401C2071FFF74FFD0B2117A003F008
:104A10005DFB64216570184A0F2003F09FFB0120A5
:104A20006072002070BDFFF733FD002808BF70BD25
:104A3000124E306800F0CCF9014611483268FDF79B
:104A4000DBFA10A10E48FBF7F9FB18B1657225716E
:104A5000012070BD20795A2898BF6572E1D925716F
:104A60006572022070BD00005400002041542B43A9
:104A7000474154543F0D0A00C9440008500000202B
:104A8000201100202B43474154543A2031000000AC
:104A900070B51D4C0025207A10B1012813D010E00C
:104AA0002079401C2071FFF7FFFC0B2117A003F0B9
:104AB0000DFB64216570184A0F2003F04FFB0120A5
:104AC0002072002070BDFFF7E3FC002808BF70BD16
:104AD000124E306800F07CF9014611483268FDF74B
:104AE0008BFA10A10E48FBF7A9FB18B125722571AE
:104AF000012070BD20795A2898BF2572E1D925710F
:104B00002572022070BD00005400002041542B4348
:104B1000455245473F0D0A00C94400085000002097
:104B2000201100202B43455245473A20302C3100BC
:104B3000814810B5C0790A283AD2DFE800F0052193
:104B40003B4850617989B9CA7C4C206800F040F933
:104B500001467B482268FDF74FFAFFF7A5FC0421C8
:104B600078A003F0B3FA744C00204FF4FA6160703F
:104B7000764A0F2003F0F2FA0120E071002010BD08
:104B8000FFF786FC002808BF10BD6C4C206800F0C1
:104B90001FF901466A482268FDF72EFA6CA16848A1
:104BA000FBF74CFB002800F0C28063490220C8716B
:104BB000002010BD604C00204FF4FA616070634A21
:104BC0000F2003F0CBFA0320E071002010BDFFF7A7
:104BD0005FFC0028ECD058490420C871E8E7FFF7D3
:104BE00063FC0A215BA003F071FA534C002064219E
:104BF0006070564A0F2003F0B1FA0520E071D7E744
:104C0000FFF746FC002808BF10BD4C4C206800F0A0
:104C1000DFF801464A482268FDF7EEF950A14848FE
:104C2000FBF70CFB00287DD043490620C871BFE785
:104C3000FFF73AFC0B214EA003F048FA3E4C00204F
:104C400064216070414A0F2003F088FA07203EE09B
:104C5000FFF71EFC002808BF10BD384C206800F08C
:104C6000B7F8014636482268FDF7C6F943A1344833
:104C7000FBF7E4FA00285AD04249D0F80720C1F8DF
:104C80009122D0F80B20C1F89522D0F80F20C1F85E
:104C90009922B0F81320A1F89D22407D81F89F024F
:104CA00001F523710020087523490820C8717FE7AA
:104CB000FFF7FAFB0A2134A003F008FA1E4C00208B
:104CC00064216070214A0F2003F048FA0920E07146
:104CD0006EE7FFF7DDFB002808BF10BD174C20680A
:104CE00000F076F8014616482268FDF785F929A1FB
:104CF0001348FBF7A3FAA8B122498268C1F8A122A0
:104D0000C268C1F8A5220269C1F8A9224269C1F8A6
:104D1000AD228069C1F8B10201F52371002081F84C
:104D2000290000E003E00449C871012010BD0249D8
:104D30000020C871022010BD540000205000002047
:104D40002011002041540D0A00000000C944000851
:104D50004F4B000041542B4350494E3F0D0A000079
:104D60002B4350494E3A205245414459000000001F
:104D700041542B4347534E3D310D0A002B434753BB
:104D80004E3A20007014002041542B4943434944BB
:104D90000D0A00002B49434349443A20000000001B
:104DA00070B5102004F08CF904004FF0000508BF26
:104DB0002C4607D040F2DD50606004F081F9E560D8
:104DC000A56020600148046070BD00005000002014
:104DD0000146D1E90220801A44BF4968084470475F
:104DE00010B504001CBF012C042C05D040F2033286
:104DF0000AA118A003F05AFE1B48002180F82010D9
:104E000080F82010012C08BF012103D0042C0CBF16
:104E1000052110BD80F8201010BD00002E2E5C660C
:104E200069726D776172655C6E3332673435785FB5
:104E30007374645F7065726970685F6472697665C7
:104E4000725C7372635C6E3332673435785F7263A1
:104E5000632E630049535F5243435F4C53452852CE
:104E600043435F4C534529000010024010B5040035
:104E700018BFB4F5806F0DD0B4F5A06F1CBFB4F5AA
:104E8000C06FB4F5E06F05D040F2C31205A113A0C6
:104E900003F00CFE1849486820F4E06020434860A5
:104EA00010BD00002E2E5C6669726D776172655CC4
:104EB0006E3332673435785F7374645F706572691E
:104EC00070685F6472697665725C7372635C6E337E
:104ED00032673435785F7263632E630049535F52E3
:104EE00043435F48434C4B5F444956285243435F1A
:104EF00048434C4B290000000010024010B5044606
:104F0000B0F5807F1CBFB4F5007FB4F5407F05D0BD
:104F100040F2333206A114A003F0C8FD1B48016A19
:104F200021F440710162016A2143016210BD000059
:104F30002E2E5C6669726D776172655C6E333267C6
:104F40003435785F7374645F7065726970685F642C
:104F500072697665725C7372635C6E333267343586
:104F6000785F7263632E630049535F5243435F521D
:104F70005443434C4B5F535243285243435F525474
:104F800043434C4B536F7572636529000010024018
:104F900070B504460E480D46044200D12CB940F2CB
:104FA000FE320CA119A003F081FD214E002D04BF9B
:104FB000F069A04309D0012D05D040F2FF3205A1D0
:104FC0001CA003F073FDF0692043F06170BD000088
:104FD000003301412E2E5C6669726D776172655CEB
:104FE0006E3332673435785F7374645F70657269ED
:104FF00070685F6472697665725C7372635C6E334D
:1050000032673435785F7263632E630049535F52B1
:1050100043435F415042315F504552495048285206
:1050200043435F4150423150657269706829000006
:105030000010024049535F46554E4354494F4E417C
:105040004C5F535441544528436D642900000000CF
:1050500070B504460E480D46044200D12CB940F20A
:10506000DF320CA119A003F021FD214E002D04BF59
:10507000B069A04309D0012D05D04FF4787205A185
:105080001CA003F013FDB0692043B06170BD0000A7
:105090000286E0FF2E2E5C6669726D776172655C38
:1050A0006E3332673435785F7374645F706572692C
:1050B00070685F6472697665725C7372635C6E338C
:1050C00032673435785F7263632E630049535F52F1
:1050D00043435F415042325F504552495048285245
:1050E00043435F4150423250657269706829000045
:1050F0000010024049535F46554E4354494F4E41BC
:105100004C5F535441544528436D6429000000000E
:1051100010B5040018BF012C05D04FF4517203A143
:1051200010A003F0C3FC1648046010BD2E2E5C6670
:1051300069726D776172655C6E3332673435785FA2
:105140007374645F7065726970685F6472697665B4
:10515000725C7372635C6E3332673435785F72638E
:10516000632E630049535F46554E4354494F4E41A9
:105170004C5F535441544528436D6429000000009E
:105180003C044242324B30B45968324A11405A68AA
:1051900011F0006F02F480320CBF4FF0020C6FF47C
:1051A000F77C0CEB9141002A04BF2B4A514306D0F7
:1051B0005A6812F4003F14BF274A284A51435A68DC
:1051C000DFF898C012F00C0218BF042A03D0082A96
:1051D00008BF016001D0C0F800C05A684FF00F0C42
:1051E0001F4D0CEA1212D0F800C0AA5C2CFA02F291
:1051F0004260D3F804C0072404EA1C2C15F80CC044
:1052000022FA0CFCC0F808C0D3F804C004EADC2C75
:1052100015F80CC022FA0CFCC0F80CC0D3F82CC056
:1052200005F110040CF00F0C14F80CC0B2FBFCF2EA
:105230004261DA6A1F2303EA121202F00F0204F13C
:10524000100333F81220B1FBF2F1016130BC70475A
:105250000010024000003C0800093D0000127A00E6
:10526000A691000870B500250446212818BF312CEE
:1052700021D0392C18BF412C1DD0612C18BF732CA4
:1052800019D0742C18BF752C15D0772C18BF792C19
:1052900011D07A2C18BF7B2C0DD07C2C18BF7D2C04
:1052A00009D07E2C18BF7F2C05D040F2E3420CA120
:1052B00019A003F0FBFB60091D49012808BF08681D
:1052C00003D002280CBF086A486A04F01F010122BB
:1052D00002FA01F1014218BF0125284670BD000005
:1052E0002E2E5C6669726D776172655C6E33326713
:1052F0003435785F7374645F7065726970685F6479
:1053000072697665725C7372635C6E3332673435D2
:10531000785F7263632E630049535F5243435F4675
:105320004C4147285243435F464C41472900000007
:105330000010024038B503F0EBFC4FF40060ADF80C
:10534000000010208DF803000120064C8DF80200AB
:1053500069462046FDF750FAE1142046FDF7F6FBBA
:1053600038BD00000008014002F06CBE00210A2890
:1053700005D3491C0A38C0B2C9B20A28F9D20907B4
:1053800040EA11607047000070B50026674D0C467A
:1053900000282AD0012805D04FF4E37264A172A03E
:1053A00003F084FB286810F0400F00F07F80207825
:1053B000010901EB810100F00F0000EB4100C0B2D8
:1053C000401E0B2805D94FF4EE7259A16DA003F0D1
:1053D0006DFBE078002818BF402800F0798040F28B
:1053E000DD1253A16EA000F071B8286810F0400FD4
:1053F00013D02078401E0B2805D94FF4E6724CA13B
:105400006FA003F053FBE078002818BF40280ED0AF
:1054100040F2CD1246A162A007E0E670207817287E
:1054200005D94FF4E97242A16FA003F03FFB607809
:105430003B2805D94FF4EA723DA175A003F036FB75
:10544000A0783B2805D940F2D51239A17AA003F003
:105450002DFB2078FFF78AFF06046078FFF786FFB0
:1054600046EA0026A078FFF781FFE178304340EA62
:1054700001437B4CCA2020605320206000F04CF98F
:1054800070B178487849184008607848016821F080
:1054900080010160286810F0200F08BF00F056FC62
:1054A000FF202060BDE8704000F050BCE67020781E
:1054B000010901EB810100F00F0000EB4100C0B2D7
:1054C000172805D94FF4F17219A169A003F0EEFA7B
:1054D0006078010901EB810100F00F0000EB410051
:1054E000C0B23B2805D94FF4F27211A16EA003F0AF
:1054F000DDFAA078010901EB810100F00F0000EB5B
:105500004100C0B23B2805D940F2E51208A174A0C1
:1055100003F0CCFAA0782178E27840EA0140617883
:10552000090241EA024140EA0103A2E708280040DB
:105530002E2E5C6669726D776172655C6E333267C0
:105540003435785F7374645F7065726970685F6426
:1055500072697665725C7372635C6E333267343580
:10556000785F7274632E630049535F5254435F4601
:105570004F524D4154285254435F466F726D6174CF
:105580002900000049535F5254435F3132484F5560
:105590005228746D707265676973746572290000B2
:1055A00049535F5254435F483132285254435F5449
:1055B000696D655374727563742D3E4831322900EC
:1055C00049535F5254435F3132484F555228525429
:1055D000435F54696D655374727563742D3E486FF3
:1055E000757273290000000049535F5254435F32C3
:1055F00034484F5552285254435F54696D65537473
:10560000727563742D3E486F757273290000000037
:1056100049535F5254435F4D494E555445532852A8
:1056200054435F54696D655374727563742D3E4DB8
:10563000696E75746573290049535F5254435F5313
:1056400045434F4E4453285254435F54696D65534C
:1056500074727563742D3E5365636F6E64732900B5
:10566000242800407F7F7F00002800400C28004055
:1056700049535F5254435F3234484F555228525475
:10568000435F42636432546F4279746528525443D5
:105690005F54696D655374727563742D3E486F7500
:1056A000727329290000000049535F5254435F4D33
:1056B000494E55544553285254435F426364325413
:1056C0006F42797465285254435F54696D65537411
:1056D000727563742D3E4D696E757465732929006A
:1056E00049535F5254435F5345434F4E44532852EE
:1056F00054435F42636432546F4279746528525454
:10570000435F54696D655374727563742D3E5365C0
:10571000636F6E647329290081B00F4900200090E7
:10572000086810F0400F04BF8020086010D108689E
:10573000009A00F04000521C0092B2F5005F01D0C8
:105740000028F4D0086810F0400004BF01B0704792
:10575000012001B0704700000C28004070B50C46D5
:10576000050018BF012D05D04FF4377218A126A0EF
:1057700003F09CF92B48006820F0C00121F07F4124
:105780000B0CC1F30422E37001F03F006270A070C3
:10579000C1F342312170002D18BF70BD190901EB12
:1057A000810103F00F0303EB4101E170110901EBEB
:1057B000810102F00F0202EB41016170010901EB6E
:1057C000810100F00F0000EB4100A07070BD0000EF
:1057D0002E2E5C6669726D776172655C6E3332671E
:1057E0003435785F7374645F7065726970685F6484
:1057F00072697665725C7372635C6E3332673435DE
:10580000785F7274632E630049535F5254435F465E
:105810004F524D4154285254435F466F726D61742C
:10582000290000000428004070B50C46050018BF90
:10583000012D05D040F23D2218A126A003F036F933
:105840002B4800682B494FF0400C0140C1F3054242
:10585000C1F30623227001F07F006370A0700CEA90
:105860001141E170002D18BF70BD110901EB8101DC
:1058700002F00F0202EB41012170190901EB8101D5
:1058800003F00F0202EB41016170010901EB81019C
:1058900000F00F0000EB4100A07070BD2E2E5C6682
:1058A00069726D776172655C6E3332673435785F2B
:1058B0007374645F7065726970685F64726976653D
:1058C000725C7372635C6E3332673435785F727406
:1058D000632E630049535F5254435F464F524D411C
:1058E00054285254435F466F726D61742900000062
:1058F000002800407F7F7F0070B5054600260068C5
:105900003446402818BF002804D0C7221EA12CA06E
:1059100003F0CCF868687F2804D9C8221AA135A002
:1059200003F0C4F8A868B0F5004F04D3C92216A14B
:105930003EA003F0BBF84B4BCA2018605320186000
:10594000FFF7EAFEB0B14848016821F0400101606C
:1059500001682A68114301604448A9680160016830
:10596000AA8841EA02410160001F016821F080011C
:1059700001600126FF20186040F2FF20641C844271
:10598000FCD3304670BD00002E2E5C6669726D77C8
:105990006172655C6E3332673435785F7374645F4F
:1059A0007065726970685F6472697665725C737243
:1059B000635C6E3332673435785F7274632E6300D4
:1059C00049535F5254435F484F55525F464F524DC3
:1059D0004154285254435F496E697453747275631D
:1059E000742D3E5254435F486F7572466F726D61FD
:1059F0007429000049535F5254435F505245444953
:105A0000565F4153594E4348285254435F496E698B
:105A1000745374727563742D3E5254435F417379AD
:105A20006E636850726564697629000049535F525D
:105A300054435F5052454449565F53594E4348289A
:105A40005254435F496E69745374727563742D3E8A
:105A50005254435F53796E63685072656469762966
:105A600000000000242800400828004010280040C2
:105A700070B50C46050000F05F80012D05D040F2A6
:105A8000722256A163A003F011F8E078010901EB3E
:105A9000810100F00F0000EB4100C0B2632805D97E
:105AA0004FF420724DA162A003F000F86078010964
:105AB00001EB810100F00F0000EB4100C0B2401E7D
:105AC0000B2805D940F2822244A166A002F0EEFF25
:105AD000A078010901EB810100F00F0000EB41000B
:105AE000C0B2401E1E2805D94FF421723BA164A00C
:105AF00002F0DCFF2178012918BF02290ED003290A
:105B000018BF04290AD005291CBF0629072905D07A
:105B100040F2862231A161A002F0C8FF002D2FD0F3
:105B2000A078E178227840EA01406178090241EAF0
:105B3000423140EA010333E0607810F0100F03D0E7
:105B400020F010000A306070E078632805D940F238
:105B50007A2222A15BA002F0A9FF6078401E0B28E8
:105B600005D940F27B221DA15FA002F09FFFA07823
:105B7000401E1E28BED94FF41F7218A163A0B7E7BC
:105B8000E078FFF7F3FB05046078FFF7EFFB45EAE9
:105B90000025A078FFF7EAFB2178284340EA41334B
:105BA000634CCA20206053202060FFF7B5FD78B118
:105BB000604823F0C00101605F48016821F0800166
:105BC0000160001F006810F0200F08BF00F0BEF851
:105BD000FF202060BDE8704000F0B8B82E2E5C6653
:105BE00069726D776172655C6E3332673435785FE8
:105BF0007374645F7065726970685F6472697665FA
:105C0000725C7372635C6E3332673435785F7274C2
:105C1000632E630049535F5254435F464F524D41D8
:105C200054285254435F466F726D6174290000001E
:105C300049535F5254435F59454152285254435F80
:105C400042636432546F42797465285254435F440E
:105C50006174655374727563742D3E596561722960
:105C60002900000049535F5254435F4D4F4E544842
:105C700028746D707265676973746572290000001D
:105C800049535F5254435F4441544528746D7072C8
:105C900065676973746572290000000049535F529B
:105CA00054435F5745454B444159285254435F4440
:105CB0006174655374727563742D3E5765656B44EA
:105CC0006179290049535F5254435F594541522835
:105CD0005254435F446174655374727563742D3E0E
:105CE000596561722900000049535F5254435F4D6A
:105CF0004F4E5448285254435F4461746553747244
:105D00007563742D3E4D6F6E7468290049535F5260
:105D100054435F44415445285254435F4461746581
:105D20005374727563742D3E4461746529000000DC
:105D300024280040042800400C2800400021016075
:105D40007F214160FF2181607047000081B0002009
:105D50000F4B0090CA201860532018600D49086846
:105D600020F0200008600868009A00F02000521C13
:105D70000092B2F5004F01D00028F4D0086810F06E
:105D8000200018BF0120FF21196001B070470000FA
:105D9000242800400C280040044901200870AFF27C
:105DA00007024FF47A71042002F0D8B940000020B5
:105DB00010B5164C10B101280ED01AE04FF4004176
:105DC0002046FCF72DFF4FF480412046FCF7BEFE35
:105DD000142002F0F5FE0CE04FF480412046FCF761
:105DE0001FFF4FF400412046FCF7B0FE142002F0E4
:105DF000E7FE4FF400412046FCF7A8FE2046BDE830
:105E000010404FF48041FCF7A1BE0000000C01409F
:105E1000F8B54FF40040ADF8000010250E4E8DF897
:105E2000035003248DF8024069463046FCF7E4FC39
:105E3000E9023046FCF7F4FEA902ADF800108DF837
:105E400003508DF8024069463046FCF7D5FCA902A4
:105E50003046FCF7E5FEF8BD000C014010B501210D
:105E600086B00807FFF794F80121C806FFF790F8FD
:105E70000120FEF783FD0420FAF7B2FEA0F5A06131
:105E8000053904BF06B010BD4FF48070FFF736F837
:105E90000120FEF7A5FF4120FFF7E4F90028FAD022
:105EA0000120FFF735F97F200190FF2000240290A8
:105EB00000946846FFF742FF6846FFF71DFD014664
:105EC00011A002F06DF919208DF8130001208DF852
:105ED00011008DF8120003208DF80D408DF8100090
:105EE0008DF80E408DF80C4004A90020FFF7C0FD8E
:105EF00003A90020FFF748FA40F205510420FAF701
:105F0000F9FE06B010BD0000525443B3F5CABCBB45
:105F1000AF25640D0A00000070B51D4C0025A07A65
:105F200010B1012813D010E02079401C2071FEF739
:105F3000BBFA1F2117A002F0C9F8642165701D4A41
:105F40000F2002F00BF90120A072002070BDFEF7B7
:105F50009FFA002808BF70BD174E3068FEF738FF63
:105F6000014616483268FCF747F815A11348FAF7BE
:105F700065F900281EBFA572012070BD20790A288E
:105F800098BFA572E1D92571A572022070BD0000ED
:105F90005400002041542B5149435347503D312C6C
:105FA000312C22434D4E4554222C22222C22222CCD
:105FB000310D0A00C94400085000002020110020C3
:105FC0004F4B00002DE9F0410E4E069D8846F070C3
:105FD0001F4614463282C8210B48FAF724F922469C
:105FE00041460948FAF706F92C4675824FF47A7152
:105FF0000648FAF718F922463946BDE8F041034849
:10600000FAF7F8B854000020700C0020380D00207A
:1060100070B582B0A0F5FA60C0B2DDE906458DF832
:1060200003008DF801101E468DF8022002F056FD87
:106030008DF804608DF800008DF805408DF806504D
:1060400069460020FFF714FD01A90020FFF79CF925
:1060500002B070BD042808D010F1050F08BF7047CA
:10606000CF2205A111A002F021BD4FF0E02001696F
:1060700041F00401016170472E2E5C6669726D77F4
:106080006172655C6E3332673435785F7374645F58
:106090007065726970685F6472697665725C73724C
:1060A000635C6D6973632E630000000049535F53A6
:1060B00059535449434B5F434C4B5F534F555243E5
:1060C00045285379735469636B5F434C4B536F7529
:1060D0007263652900000000704700004B4883B0E0
:1060E000016841F4700101604948016841F0010113
:1060F00001604268474911404160016821F4102164
:1061000021F080710160016821F480210160416803
:1061100021F47F0121F0006141600021C16201632F
:106120004FF41F028260C26942F08052C2613A4A53
:10613000D36843F00103D360C26922F08052C26188
:10614000364A136843F09003136000918DF80410F1
:106150000291016841F4803101600168C1F340415E
:106160008DF804100299491C02919DF8041019B988
:106170000299B1F5004FF0D10168C1F340418DF8AB
:1061800004109DF8041000293BD0116821F007018C
:106190001160116841F0030111604168416041687C
:1061A00041F400514160416841F4A061416041689F
:1061B00021F47C1121F000614160416841F480319B
:1061C00041F4003141F0026100914160016841F009
:1061D00080710160016811F0007FFBD0416821F0FF
:1061E00003014160416841F002014160416801F0F2
:1061F0000C010829FAD10A494FF00060086003B089
:106200007047094907480860F5E7000088ED00E09D
:106210000010024000C0FFF8007000400020024063
:1062200008ED00E000127A00000000200349002081
:10623000087010210248FCF7F3BC00003C0000206D
:10624000000C0140074910B50120087010210648D4
:10625000FCF77CFCBDE81040044A4EF6602111209A
:1062600001F07CBF3C000020000C01402D620008C2
:106270002DE9F047DFF894900D4607461C46164678
:106280004FF02A084FF480714846FCF75FFC404607
:1062900000F060FC4FF480714846FCF7C1FC380AFE
:1062A00000F058FCF8B200F055FC300A00F052FC47
:1062B000F0B200F04FFC2B264FF480714846FCF7FB
:1062C00045FC304600F046FC4FF480714846FCF730
:1062D000A7FC280A00F03EFCE8B200F03BFC200AD4
:1062E00000F038FCE0B200F035FC2C244FF4807153
:1062F0004846FCF72BFC204600F02CFC4846BDE845
:10630000F0474FF48071FCF78BBC0000000C01409B
:106310002DE9F04F0026A2EB00085F1A85B0354644
:1063200082468946B8F1000FC8BF012007DC0FBFC5
:1063300000204FF0FF30C8F10008019000D101901B
:10634000002FC8BF012006DC0FBF00204FF0FF3038
:106350007F42009000D10090B845CCBF44463C46F7
:106360004FF0000B601C03900028DCBF05B0BDE8B7
:10637000F08F0E98000A02901FFA8AF01FFA89F136
:10638000DDF838C00B460246CDF810C0FFF770FFAD
:10639000029800F0DFFBDDF810C00CF0FF0000F009
:1063A000D9FB46443D44A64202DD0198361B824497
:1063B000A54202DD00982D1B81440BF101001FFA5C
:1063C00080FB03988345D7DB05B0BDE8F08F2DE94E
:1063D000F04781469846581E83B21746501E82B237
:1063E0000D464846089EFFF743FF454534BF4FEA38
:1063F000162ABDE8F0874C46B94509D2504600F050
:10640000A9FBF0B200F0A6FB601C84B2BC42F5D33D
:10641000681C85B24545EED3BDE8F087F8B54FF46A
:106420007C70ADF8000010208DF803000320F64EBC
:106430008DF8020069463046FCF7DEF9012109209B
:10644000FEF706FE0121F148FBF786FE7115304686
:10645000FCF77CFB6423002246F2A811491EFDD103
:10646000521C9A42F8D34FF400713046FCF7D8FB27
:106470006423002246F2A811491EFDD1521C9A4203
:10648000F8D3E3490120087010213046FCF75EFB89
:10649000E04A4EF66021112001F060FE64200022E7
:1064A00046F2A811491EFDD1521C8242F8D30024A5
:1064B00036254FF480713046FCF748FB284600F043
:1064C00049FB4FF480713046FCF7AAFB602000F0D6
:1064D00041FB3A254FF480713046FCF737FB2846E4
:1064E00000F038FB4FF480713046FCF799FB052033
:1064F00000F030FBB2254FF480713046FCF726FBEC
:10650000284600F027FB4FF480713046FCF788FBEB
:106510000C2000F01FFB0C2000F01CFB002000F002
:1065200019FB332000F016FB332000F013FBB725D6
:106530004FF480713046FCF709FB284600F00AFB57
:106540004FF480713046FCF76BFB352000F002FB06
:10655000BB254FF480713046FCF7F8FA284600F06E
:10656000F9FA4FF480713046FCF75AFB192000F01D
:10657000F1FAC0254FF480713046FCF7E7FA28465F
:1065800000F0E8FA4FF480713046FCF749FB2C200C
:1065900000F0E0FAC2254FF480713046FCF7D6FADD
:1065A000284600F0D7FA4FF480713046FCF738FBEC
:1065B000012000F0CFFAC3254FF480713046FCF77C
:1065C000C5FA284600F0C6FA4FF480713046FCF751
:1065D00027FB122000F0BEFAC4254FF4807130462C
:1065E000FCF7B4FA284600F0B5FA4FF48071304653
:1065F000FCF716FB202000F0ADFAC6254FF48071A1
:106600003046FCF7A3FA284600F0A4FA4FF4807154
:106610003046FCF705FB0F2000F09CFAD0254FF424
:1066200080713046FCF792FA284600F093FA4FF456
:1066300080713046FCF7F4FAA42000F08BFAA12018
:1066400000F088FAE0254FF480713046FCF77EFABE
:10665000284600F07FFA4FF480713046FCF7E0FAEC
:10666000D02000F077FA042000F074FA0D2000F03A
:1066700071FA112000F06EFA132000F06BFA2B2053
:1066800000F068FA3F2000F065FA542000F062FA4A
:106690004C2000F05FFA182000F05CFA0D2000F0AA
:1066A00059FA0B2000F056FA1F2000F053FA23206D
:1066B00000F050FAE1254FF480713046FCF746FABD
:1066C000284600F047FA4FF480713046FCF7A8FAEC
:1066D000D02000F03FFA042000F03CFA0C2000F03B
:1066E00039FA112000F036FA132000F033FA2C208A
:1066F00000F030FA3F2000F02DFA442000F02AFA92
:10670000512000F027FA2F2000F024FA1F2000F07B
:1067100021FA1F2000F01EFA202000F01BFA23208F
:1067200000F018FA21254FF480713046FCF70EFA7C
:10673000284600F00FFA4FF480713046FCF770FAEB
:1067400011254FF480713046FCF700FA284600F01E
:1067500001FA4FF480713046FCF762FA29254FF4B4
:1067600080713046FCF7F2F9284600F0F3F94FF457
:1067700080713046FCF754FA2A254FF48071304678
:10678000FCF7E4F9284600F0E5F94FF48071304653
:10679000FCF746FA002000F0DDF9002000F0DAF9FD
:1067A000002000F0D7F9EF2000F0D4F92B254FF4AA
:1067B00080713046FCF7CAF9284600F0CBF94FF457
:1067C00080713046FCF72CFA002000F0C3F900205D
:1067D00000F0C0F9002000F0BDF9C52000F0BAF9C2
:1067E0002C254FF480713046FCF7B0F9284600F0B4
:1067F000B1F94FF480713046FCF712FA601CC4B254
:10680000022CFFF455AEF8BD000C01400002300030
:106810003C0000202D6200082DE9FF4F85B007469F
:10682000DDF84C800C468B4618F0070018BF01209D
:1068300000EBD80000FB08F04FF0000900900028A2
:106840009CBF09B0BDE8F08F2D4800EB42100490CA
:106850002C4800EBC21003900898000A029012988E
:10686000000A0190B8F1100F08BF049806D0B8F1E3
:10687000200F0EBF039809B0BDE8F08F10F8095043
:10688000002615F0800F0FD023463A4619461046D1
:10689000DDF820A0FFF7ECFC029800F05BF90AF0AD
:1068A000FF0000F057F90EE023463A46194610461D
:1068B000DDF848A0FFF7DCFC019800F04BF90AF086
:1068C000FF0000F047F94FF6FF7000EA4505601C35
:1068D00084B2A4EB0B00404503D1781C5C4687B220
:1068E00003E0701C86B2082ECBD309F101001FFA19
:1068F00080F900988145B5D309B0BDE8F08F00005C
:106900002AB900082AAE00082DE9FF4F89B00546D4
:10691000DDF85CA000264FEA5A0901909B4619F069
:10692000070018BF012000EBD90000FB0AF002901D
:10693000A2F12000C4B20A980A995044401E83B2C2
:1069400005EB0900401E82B22846FFF791FC029831
:106950004FF0000800289CBF0DB0BDE8F08F3A4909
:1069600004EB440001EB80010791384901EB04116D
:106970000691374901EB001005901698000A049023
:106980004FEA1B200090BAF10C0F04BF079810F8D3
:1069900008700DD0BAF1100F08BF069806D0BAF1F2
:1069A000180F0EBF05980DB0BDE8F08F10F80870F5
:1069B0000024189800284FF0010000FA04F000EAC3
:1069C000070019D060B10A992A460B461046FFF716
:1069D0004FFC009800F0BEF80BF0FF0000F0BAF892
:1069E000681C85B20198281A48451FD10A98019D54
:1069F000401C80B20A901DE028B1009800F0AAF86F
:106A00000BF0FF0006E016980390049800F0A2F83F
:106A10000398C0B200F09EF8701CC6B2B6FBF9F045
:106A200009FB1060002808BF002603D0601CC4B218
:106A3000082CBED308F101001FFA80F802988045A7
:106A4000A1D30DB0BDE8F08FF69100086A9600085A
:106A50005A9C00082DE9FF4F83B04FF00008DDE994
:106A600011961D0082464FEA5607444612BFA5F113
:106A7000010B07B0BDE8F08F0A23281B401EC2B2ED
:106A80000121501EC0B203D35943401EC0B2FBD2F5
:106A90000598B0FBF1F01B49A1FB0021C908494250
:106AA00001EB810100EB4100B8F1000F06D15C451C
:106AB00004DA002818BF4FF0010814D00021CDF8E7
:106AC00000903030CDE90161C2B204FB07A080B272
:106AD000109B0499FFF718FF601CC4B2AC42CBD3E3
:106AE00007B0BDE8F08F0020CDF80090CDE901603F
:106AF00004FB07A080B22022109B0499FFF704FF3B
:106B0000EAE70000CDCCCCCC2DE9F04784B00646B6
:106B1000DDE90D571078DDF83080994614468A4635
:106B2000002804BF04B0BDE8F087CDF80080CDE9AF
:106B3000015722784B4651463046FFF7E5FE06EBFB
:106B4000550086B214F8010F0028EED104B0BDE85C
:106B5000F087000070B5134E054620213046FBF744
:106B6000F5FF002440213046FBF7F0FF15F0800FC1
:106B70004FF08001304602D0FCF752F801E0FBF7FD
:106B8000E5FF40213046FCF74BF86806050E601C17
:106B9000C4B2082CE6D33046BDE870402021FCF793
:106BA0003FB80000000C014004480178012918BFDB
:106BB000704700210170FAF7CBBB00006B0000208A
:106BC000044901200870AFF207024FF4FA71062061
:106BD00001F0C4BA6B00002010B5084C012120461A
:106BE00000F038FA002808BF10BD0121204600F04F
:106BF00007F8BDE8104001F0BBBA000000100040EB
:106C000070B50446A0F180400D46B0F5963018BF2F
:106C1000B4F1804F23D0A4F18040B0F580601CBF58
:106C2000A4F18040B0F5006019D0A4F18040B0F527
:106C300040601CBFA4F18040B0F580500FD0A4F19B
:106C40008040B0F5A0501CBFA4F18040B0F59A3050
:106C500005D040F6224209A116A001F027FF15F445
:106C60007F4F00D12DB940F6234204A117A001F0B7
:106C70001DFF2069A843206170BD00002E2E5C66B8
:106C800069726D776172655C6E3332673435785F37
:106C90007374645F7065726970685F647269766549
:106CA000725C7372635C6E3332673435785F74691B
:106CB0006D2E6300497354696D416C6C4D6F647542
:106CC0006C652854494D78290000000049735469C7
:106CD0006D496E742854494D5F49542900000000E5
:106CE00070B50446A0F1804016460D46B0F59630CA
:106CF00018BFB4F1804F23D0A4F18040B0F580607C
:106D00001CBFA4F18040B0F5006019D0A4F1804010
:106D1000B0F540601CBFA4F18040B0F580500FD0AA
:106D2000A4F18040B0F5A0501CBFA4F18040B0F5A4
:106D30009A3005D04FF47B720FA11DA001F0B6FE72
:106D400015F47F4F00D12DB940F2ED320AA11EA0FB
:106D500001F0ACFE002E04BFA089A84309D0012E8B
:106D600005D040F2EE3204A11CA001F09FFEA089E4
:106D70002843A08170BD00002E2E5C6669726D777D
:106D80006172655C6E3332673435785F7374645F4B
:106D90007065726970685F6472697665725C73723F
:106DA000635C6E3332673435785F74696D2E6300CF
:106DB000497354696D416C6C4D6F64756C652854F2
:106DC000494D782900000000497354696D496E747B
:106DD0002854494D5F4954290000000049535F463B
:106DE000554E4354494F4E414C5F535441544528EE
:106DF000436D64290000000070B50446A0F1804096
:106E000015460E46B0F5963018BFB4F1804F23D02A
:106E1000A4F18040B0F580601CBFA4F18040B0F5C3
:106E2000006019D0A4F18040B0F540601CBFA4F10F
:106E30008040B0F580500FD0A4F18040B0F5A05054
:106E40001CBFA4F18040B0F59A3005D040F2195231
:106E500008A116A001F02AFE002D18BF012D05D0B3
:106E600040F21A5203A117A001F020FE2685A58248
:106E700070BD00002E2E5C6669726D776172655C74
:106E80006E3332673435785F7374645F706572692E
:106E900070685F6472697665725C7372635C6E338E
:106EA00032673435785F74696D2E630049735469B5
:106EB0006D416C6C4D6F64756C652854494D782933
:106EC00000000000497354696D50736352656C6F24
:106ED00061644D6F64652854494D5F50534352655A
:106EE0006C6F61644D6F646529000000F8B51A4E3F
:106EF00041F63F70F0804FF4A060FDF7B7FF01212D
:106F00001020FEF745F836208DF8000003258DF897
:106F1000015000248DF8024001208DF803006846DE
:106F2000FDF71AFB0D48042185800180C480448050
:106F30000B4C0146204600F00FF90122F188204653
:106F4000FFF75AFF012211462046FFF7C9FE012133
:106F5000204600F007F8F8BD2A000020FC020020BF
:106F60000010004070B50446A0F180400D46B0F519
:106F7000963018BFB4F1804F23D0A4F18040B0F513
:106F800080601CBFA4F18040B0F5006019D0A4F16E
:106F90008040B0F540601CBFA4F18040B0F5805047
:106FA0000FD0A4F18040B0F5A0501CBFA4F18040E8
:106FB000B0F59A3005D040F2AF320BA118A001F025
:106FC00075FD002D04BF206820F001000AD0012DBE
:106FD00005D04FF46C7204A117A001F067FD206882
:106FE00040F00100206070BD2E2E5C6669726D77E6
:106FF0006172655C6E3332673435785F7374645FD9
:107000007065726970685F6472697665725C7372CC
:10701000635C6E3332673435785F74696D2E63005C
:10702000497354696D416C6C4D6F64756C6528547F
:10703000494D78290000000049535F46554E43549E
:10704000494F4E414C5F535441544528436D642988
:107050000000000070B505460026A0F180400C46F7
:10706000B0F5963018BFB5F1804F23D0A5F1804020
:10707000B0F580601CBFA5F18040B0F5006019D06C
:10708000A5F18040B0F540601CBFA5F18040B0F58F
:1070900080500FD0A5F18040B0F5A0501CBFA5F1E5
:1070A0008040B0F59A3005D040F6FC3211A11FA007
:1070B00001F0FCFC012C18BF022C11D0042C18BFCD
:1070C000082C0DD0102C18BF202C09D0402C18BF34
:1070D000802C05D040F6FD3206A11AA001F0E6FC96
:1070E0002869A989204201EA04011CBF0029012660
:1070F000304670BD2E2E5C6669726D776172655C7C
:107100006E3332673435785F7374645F70657269AB
:1071100070685F6472697665725C7372635C6E330B
:1071200032673435785F74696D2E63004973546932
:107130006D416C6C4D6F64756C652854494D7829B0
:1071400000000000497354696D476574496E7428E6
:1071500054494D5F495429002DE9F05FDFF888A1BB
:10716000DFF888B1DFF88881DFF88891624F634EDD
:107170000D460446504518BFB4F1804F13D0BC42B1
:1071800018BFB4420FD04C4518BF5C450BD0A4F1DA
:107190008040B0F5A05018BF444504D0BD2258A18E
:1071A00065A001F083FC6888002818BF102809D06A
:1071B00020281CBF4028602804D0BE2250A164A013
:1071C00001F074FCE88800281CBFB0F5807FB0F5A2
:1071D000007F04D0BF224AA169A001F067FC2068AB
:1071E000544518BF444508D0B4F1804F18BFBC4285
:1071F00003D0B44218BF4C4503D1698820F0700019
:1072000008435C451CBFA4F18041B1F5A05103D0F7
:10721000E98820F4407008432060A888A085288869
:107220002085544512BF4445287A20860120A0823B
:107230002068544518BF444508D0B4F1804F18BFAA
:10724000BC4203D0B44218BF4C4509D1697A002929
:1072500014BF40F4006020F40060B4F1804F04D00B
:10726000BC421CBFB4424C4510D1A97A002914BFBE
:1072700040F4805020F48050E97A002914BF40F493
:10728000005020F40050B4F1804F03D0BC4218BF2E
:10729000B44206D1297B002914BF40F4804020F479
:1072A0008040544518BF444505D0B4F1804F1CBF01
:1072B000BC42B44206D1697B002914BF40F40040AF
:1072C00020F4004020606068B4F1804F18BFB442E1
:1072D00006D1A97B002914BF40F4807020F480708F
:1072E0006060BDE8F09F0000002C014000100040ED
:1072F00000340140000C0040000400400008004041
:107300002E2E5C6669726D776172655C6E333267D2
:107310003435785F7374645F7065726970685F6438
:1073200072697665725C7372635C6E333267343592
:10733000785F74696D2E6300497354696D416C6C9C
:107340004D6F64756C652854494D78290000000024
:10735000497354696D436E744D6F64652854494D8B
:107360005F54696D6542617365496E6974537472E7
:107370007563742D3E436E744D6F64652900000083
:10738000497354696D436C6B4469762854494D5F69
:1073900054696D6542617365496E697453747275A1
:1073A00063742D3E436C6B44697629002DE9F047E8
:1073B00000252C460420FCF7BDFF012818BFBDE8BE
:1073C000F0870D20FCF7CCFF002898BFBDE8F087C0
:1073D0004FF00F08354F4FF0010A4FF00E0908EB40
:1073E0004406F0B2FCF7BCFF3979B1EB102F1BD18A
:1073F000F0B2FCF7B5FF7979C0B2884214D109EB3D
:107400004406F0B2FCF7ACFFF979491E0AFA01F123
:10741000084010F0FF0F07D0F0B2FCF7A1FF10F00A
:10742000800F0CBF02250125601CC4B20D20FCF7A3
:1074300097FFA042D3D8012D1CD0022D18BFBDE864
:10744000F0870120FCF776FF012818BFBDE8F08720
:107450000020FEF7ADFC0020F9F73AFF00210120E3
:10746000FCF784FF09210A20FCF796FFBDE8F047EE
:10747000FCF7DABE0120FCF75DFF002818BFBDE86D
:10748000F0870020FCF756FF002818BFBDE8F08702
:107490000120FEF78DFC0120F9F71AFF01210846B3
:1074A000FCF764FFBDE8F047FCF7BEBE34000020E7
:1074B00010B5054800F0ACFCC1B204480068BDE856
:1074C0001040FBF797BE0000004C00405000002029
:1074D00070B5114D40F22551284600F04BFA10B11D
:1074E0000E4C207820B12846BDE8704000F090BCDA
:1074F000284600F08DFC6188094A88546088401C49
:107500006080032000F020FEBDE870403221054A73
:10751000032000F023BE000000440040EE070020DE
:10752000F20700200981000870B5114D40F2255185
:10753000284600F01FFA10B10E4C207820B12846E2
:10754000BDE8704000F064BC284600F061FC618832
:10755000094A88546088401C6080052000F0F4FDD2
:10756000BDE870403221054A052000F0F7BD00005B
:10757000004800409C030020A0030020198100085F
:107580002DE9F047DFF8FC80DFF8FC90DFF8FCA085
:1075900016460D460446404518BF4C451AD0544582
:1075A0001CBFA4F18040B0F5984013D0A4F18040F6
:1075B000B0F5A0401FBFA4F18040B0F5A830A4F101
:1075C0008040B0F5AA3005D040F27F1230A13FA034
:1075D00001F06CFA40F66A17282D1CBFA5F5E06093
:1075E000B0F127001BD0A5F5C06026381CBFA5F55B
:1075F000A060B0F1250012D0A5F5806024381CBF32
:10760000A5F50060B0F1460009D0BD4218BF602D5D
:1076100005D04FF4C0721EA133A001F047FA002E2E
:1076200018BF012E05D040F2811219A135A001F03A
:107630003DFABD420AD144451CBF4C45544505D0D6
:1076400040F2851212A136A001F030FA05F01F01B8
:107650000122C5F3421002FA01F1012808BF04F12A
:107660000C0005D002280CBF04F1100004F1140036
:10767000002E026814BF114322EA01010160BDE837
:10768000F0870000003801400044004000480040FE
:107690002E2E5C6669726D776172655C6E3332673F
:1076A0003435785F7374645F7065726970685F64A5
:1076B00072697665725C7372635C6E3332673435FF
:1076C000785F75736172742E6300000049535F55D3
:1076D000534152545F414C4C5F50455249504828E9
:1076E000555341525478290049535F5553415254E0
:1076F0005F4346475F494E542855534152545F49B2
:107700004E54290049535F46554E4354494F4E410C
:107710004C5F535441544528436D642900000000D8
:1077200049535F55534152545F3132335F50455294
:1077300049504828555341525478290070B50446A1
:10774000A0F180400D46B0F59C301CBFA4F18040F4
:10775000B0F588401DD0A4F18040B0F590401CBF2A
:10776000A4F18040B0F5984013D0A4F18040B0F56A
:10777000A0401FBFA4F18040B0F5A830A4F1804024
:10778000B0F5AA3005D040F259120BA119A001F0B2
:107790008DF9002D04BFA08920F400500AD0012DDE
:1077A00005D04FF4AD7204A119A001F07FF9A089B2
:1077B00040F40050A08170BD2E2E5C6669726D771A
:1077C0006172655C6E3332673435785F7374645F01
:1077D0007065726970685F6472697665725C7372F5
:1077E000635C6E3332673435785F75736172742E03
:1077F0006300000049535F55534152545F414C4C64
:107800005F504552495048285553415254782900F9
:1078100049535F46554E4354494F4E414C5F535474
:1078200041544528436D6429000000002DE9F047CC
:10783000294F0026DFF8A480DFF8A4900C46054607
:10784000B84218BF45451AD04D451CBFA5F1804030
:10785000B0F5984013D0A5F18040B0F5A0401FBF0F
:10786000A5F18040B0F5A830A5F18040B0F5AA3070
:1078700005D040F219321BA129A001F017F9012C03
:1078800018BF802C20D0402C18BF202C1CD0102CCE
:1078900018BFB4F5807F17D0B4F5007F09D0082C4D
:1078A0001CBF042C022C0FD040F21A320DA123A0D1
:1078B00008E0BD421CBF45454D4505D040F21E3293
:1078C00008A125A001F0F2F82888204218BF01265F
:1078D0003046BDE8F0870000003801400044004019
:1078E000004800402E2E5C6669726D776172655C9F
:1078F0006E3332673435785F7374645F70657269B4
:1079000070685F6472697665725C7372635C6E3313
:1079100032673435785F75736172742E63000000CE
:1079200049535F55534152545F414C4C5F5045524F
:1079300049504828555341525478290049535F55BE
:10794000534152545F464C41472855534152545F6E
:10795000464C41472900000049535F55534152545A
:107960005F3132335F504552495048285553415298
:10797000547829002DE9F047DFF8F4800026DFF87D
:10798000F490DFF8F4A00C460546404518BF4D457D
:107990001AD055451CBFA5F18040B0F5984013D0D2
:1079A000A5F18040B0F5A0401FBFA5F18040B0F523
:1079B000A830A5F18040B0F5AA3005D040F26B3276
:1079C0002EA13DA001F072F8282C34D0A4F5E0607F
:1079D00040F66A1727381CBFA4F5C060B0F1260036
:1079E0001CD0A4F5A06025381CBFA4F58060B0F1C0
:1079F000240013D0A4F50060463818BFBC420DD057
:107A0000B4F5587F1CBFB4F5187FB4F5B07F12D021
:107A10004FF45B7219A12FA001F048F8BC420AD1C3
:107A200045451CBF4D45554505D04FF45C7213A12B
:107A30002FA001F03BF804F01F000122C4F3421113
:107A400002FA00F0012904BFA989084004D00229E4
:107A50000CBF298AA98A0840210A02FA01F12A8862
:107A6000114000281CBF002901263046BDE8F087E0
:107A70000038014000440040004800402E2E5C6663
:107A800069726D776172655C6E3332673435785F29
:107A90007374645F7065726970685F64726976653B
:107AA000725C7372635C6E3332673435785F757302
:107AB0006172742E6300000049535F555341525464
:107AC0005F414C4C5F5045524950482855534152F4
:107AD0005478290049535F55534152545F474554E8
:107AE0005F494E542855534152545F494E54290022
:107AF00049535F55534152545F3132335F504552C1
:107B00004950482855534152547829002DE9F047EF
:107B1000604EDFF88491DFF884A1614FDFF8848143
:107B200086B00D460446B04218BF4C4513D05445AC
:107B30001CBFA4F18040B0F598400CD0A4F1804067
:107B4000B0F5A0401CBFBC42444504D0C42256A19D
:107B500064A000F0ABFF28686949401E884204D346
:107B6000C52251A167A000F0A1FFA888002818BF76
:107B7000B0F5805F04D0C6224BA16EA000F096FF46
:107B8000E888002818BFB0F5805F0AD0B0F5005F24
:107B900018BFB0F5405F04D0C72243A172A000F027
:107BA00085FF288900281CBFB0F5806FB0F5C06F35
:107BB00004D0C8223CA178A000F078FF688930F09A
:107BC0000C0100D120B9C92237A17EA000F06EFFC0
:107BD000A889002818D0B0F5807F1CBFB0F5007FC1
:107BE000B0F5407F06D0CA222FA1804800F05EFF8A
:107BF000A88948B1B4421CBF4C45544504D0CE229C
:107C000029A17BA000F052FF208A4CF6FF710840AA
:107C1000E98808432082A0894EF6F3110840A9881C
:107C20002A8911436A8910430843A081A08A4FF62C
:107C3000FF410840A9890843A0826846FDF7A2FADF
:107C4000B44218BFBC4203D0444518BF029800D1CB
:107C500003986E4A00EBC00101EB001029686FF039
:107C6000180C8900B0FBF1F0A2FB003149090901B1
:107C70000B0903FB0CF300EB8300322303EB001032
:107C8000A2FB0020C0F343100843208106B0BDE8EA
:107C9000F0870000003801400044004000480040E8
:107CA00000500140005401402E2E5C6669726D77D1
:107CB0006172655C6E3332673435785F7374645F0C
:107CC0007065726970685F6472697665725C737200
:107CD000635C6E3332673435785F75736172742E0E
:107CE0006300000049535F55534152545F414C4C6F
:107CF0005F50455249504828555341525478290005
:107D000020AA440049535F55534152545F424155A4
:107D100044524154452855534152545F496E697449
:107D20005374727563742D3E42617564526174655B
:107D30002900000049535F55534152545F574F5239
:107D4000445F4C454E4754482855534152545F496F
:107D50006E69745374727563742D3E576F72644C00
:107D6000656E67746829000049535F55534152544A
:107D70005F53544F50424954532855534152545F16
:107D8000496E69745374727563742D3E53746F70C9
:107D9000426974732900000049535F55534152549E
:107DA0005F5041524954592855534152545F496ECE
:107DB00069745374727563742D3E5061726974797D
:107DC0002900000049535F55534152545F4D4F44C1
:107DD000452855534152545F496E69745374727506
:107DE00063742D3E4D6F646529000000A4BA00083D
:107DF00049535F55534152545F3132335F504552BE
:107E00004950482855534152547829001F85EB5159
:107E100010B50446A0F18040B0F59C301CBFA4F121
:107E20008040B0F588401DD0A4F18040B0F590406E
:107E30001CBFA4F18040B0F5984013D0A4F180405D
:107E4000B0F5A0401FBFA4F18040B0F5A830A4F168
:107E50008040B0F5AA3005D040F2512203A112A013
:107E600000F024FEA088C0F3080010BD2E2E5C6632
:107E700069726D776172655C6E3332673435785F35
:107E80007374645F7065726970685F647269766547
:107E9000725C7372635C6E3332673435785F75730E
:107EA0006172742E6300000049535F555341525470
:107EB0005F414C4C5F504552495048285553415200
:107EC0005478290070B50446A0F180400D46B0F505
:107ED0009C301CBFA4F18040B0F588401DD0A4F1B7
:107EE0008040B0F590401CBFA4F18040B0F59840B0
:107EF00013D0A4F18040B0F5A0401FBFA4F1804092
:107F0000B0F5A830A4F18040B0F5AA3005D04FF408
:107F1000107208A116A000F0C9FDB5F5007F05D3C9
:107F200040F2412203A119A000F0C0FDC5F30800F2
:107F3000A08070BD2E2E5C6669726D776172655C83
:107F40006E3332673435785F7374645F706572695D
:107F500070685F6472697665725C7372635C6E33BD
:107F600032673435785F75736172742E6300000078
:107F700049535F55534152545F414C4C5F504552F9
:107F800049504828555341525478290049535F5568
:107F9000534152545F444154412844617461290063
:107FA0002DE9F0410E0005464FF0000414BF094FC3
:107FB000BDE8F081295D3846FFF784FF802138460F
:107FC000FFF734FC0028F9D0601C84B2B442F1D32E
:107FD000BDE8F0810044004010B5184C0020582145
:107FE0002278012A18BF10BDB4F802C0BCF1170FE7
:107FF00008BFACF1010211D12318401C1B79C0B29B
:10800000194489B28242F7DCC8430D49C0B21CF85A
:108010000110814204BF201DF8F7FAFE002062889B
:108020000146002A06D92218401C11716288C0B28C
:108030008242F8D86180217010BD0000EE07002058
:10804000F10700202DE9F0471D4E3078012818BFB8
:10805000BDE8F0874FF40061DFF868904846FAF712
:10806000DFFD7588371D0024002D88BFDFF858809C
:108070000DD9395D4046FFF725FF80214046FFF7C7
:10808000D5FB0028F9D0601C84B2AC42F1D3642047
:1080900000F096FD4FF400614846FAF757FD0020C6
:1080A00072880146002A06D93218401C1171728864
:1080B000C0B28242F8D871803170BDE8F08700000C
:1080C0009C03002000080140004800402DE9F041D9
:1080D0000E0005464FF0000414BF094FBDE8F081C3
:1080E000295D3846FFF7EEFE80213846FFF79EFBFC
:1080F0000028F9D0601C84B2B442F1D3BDE8F0810D
:10810000004C0040FEE700000249012008700320F7
:1081100000F01AB8EE07002002490120087005207F
:1081200000F012B89C03002000200649024601EB33
:10813000C00341F83020401CC0B25A601228F6D368
:10814000FEF7D4BE0C030020034A002142F8301091
:1081500002EBC000416070470C030020034B43F862
:10816000301003EBC0004260704700000C03002099
:1081700070B50A4D002455F8340048B1411E05EB96
:10818000C40045F83410406810B1002908BF80478A
:10819000601CC4B2122CEED370BD00000C03002092
:1081A0000FB4054B10B503A9044A029800F0E2F899
:1081B00010BC5DF814FB0000F18B0008EC020020FD
:1081C0000FB4084B10B504A902AA039800F0D2F826
:1081D000044602A9002000F064FC204610BC5DF8B3
:1081E00014FB0000A38A000800487047F802002032
:1081F00002E008C8121F08C1002AFAD17047704770
:10820000002001E001C1121F002AFBD170470000CD
:108210002DE9FF5FDDE90220010DDDF838B00243F2
:1082200018D044F61050A1F2FF3141430D140F98BD
:10823000012820D0A5EB0B00401C5FEA000A4FF09C
:108240000004474EDFF81C91A046504616D5CAF1EF
:10825000000728E00F98012443A2012808D000213C
:1082600000980F9BC0E90021C0E90243BDE8FF9FD1
:108270006FEA0B01F4E7CBF10000DEE7074612E0FE
:10828000F80707D02246334640464946F7F7FCFF39
:10829000804689462246334610461946F7F7F4FFD2
:1082A00004460E467F10002FEAD1DDE90201BAF143
:1082B000000F42464B4602DAF7F7E6FF01E0F8F717
:1082C0001FFA04460E460022284BF8F7A1FA03D8FD
:1082D0004FF0FF30014607E00022254B2046314693
:1082E000F8F767F9F8F77BFA102409E0002C0ADBAD
:1082F0000A220023F8F787F8019B30321A55641ED2
:1083000050EA0102F2D1641C019AC4F11103144431
:108310000F9A012A03D0012208430DD10AE0084335
:1083200004D000204FF0110B0F9080E7A3EB0B055A
:108330006D1E0DE05B4504DD4FF0000205F1010507
:1083400004E003DA4FF00002A5F10105002AECD0A9
:1083500000980F99C0E90231C0E9004586E70000A6
:10836000000024400000F03F300000000000F04317
:108370000000E03F2DE9FF4F95B09B468946064639
:1083800000250FE2252877D100242746F84A01214D
:10839000059400E0044316F8013F203B01FA03F086
:1083A0001042F7D130782A2811D06FF02F0330789F
:1083B000A0F13002092A16D8059A44F0020402EB13
:1083C000820203EB42021044761C0590EFE759F855
:1083D000042B0592002A03DA504244F4005405901D
:1083E00044F00204761C30782E2816D116F8010FBE
:1083F00044F004042A280DD06FF02F023078A0F149
:108400003003092B09D807EB870302EB4303C71896
:10841000761CF3E759F8047B761C30786C280FD073
:1084200006DC4C2817D068280DD06A2814D104E047
:10843000742810D07A280FD10DE044F400140AE01B
:1084400044F4801401E044F440147278824202D172
:1084500004F58014761C761C307866280BD013DC6B
:10846000582877D009DC002875D04528F6D0462852
:10847000F4D047281AD19DE118E0632835D064284C
:1084800079D0652812D195E1702873D008DC67286F
:10849000F1D069286FD06E280DD06F2806D1B5E0D5
:1084A00073282CD0752875D0782874D05A4617991F
:1084B00090476D1C75E1C4F30250022809D00328CF
:1084C0000DD0D9F8001004280DD00D6009F1040971
:1084D00067E1D9F80010EA17C1E90052F6E7D9F8C8
:1084E00000100D80F2E70D70F0E719F8041B8DF80D
:1084F000001000208DF80100EA46012003E059F841
:1085000004AB4FF0FF3061074FF0000102D40DE0E3
:1085100008F101018846B9420FDA8045F8DB1AF804
:1085200008100029F4D108E008F1010188468142D1
:10853000FADB1AF808100029F6D105985B46A0EB83
:10854000080721463846179A00F094FA284400EBB1
:10855000080507E04DE029E10DE01AF8010B5A4645
:1085600017999047B8F10108F7D25B462146384683
:10857000179A13E142E00A220092C4F302524FF02C
:10858000000A022A08D059F804CB032A4FEAEC71FA
:108590000AD00DE029E02AE009F1070121F00702E5
:1085A000F2E802C1914609E00FFA8CFC4FEAEC7147
:1085B000042A03D14FFA8CFC4FEAEC71002907DA48
:1085C0000A460021DCF1000C61EB02012D2202E0E1
:1085D000220504D52B228DF80420012203E0E207B6
:1085E00001D02022F7E7904659E00A2102E010224C
:1085F0000DE010214FF0000A00910BE010224FF027
:10860000000A44F004040827009203E008224FF017
:10861000000A0092C4F30252022A05D059F804CB92
:108620000021032A08D009E009F1070121F007021F
:10863000F2E802C1914605E01FFA8CFC042A01D140
:108640000CF0FF0C4FF00008220728D5702806D048
:10865000009B83F0100353EA0A0305D00EE040228A
:108660008DF80420012208E05CEA010206D03022E5
:108670008DF804208DF8050002229046009B83F0BF
:10868000080353EA0A030AD15CEA010201D1620736
:1086900005D530228DF804204FF001087F1E5828A0
:1086A00004D034A003900EA802900DE036A0F9E7A4
:1086B00053466046009AF7F7A6FE84460398825C0C
:1086C0000298401E029002705CEA0100F0D102980C
:1086D00006A9081A00F1200A600702D524F48034A4
:1086E00000E00127574502DDA7EB0A0000E000206B
:1086F00000EB0A01009005984144401A0590E00300
:1087000006D45B462146179A059800F0B3F9054454
:10871000002706E001A85A46C05D179990476D1CD6
:108720007F1C4745F6DBE0030CD55B462146179AD4
:10873000059800F09FF9054404E030205A46179947
:1087400090476D1C0099481E00900029F5DC08E058
:10875000029802995A460078491C0291179990474D
:108760006D1CBAF10001AAF1010AF1DC65E100001B
:1087700009280100303132333435363738396162F7
:1087800063646566000000003031323334353637BB
:1087900038394142434445460000000000F058F992
:1087A0000544761C307800287FF4ECAD19B02846DB
:1087B000BDE8F08F620700D4062709F1070222F016
:1087C000070CFCE80223E14603F000485FEA080CCE
:1087D00002D00FF2702C0DE05FEA045C02D50FF2BC
:1087E000682C07E05FEAC47C02D00FF2602C01E045
:1087F000AFF2700C4FF0FF3823F00043CDF850C0BB
:1088000065280CD006DC452809D046281DD047280D
:108810003DD13DE0662818D067287ED138E00021A0
:10882000112F01DB112000E0781CCDE9000106A921
:108830000EA8FFF7EDFCDDE90F010E9A0391002170
:10884000009207F1010A04914DE04FF000400097BB
:10885000CDE9011006A90EA8FFF7DAFCDDE90F0249
:1088600003920E9B11990022DDF80CA00093049254
:1088700011B9791C00EB010AB7EB0A0004D4C0F16E
:10888000FF3007F1010A0490AAEB0700019044E0D1
:10889000012F00DA01270021112F01DD112000E056
:1088A0003846CDE9000106A90EA8FFF7B1FCDDE9C5
:1088B0000F010E9A0391002104910092BA462107FC
:1088C0000CD40399514500DA8A46BAF1010F05DD4F
:1088D000009AAAF10101515C302908D0B84202DAAD
:1088E00010F1040F06DA0121CDE9011015E0AAF11B
:1088F0000101E9E7002805DC049901440491AAEB91
:10890000000102E0411C514500DD8A460499401AED
:10891000401C01904FF000400290200704D40198C1
:10892000504501DBCDF8048000208DF84F000298FF
:108930000DF14F07B0F1004F25D02B200E9002987B
:108940004FF0020800280CDA404202902D200E90D1
:1089500007E00A210298F7F740FD3031029007F84E
:10896000011DB8F10001A8F10108F2DC029800280D
:10897000EFD1791E0E980870307800F0200040F09A
:10898000450007F8020D12A8C01B00F10708149853
:10899000007800B1012000EB0A01019801EBE071C1
:1089A00005984144401A401E0590E00306D45B46FA
:1089B0002146179A059800F05DF805441498007850
:1089C00018B15A46179990476D1CE00324D55B46B1
:1089D0002146179A059800F04DF805441CE00498CC
:1089E000002807DBDDE90301884203DD0098405CD5
:1089F000179901E0179930205A469047049805F1DD
:108A00000105401C04900198401E019004D12E20C5
:108A10005A46179990476D1CBAF10001AAF1010A54
:108A2000DDDC05E017F8010B5A46179990476D1CDD
:108A3000B8F10001A8F10108F4DC5B462146179A61
:108A40000598ABE62D0000002B0000002000000080
:108A50002DE9F041044600251E461746880404D43B
:108A600005E039462020B0476D1C641EF9D5284624
:108A7000BDE8F0812DE9F041044600251E469046F0
:108A8000C80301D5302700E02027880404D505E07D
:108A900041463846B0476D1C641EF9D52846BDE8EE
:108AA000F0810A68531C0B601070704713460A4629
:108AB000014602A0FFF774FBFEE7000061737365D7
:108AC0007274696F6E206661696C65643A20602516
:108AD00073602061742025733A25640000F00F0351
:108AE000000900EB800003EB4000C0B200F5FA6320
:108AF000080901F00F0C00EB80000CEB400011099D
:108B000002F00F0CC0B201EB81010CEB4101421EDF
:108B1000C9B20C2A02D209B11F2901D9002070471D
:108B2000012818BF022803D10C305A1EC0B293B2DC
:108B3000421C02EB420240F2676C12FB0CF201EBAA
:108B4000400000EB52304AF2D731184401FB0311C8
:108B500000EB9300A0EB91504FF4C871B3FBF1F11F
:108B60000844411C074B08460022C3FB0120821029
:108B7000A2EBE070A0EBC000084410F0FF0008BFBB
:108B80000720704793244992FF2330B41A46B1F16D
:108B9000010C24BF084C04F5807508D310F8011BA4
:108BA0005940635C53406A5CBCF1010CF6D2034847
:108BB0000270437030BC7047DA0000206E00002065
:108BC0000022002898BF704746F2A811491EFDD127
:108BD000521C8242F8D370470022002898BF704789
:108BE0001921491EFDD1521C8242F9D37047000061
:108BF00070B5074D0446C1B22846FFF763F98021DE
:108C00002846FEF713FE0028F9D0204670BD00006C
:108C1000005000400148407870470000DA02002010
:108C200001480078704700003C00002000B587B084
:108C30006846FCF7A7FA012140F2FD10FCF708FA9C
:108C400001214FF46020FCF7A3F94FF44070FBF7CB
:108C500011FD0420FDF7FEF90B4901980B4BA1FB18
:108C6000001040090022401EB0F1807F08D24FF072
:108C7000E0214861F02083F8140D8A610720086123
:108C800083F8142D07B000BD1F85EB510FE000E005
:108C900030B585B00424ADF8104018208DF81300CD
:108CA0000320194D8DF8120004A92846F9F7A4FDF8
:108CB0000821ADF8101001218DF812108DF8134025
:108CC00004A92846F9F798FD4FF4165000900020AB
:108CD000ADF80400ADF80600ADF80800ADF80C00E2
:108CE0000C200A4CADF80A0069462046FEF70EFF3C
:108CF000012240F225512046FEF742FC0121204688
:108D0000FEF71CFD05B030BD0008014000440040E6
:108D100010B586B04FF48060ADF8100018208DF8C3
:108D200013000320194C8DF8120004A92046F9F70E
:108D300063FDE114ADF8101001218DF8121004212B
:108D40008DF8131004A92046F9F756FD4FF416507C
:108D500000900020ADF80400ADF80600ADF8080062
:108D6000ADF80C000C200A4CADF80A00694620460C
:108D7000FEF7CCFE012240F225512046FEF700FC12
:108D800001212046FEF7DAFC06B010BD000C0140C0
:108D90000048004010B586B04FF48060ADF8100078
:108DA00018208DF813000320194C8DF8120004A927
:108DB0002046F9F721FDE114ADF8101001218DF8DE
:108DC000121004218DF8131004A92046F9F714FDA0
:108DD0004FF4E13000900020ADF80400ADF806003B
:108DE000ADF80800ADF80C000C200A4CADF80A00F4
:108DF00069462046FEF78AFE012240F225512046B0
:108E0000FEF7BEFB01212046FEF798FC06B010BD20
:108E100000100140004C004010B586B00121312007
:108E2000FCF716F901210805FCF7B2F84FF4805061
:108E3000ADF8100018208DF8130003208DF81200F3
:108E400004A91648F9F7D8FC0420ADF810008DF8F5
:108E5000130004A91248F9F7CFFC4FF4E130009059
:108E60000020ADF80400ADF80600ADF80800ADF83C
:108E70000C0008200B4CADF80A0069462046FEF7AE
:108E800045FE012240F225512046FEF779FB0121E3
:108E90002046FEF753FC208806B010BD00100140AC
:108EA000001401400050004026480178012918BFF5
:108EB000704710B500210170FFF7B2FE012803D002
:108EC000BDE81040FDF7BEB90220FBF733FA0028D9
:108ED00018BF10BD00210420FBF748FA0021042030
:108EE000F8F7D0FE0020F8F73BF90120FBF722FA53
:108EF000012811D00120FCF75BFF0120F8F7E8F909
:108F000001210846FBF732FA01210846F8F7BAFEBC
:108F1000BDE81040FBF788B90020FCF749FF0020AE
:108F2000F8F7D6F900210120FBF720FA09210A20E1
:108F3000FBF732FA00210120F8F7A4FEBDE810404B
:108F4000FBF772B96A0000200149012008707047E0
:108F50006A00002070B584B00425214EADF80050A1
:108F600048248DF8034069463046F9F745FC022154
:108F70000120F9F75FF800208DF80C000C208DF827
:108F80000D0001208DF80E00029502A8F8F7AEFD45
:108F90001020ADF80000134D8DF8034069462846B7
:108FA000F9F72AFC4020ADF800008DF8034069462F
:108FB0002846F9F721FC2020ADF800008DF8034089
:108FC00069460948F9F718FC0220ADF800008DF851
:108FD000034069463046F9F70FFC04B070BD00004D
:108FE000000C01400008014000100140FFF75CBF89
:108FF000F8B52020ADF800001025214E8DF8035063
:1090000001248DF8024069463046F9F7F5FB20212E
:109010003046F9F705FE1B4A4FF4FA710120FFF7BD
:109020009DF88021ADF800108DF803508DF80240B6
:1090300069463046F9F7E0FB80213046F9F7F0FD4C
:10904000ADF80050104E8DF803508DF8024069467F
:109050003046F9F7D1FB10213046F9F7E1FDADF8C4
:1090600000408DF803508DF80240084C69462046B8
:10907000F9F7C2FB01212046F9F7D2FDF8BD000047
:10908000000801400939000800100140000C0140AF
:109090000149012048707047DD020020F7F7EAFF20
:1090A000F8F75EFAF9F7E8FEF8F746F8FCF75CF92E
:1090B000FDF77AFDFAF744FBF9F78CFEF4E70000C0
:1090C000F0B50B30154D20F007010024144A0FE0D5
:1090D00003688B420BD38B4205D95E1A431847684D
:1090E000C3E9006700E04368136002C004E0021DAA
:1090F00010680028ECD12046002802D1286808B169
:109100000020F0BD064A07481060074A121A22F0F4
:109110000702C0E9002401202860D7E7F4020020FC
:10912000F00200206C19002068290020014901206C
:1091300008707047DD020020014901200871704766
:10914000DD0200200149012088707047DD02002007
:1091500010B500218F20F7F788FC00219020F7F749
:1091600084FC00219120F7F780FC00219220F7F782
:109170007CFCF8F7E3FE00210420F7F776FC0121E0
:109180000520F7F772FC00210620F7F76EFC01219D
:109190000720F7F76AFC00210820F7F766FCBDE816
:1091A0001040F8F798BD000000000102030401021E
:1091B00003040607080901020406080A0C1020200F
:1091C00020202020202001000200040006000800CA
:1091D0000A000C0010002000400080000001000187
:1091E000000100010001303132333435363738396F
:1091F00041424344454600000000000000000000DA
:10920000000000000404040404000004000014141E
:109210000A00000000000000000000000A0A1F0A07
:109220000A1F0A0A000000040E1505060C14150E8C
:109230000400000012150D152E2C2A12000000004B
:10924000040A0A3615152916000002020100000062
:1092500000000000000010080804040404040808CA
:1092600010000204040808080808040402000000B2
:109270000004150E0E150400000000000008083E52
:1092800008080000000000000000000000000202CA
:10929000010000000000003F00000000000000008E
:1092A000000000000000000200000020101008086C
:1092B00004040202010000000E1111111111110E1F
:1092C00000000000040604040404040E0000000072
:1092D0000E1111080402011F000000000E11100CF5
:1092E0001010110E00000000080C0C0A091F081CC9
:1092F000000000001F01010F1110110E00000000FE
:109300000C12010D1311110E000000001E100808B0
:1093100004040404000000000E11110E1111110EBE
:10932000000000000E1111191610090600000000BF
:109330000000040000000004000000000000000421
:1093400000000004040000001008040202040810D9
:109350000000000000003F003F000000000000008F
:109360000204081010080402000000000E11110889
:1093700004040004000000001C22292D2D1D221CC5
:109380000000000004040C0A0A1E12330000000052
:109390000F12120E1212120F000000001E11010116
:1093A0000101110E000000000F1212121212120F12
:1093B000000000001F120A0E0A02121F0000000027
:1093C0001F120A0E0A020207000000001C1201010F
:1093D0003911120C000000003312121E1212123347
:1093E000000000001F0404040404041F0000000027
:1093F0003E080808080808080907000037120A068E
:109400000A12123700000000070202020202223F85
:10941000000000003B1B1B1B15151535000000004C
:109420003B1216161A1A1217000000000E11111125
:109430001111110E000000000F12120E020202079D
:10944000000000000E1111111117190E1800000074
:109450000F12120E0A121237000000001E11010630
:109460000810110F000000001F1504040404040E6E
:1094700000000000331212121212120C0000000041
:109480003312120A0A0C0404000000001515151509
:109490000E0A0A0A000000001B0A0A04040A0A1B3A
:1094A000000000001B0A0A0A0404040E0000000069
:1094B0001F0908040402121F00001C040404040411
:1094C000040404041C000002020404040808081038
:1094D00010000E0808080808080808080E00040A0A
:1094E000000000000000000000000000000000007C
:1094F00000000000003F0204000000000000000027
:10950000000000000000000C121C123C00000003D0
:109510000202020E1212120E000000000000001CD7
:109520001202120C000000181010101C1212123C33
:10953000000000000000000C121E021C00000018B9
:109540002404041E0404041E000000000000003C6B
:10955000120C021C221C00030202020E121212370D
:1095600000000004040000060404040E00000008CB
:109570000800000C08080808080700030202021A85
:109580000A060A1300000007040404040404041F6C
:10959000000000000000000F151515150000000068
:1095A0000000000F12121237000000000000000C33
:1095B0001212120C000000000000000F1212120E16
:1095C000020700000000001C1212121C10380000DC
:1095D0000000001B06020207000000000000001E41
:1095E000020C101E000000000004041E0404041CF1
:1095F000000000000000001B1212123C00000000DE
:109600000000001B0A0A040400000000000000150E
:10961000150E0A0A000000000000001B0A040A1BC5
:10962000000000000000003312120C0804030000C8
:109630000000001E0804041E000018080808080C9A
:109640000808080818000808080808080808080892
:1096500008080604040404080404040406001609A7
:1096600000000000000000000000000000000000FA
:1096700000000000000000000000000000080808D2
:109680000808080800001818000000486C241200A0
:10969000000000000000000000000000002424245E
:1096A0007F1212127F12121200000000081C2A2AD8
:1096B0000A0C1828282A2A1C080800000022251550
:1096C00015152A585454542200000000000C1212A0
:1096D000120A76252911916E000000060604030087
:1096E00000000000000000000000004020101008F2
:1096F000080808080810102040000002040808109C
:1097000010101010100808040200000000000808E3
:109710006B1C1C6B0808000000000000000008081B
:1097200008087F080808080000000000000000008A
:109730000000000000000606040300000000000016
:109740000000FE000000000000000000000000001B
:1097500000000000000006060000000080404020DD
:10976000201010080804040202000000001824421F
:1097700042424242424224180000000000080E0803
:10978000080808080808083E00000000003C4242A3
:10979000422020100804427E00000000003C4242AB
:1097A000201820404042221C0000000000203028E9
:1097B000242422227E20207800000000007E020265
:1097C000021A26404042221C0000000000382402F9
:1097D000021A26424242241800000000007E222283
:1097E000101008080808080800000000003C424269
:1097F000422418244242423C000000000018244247
:10980000424264584040241C000000000000000058
:1098100018180000000018180000000000000000E8
:1098200000080000000000080804000000402010AC
:10983000080402040810204000000000000000009E
:109840007F0000007F00000000000000000204080C
:10985000102040201008040200000000003C42429A
:10986000464020101000181800000000001C225A6A
:10987000555555552D42221C0000000000080818BF
:109880001414243C224242E700000000001F222260
:10989000221E22424242221F00000000007C42425F
:1098A000010101010142221C00000000001F2242B0
:1098B000424242424242221F00000000003F421248
:1098C000121E12120242423F00000000003F4212EC
:1098D000121E12120202020700000000003C2222A7
:1098E000010101712122221C0000000000E7424218
:1098F00042427E42424242E700000000003E080829
:10990000080808080808083E00000000007C101045
:109910001010101010101010110F000000772212FC
:109920000A0E0A121222227700000000000702022B
:10993000020202020202427F000000000077363677
:1099400036362A2A2A2A2A6B0000000000E34646FF
:109950004A4A52525262624700000000001C2241F3
:10996000414141414141221C00000000003F424270
:1099700042423E020202020700000000001C224197
:10998000414141414D53321C60000000003F4242C2
:10999000423E1212222242C700000000007C4242D6
:1099A000020418204042423E00000000007F4908A7
:1099B000080808080808081C0000000000E74242E8
:1099C000424242424242423C0000000000E7424222
:1099D000222424141418080800000000006B4949D0
:1099E00049495555362222220000000000E7422452
:1099F00024181818242442E70000000000772222CF
:109A0000141408080808081C00000000007E21202B
:109A1000101008040442423F0000007808080808BB
:109A20000808080808080808780000000202040472
:109A300008080810102020204040001E10101010B0
:109A400010101010101010101E00003844000000FC
:109A50000000000000000000000000000000000006
:109A6000000000000000000000FF000608000000E9
:109A700000000000000000000000000000000000E6
:109A8000003C4278444242FC000000000003020215
:109A9000021A26424242261A00000000000000007E
:109AA00000384402020244380000000000604040D8
:109AB00040784442424264D80000000000000000A8
:109AC000003C427E0202423C0000000000F0880898
:109AD000087E08080808083E00000000000000009A
:109AE000007C22221C023C42423C00000003020295
:109AF000023A4642424242E700000000000C0C00DD
:109B0000000E08080808083E000000000030300081
:109B10000038202020202020221E00000003020206
:109B20000272120A1612227700000000000E0808C6
:109B3000080808080808083E0000000000000000AF
:109B4000007F9292929292B7000000000000000005
:109B5000003B4642424242E7000000000000000095
:109B6000003C42424242423C000000000000000033
:109B7000001B26424242221E020700000000000095
:109B8000007844424242447840E000000000000077
:109B900000774C040404041F0000000000000000D3
:109BA000007C42023C40423E0000000000000008F1
:109BB000083E080808080830000000000000000007
:109BC00000634242424262DC0000000000000000EC
:109BD00000E74224241408080000000000000000F0
:109BE00000EB49495555222200000000000000000A
:109BF000007624181818246E0000000000000000F1
:109C000000E74224241418080807000000000000A0
:109C1000007E22100808447E000000C02020202082
:109C20002010202020202020C00010101010101024
:109C3000101010101010101010100006080808085E
:109C4000081008080808080806000C32C2000000C6
:109C50000000000000000000000000000000000004
:109C600000000000000000000000000000000000F4
:109C700000000000000000000000000000000000E4
:109C800000000000000000000000000000000000D4
:109C90000000600060006000600060006000600024
:109CA00040002000200020000000000000006000B4
:109CB000600060000000000000000000000060067E
:109CC0006006300398018800440000000000000096
:109CD0000000000000000000000000000000000084
:109CE0000000000000000000000000000000000074
:109CF00000001002100210021002FE07FE07080208
:109D00000801080108010801FE07FE07040104011B
:109D10000401040100000000000000000000000039
:109D200040004000F00158034C03CC034C005800A5
:109D30007000E000C001C00140034C035C034C0311
:109D40004801F0004000400000000000000000005A
:109D500000000E010A019100910091005100510094
:109D60003A00AE03A00250045004480448044804DA
:109D700084028403000000000000000000000000D6
:109D8000000038006C006C006C006C006C002C0053
:109D900098071C011A01330133016301E300C30872
:109DA000C6093C07000000000000000000000C0095
:109DB0001C0010001000080004000000000000005B
:109DC0000000000000000000000000000000000093
:109DD000000000000000000000000000000000047F
:109DE00000020001800080004000400020002000B0
:109DF00020002000200020002000400040008000C3
:109E000080000001000200040000000000000200C9
:109E10000400080010001000200020004000400056
:109E200040004000400040004000200020001000A2
:109E30001000080004000200000000000000000004
:109E40000000000000004000C0004000460C4E0F23
:109E5000D001F0015E0F460C4000400040000000C1
:109E600000000000000000000000000000000000F2
:109E700000000000000000004000400040004000E2
:109E80004000FE0F40004000400040004000000045
:109E900000000000000000000000000000000000C2
:109EA00000000000000000000000000000000000B2
:109EB00000000000000000000000000000000C0096
:109EC0001C0010001000080004000000000000004A
:109ED0000000000000000000000000000000000082
:109EE0000000FE070000000000000000000000006D
:109EF0000000000000000000000000000000000062
:109F00000000000000000000000000000000000051
:109F100000000000000000000000000000001C0025
:109F20001C001C00000000000000000000000004F5
:109F300000060002000300010001800080004000D4
:109F40004000600020002000100010000800080001
:109F50000C000400060002000000000000000000E9
:109F600000000000F00098010C030C030606060632
:109F70000606060606060606060606060C030C037B
:109F80009801F00000000000000000000000000048
:109F90000000000040007C00600060006000600085
:109FA00060006000600060006000600060006000B1
:109FB0006000FC0300000000000000000000000042
:109FC00000000000F80084010203060306030003FA
:109FD00000018001C000600020001000080204029F
:109FE0000602FE0300000000000000000000000068
:109FF000000000007800C600860186018001800113
:10A00000C000700080010001000300030603060386
:10A010008601F800000000000000000000000000C1
:10A020000000000080018001C001A001A00190019A
:10A030008801880184018201FE0F80018001800176
:10A040008001E007000000000000000000000000A8
:10A0500000000000FC0304000400040004000400ED
:10A06000F4008C01040300030003060306038201CD
:10A070008401F80000000000000000000000000063
:10A0800000000000E00118030C030C0004000600AF
:10A09000E60116030E0606060606060604060C0270
:10A0A0001803F000000000000000000000000000A5
:10A0B00000000000F8070C06040204010001000182
:10A0C00080008000400040004000600060006000B0
:10A0D00060006000000000000000000000000000C0
:10A0E00000000000F8010C030606060606060C0236
:10A0F0001C03F000C8010C03060606060606060649
:10A100000C03F0010000000000000000000000004F
:10A1100000000000F0000C010C0306020606060613
:10A12000060606078C0678060006000300030C01ED
:10A130008C0178000000000000000000000000001A
:10A140000000000000000000000000000000E0002F
:10A15000E000E00000000000000000000000E0005F
:10A16000E000E0000000000000000000000000002F
:10A17000000000000000000000000000000060007F
:10A18000600000000000000000000000000000006F
:10A19000600060004000200020000000000000007F
:10A1A00000000004000200018000400020001000B8
:10A1B000080004000800100020004000800000019A
:10A1C0000002000400000000000000000000000089
:10A1D0000000000000000000000000000000FE077A
:10A1E000000000000000FE0700000000000000006A
:10A1F000000000000000000000000000000000005F
:10A200000000040008001000200040008000000151
:10A210000002000400020001800040002000100045
:10A220000800040000000000000000000000000022
:10A2300000000000E0031806040C040C0C0C0C0CCD
:10A240000007800140004000400000000000E000E6
:10A25000E000E0000000000000000000000000003E
:10A260000000E00018030C02CC0564056605A60595
:10A27000B604B604B604B604B602E4010C040C023B
:10A280001803F000000000000000000000000000C3
:10A2900000000000600060005000D00090009000BE
:10A2A000880088010801F801040304030402020283
:10A2B00002060F0F00000000000000000000000078
:10A2C00000000000FE008C030C030C030C030C03C5
:10A2D0008C01FC000C030C020C060C060C060C0690
:10A2E0000C03FE0100000000000000000000000060
:10A2F00000000000E00318030C060C040404060030
:10A300000600060006000600060006040C040C0207
:10A310001803F00000000000000000000000000032
:10A32000000000007F008C010C030C030C060C06DF
:10A330000C060C060C060C060C060C060C030C0393
:10A340008C017F0000000000000000000000000001
:10A3500000000000FF030603060406040600860052
:10A360008600FE00860086008600060006040604BD
:10A370000602FF03000000000000000000000000D3
:10A3800000000000FF030603060406040600860022
:10A390008600FE0086008600860006000600060095
:10A3A00006001F0000000000000000000000000088
:10A3B00000000000F00018010C020C02040206006C
:10A3C000060006000600C60F060306030C030C0376
:10A3D0001803F00000000000000000000000000072
:10A3E000000000000F0F0606060606060606060613
:10A3F0000606FE0706060606060606060606060604
:10A4000006060F0F00000000000000000000000022
:10A4100000000000FC03600060006000600060005D
:10A42000600060006000600060006000600060002C
:10A430006000FC03000000000000000000000000BD
:10A4400000000000F807C000C000C000C000C0004D
:10A45000C000C000C000C000C000C000C000C000FC
:10A46000C000C000C60066003C0000000000000004
:10A4700000000000CF038601C6004600260016003B
:10A4800036002E006E004600C600860086010601DA
:10A4900006038F070000000000000000000000001D
:10A4A000000000001F00060006000600060006006F
:10A4B0000600060006000600060006000604060464
:10A4C0000602FF0300000000000000000000000082
:10A4D000000000000707860386038E038E034E03E9
:10A4E0004E034A035A035A033A0332033203320338
:10A4F00012038707000000000000000000000000B9
:10A50000000000008E0F0C021C021C0234023402F8
:10A51000640264024402C4028402840384030403C8
:10A5200004031F0200000000000000000000000003
:10A5300000000000F00098010C030C02060606065D
:10A540000606060606060606060606060C020C03A6
:10A550009801F00000000000000000000000000072
:10A5600000000000FF0006030606060606060606B3
:10A5700006068603FE00060006000600060006002A
:10A5800006001F00000000000000000000000000A6
:10A5900000000000F00098010C030C0206060606FD
:10A5A0000606060606060606060676064C02CC03D6
:10A5B0009801F00080070003000000000000000088
:10A5C00000000000FF010603060606060606060652
:10A5D0000603FE004600C600860086010603060349
:10A5E00006060F0E00000000000000000000000042
:10A5F00000000000F8020C030602060206000E002E
:10A600003C00F800E003800300070206020606068D
:10A610000C03F0010000000000000000000000003A
:10A6200000000000FE07620461086108600060002D
:10A63000600060006000600060006000600060001A
:10A640006000F801000000000000000000000000B1
:10A65000000000001E070C020C020C020C020C028F
:10A660000C020C020C020C020C020C020C020C027A
:10A670001801F000000000000000000000000000D1
:10A68000000000000F070602040104010C010C0188
:10A69000880088009800980050005000700030003A
:10A6A000200020000000000000000000000000006A
:10A6B00000000000F70E62044204460446046402EF
:10A6C0006402E402E4029C029C0198019801880162
:10A6D000880088000000000000000000000000006A
:10A6E000000000009E070C01080118019000B00056
:10A6F0006000200060006000D00090008801080128
:10A7000004038E07000000000000000000000000AD
:10A71000000000000F0F060404020C0208011801DB
:10A72000B800B00070006000600060006000600071
:10A730006000F801000000000000000000000000C0
:10A7400000000000FC070C020603020180018000EB
:10A7500040004000200020001000180008040C04F5
:10A760000402FE0300000000000000000000E003FF
:10A7700020002000200020002000200020002000D9
:10A7800020002000200020002000200020002000C9
:10A79000200020002000E003000000000000000076
:10A7A0000000040004000800080010001000100061
:10A7B0002000200040004000C00080008000000118
:10A7C00000010002000200020004000000007C0002
:10A7D0004000400040004000400040004000400079
:10A7E0004000400040004000400040004000400069
:10A7F0004000400040007C0000000000600090002D
:10A80000080100000000000000000000000000003F
:10A810000000000000000000000000000000000038
:10A820000000000000000000000000000000000028
:10A830000000000000000000000000000000000018
:10A840000000000000000000000000000000000008
:10A850000000000000000000FF0F000000001800D2
:10A860006000000000000000000000000000000088
:10A8700000000000000000000000000000000000D8
:10A8800000000000000000000000000000000000C8
:10A890000000000000000000000000000000F001C7
:10A8A0000C030C030003E0031C030E030603060362
:10A8B0008E0B7C0E00000000000000000000000075
:10A8C000000008000E000C000C000C000C00CC0175
:10A8D0003C031C060C060C060C060C060C060C02AF
:10A8E0001C03E40100000000000000000000000064
:10A8F0000000000000000000000000000000F00068
:10A900008C018C01860106000600060006020C027E
:10A910000C01F0000000000000000000000000003A
:10A9200000000002C00300030003000300037803DB
:10A930008C030C0306030603060306030603040345
:10A940008C077801000000000000000000000000FB
:10A950000000000000000000000000000000E00116
:10A96000180308020C060C06FC070C000C00180467
:10A970001802E001000000000000000000000000DC
:10A9800000000000C0036006300630003000FE0109
:10A990003000300030003000300030003000300037
:10A9A0003000FC010000000000000000000000007A
:10A9B0000000000000000000000000000000F007A0
:10A9C000D8068C018C018C019801F8000C00FC0069
:10A9D000CC03060306038E03F8000000000000000D
:10A9E000000008000E000C000C000C000C00EC0134
:10A9F0001C030C030C030C030C030C030C030C03CF
:10AA00000C039E0700000000000000000000000092
:10AA100000000000600060000000000040007C00BA
:10AA20006000600060006000600060006000600026
:10AA30006000FC03000000000000000000000000B7
:10AA400000000000C001C001000000000001F00192
:10AA500080018001800180018001800180018001EE
:10AA6000800180018001CC007C000000000000001B
:10AA7000000008000E000C000C000C000C008C0301
:10AA80008C008C004C006C005C008C008C010C0174
:10AA90000C039E0700000000000000000000000002
:10AAA000000040007C00600060006000600060000A
:10AAB0006000600060006000600060006000600096
:10AAC0006000FC0300000000000000000000000027
:10AAD0000000000000000000000000000000370738
:10AAE000EE0666066606660666066606660666067E
:10AAF0006606FF0F000000000000000000000000DC
:10AB00000000000000000000000000000000EE0156
:10AB10001C030C030C030C030C030C030C030C03AD
:10AB20000C039E0700000000000000000000000071
:10AB30000000000000000000000000000000F00025
:10AB400098010C03060606060606060606060C0312
:10AB50000C03F000000000000000000000000000F6
:10AB60000000000000000000000000000000EE01F6
:10AB70001C030C060C060C060C060C060C060C033B
:10AB80001C03EC010C000C003E0000000000000063
:10AB9000000000000000000000000000000078023B
:10ABA0008C030C03060306030603060306030403D3
:10ABB0008C03780300030003C007000000000000BE
:10ABC00000000000000000000000000000009F03E3
:10ABD0005806380618001800180018001800180049
:10ABE0001800FF000000000000000000000000004E
:10ABF0000000000000000000000000000000F00362
:10AC00001C030C020C023800F000C0030403040310
:10AC10008C03FC01000000000000000000000000A8
:10AC20000000000000002000200030003000FE0185
:10AC30003000300030003000300030003000300292
:10AC40003002E001000000000000000000000000F1
:10AC500000000000000000000000000008028E0359
:10AC60000C030C030C030C030C030C030C030C036C
:10AC70009C077801000000000000000000000000B8
:10AC800000000000000000000000000000001E079F
:10AC90000C020801080118019000B000B00060002B
:10ACA0006000200000000000000000000000000024
:10ACB0000000000000000000000000000000F70E8F
:10ACC0006204460464026402EC029C01980198014B
:10ACD00098010800000000000000000000000000D3
:10ACE0000000000000000000000000000000BC07A1
:10ACF00018011001B00060006000E0009000080141
:10AD000008039E0700000000000000000000000093
:10AD100000000000000000000000000000009E078E
:10AD200008010801080190009000B0006000600078
:10AD300060002000200024001C0000000000000033
:10AD40000000000000000000000000000000FC0106
:10AD50008401C40044006000200030001802080292
:10AD60000C03FC01000000000000000000000003D4
:10AD700080008000800080008000800080008000D3
:10AD800040002000400080008000800080008000A3
:10AD90008000800080000003000040004000400070
:10ADA00040004000400040004000400040004000A3
:10ADB0004000400040004000400040004000400093
:10ADC00040004000400040004000000000000C0037
:10ADD00010001000100010001000100010001000F3
:10ADE0002000400020001000100010001000100093
:10ADF0001000100010000C00000000001C002204D5
:10AE0000C2048003000000000000000000000000F9
:10AE10000000000000000000000000000000000032
:10AE20000000000000000000000000000000000022
:10AE3000000000000000000000000000000001FF12
:10AE4000FF0000FFFF000082040000820400008277
:10AE500004000082040000820400008204000082DA
:10AE600004003FFFFFF81FFFFFFC1082040C00826C
:10AE7000040C0082040C0082040C0082040C00828A
:10AE8000040C0082040C0082040C01FFFE0C00FF85
:10AE9000FE0C0000000C0000001C000001FC000083
:10AEA000000800000000000000000000000000009A
:10AEB0000002000000040000001800000070000004
:10AEC0000FC80FFFFF080FFF8008080000080801E7
:10AED000000808010008080100080801000808012E
:10AEE000000808010008080100080BFFFFF809FF2F
:10AEF000FFF809810008080100080801000808019E
:10AF000010080801180808010E08080307C81803EC
:10AF100003C83801000818000018080000180000D5
:10AF20000008000000000000000000000000000019
:10AF3000000000100200000C0200000F033C080794
:10AF400007FC06001F800780700203038004000CCA
:10AF500000040030001802000030020407E002077D
:10AF6000FF80020E4000021600000264000032C49E
:10AF700080021F847FFC1E84400002040000020443
:10AF80000000020400000224FFFC021C7FEC020E01
:10AF900000040607000406000004020000FC000094
:10AFA000001C00000008000000000000000000007D
:10AFB000000001000180010001C0010001800100CA
:10AFC0000180010003000100030001FFFE0001FFFA
:10AFD000FE0201000404010004040100040803004F
:10AFE00008180310081001100860001000C00010BD
:10AFF000018000100F000010FC103FFFE0101FF850
:10B000000008101000080010000C0010000E0010C6
:10B01000000C001001FC001FFFF0003FE0000010DA
:10B020000000000000000000000000000000000020
:10B03000000000000100020011000240390002601F
:10B04000310002306100023C410002108100020127
:10B050000100020C3100021C3100023C7100026848
:10B06000B10033C9A1001F8B3FFE1E0E2FFC020C46
:10B0700021000238A1000270610002207900020460
:10B08000310002090100021881000230C100026093
:10B09000C100062071000200330000000300000020
:10B0A000010000000000000000000000000000009F
:10B0B000000000000000000000020000000400008A
:10B0C0000008000002080FF847100890E7300890C9
:10B0D000C6600890CAE008914BC008914A4808929F
:10B0E00052080896520C089C640E0FF467FC0890F6
:10B0F00047F80890C40008908400089184000891E3
:10B10000A480089014C008901C4008900C601FF8A0
:10B110000E30080007380000001C0000000000008E
:10B12000000000000000000000000000000000041B
:10B1300000000004000000040000000400002004DF
:10B140000000100400100C0FFFF80F040038070077
:10B150000060000000C00004018000040200000440
:10B1600000000004000000040000000400000004CF
:10B170000000000400003FFFFFFE1FFFFFFC100463
:10B1800000000004000000040000000400000004AF
:10B19000000000040000000C0000000C000000048F
:10B1A000000000000000000000000000000000009F
:10B1B000000000000000000000000000000001FF8F
:10B1C000FF0000FFFF0000820400008204000082F4
:10B1D0000400008204000082040000820400008257
:10B1E00004003FFFFFF81FFFFFFC1082040C0082E9
:10B1F000040C0082040C0082040C0082040C008207
:10B20000040C0082040C0082040C01FFFE0C00FF01
:10B21000FE0C0000000C0000001C000001FC0000FF
:10B220000008000000000000000000000000000016
:10B230000000004000000070000000EFFFFE01A7CA
:10B24000FFFC03244200062442001C244208182468
:10B250004208102442080044420C0244420E01CF2E
:10B26000FFFC01E4000000F000000000000000000E
:10B2700000001FF87FF81FFE7FFC0846020C0082CA
:10B28000020C0082040C01820C0C0302180C070251
:10B29000380C0202300C0006100C003E01FC0004C9
:10B2A0000008000000000000000000000000010095
:10B2B000000001038300010F03000179020007C1B0
:10B2C00002003F010200193FFFFE111FFFFE0111A6
:10B2D0000400010304000305040001090400001F29
:10B2E000FFFE0033FFFC0062220000D2220003A216
:10B2F00022040F13FFFE3C17FFFC1812000014106D
:10B3000000000330000001F1FFC800D00008006019
:10B31000000C0030000E003BFFFC001A0000001083
:10B32000000000100000000000000000000000000D
:10B330000000000000000000000000000008000104
:10B340001FFC01FF8FF801FF000800010008000149
:10B3500000080001000800010008000100080001C9
:10B360000008000100083FFFFFF81FFFFFF8100171
:10B3700000080001000800010008000100080001A9
:10B380000008000100080001000803FF800801FF19
:10B390009FFE01000FFE00000800000000000000FA
:10B3A000000000000000000000000000000000009D
:10B3B00000000040200000403010004060080040C5
:10B3C00060080040400C0040C00E3FFFFFFC1FFF24
:10B3D000FFF8004100000041000000C2000000C270
:10B3E0000000024000000200000002000000020015
:10B3F000001002000008020000080200000E03FF17
:10B40000FFFC03FFFFFC020000000200000002003E
:10B41000000002000000060000000600000002001C
:10B42000000000000000000000000000000000001C
:10B4300000000001000204010004040100040401F2
:10B4400000080401001004010020040100C00401F0
:10B45000038007FFFF0007FFF8000401000004015C
:10B4600000000401000004010000040100000401C8
:10B470000000040100000401000007FFFFFE07FFB9
:10B48000FFFC0401000004010000040100000C01A5
:10B4900000001C0100000C03000004030000000178
:10B4A000000000000000000000000000000000009C
:10B4B0000000000040020000400200204004002084
:10B4C00040040020400800204018002040101020B8
:10B4D0004020182040600E2040C007A0438003A0F9
:10B4E000470000207C00003FF800003FC000002023
:10B4F000600000E0580003A046003E2043801C206E
:10B5000040C01820406000204070002040380020DB
:10B5100040180060401C0060C00C0020C00C0000FF
:10B5200040080000000000000000000000000000D3
:10B530000000000000000000000003FFFFFE03FF0A
:10B54000FFFC0100000020000100180801001E0897
:10B5500002000E080400000808000008100004089B
:10B5600060800408C040040B8040040E007007FF98
:10B57000FFE005FFFFC00488000004080000040885
:10B58000000004080008041800080408000C04085F
:10B59000000E07FFFFFE0FFFFFFC0400000000008D
:10B5A000000000000000000000000000000000019A
:10B5B000000000062000000C20000078200003C8D6
:10B5C00020003F0FFFF01D0FFFF811082030010889
:10B5D0002062010820C203186082010821040000D3
:10B5E000000408000004043FFF08071FFE0803D002
:10B5F000001000100030001000E03FF3FF801FF348
:10B60000FE00101100800050004000900040031028
:10B6100000200E3FFE300C1000380000001C00001F
:10B62000000E00000000000000000000000000000C
:10B630000000004020000040301000406008004042
:10B6400060080040400C0040C00E3FFFFFFC1FFFA1
:10B65000FFF0104180000041000000C1000000C266
:10B66000000000420000000000000000000000FF99
:10B67000FFFC00FFFFF800800040008000400080D9
:10B6800000400080004000800040008000400080BA
:10B69000004000FFFFFC01FFFFF8008000000000F9
:10B6A000000000000000000000000000000000009A
:10B6B000040001000800010010000100300001003A
:10B6C00060000100C0000103FFFE0103FFFC010E4A
:10B6D0000010011C00100170801003C080100F00CA
:10B6E00080103D00801011008010110080100100BA
:10B6F0008010017FFFF0013FFFF00100801001008A
:10B7000080100100801001008010010080100101F4
:10B710008010030180100300803001000030000021
:10B720000010000000000000000000000000000009
:10B730000000020000000200000002003FFE0200C4
:10B740001FFE0201100003FF900002FF9000028321
:10B7500010C0020310C0028511C0024512C0224968
:10B760001CC0324938801A31F0801E31D0800A71F5
:10B77000548002D9128002CD1380020F1180020181
:10B7800011C8030110E802FF900802FF900C0200AC
:10B79000100E02003FFC06001FF006000000020031
:10B7A0000000000000000000000000000000000099
:10B7B000000000040830000E0C3000341E3000E49D
:10B7C0003C200384EC201F0588601C070840080CFF
:10B7D00008400038104400F0504400D0508400105D
:10B7E0004088001080080010801000108030001089
:10B7F00080203FFFF060101FFFC0002087C00020A6
:10B8000083E0082107700C210E3806211C1C07E17B
:10B81000780C00E3300E0063101E002300FE0001D0
:10B820000002000000000000000000000000000016
:10B8300000000000000800000008000000080000F0
:10B8400000080000000800000008000000080000D8
:10B8500000080000000800000008000000080000C8
:10B8600000083FFFFFF81FFFFFF810040008000466
:10B870000008000400080004000800040008000498
:10B8800000080004000800040008000C0008000C78
:10B890000008000400080000001800000018000064
:10B8A0000008000000000000000000000000000090
:10B8B0000002000C000C00100030007FFFC001DF10
:10B8C000FC00071088003E108800121FFFF8123F8E
:10B8D000FFF002D088000390880403108806003F20
:10B8E000FFFC001000000004060008081A00081001
:10B8F00072000833C20008E342000FC242000E008B
:10B900004200082FFFFE0827FFFC08144200081819
:10B910004200083842001FF0C20008004600000044
:10B9200002000000000000000000080130022204B4
:10B93000227822042202A20263FE22222222222252
:10B940002222222228023002000000003FFC2108AF
:10B95000210821083FFC0000080008800860080258
:10B960000801FFFE080008000000000000000FF0C2
:10B970000820082008200820FFFF082008200820B1
:10B9800008200FF000000000000000404040404050
:10B9900040404040414141414140404040404040A2
:10B9A00040404040404040404040400502020202CA
:10B9B00002020202020202020202022020202020D1
:10B9C0002020202020020202020202029090909089
:10B9D0009090101010101010101010101010101067
:10B9E00010101010101002020202020288888888CB
:10B9F00088880808080808080808080808080808C7
:10BA00000808080808080202020240008BB9000872
:10BA100049535F4E5649435F5355425F5052494F19
:10BA200052495459284E5649435F496E69745374BC
:10BA3000727563742D3E4E5649435F4952514368B7
:10BA4000616E6E656C5375625072696F726974795C
:10BA50002900000049535F4E5649435F5052454507
:10BA60004D5054494F4E5F5052494F5249545928F6
:10BA70004E5649435F496E69745374727563742DF1
:10BA80003E4E5649435F4952514368616E6E656C44
:10BA9000507265656D7074696F6E5072696F72690E
:10BAA0007479290049535F55534152545F484152BC
:10BAB00044574152455F464C4F575F434F4E545297
:10BAC0004F4C2855534152545F496E6974537472F8
:10BAD0007563742D3E4861726477617265466C6F60
:10BAE00077436F6E74726F6C290000002E2E5C2EEF
:10BAF0002E5C2E2E5C32303235313233302D2DB269
:10BB0000BBB4F84C76676C5C4E33324734353752F1
:10BB1000454C375C6669726D776172655C6E333275
:10BB2000673435785F7374645F7065726970685FDD
:10BB30006472697665725C7372635C6E333267340B
:10BB400035785F657874692E6300000022443A35C9
:10BB5000336436303036332D363766322D34653621
:10BB6000352D613962662D323762313133653033BC
:10BB70003532303A53222C22303237306539306535
:10BB8000386163653762363365366335220D0A00E6
:10BB9000B0BB000800000020FC0200006A09000899
:10BBA00008BD0008FC0200206C660000008200084E
:10BBB000115028E1F50535336436303036332D36F3
:10BBC0003766322D346536352D613962662D323750
:10BBD00062313133653033353230024801036380DE
:10BBE000252808C1814001C0804104690C2908E969
:10BBF00018A91C091A30091638093660092E70096F
:10BC00002F6000FF00C0C101C30302C2C60607C700
:10BC100005C5C404CC0C0DCD0FCFCE0E0ACACB0B7C
:10BC2000C90908C8D81819D91BDBDA1A1EDEDF1FAC
:10BC3000DD1D1CDC14D4D515D71716D6D21213D39C
:10BC400011D1D010F03031F133F3F23236F6F7374C
:10BC5000F53534F43CFCFD3DFF3F3EFEFA3A3BFB3C
:10BC600039F9F83828E8E929EB2B2AEAEE2E2FEFEC
:10BC70002DEDEC2CE42425E527E7E62622E2E3235C
:10BC8000E12120E0A06061A163A3A26266A6A7678C
:10BC9000A56564A46CACAD6DAF6F6EAEAA6A6BABFC
:10BCA00069A9A86878B8B979BB7B7ABABE7E7FBF2C
:10BCB0007DBDBC7CB47475B577B7B67672B2B3731C
:10BCC000B17170B0509091519353529296565797CC
:10BCD000559594549C5C5D9D5F9F9E5E5A9A9B5BBC
:10BCE00099595898884849894B8B8A4A4E8E8F4F6C
:10BCF0008D4D4C8C448485458747468682424383DC
:08BD0000418180022240000095
:040000050800019955
:00000001FF
