:020000040800F2
:1000000048690020AD010008294600087D2D000840
:10001000013F000865110008F181000800000000A0
:10002000000000000000000000000000BF01000808
:100030006711000800000000C301000839620008D1
:10004000C7010008C7010008C7010008C701000870
:10005000C7010008C7010008C7010008C701000860
:10006000451A0008C7010008C7010008C7010008B9
:10007000C7010008C7010008C7010008C701000840
:10008000C7010008C7010008C7010008C701000830
:10009000C7010008C7010008C7010008C701000820
:1000A000C7010008C7010008C7010008C701000810
:1000B000C7010008C7010008C7010008C701000800
:1000C000C7010008C7010008C7010008C7010008F0
:1000D000C7010008C7010008BD75000815760008B3
:1000E000C7010008C7010008C7010008C7010008D0
:1000F000C7010008C7010008C7010008C7010008C0
:10010000C7010008C7010008C7010008C7010008AF
:100110009D750008C7010008DD6C0008C7010008D4
:10012000C7010008C7010008C7010008C70100088F
:10013000C7010008C7010008C7010008C70100087F
:10014000C7010008C7010008C7010008C70100086F
:10015000C7010008C7010008C7010008C70100085F
:10016000C7010008C7010008C7010008C70100084F
:10017000C7010008C7010008C7010008C70100083F
:10018000C7010008C7010008C7010008C70100082F
:10019000C7010008C7010008DFF80CD000F05AFBC7
:1001A00000480047619100084869002006488047E0
:1001B00006480047FEE7FEE7FEE7FEE7FEE7FEE74C
:1001C000FEE7FEE7FEE7FEE73D6200089901000852
:1001D00040EA01039B0703D009E008C9121F08C0C9
:1001E000042AFAD203E011F8013B00F8013B521E49
:1001F000F9D27047D2B201E000F8012B491EFBD2C0
:1002000070470022F6E710B513460A460446194621
:10021000FFF7F0FF204610BD30B505462A460B46D5
:1002200012F8010B13F8014B08B1A042F8D01CB131
:10023000002802D06D1CF1E7284630BDCAB2401E2E
:1002400010F8011F8A4202D00029F9D1002070471E
:10025000421C10F8011B0029FBD1801A704770B5B1
:10026000064608F037F8046805460A2200213046A1
:1002700000F015F92C6070BD2DE9FE4F81EA0304F2
:1002800004F0004421F0004100944FF0000B23F0F3
:10029000004350EA01045ED052EA03045BD0C3F38A
:1002A0000A54C1F30A552C44A4F2F3340194A0FB80
:1002B0000254C1F3130141F48011C3F3130343F457
:1002C000801301FB024400FB034E840A970A44EAB0
:1002D000815447EA8357A4FB076802958D0A05FB02
:1002E00007854FEA932C04FB0C542705029D4FEA27
:1002F000065847EA1637B5EB08056EEB070C870E74
:10030000920E47EA811742EA8312A7FB0201B6EB7D
:100310000B0164EB00042B0D43EA0C335E1844EB35
:100320001C50DA465146E7FB0201C5F313044FEABD
:100330000B3343EA14534FEA0432019C43EA0603A9
:10034000A4F10C040294009CCDE900B400F0EEF896
:1003500003B0BDE8F08F00200146F9E70EB5C10FEC
:1003600080EAE0700844CA07002140F233438DE878
:100370000E000A460B4600F0D9F803B000BD0EB5DA
:1003800040F2334102910021CDE900110A460B46AB
:1003900000F0CCF803B000BDC1F30A5210B5C1F3B0
:1003A000130140F2FF3341F480119A4201DA002038
:1003B00010BD40F233439A42A2F2334203DC524270
:1003C00000F05DF810BD904010BD00F0004230F02C
:1003D00000400AD0C10D01F56071C0F3160042EA79
:1003E0000151C20840071143704700200146704781
:1003F00030B50B46014600202022012409E021FAF5
:1004000002F59D4205D303FA02F5491B04FA02F5F1
:100410002844151EA2F10102F1DC30BD2DE9F05F88
:100420000546002092469B46884606468146402463
:100430001BE0284641464746224600F020F8534636
:100440005A46C01A914110D311461846224600F070
:1004500013FA2D1A67EB01084F46224601200021AE
:1004600000F00AFA17EB00094E41201EA4F1010426
:10047000DFDC484631462A464346BDE8F09F202A45
:1004800004DB203A21FA02F00021704721FA02F33E
:10049000D040C2F1200291400843194670472DE92F
:1004A000F04791460F4680460446002614F8015B4B
:1004B0002DB100F003FA0068405DC007F6D12B2D86
:1004C00002D02D2D18D0641E4A463946204600F031
:1004D000F9F927B13968A14201D1C7F80080710547
:1004E0004FF002040BD54042002803DD07F0F2FE76
:1004F0000460A007BDE8F08746F48066E4E70028C2
:10050000F8DA07F0E7FE04606FF00040F2E710B59C
:10051000141E73F1000408DA401C41F10001921826
:100520005B411A4301D120F0010010BD2DE9F04DCF
:1005300092469B4611B1B1FA81F202E0B0FA80F224
:100540002032904600F098F904460F4640EA0A002F
:1005500041EA0B0153465A46084313D0114653EA69
:10056000010019D0C8F140025046FFF788FF054648
:100570000E4650465946424600F07EF9084305D0E3
:10058000012004E020463946BDE8F08D00200543F7
:1005900046EAE0762C4337430A986305E40AA0EB69
:1005A00008000022FD0A44EA47540A3002D5002020
:1005B0000146E9E7010510196941DDE9084500191F
:1005C0006941BDE8F04DA2E72DE9FE4F804681EA82
:1005D0000300C00F0C46009021F0004123F00045BD
:1005E000B8EB0200A94105D24046214690461C4680
:1005F0000B46024623F00040104347D0270DC7F3B7
:100600000A00C3F30A510290401A019040286BDAA5
:10061000C3F3130040F4801B0098924620B10023DE
:10062000D2EB030A63EB0B0B01985946C0F1400271
:10063000504600F021F906460D4650465946019AAB
:1006400000F029F910EB08006141002487EA1152FB
:1006500084EAE7731A4340D0009A62B3019A012AF0
:100660004FEA075215DC001B61EB02014FF000421C
:1006700002EA0752CDE90042001C41F580113246E2
:100680002B46FFF753FF03B0BDE8F08F40462146ED
:10069000F9E7001B61EB0201001C41F58013001813
:1006A0005B412018A2F5001747EB030140EAD57023
:1006B000B6196D4111E06D084FEA360645EAC0757E
:1006C0004FEA0752001B61EB0201001C41F580114B
:1006D00049084FEA30000019514132462B4603B019
:1006E000BDE8F04FFFF713BF009801224000002340
:1006F000D0EB020263EBE073009821464FEAE0740E
:10070000B8EB000061EB0401E9E783F000435BE72D
:1007100081F0004158E72DE9F04D81EA030404F02F
:10072000004B21F0004514464FF0000A23F0004131
:1007300050EA050220D054EA01021DD0C5F30A5741
:100740000246C5F31303C1F31300C1F30A5640F484
:10075000801543F48013A7EB0608101BD64608F259
:10076000FD3873EB050002D308F1010801E092188F
:100770005B41B8F1000F03DA00200146BDE8F08DBF
:1007800000204FF48011064684460EE0171B73EBE1
:10079000050705D3121B63EB050306434CEA010C66
:1007A00049084FEA300092185B4150EA0107EDD149
:1007B00052EA030012D082EA040083EA05010843EA
:1007C00005D0101BAB4106D20122002306E0002217
:1007D0004FF0004302E06FF0010253101AEB0600E5
:1007E0004CEB085110EB0A0041EB0B01BDE8F04D5A
:1007F000FFF78DBEC1F30A52C1F3130140F2FF337C
:1008000041F480119A4202DA00200146704740F21A
:1008100033439A42A2F2334202DC5242FFF72FBE28
:1008200000F02AB830B5041E71F1000404DB4FF06B
:100830000044404264EB0101141E73F1000405DB27
:100840001C464FF00043524263EB0403994208BF39
:10085000904230BD064C074D06E0E06840F00103D1
:1008600094E8070098471034AC42F6D3FFF798FCA1
:1008700024BC000844BC0008202A04DB203A00FA0B
:1008800002F1002070479140C2F1200320FA03F3E7
:10089000194390407047202A06DBCB17203A41FAD3
:1008A00002F043EAE07306E041FA02F3D040C2F1FD
:1008B00020029140084319467047000000487047E5
:1008C000E4BA00082DE9F05F82460078002715465B
:1008D0008B460AF10104B946302801D09DB113E0DE
:1008E00014F8010B0127782803D0582801D045B10E
:1008F0000AE00DB1102D07D10027102514F8010BC7
:1009000002E0082500E00A250026B0460EE005FBBF
:10091000080005FB06F1012701EB10461FFA80F8DD
:10092000B6F5803F00D3B94614F8010B294600F014
:1009300018F80028EBDABBF1000F05D00FB1641EE8
:1009400000E05446CBF80040B9F1000F06D007F0A4
:10095000C1FC02210160C81EBDE8F09F48EA0640C4
:10096000FAE73A2800D2303820F02002412A01D399
:10097000A2F13700884201D34FF0FF30704770B5C5
:100980008C1810F8015B15F0070301D110F8013B3A
:100990002A1106D110F8012B03E010F8016B01F8C1
:1009A000016B5B1EF9D12B0705D40023521E0DD419
:1009B00001F8013BFAE710F8013BCB1A921C03E067
:1009C00013F8015B01F8015B521EF9D5A142D8D39F
:1009D000002070BDF8B54FF40050ADF800001025B0
:1009E0000E4E8DF8035001248DF8024069463046C2
:1009F00001F020FF2103ADF800108DF803508DF8B1
:100A000002406946304601F015FF6103304602F0AE
:100A100025F92103304602F021F9F8BD000C014010
:100A200070B5C0F307110E2202EAD10200F00F00E8
:100A300001F00F0142F0A00440EA011502F05AFB58
:100A400004F0FE0002F018FB02F0A2FB284602F0C0
:100A500013FB02F09DFB02F04DFB44F0010002F09D
:100A60000BFB02F095FB002002F088FA044602F02E
:100A70006BFB44F6206008F025F9204670BD70B588
:100A800002460E46C0F307100E2101EAD00102F023
:100A90000F0200F00F0041F0A00442EA001502F03E
:100AA00029FB204602F0E8FA02F072FB284602F029
:100AB000E3FA02F06DFB304602F0DEFA02F068FB6A
:100AC00002F042FBBDE8704044F6206008F0FAB83E
:100AD00070B51D4C0025607B10B1012813D010E0CB
:100AE0002079401C207103F089FD0C2117A007F02C
:100AF00063FB64216570194A0F2007F0A5FB0120F4
:100B00006073002070BD03F06DFD002808BF70BD4C
:100B1000134E306804F00CFA01461248326801F0B6
:100B200089FA11A10F48FFF777FB00281EBF6573F4
:100B3000012070BD20790A2898BF6573E1D925711D
:100B40006573022070BD00003C00002041542B5111
:100B5000494143543D310D0A000000001D46000884
:100B600038000020001100204F4B00000146064ACB
:100B700009780020135C994208BF7047401CC0B23E
:100B80000A28F7D370470000BE9200082DE9F00153
:100B90004FF0000C002A88BF154C24D911F81C60B6
:100BA000002314F80380464504BF1D072D0E5B1C6F
:100BB000DBB2102BF5D301EB4C060023767814F84A
:100BC0000380464508BF03F00F075B1CDBB2102B08
:100BD000F5D345EA070300F80C300CF101031FFAC6
:100BE00083FC9445DAD3BDE8F0015008704700005B
:100BF000BE92000838B5044600200090042C18BFAF
:100C0000082C54D00C2C18BF102C50D0142C18BF0A
:100C1000182C4CD01C2C18BF202C48D0242C18BFCA
:100C2000282C44D0402C18BF442C40D0482C18BF4E
:100C30004C2C3CD0502C18BF542C38D0582C18BFFA
:100C40005C2C34D0602C18BF642C30D0682C18BFBA
:100C50006C2C2CD0702C18BF742C28D0782C18BF7A
:100C60007C2C24D0802C18BF842C20D0882C18BF3A
:100C70008C2C1CD0902C18BF942C18D0982C18BFFA
:100C80009C2C14D0A02C18BFA42C10D0A82C18BFBA
:100C9000AC2C0CD0B02C18BFB42C08D0B82C18BF7A
:100CA000BC2C04D0C62205A112A007F075FF04F1E8
:100CB000804000F5D8400090008838BD2E2E5C663C
:100CC00069726D776172655C6E3332673435785F57
:100CD0007374645F7065726970685F647269766569
:100CE000725C7372635C6E3332673435785F626B4B
:100CF000702E630049535F424B505F444154284279
:100D00004B505F444154290038B5044600200D463D
:100D10000090042C18BF082C54D00C2C18BF102C99
:100D200050D0142C18BF182C4CD01C2C18BF202CC1
:100D300048D0242C18BF282C44D0402C18BF442C59
:100D400040D0482C18BF4C2C3CD0502C18BF542CF1
:100D500038D0582C18BF5C2C34D0602C18BF642CB1
:100D600030D0682C18BF6C2C2CD0702C18BF742C71
:100D700028D0782C18BF7C2C24D0802C18BF842C31
:100D800020D0882C18BF8C2C1CD0902C18BF942CF1
:100D900018D0982C18BF9C2C14D0A02C18BFA42CB1
:100DA00010D0A82C18BFAC2C0CD0B02C18BFB42C71
:100DB00008D0B82C18BFBC2C04D0B32205A113A0B6
:100DC00007F0EAFE04F1804000F5D840009005608D
:100DD00038BD00002E2E5C6669726D776172655CAD
:100DE0006E3332673435785F7374645F706572692F
:100DF00070685F6472697665725C7372635C6E338F
:100E000032673435785F626B702E630049535F42FE
:100E10004B505F44415428424B505F444154290099
:100E20002DE9F0415C4C8188A1808179A171B0F8F5
:100E300001102180C178A170B0F807102181417A9A
:100E4000A1724189A181017BA173B0F80D102182AB
:100E5000C17BA174018AA182817CA175B0F81310B5
:100E60002183407DA0766068FFF789FA9FED4C1BD7
:100E700053EC112BFFF700FAFFF78EFA04F11C0573
:100E800086B22E802068FFF77AFA9FED471B53EC5D
:100E9000112BFFF7F1F9FFF77FFA07466860E0686A
:100EA000B0F5000F03DBC043401CC0F31600FFF792
:100EB00055FA9FED3F1B53EC112BFFF7DDF9FFF7C0
:100EC0006BFA80B200EE100A28813D4BB8EE401A52
:100ED00000EE106AB8EE400AC1EE000A00EE107A89
:100EE000B8EE400A80EE801A9FED330A61EE000AE8
:100EF0009FED320A60EE800AFCEEE00A10EE900AE6
:100F00002874206959680844586019469A68C96865
:100F1000904203D3821A1144D96006E06FF07F4CEF
:100F2000ACEB020202441144D9600022C3E9012063
:100F30000D291AD300EE901A9FED221AE968F8EEF7
:100F4000600A60EE810A20EE800ABCEEC00A10EE54
:100F5000100A0844E860010C0820DA6003F0C8FABF
:100F6000A88981B2092003F0C3FA2988042003F07C
:100F7000BFFA15496868A1FB0010C0F3CF01052036
:100F800003F0B6FA2989072003F0B2FA297CBDE8FC
:100F9000F041062003F0ACBA200C00200000000055
:100FA0009FE74A621B81103FCD2D44350B4E903F89
:100FB00056B7DD7835487A3F0000C84200007A44D1
:100FC00028000020EDF8433ACDCCCCCC08B507A0E2
:100FD0000068009006480178012918BF08BD00216B
:100FE00001700221684607F051F808BD58AA0000B8
:100FF00028000020084808B50068009007480178DC
:10100000012905D1002101700221684607F03EF850
:10101000BDE8084007F056B8EC0F00082800002093
:1010200038B50220ADF8000010208DF80300012033
:10103000104C8DF802006946204601F0FBFB0221AE
:10104000204601F0A1FD0221204601F007FE4FF4E9
:10105000FA7007F02BFE0221204601F095FD40F6C4
:10106000B83007F023FE044A4FF47A71042007F0E9
:10107000EBF838BD00080140F95E000838B507F00C
:1010800045FE07F0C7F80124ADF8004010258DF8A3
:1010900003508DF802406946224801F0CBFB224AFA
:1010A0001E21022007F0D0F803F02AFF07F024FFEA
:1010B00007F05EFE07F0DEFE03F0B7FA04F07EFFF5
:1010C000FFF7AEFF07F0F6FF2003ADF800008DF844
:1010D0000350164D8DF802406946284601F0AAFBE0
:1010E0002103284601F050FDADF8004048218DF85D
:1010F00003106946284601F09DFB05F01DFA04F037
:1011000037FF04F0C7F9FFF765FC00F099FE02F025
:10111000A1FB07F081FF05F0D5FDBDE8384004A034
:1011200007F0B4B800100140DD19000800080140C4
:1011300048656C6C6F20576F726C64210D0A00005B
:10114000074910B50120487002F04EFCFFF752FF2E
:1011500007F0AEFF06F0ACF9BDE8104000F05FBF4D
:1011600016000020FEE7704770B584B000254CF2F1
:10117000186420B301281CBF04B070BD1026CDE94F
:1011800000464FF61F0300220C21D820029505F0DF
:10119000C5FBCDE900464FF61F0301220C21E820D4
:1011A000029505F0BBFBCDE900464FF61F03022276
:1011B0000C21F820029505F0B1FB04B070BD182099
:1011C000CDE90040002304A20C210295D82005F0AF
:1011D0001DFD04B070BD0000202020200000000094
:1011E00070B5002484B020254CF21866E8B10128BF
:1011F0001CBF04B070BD012002F0DEFB0096CDE9FB
:1012000001544FF478431422C021E02005F086FBFE
:101210000096CDE901544FF478430F22C0214FF4DA
:10122000807005F07BFB04B070BD002002F0C4FBB1
:101230000096CDE901544FF4FC631522C021E02053
:1012400005F06CFB0096CDE901544FF4FC630F22CE
:10125000C0214FF4807005F061FB04B070BD70B523
:10126000002484B020254CF21866E0B101281CBF90
:1012700004B070BD012002F0ABFB0096CDE9015433
:101280004FF4FC6311224021E02005F047FB00965B
:10129000CDE9015440214FF4FC631322880005F08E
:1012A0003DFB04B070BD002002F092FB0096CDE93A
:1012B00001544FF4784312224021E02005F02EFB28
:1012C0000096CDE9015440214FF478431322880061
:1012D00005F024FB04B070BD70B5002484B0202557
:1012E0004CF21866E0B101281CBF04B070BD0120AB
:1012F00002F0A8FB0096CDE901544FF4FC630B22E9
:10130000C021582005F00AFB0096CDE901544FF4A6
:10131000FC630C22C021782005F000FB04B070BDF6
:10132000002002F08FFB0096CDE901544FF4784382
:101330000D22C021582005F0F1FA0096CDE90154A4
:101340004FF478430E22C021782005F0E7FA04B06C
:1013500070BD000000000000F0B5834A18252DED97
:10136000028B87B05078814F401CC0B20024804966
:1013700050704CF21866072880F0EE80DFE800F02D
:10138000EC041E2F3C6D7500CDE9004602953A88AD
:1013900004230821002005F0DFFBCDE9004602957B
:1013A000BA78022308213C2005F0D6FBCDE900469F
:1013B000029502230821FA78602017E0CDE9004663
:1013C00002953A7902230821842005F0C5FBCDE976
:1013D00000460295022308217A79A82006E0CDE98B
:1013E000004602950A88042340213CE005F0B4FB46
:1013F00007B0BDEC028BF0BD4868642820D300EE36
:10140000100AB8EE400ADFED5B0A20EE200A10EE6B
:10141000100AFEF7DAFF41EC100B57A153EC102B2A
:1014200006A806F043FF0096CDE90154002306AA62
:101430006021642005F0EAFB07B0BDEC028BF0BD33
:101440000096CDE9015400234DA26021642005F0EF
:10145000DDFB07B0BDEC028BF0BDCDE90046029587
:101460000A89062380215820C0E7C868002866D072
:101470004449A1FB002149096FF01802514310EBC8
:1014800081019FED418B24D04149A1FB0021C90876
:10149000494201EB810110EB410135D0FEF76FFFAE
:1014A00053EC182BFEF7E8FE41EC100B39A153EC7E
:1014B000102B03A806F0FAFE0096CDE90154002394
:1014C00003AAA021642005F0A1FB07B0BDEC028BAC
:1014D000F0BDFEF754FF53EC182BFEF7CDFE41ECA8
:1014E000100B25A153EC102B03A806F0DFFE00968D
:1014F000CDE90154002303AAA021642005F086FB56
:1015000007B0BDEC028BF0BDFEF739FF53EC182B92
:10151000FEF7B2FE41EC100B20A153EC102B03A8F8
:1015200006F0C4FE0096CDE90154002303AAA021D1
:10153000642005F06BFB07B0BDEC028BF0BD00969C
:10154000CDE9015400230EA2A021642005F05EFB2A
:1015500007B0BDEC028BF0BD547007B0BDEC028B40
:10156000F0BD000000000000550000202000002019
:101570003C0C00206F12833A252E316600000000DB
:10158000300000001F85EB51FCA9F1D24D62503FA5
:10159000CDCCCCCC252E336600000000252E326643
:1015A00000000000000000002DE9F0412DED028B4D
:1015B00088B04CF218640021F0234FF4A072084662
:1015C000009404F092FF4FF47840302300904FF4E1
:1015D000A0721946002004F029FF0025EA4FCDE94A
:1015E0000054182602963A8804230821284605F05C
:1015F000B3FACDE900460023E4A208213020029589
:1016000005F004FBCDE900540296BA7802230821C4
:101610003C2005F0A1FACDE900460023DBA2082119
:101620005420029505F0F2FACDE900540296FA78BA
:1016300002230821602005F08FFACDE900540296BC
:101640003A7902230821842005F086FACDE9004684
:101650000023CFA208219C20029505F0D7FACDE9FE
:10166000005402967A7902230821A82005F074FA22
:10167000042002F00BFFFFF777FDCDE900460023C1
:10168000C4A208214FF49170029505F0BFFA2027FB
:101690000023CDE900471A4640211846029505F07F
:1016A0003DF9CDE900470023012240212020029589
:1016B00005F034F9CDE9004640210023B4A20846E4
:1016C000029505F0A3FADFF8D082CDE90054029626
:1016D000B8F8002004234021582005F03DFACDE958
:1016E00000460023ADA24021A020029505F08EFA0D
:1016F000CDE900474FF4784312224021E0200295C3
:1017000005F00CF9CDE9004740214FF4784313224E
:101710008800029505F002F90023CDE900471A463A
:1017200060211846029505F0F9F8CDE9004700233D
:10173000022260212020029505F0F0F8CDE9004654
:10174000002393A260214020029505F05FFAD8F8AB
:10175000040064281DD300EE100AB8EE400ADFED45
:10176000900A20EE200A10EE100AFEF72EFE41EC41
:10177000100B8CA153EC102B06A806F097FDCDE9B9
:101780000046002306AA60216420029505F03EFA77
:1017900008E0CDE90046002384A260216420029580
:1017A00005F034FACDE90046002341226021A02053
:1017B000029505F02BF9CDE9004700230322802193
:1017C0001846029505F0AAF8CDE900470023042247
:1017D00080212020029505F0A1F8CDE900460023E4
:1017E0006BA280214020029505F010FACDE900544B
:1017F0000296B8F8082006238021582005F0ACF99D
:10180000CDE9004600236AA28021D020029505F090
:10181000FDF9CDE9004700230722A02118460295D3
:1018200005F07CF8CDE9004700230822A021202004
:10183000029505F073F8CDE90046002354A2A021DB
:101840004020029505F0E2F9D8F80C0000285DD0A0
:101850005849A1FB002149096FF01802514310EBD0
:1018600081019FED558B21D05549A1FB0021C9086D
:10187000494201EB810110EB41012FD0FEF77FFDC2
:1018800053EC182BFEF7F8FC41EC100B4DA153EC78
:10189000102B03A806F00AFDCDE90046002303AA99
:1018A000A0216420029505F0B1F938E0FEF767FD4C
:1018B00053EC182BFEF7E0FC41EC100B39A153EC74
:1018C000102B03A806F0F2FCCDE90046002303AA82
:1018D000A0216420029505F099F920E0FEF74FFD64
:1018E00053EC182BFEF7C8FC41EC100B37A153EC5E
:1018F000102B03A806F0DAFCCDE90046002303AA6A
:10190000A0216420029505F081F908E0CDE90046A8
:10191000002326A2A0216420029505F077F9CDE9E5
:10192000004600232BA2A0214FF48070029505F001
:101930006DF9CDE9004700230922C0211846029520
:1019400004F0ECFFCDE9004700230A22C02120204B
:10195000029504F0E3FFCDE9004600230CA2C0216C
:101960004020029505F052F9012002F08FFDFFF7AB
:10197000B3FC022002F08AFDFFF732FC08B0BDEC98
:10198000028BBDE8F0810000200000202F00000045
:101990003A000000344700003C0C002056000000D4
:1019A0006F12833A252E31660000000030000000DF
:1019B000570000001F85EB51FCA9F1D24D62503F4A
:1019C000CDCCCCCC252E336600000000252E32660F
:1019D000000000004B572F480000000010B5174CC6
:1019E000E07868B12179164800294FF0010102D052
:1019F00001F034F901E001F0C7F82079C04320710B
:101A000020890021B0F57A7F28BF21810CD2401CAB
:101A10000004000C208107D0A0F54072E73A02BF15
:101A200060780028E17000E06170AFF24F021E2183
:101A3000BDE81040022006F007BC000016000020A0
:101A40000010014010B5042000F028F8002808BF5D
:101A500010BD07F0DBFABDE810400420AFF30080B2
:101A600010B50446800D00D12CB940F20112034993
:101A700003A007F091F80848046010BDC4BB00083B
:101A800049535F455854495F4C494E452845585481
:101A9000495F4C696E6529001404014070B500254A
:101AA0000446012818BF022C3AD0042C18BF082C79
:101AB00036D0102C18BF202C32D0402C18BF802CD0
:101AC0002ED0B4F5807F18BFB4F5007F28D0B4F5D0
:101AD000806F18BFB4F5006F22D0B4F5805F18BFD7
:101AE000B4F5005F1CD0B4F5804F18BFB4F5004FBB
:101AF00016D0B4F5803F18BFB4F5003F10D0B4F550
:101B0000802F18BFB4F5002F0AD0B4F5801F18BF7E
:101B1000B4F5001F04D0EB22074908A007F03CF8F9
:101B20000D4800680D492040096821421CBF00286B
:101B30000125284670BD0000C4BB000849535F471B
:101B400045545F455854495F4C494E4528455854C3
:101B5000495F4C696E65290000040140140401408E
:101B600010B504460079002818BF042804D0732259
:101B70002F4930A007F010F8607908281CBF0C2806
:101B8000102804D074222A4935A007F005F82068EF
:101B9000810D00D120B9752225493DA006F0FCFF3A
:101BA000A079002818BF012804D07622204943A03C
:101BB00006F0F2FFA1794E48002930D00168226872
:101BC00091430160001D0168226891430160207902
:101BD00000F1804000F58230016822681143016005
:101BE000444908682268904308600A1D1068236809
:101BF000984310606079102808D000F1804000F50B
:101C00008230016822681143016010BD08682368B2
:101C100018430860106821680843106010BD2079DF
:101C200000F1804000F58230016822689143EBE7C3
:101C3000C4BB000849535F455854495F4D4F444564
:101C400028455854495F496E6974537472756374BA
:101C50002D3E455854495F4D6F64652900000000D2
:101C600049535F455854495F5452494747455228A4
:101C7000455854495F496E69745374727563742D85
:101C80003E455854495F5472696767657229000080
:101C900049535F455854495F4C494E45284558546F
:101CA000495F496E69745374727563742D3E45586B
:101CB00054495F4C696E65290000000049535F4636
:101CC000554E4354494F4E414C5F5354415445285F
:101CD000455854495F496E69745374727563742D25
:101CE0003E455854495F4C696E65436D6429000058
:101CF0000004014008040140001DFEF7C0BE2DE9AC
:101D0000F0475FEA010807464FF000041ABF4FF0A2
:101D100017094FF0180ABDE8F087E519E8B202F09C
:101D2000CBFB010A3E1909EB4600FEF7A8FEE8B21C
:101D300002F0C2FBC1B20AEB4600FEF7A0FE601C37
:101D4000C4B2A045E9D8BDE8F08710B5002117203E
:101D5000FEF795FE01211820FEF791FE00211920C3
:101D6000FEF78DFE00211A20FEF789FE25211B209B
:101D7000FEF785FE80211C20FEF781FE01211D203B
:101D8000FEF77DFE0E211E20FEF779FE00211F20AA
:101D9000FEF775FEB4212020FEF771FE1F212120E1
:101DA000FEF76DFE40212220FEF769FE0021232070
:101DB000FEF765FE1E212420FEF761FE002125208E
:101DC000FEF75DFE50212620FEF759FE4421272014
:101DD000FEF755FEC0212820FEF751FE00212920E4
:101DE000FEF74DFE3F212A20FEF749FE002131205B
:101DF000FEF745FE02213220FEF741FE002133208E
:101E0000FEF73DFEFF213420FEF739FE002135208C
:101E1000FEF735FE00213620FEF731FE0021372087
:101E2000FEF72DFE7F213820FEF729FE17213920ED
:101E3000FEF725FE3B21BDE810403A20FEF71FBE0D
:101E4000F8B500246D462046FEF7EAFD2855601CD3
:101E5000C4B2042CF7D39DF8000018251726A1283A
:101E600004BF9DF80100582807D19DF802005928A9
:101E700004BF9DF80300A22841D0A1210020FEF755
:101E8000FEFD58210120FEF7FAFD59210220FEF740
:101E9000F6FDA2210320FEF7F2FD00218F20FEF7C0
:101EA000EEFD00219020FEF7EAFD00219120FEF7D3
:101EB000E6FD00219220FEF7E2FD00F079F8002116
:101EC0000420FEF7DCFD01210520FEF7D8FD0021EE
:101ED0000620FEF7D4FD01210720FEF7D0FD0021EA
:101EE0000820FEF7CCFDFFF730FF00F061F800247A
:101EF000201DFEF795FD012833D088B33AE000F0AD
:101F000057F80024201DFEF78BFD012801D028B1D1
:101F100008E00121204602F0D5FA03E00021204626
:101F200002F0D0FA601CC4B2052CEBD3012002F001
:101F3000ADFA03F0EDFF002405EB4400FEF770FD61
:101F4000074606EB4400FEF76BFD07EB002081B26D
:101F5000204602F0D3FA601CC4B2212CECD3F8BDA9
:101F600004E00121204602F0ADFA03E00021204602
:101F700002F0A8FA601CC4B2052CB9D3012002F00B
:101F800085FA03F0C5FF002405EB4400FEF748FD89
:101F9000074606EB4400FEF743FD07EB002081B245
:101FA000204602F0ABFA601CC4B2212CECD3F8BD81
:101FB00010B58F20FEF734FD04069020FEF730FDAB
:101FC00004EB00449120FEF72BFD04EB002492204B
:101FD000FEF726FD2044064C010CE060082002F0CC
:101FE00087FAA089BDE8104081B2092002F080BACA
:101FF0003C0C002010B500218F20FEF740FD002191
:102000009020FEF73CFD00219120FEF738FD0021D5
:102010009220FEF734FDBDE81040FFF7C9BF10B5B0
:1020200002F0F2FC01F026FD02F01CFCBDE81040BD
:1020300002F086BC0023002998BF7047F0B4002648
:10204000D2E902C4644508BF34460BD01468556811
:1020500014F80C400CF1010C9CFBF5F705FB17CCB8
:10206000C2F808C0C4545B1C8B42E9D3F0BC704773
:1020700070B50C46050018BF012D0ED0022D18BFFB
:10208000032D0AD0042D1CBF052D062D05D040F2CE
:1020900047321FA12DA006F07FFD002C18BF012C98
:1020A00021D0022C18BF032C1DD0042C18BF052CE6
:1020B00019D0062C18BF072C15D0082C18BF092CD6
:1020C00011D00A2C18BF0B2C0DD00C2C18BF0D2CC6
:1020D00009D00E2C18BF0F2C05D04FF452720CA152
:1020E00024A006F059FDA007010F0F2000FA01F20D
:1020F00024F0030000F1804000F58030836823EA7B
:1021000002028260826805FA01F11143816070BDAC
:102110002E2E5C6669726D776172655C6E33326714
:102120003435785F7374645F7065726970685F647A
:1021300072697665725C7372635C6E3332673435D4
:10214000785F6770696F2E630000000049535F4736
:1021500050494F5F455854495F504F52545F534F59
:102160005552434528506F7274536F7572636529D9
:102170000000000049535F4750494F5F50494E5F90
:10218000534F555243452850696E536F75726365BE
:102190002900000070B50D460446012818BF022C26
:1021A00000F0E081042C18BF082C00F0DB81A4F5BE
:1021B000A01010381CBFA4F5A010B0F1300000F042
:1021C000D181A4F5B01040381CBFA4F5B010B0F117
:1021D000C00000F0C781A4F5C010B0F580701CBF2E
:1021E000A4F5C010B0F5007000F0BC81A4F5C010DB
:1021F000B0F540701CBFA4F5C010B0F5023000F07F
:10220000B181A4F5C010B0F5033018BFB4F5805FFC
:1022100000F0A881B4F5E91F18BFB4F5EA1F00F07B
:10222000A181B4F5EB1F18BFB4F5004F00F09A81FF
:102230006FF40010C4421CBFA4F50010B0F10200FE
:1022400000F09081A4F50010001F1CBFA4F5001041
:10225000B0F1080000F08681A4F5001010381CBF12
:10226000A4F54010B0F5807000F07C81A4F540101A
:10227000B0F500701CBFA4F54010B0F5806000F010
:102280007181FB4884421CBF6FF08040C44200F063
:102290006981F84884421CBFF748844200F062819B
:1022A000F64884421CBFF648844200F05B81F54842
:1022B00084421CBFF448844200F05481F3488442B5
:1022C0001CBFF348844200F04D81F24884421CBF99
:1022D000F148844200F04681F04884421CBFF04837
:1022E000844200F03F81A4F18040B0F5F2101CBFA1
:1022F000A4F18040B0F5F41000F03481A4F18040E6
:10230000B0F5F6101CBFE748844200F02B81E64888
:1023100084421CBFE548844200F02481A4F180403F
:10232000B0F190701CBFE248844200F01B81E1488C
:1023300084421CBFA4F18040B0F1846000F012819F
:10234000DD4884421CBFDD48844200F00B81DC483C
:1023500084421CBFDB48844200F00481DA48844296
:102360001CBFDA48844200F0FD80D94884421CBF7B
:10237000D848844200F0F680D74884421CBFD74832
:10238000844200F0EF80D64884421CBFD548844286
:1023900000F0E880D44884421CBFD448844200F056
:1023A000E180A4F18040B0F579101CBFA4F1804019
:1023B000B0F57B107ED0CE4884421CBFCD4884420D
:1023C00078D0CD4884421CBFCC48844272D0CC48DF
:1023D00084421CBFCB4884426CD0CB4884421CBF93
:1023E000CA48844266D0CA4884421CBFC948844255
:1023F00060D0C94884421CBFC84884425AD0C848EB
:1024000084421CBFC748844254D0C74884421CBF82
:10241000A4F10050B0F580504CD0A4F10050B0F5BC
:1024200080401CBFA4F10050B0F5004042D0BF482E
:1024300084421CBFBE4884423CD0BE4884421CBF7C
:10244000BD48844236D0BD4884421CBFBC4884424B
:1024500030D0BC4884421CBFBB4884422AD0BB4811
:1024600084421CBFBA4884427CD0A4F50010803856
:102470001CBFA4F5B010B0F1800073D0A4F181505E
:1024800080381CBFA4F18150B0F140006AD0A4F1A3
:10249000815020381CBFA4F18150B0F1100061D0F0
:1024A000A4F1815008381CBFA4F18150B0F10400A0
:1024B00058D000E056E0A4F18150801E1CBF6FF0A0
:1024C0008150C4424ED0A4F18050B0F500401CBFF2
:1024D000A4F18050B0F5804044D0A4F18050B0F514
:1024E000005018BFB4F1102F3CD0A4F18050B0F5CB
:1024F00000601CBFA4F18050B0F5806032D0A4F120
:102500008050B0F500701CBFA4F18050B0F5807011
:1025100028D0A4F1805080381CBFA4F18050B0F1C5
:1025200040001FD0A4F1805020381CBFA4F180507F
:10253000B0F1100016D0A4F1805008381CBFA4F1EF
:102540008050B0F104000DD0A4F18050801E1CBF5B
:102550006FF08050C44205D040F27A227DA18CA059
:1025600006F01AFB002D18BF012D05D040F27B228A
:1025700078A18DA006F010FB924A14F0004F18BF0E
:10258000D0691ED090491FFA84FC04EA0106C4F306
:1025900040510B01A1B29940B6F5401F21D014F46F
:1025A000801F24D014F4001F4FF00303C4F303462C
:1025B00003FA06F318BF1B04984314F0E04F52D1FE
:1025C0001EE114F0804F18BF106ADBD114F0005FD9
:1025D00018BF506AD6D114F0805F14BF906A50685B
:1025E000D0E7536820F0706023F07063FAE014F0D5
:1025F000807F25D014F0040F1AD014F0007F20EA59
:1026000001000ED035B1536843F0010343F070630D
:102610005360F8E0516821F0010141F070615160B0
:10262000F2E0536823F0010343F070635360E9E084
:102630004CF0040C0CFA03F39843002DEAD0E2E7C7
:1026400014F0806F11D014F0080F0FD014F0007F39
:1026500020EA01000BD03DB1536843F0080343F07A
:1026600070635360CFE0CDE0B0E0C5E0BCE0B4E023
:1026700000040080020011400600114020001440B8
:102680003000144040001640C000164000021840C0
:102690000003184000041A40000C1A4000101C40AF
:1026A00000301C4001003040020030400300304048
:1026B0000400204104002043080020440800204674
:1026C0001000344020003440300034404000364098
:1026D00080003640C00036400002384000033840D9
:1026E00000043A40000C3A4000103C4000303C40AE
:1026F000010010200200102003001020040012200E
:10270000080012200C0012201000142030001420A9
:1027100040001620C00016200001182000021820DA
:102720000003182000041A20000C1A2001002020A9
:102730000200202004002020080020201000342067
:102740003000342040002020800020200001202084
:10275000000220202E2E5C6669726D776172655CC6
:102760006E3332673435785F7374645F7065726995
:1027700070685F6472697665725C7372635C6E33F5
:1027800032673435785F6770696F2E630000000030
:1027900049535F4750494F5F52454D415028526D54
:1027A0007050696E2900000049535F46554E4354EE
:1027B000494F4E414C5F535441544528436D642961
:1027C000000000000000014000003070516821F05E
:1027D000080141F07061516016E0536823F008036E
:1027E00043F0706353600DE04CF0080C0CFA03F3F7
:1027F0009843002DEAD02FE7884314F0E04F01D131
:1028000040F0706005B1084314F0004F1CBFD06168
:1028100070BD14F0804F1CBF106270BD14F0005FDB
:102820001CBF506270BD14F0805F14BF9062506096
:1028300070BD00002DE9F04104460026A0F1804063
:102840000D46B0F584301CBFA4F18040B0F5863051
:102850001CD0A4F18040B0F588301CBFA4F18040AA
:10286000B0F58A3012D0A4F18040B0F58C301FBF93
:10287000A4F18040B0F58E30A4F18040B0F59030E6
:1028800004D0BE223FA14EA006F086F9E8780028C9
:1028900018BF042810D0282818BF48280CD01428A6
:1028A00018BF102808D01C2818BF182804D0BF2231
:1028B00034A14AA006F070F9288820B9C02231A1BD
:1028C00051A006F069F9E87800F00F0710F0100F3A
:1028D0000FD0A878002818BF022808D0012818BFF8
:1028E000032804D0C72227A150A006F055F9A878E4
:1028F000074328784FF00F0C10F0FF0F4FF0010343
:1029000018BF216819D02A8803FA06F002408242D3
:102910000FD1B2000CFA02F821EA080107FA02F21C
:102920001143EA78282A08BF606102D0482A08BF0C
:102930002061761C082EE6D321602888FF2886BFF8
:1029400062680020BDE8F08100F108012E8803FADA
:1029500001F10E408E420FD186000CFA06F822EAF1
:10296000080207FA06F63243EE78282E08BF6161A6
:10297000EE78482E08BF2161401C0828E4D362602D
:10298000BDE8F0812E2E5C6669726D776172655CC0
:102990006E3332673435785F7374645F7065726963
:1029A00070685F6472697665725C7372635C6E33C3
:1029B00032673435785F6770696F2E6300000000FE
:1029C00049535F4750494F5F414C4C5F5045524916
:1029D0005048284750494F782900000049535F4725
:1029E00050494F5F4D4F4445284750494F5F496E0E
:1029F00069745374727563742D3E4750494F5F4D2F
:102A00006F6465290000000049535F4750494F5FDC
:102A100050494E284750494F5F496E69745374724C
:102A20007563742D3E50696E2900000049535F475D
:102A300050494F5F5350454544284750494F5F49DF
:102A40006E69745374727563742D3E4750494F5FBD
:102A5000537065656429000070B505460026A0F135
:102A600080400C46B0F584301CBFA5F18040B0F525
:102A700086301DD0A5F18040B0F588301CBFA5F18F
:102A80008040B0F58A3013D0A5F18040B0F58C308D
:102A90001FBFA5F18040B0F58E30A5F18040B0F5A4
:102AA000903005D040F229121BA12AA006F074F83C
:102AB000012C18BF022C28D0042C18BF082C24D0BD
:102AC000102C18BF202C20D0402C18BF802C1CD0DC
:102AD000B4F5807F18BFB4F5007F16D0B4F5806FD1
:102AE00018BFB4F5006F10D0B4F5805F18BFB4F50F
:102AF000005F0AD0B4F5804F18BF052C05D04FF405
:102B0000957205A11AA006F047F8A868204218BFE0
:102B10000126304670BD00002E2E5C6669726D770E
:102B20006172655C6E3332673435785F7374645FED
:102B30007065726970685F6472697665725C7372E1
:102B4000635C6E3332673435785F6770696F2E630C
:102B50000000000049535F4750494F5F414C4C5FB4
:102B6000504552495048284750494F7829000000A5
:102B700049535F4745545F4750494F5F50494E287E
:102B800050696E290000000070B50446A0F1804035
:102B90000D46B0F584301CBFA4F18040B0F58630FE
:102BA0001DD0A4F18040B0F588301CBFA4F1804056
:102BB000B0F58A3013D0A4F18040B0F58C301FBF3F
:102BC000A4F18040B0F58E30A4F18040B0F5903093
:102BD00005D04FF4C57206A114A005F0DDFF2DB994
:102BE00040F28B1202A118A005F0D6FF656170BDFE
:102BF0002E2E5C6669726D776172655C6E3332672A
:102C00003435785F7374645F7065726970685F648F
:102C100072697665725C7372635C6E3332673435E9
:102C2000785F6770696F2E630000000049535F474B
:102C300050494F5F414C4C5F5045524950482847DE
:102C400050494F782900000049535F4750494F5F72
:102C500050494E2850696E290000000070B50446A6
:102C6000A0F180400D46B0F584301CBFA4F1804037
:102C7000B0F586301DD0A4F18040B0F588301CBF7F
:102C8000A4F18040B0F58A3013D0A4F18040B0F5B3
:102C90008C301FBFA4F18040B0F58E30A4F180408D
:102CA000B0F5903005D040F2731206A114A005F0E3
:102CB00073FF2DB94FF4BA7202A118A005F06CFF92
:102CC000256170BD2E2E5C6669726D776172655CE0
:102CD0006E3332673435785F7374645F7065726920
:102CE00070685F6472697665725C7372635C6E3380
:102CF00032673435785F6770696F2E6300000000BB
:102D000049535F4750494F5F414C4C5F50455249D2
:102D10005048284750494F782900000049535F47E1
:102D200050494F5F50494E2850696E2900000000FD
:102D300000B583B001A9002002F026FE69460020FC
:102D400002F0BCFD0C489DF8041001719DF80510BF
:102D500041719DF8061081719DF8011081709DF8F8
:102D60000210C1709DF8031001F5FA6101809DF811
:102D70000010C17103B000BD2000002001A005F0CB
:102D800085FAFBE7766F6964204861726446617575
:102D90006C745F48616E646C657228766F69642933
:102DA0000D0A000070B51D4DA8B0A878002804BF1A
:102DB00028B070BD0026AE70194A1AA11AA805F0F5
:102DC00075FA1C480090431D00F115021AA101A8D4
:102DD00005F06CFA01A8FDF73BFA84B21AA8FDF7DA
:102DE00037FA82B201AB1AA90120009403F09AF9D4
:102DF0002878401CC0B2287003283CBF28B070BDA2
:102E00002E70BFF34F8F0F4801680F4A01F4E06145
:102E100011430160BFF34F8F00BFFDE7C4020020E4
:102E2000040000206D6F646275735F696E666F2FBA
:102E300025730000DC16002025735F25735F257362
:102E4000000000000CED00E00400FA050449012038
:102E50008870AFF2070203490A2005F0F5B90000B7
:102E6000C4020020989F0400024A03490A2005F08A
:102E7000EBB900004D2E0008989F040010B5B4B0C7
:102E80000E4A0FA127A805F011FA11480090431D22
:102E900000F115020FA101A805F008FA01A8FDF73D
:102EA000D7F984B227A8FDF7D3F982B201AB27A9DD
:102EB0000120009403F036F934B010BD0400002066
:102EC0006D6F646275735F696E666F2F25730000A6
:102ED000DC16002025735F25735F2573000000005A
:102EE0000848C178012918BF704710B50021C1708A
:102EF00001F028FE002808BF10BDBDE8104001F019
:102F00003BBA0000C402002004490120C870AFF29F
:102F1000070203490B2005F097B90000C402002006
:102F2000C0D40100024A03490B2005F08DB900000E
:102F3000092F0008C0D4010030B40023002A88BF44
:102F4000DFF834C011D9C45C01EB43050CEB141459
:102F5000247801F81340C45C5B1C04F00F049BB29E
:102F60001CF804406C709A42EDD84FF6FF7030BCEC
:102F700000EA420070470000BE9200082DE9F843C5
:102F800080464FF48057ADF800700420394E8DF81C
:102F90000300002469463046FFF74CFC00254FF43F
:102FA00000513046FFF7F0FD022005F08BFE4FF494
:102FB00000513046FFF752FE6006040E4FF4805178
:102FC0003046FFF749FD00281CBF601CC4B2012039
:102FD00005F078FE681CC5B2082DE0D310254FF02F
:102FE0000109B8F1000F4FF40051304620D0FFF72F
:102FF000CBFDADF800708DF803508DF80290694656
:103000003046FFF717FC29023046FFF7BDFD0220CE
:1030100005F058FE69023046FFF720FE022005F059
:1030200051FE69023046FFF7AFFD2046BDE8F88348
:10303000FFF7AAFDADF800708DF803508DF80290EF
:1030400069463046FFF7F6FB4FF480513046FFF7F4
:1030500005FE022005F036FE4FF400513046FFF722
:10306000FDFD022005F02EFE4FF400513046FFF723
:103070008BFDDAE7000C0140F8B505464FF48050AF
:10308000ADF8000010208DF803000120184E8DF8D7
:10309000020069463046FFF7CDFB71143046FFF75A
:1030A00073FD002415F0800F4FF48051304602D09C
:1030B000FFF7D4FD01E0FFF767FD6806050E02206B
:1030C00005F000FE4FF400513046FFF7C7FD022027
:1030D00005F0F8FD4FF400513046FFF755FD022092
:1030E00005F0F0FD601CC4B2082CDBD3F8BD000075
:1030F000000C014038B54FF48050ADF800001020AE
:103100008DF8030001200F4C8DF80200694620461F
:10311000FFF790FBA1142046FFF7A0FD61142046A5
:10312000FFF79CFD022005F0CDFDA1142046FFF71E
:103130002BFD022005F0C6FD61142046BDE8384095
:10314000FFF722BD000C014038B54FF48050ADF8B8
:10315000000010208DF8030001200C4C8DF80200B7
:1031600069462046FFF766FBA1142046FFF70CFDD9
:1031700061142046FFF772FD022005F0A3FDA114A3
:103180002046BDE83840FFF769BD0000000C014053
:10319000F8B54FF48056ADF800600420264D8DF848
:1031A0000300002469462846FFF744FBA91428467B
:1031B000FFF754FD012005F085FD69142846FFF74F
:1031C0004DFD012005F07EFDA9142846FFF744FCC3
:1031D00050B3601CC4B2FA2C1FD9ADF800601020A7
:1031E0008DF8030001208DF8020069462846FFF79C
:1031F00021FB4FF480512846FFF7C6FC4FF40051E5
:103200002846FFF72BFD022005F05CFD4FF48051AE
:103210002846FFF723FD0120F8BD4FF480512846D2
:10322000FFF71AFC0028D4D14FF400512846FFF7CD
:10323000ABFC0020F8BD0000000C014010B4C268D7
:10324000D0F804C0531C93FBFCF40CFB1433D0F8EF
:1032500008C0634504BF10BC704703689954C16837
:103260004268491C91FBF2F302FB1311C16010BCD0
:10327000704700002DE9F04F584D83B00026A87B21
:1032800010B1012812D0A2E06879401C687101F0E9
:10329000B5F90A2152A004F08FFFC8216E70534A7D
:1032A0000F2004F0D1FF0120A87390E001F09AF9FB
:1032B000002804BF03B0BDE8F08F4D4C206801F03A
:1032C00037FE01464B482268FEF7B4FE4AA1494842
:1032D000FCF7A2FF002876D02C214648FCF7AEFF71
:1032E00000286CD0441C6E71801CFDF73FFC074623
:1032F0002046FDF73BFC00EB800007EB4000C0B22E
:1033000010282CBF10380830C7B2201DE41CFDF770
:103310002DFC80462046FDF729FC00EB800008EBE1
:10332000400000F0FF08201DE41CFDF71FFC814653
:103330002046FDF71BFC00EB800009EB400000F08D
:10334000FF092DA12B48FCF767FF00F108040930A5
:10335000FDF70CFC82462046FDF708FC00EB8000E0
:103360000AEB400000F5FA600290201DE41CFDF716
:10337000FDFB82462046FDF7F9FB00EB80000AEBDF
:10338000400000F0FF0A04F1030B201DFDF7EEFBE7
:1033900004465846FDF7EAFB00EB800004EB4000D2
:1033A000C2B23B465146CDE90089029802F0E0FEE8
:1033B000AE73012003B0BDE8F08F04E0FFE7687949
:1033C0000A2803D105E068790A2802D0AE730020EC
:1033D000F0E76E71AE730220ECE700003C000020C5
:1033E00041542B43434C4B3F0D0A00001D4600083F
:1033F00038000020001100202B43434C4B3A0000C2
:103400002DE9F047C54F0024DFF81493387CADF563
:10341000C46D25464FF001082646092880F07B81BF
:10342000DFE800F005131F31A8B3C9F6F500F878FE
:10343000012807BFFE70042087F810800DF5C46DC9
:1034400018BFBDE8F08700F0B1B8F8796421401CDE
:10345000F8717E70B34A0F2004F0F6FE022000F0EF
:10346000A5B801F0BFF800287CD001F0C7F8112101
:10347000ADA004F0A1FE64217E70AA4A0F2004F0E2
:10348000E3FE032092E001F0ADF800286AD0D9F8FD
:10349000000001F04DFD0146A848D9F80020FEF7D4
:1034A000C9FDA7A1A548FCF7B7FE00284BD0FE71C7
:1034B000A6A1A248FCF7B0FE1030044601782C29E2
:1034C00003D010F8011F2C29FBD1001BA0F101082B
:1034D000C8216846FCF795FE424621466846FCF73F
:1034E00077FE04EB08009DA1FCF796FE002800F093
:1034F0001281841C81780DF5C1602C2906D04155BC
:10350000691C8DB214F8011F2C29F8D14655FCF71F
:10351000A6FE0546C8216846FCF773FE2A46611CD4
:103520006846FCF755FE0E2D07D018D9A9B24FF00A
:103530000102684600F0E8FF11E00E210022684613
:1035400000F0E2FF0BE086A17C48FCF765FE002856
:1035500018BFFE7140F0DF80F879032803D03E7475
:1035600000F0D9B823E0FE7187F80080BE703E7489
:1035700000F0D1B8B8796421401CB8717E70694AF6
:103580000F2004F061FE052010E001F02BF8002868
:103590000DD001F033F8082175A004F00DFE642170
:1035A0007E70604A0F2004F04FFE062038740DF53F
:1035B000C46DBDE8F08701F015F8002804BF0DF5D3
:1035C000C46DBDE8F087D9F8000001F0B1FC0146F8
:1035D0005A48D9F80020FEF72DFD68A15748FCF79E
:1035E0001BFE38B310F8061F2C2904D010F8011F59
:1035F000641C2C29FAD1DFF88C817125A0EB040A18
:1036000008F52379012C04D0022C14D02DE065E0BC
:103610002EE05046FDF7AAFAA5EB4000C2B25AA12F
:103620000DF2DC5004F042FE9DF8DC0588F88C02B7
:1036300089F8016019E00AF10100FDF797FA0446E4
:103640005046FDF793FA00EB800004EB4000A5EB39
:103650004000C2B24CA10DF2DC5004F027FEBDF8D0
:10366000DC05A8F88C0289F80260072038749EE710
:1036700000F0C4FF0E2145A004F09EFD798A474862
:1036800004F09AFD022135A004F096FD062144A025
:1036900004F092FDBA8A3CA10DF5BC6004F006FE70
:1036A0000DF5BC60FCF7D4FD81B20DF5BC6004F0F3
:1036B00083FD022138A004F07FFDB98A3A4804F066
:1036C0007BFD032139A004F077FDFE70C8217E70D8
:1036D000144A0F2004F0B8FD082067E700F082FFCD
:1036E00000283FF464AFD9F8000001F021FC014646
:1036F0001248D9F80020FEF79DFC2DA10F48FCF7D9
:103700008BFD00280ABFB879BE71032803D1BE71B2
:1037100087F80080BE703E7449E700003C0000203E
:10372000380000201D46000841542B4D515454527E
:103730004541443D302C310D0A00000000110020AD
:103740002B4D515454524541443A00002B4D515495
:1037500054524541443A20302C302C00222C000099
:103760002B434D45204552524F523A2036303100BE
:1037700041542B4353510D0A000000002B43535179
:103780003A200000501400202564000041542B4DC5
:103790005154545055423D302C220000500C002012
:1037A000302C302C302C0000180D0020220D0A0087
:1037B0004F4B00002DE9F041214C224F0025207A8B
:1037C00020B101281FD0022831D02DE01E4EA57057
:1037D000306801F0ADFB01461C483268FEF72AFC58
:1037E00000F00CFF4FF400413846FFF737FA4FF472
:1037F000FA716570164A0F2004F026FD0120207230
:103800000020BDE8F08100F0EDFE68B14FF400410A
:103810003846FFF7B9F941F2883165700C4A0F203C
:1038200004F012FD022020720020BDE8F08100F0BB
:10383000D9FE00281CBF25720120BDE8F0810000E0
:103840003C0000200008014038000020001100204A
:103850001D46000838B54FF40040ADF800001020B8
:103860008DF803000120064C8DF8020069462046C1
:10387000FEF7E0FF4FF400412046FFF7EFF938BDB7
:10388000000801404B4810B5407C0B2828BF10BDF4
:10389000DFE800F0061B29374957650D6F0D8400DE
:1038A000FFF788FF20B1012807D0022809D010BDFA
:1038B000BDE81040002005F0ABBC3E490120487433
:1038C00010BD3C490020487410BD01F0E1F900280A
:1038D00008BF10BD012802D00228F2D010BD354823
:1038E0000221417410BD01F083F9002808BF10BD0A
:1038F000012802D00228E4D010BD2E4903204874CC
:1039000010BD01F025F9002808BF10BD012806D020
:10391000022818BF10BD00212648417410BD25495A
:103920000420487410BDFFF7A5FC002808BF10BD97
:10393000012802D00228C4D010BD1E4908204874B6
:1039400010BD02F099FB002808BF10BD012802D06D
:103950000228B6D010BD17490620487410BDFDF7E7
:10396000B7F8002808BF10BD0128E6D00228A8D06B
:1039700010BD00F0E9F8002808BF10BD012802D0F2
:1039800002289ED010BD0B480A214174012181708C
:10399000FFF774FABDE81040FFF770BA05480178E8
:1039A000012902D1002101704174BDE81040FFF7E8
:1039B00027BD00003C000020010004484FF010012A
:1039C00001D0FFF7E1B8FFF749B90000001001404E
:1039D000010004484FF0800101D0FFF7D5B8FFF790
:1039E0003DB9000000080140144A10B51078144C8D
:1039F00001280CD1002010709178491CC9B2917037
:103A000001290FD0907020212046FFF7BDF805F066
:103A100077F900284FF0800120460AD0BDE8104019
:103A2000FFF7B2B8FFF784F920212046FFF716F917
:103A3000EDE7BDE81040FFF711B9000016000020C7
:103A400000080140010004484FF0010101D0FFF7D8
:103A50009BB8FFF703B90000000C014004490120A6
:103A60000870AFF207024FF47A7104F0EDBB00006A
:103A7000160000202DE9F0410B2000F017FD07464D
:103A8000092000F019FD0646012000F0FFFC2C4C37
:103A9000002520B9A5710D2004F0CCFB6570A1793B
:103AA00021B3012937D0022918BFBDE8F08147F0C2
:103AB00004010B2000F01CFD0121002000F002FD9C
:103AC00016F0020F0FD0002002F022FA0021012090
:103AD00000F0F8FC02210A2000F00AFD0020FDF7AA
:103AE000FBFB00F049FCA571BDE8F081042000F06B
:103AF000DDFC0546042000F0DFFC854288BFBDE800
:103B0000F0810120A071BDE8F0410E4A40F6B831C5
:103B10000D2004F099BB6078012818BFBDE8F08142
:103B20006570042000F0C2FC0646042000F0C4FCCE
:103B300086429CBF0220A071D5D8BDE8F08100006C
:103B4000C80200205591000810B5A9488CB0C07B70
:103B50000A2833D2DFE800F00519354761A0BDDF40
:103B6000FDFC00F04BFD1921A2A004F025FBA04CA8
:103B700000204FF496716070A54A0F2004F064FB9A
:103B80000120E0730CB0002010BD00F02BFD0028D8
:103B900004BF0CB010BD9F4C206801F0C9F901466C
:103BA0009D482268FEF746FA9CA19B48FCF734FB2F
:103BB000002800F016818E490220C8730CB0002046
:103BC00010BD00F01BFD1E2195A004F0F5FA884CF5
:103BD00000204FF4967160708D4A0F2004F034FB82
:103BE000032000F096B800F0FDFC002804BF0CB0E4
:103BF00010BD884C206801F09BF901468648226878
:103C0000FEF718FA85A18448FCF706FB002800F0AF
:103C1000E88077490420C873D0E700F0EFFC0F215B
:103C200087A004F0C9FAC621B820CDE90001EA2333
:103C3000312287A102A804F039FB02A8FCF708FB97
:103C400081B202A804F0B8FA42F6483284A102A870
:103C500004F02CFB02A8FCF7FBFA81B202A804F0E6
:103C6000ABFA02217FA004F0A7FA10217E4804F0ED
:103C7000A3FA02217DA004F09FFA13217CA004F096
:103C80009BFA5B4C002041F288316070604A0F2043
:103C900004F0DAFA05203CE000F0A4FC002804BFA0
:103CA0000CB010BD5B4C206801F042F901465A4847
:103CB0002268FEF7BFF973A15748FCF7ADFA18B1B7
:103CC0004B490620C87379E70F2174A004F074FAF9
:103CD00087E000F093FC1D2174A004F06DFA624AA5
:103CE0007AA102A804F0E2FA02A8FCF7B1FA81B2C4
:103CF00002A804F061FA052175A004F05DFA3C4CBD
:103D0000002041F288316070414A0F2004F09CFA93
:103D10000720E07352E700F065FC002804BF0CB0F8
:103D200010BD3C4C206801F003F901463A48226876
:103D3000FEF780F939A13848FCF76EFA044666A10F
:103D40003548FCF769FA002C18BF002849D001E07B
:103D500025E003E026490820C8732FE700F04EFC59
:103D60001A2160A004F028FA3F4A58A102A804F0E2
:103D70009DFA02A8FCF76CFA81B202A804F01CFAC2
:103D8000052153A004F018FA194C002041F28831A3
:103D900060701F4A0F2004F057FA0920B9E700F0BD
:103DA00021FC002804BF0CB010BD1A4C206801F0A3
:103DB000BFF8014618482268FEF73CF917A11648DB
:103DC000FCF72AFA044644A11348FCF725FA002C14
:103DD00018BF002805D006490020C8730CB0012088
:103DE00010BD03490020C8730CB0022010BD0000B4
:103DF0003C00002041542B4D5154544346473D2232
:103E0000636163686564222C302C310D0A00000068
:103E10001D46000838000020001100204F4B000014
:103E200041542B4D5154544346473D226B656570B8
:103E3000616C697665222C302C3132300D0A00001D
:103E400041542B4D515454434F4E4E3D302C220083
:103E500025642E25642E25642E2564222C00000066
:103E6000256400002C22000004000020222C000009
:103E70002275736572222C22302E3132333435365E
:103E8000220D0A002B4D5154545552433A202263BF
:103E90006F6E6E222C302C300000000041542B4DF0
:103EA000515454444953433D300D0A0041542B4D65
:103EB0005154545355423D302C226D6F64627573DA
:103EC0005F636F6E74726F6C2F00000025730000CB
:103ED000222C300D0A0000002B4D515454535542F2
:103EE0003A20300041542B4D5154545355423D30EB
:103EF0002C226D6F646275735F74696D652F0000AD
:103F0000FEE700002DE9F047FF4E0024DFF8FC83B8
:103F1000B0889AB027460228C0F01F82811E404612
:103F200004F0A8FEB0883278404410F8011C914299
:103F300040F0138210F8020C7178884240F00D8234
:103F400098F8032098F8023006F1060A02EB0322E3
:103F500095B298F80010BAF8002098F801008A424B
:103F600040F0FB8108F5FA79052854D00BDC6F4648
:103F7000012810D00522032800F07F81042800F0DA
:103F8000B08100F0EAB9062800F00A81102800F09C
:103F9000308100F0E2B9042D00F2DF8198F80520AD
:103FA00098F8043002EB032292B25319052B00F269
:103FB000D4818DF800108DF80100D11D01200F294A
:103FC00005D312F0070F14BF00EBD200D0088DF814
:103FD000020010F0FF0F1CBF7088E8400AD0E1001B
:103FE00020FA01F13A19D170611CCCB29DF802108F
:103FF000A142F4D89DF80200401DC4B2A11E38466B
:1040000004F038FE3819717800F8021C317800F895
:10401000011C00F063B998F8052098F80430072DCA
:1040200002EB032294B200F298818DF800108DF813
:104030000100280A8DF80200200A8DF804008DF88E
:1040400003508DF805400621684604F013FE707891
:104050008DF8060030788DF80700082D28D2DFE8AB
:1040600005F0041751276D27737EB4F57F4F40F09C
:10407000358105F0D9F8BFF34F8FA5480168A54AEF
:1040800001F4E06111430160BFF34F8F00BFFDE712
:10409000022000F0FBF9002840F02081032000F00E
:1040A000F5F9012840F01A81B4F57F4F05D0BCB175
:1040B000002F40F0528100F011B9002000F0E6F925
:1040C000002840F00B810121084600F0FBF9012196
:1040D0000846FDF711FE012001F01AFF01200EE055
:1040E0000021012000F0EEF900210120FDF704FE7F
:1040F0000A20A9F81400002001F00AFF0020FDF7B3
:10410000EBF8EBE0B4F57F4F01D04CB110E00121AA
:10411000022000F0D7F901210220FDF7EDFD07E0B4
:104120000021022000F0CEF900210220FDF7E4FD7D
:10413000022000F0ABF9FDF753F8CFE0B4F57F4F64
:1041400008BFFDF757FFC9E0B4F57F4F7DD10021CF
:10415000084600F0B7F90020A9F81600BEE0B4F553
:104160007F4F01D074B1B9E00121042000F0AAF919
:1041700001210420FDF7C0FD042000F087F9FCF7C1
:10418000F3FFABE00021042000F09CF900210420A3
:10419000FDF7B2FD042000F079F9FCF7E5FF9DE0A2
:1041A00098F8052098F80430212D02EB032294B2F0
:1041B00062D88DF800108DF80100280A8DF80200F1
:1041C000200A8DF80400EFB28DF803708DF80540D9
:1041D0000621684604F04EFD70788DF806003078B0
:1041E0008DF8070000F0C8F82AF81540012138467C
:1041F00040E098F8052098F80430212D02EB0322C6
:1042000092B29CBFAB18222B36D8002A0ED908EBED
:10421000440393F808C0DB790CEB032304EB050C93
:104220002AF81C30631CDCB2A242F0D88DF80010D2
:104230008DF80100280A8DF80200ECB2100A8DF802
:1042400003408DF80400D5B200E047E08DF805503A
:1042500098F806008DF806000721684604F00AFD6C
:1042600070788DF8070030788DF8080000F084F839
:1042700029462046FDF743FD6FE098F8053098F891
:1042800004C0212D03EB0C239BB29CBF03EB050C58
:10429000BCF1220F61D88DF800108DF80100580094
:1042A0008DF80200281907EB44013AF810004FEA94
:1042B000102C81F803C00871601CC4B29C42F1D973
:1042C00002EB4300C4B2A11E384604F0D3FC3819F7
:1042D000717800F8021C317800F8011C00F04CF8ED
:1042E0003BE098F8053098F804C00D2D03EB0C2343
:1042F0009BB29CBF05EB030CBCF10E0F2DD88DF8C3
:1043000000108DF8010007E058000020061700207B
:104310000CED00E00400FA0558008DF802002819A1
:1043200007EB440139F810004FEA102C81F803C064
:104330000871601CC4B29C42F1D902EB4300C4B2C4
:10434000A11E384604F096FC3819717800F8021C5A
:10435000317800F8011C00F00FF80020B288014607
:10436000002A05D908F80010401C80B28242F9D812
:10437000B1801AB0BDE8F08770B53C4EADF5C36DA5
:10438000B51F30788DF8F00301208DF8F1038DF81A
:10439000F203A8788DF8F3030421FCA804F06AFC6A
:1043A00068788DF8F40328788DF8F50330788DF867
:1043B000F60303208DF8F70344208DF8F80300205E
:1043C000FCAC36F8101004EB40020B0A401C537290
:1043D000C0B291722228F4D94721A01D04F04AFCF2
:1043E00068788DF83D0428788DF83E0430788DF893
:1043F0003F0404208DF840041C208DF841041C4B20
:10440000002004EB400233F81010401C4FEA112C3E
:1044100082F852C0C0B282F853100E28F1D91F2181
:1044200004F1510004F026FC68788DF85E042878C9
:104430008DF85F0470240F4A0FA10DF2E45003F0D1
:1044400035FF224602A9FCA8FEF776FD04460DF2D0
:10445000E450FBF7FDFE82B202AB0DF2E451012005
:10446000009401F05FFE0DF5C36D70BD5E0000208D
:10447000FA180020040000206D6F646275735F738A
:1044800074617475732F2573000000000F2884BFBA
:1044900000207047012101FA00F0034949880840D3
:1044A00018BF01207047000058000020014931F872
:1044B00010007047FA180020014931F810007047C9
:1044C0005E0000200F2888BF7047012202FA00F02A
:1044D0000129064A04BF5188084305D0002906BFB8
:1044E000518821EA00007047508070475800002032
:1044F000014A22F810107047FA180020014A22F8E9
:10450000101070475E0000202DE9F047044600259A
:10451000314E9CB00F460120AAB1012A1CBF1CB02D
:10452000BDE8F08770700120FCF799FE35703A46BF
:1045300021462A48FCF72AFB29490880FFF7E2FCBC
:104540001CB0BDE8F08770700120FCF788FE357064
:10455000206802908DF80C5002A8FBF780FE1FFA2D
:1045600080FAA088ADF808008DF80A5002A8FBF781
:1045700076FE00F0FF09E088ADF808008DF80A50DB
:1045800002A8FBF76CFE00F0FF082089ADF80800D8
:104590008DF80A5002A8FBF762FEC7B26089ADF839
:1045A00008008DF80A5002A8FBF759FEC6B2A08990
:1045B000ADF808008DF80A5002A8FBF750FEC0B213
:1045C000CDE900603B4642464946504601F0D0FDE9
:1045D0001CB0BDE8F0870000C402002006170020D0
:1045E0005C00002004494878002808BF704701207B
:1045F00000224A70704700003C0000200020054A5D
:1046000001461154401C80B2B0F57A7FF9D30248BC
:10461000C1827047001100203C00002001490120A8
:10462000487070473C000020704738B535208DF841
:10463000000000248DF801408DF8024001258DF81E
:104640000350684600F032F826208DF800008DF8FF
:1046500001408DF802408DF80350684600F026F8BE
:1046600027208DF800008DF801408DF802408DF86C
:104670000350684600F01AF834208DF8000002203C
:104680008DF801008DF802408DF80350684600F067
:104690000DF808208DF800008DF801408DF80250CB
:1046A0008DF80350684600F001F838BD70B5044637
:1046B000C0780F25002818BF012804D07D2223A12F
:1046C0002FA004F069FA6078102804D37E221FA17D
:1046D0003A4804F061FAA078102804D37F221BA185
:1046E000374804F059FAE078012210B335480068E1
:1046F000637800F4E060C0F5E060000AC0F10401F6
:1047000003FA01F1A37825FA00F018400843217854
:10471000000101F1E02181F80004207800F01F0180
:1047200002FA01F14009800000F1E020C0F8001118
:1047300070BD207800F01F0102FA01F140098000ED
:1047400000F1E020C0F8801170BD00002E2E5C66E4
:1047500069726D776172655C6E3332673435785F8C
:104760007374645F7065726970685F64726976659E
:10477000725C7372635C6D6973632E63000000008A
:1047800049535F46554E4354494F4E414C5F535435
:10479000415445284E5649435F496E6974537472BB
:1047A0007563742D3E4E5649435F495251436861CB
:1047B0006E6E656C436D6429000000002CBB000820
:1047C000E8BA00080CED00E010B50446B0F5E06F63
:1047D00018BFB4F5C06F0CD0B4F5A06F1CBFB4F512
:1047E000806FB4F5407F04D06C2205A111A004F0C5
:1047F000D3F91B4944F0FD7040F08060086010BDA3
:104800002E2E5C6669726D776172655C6E333267FD
:104810003435785F7374645F7065726970685F6463
:1048200072697665725C7372635C6D6973632E6323
:104830000000000049535F4E5649435F5052494FB4
:10484000524954595F47524F5550284E5649435F7D
:104850005072696F7269747947726F7570290000C0
:104860000CED00E02DE9F0410B20FFF71FFE07469D
:104870000920FFF721FE304C0646E17939B30025C7
:1048800001293ED0022946D0032918BFBDE8F08196
:1048900047F008010B20FFF72BFE01210020FFF756
:1048A00011FE16F0040F0FD0002001F031FB0021A3
:1048B0000120FFF707FE03210A20FFF719FE002061
:1048C000FCF70AFDFFF758FDE571BDE8F081052012
:1048D000FFF7ECFD00EB800045000520FFF7ECFD45
:1048E00000EB8000B5EB400F38BFBDE8F081012040
:1048F000E071BDE8F041114A4FF4FA610E2003F077
:10490000A3BCA078012806BFA5700220BDE8F081F5
:10491000E071BDE8F0810520FFF7C8FD00EB8000E5
:1049200046000520FFF7C8FD00EB8000B6EB400F06
:1049300028BF0320ECD2C7E7C80200201D92000860
:104940002DE9F0410B20FFF7B1FD07460920FFF7E5
:10495000B3FD2B4C0646217A39B30025012939D005
:1049600002293ED0032918BFBDE8F08147F040017D
:104970000B20FFF7BDFD01210020FFF7A3FD16F07E
:10498000100F0FD0002001F0C3FA00210120FFF723
:1049900099FD06210A20FFF7ABFD0020FCF79CFCE7
:1049A000FFF7EAFC2572BDE8F0810720FFF77EFDE6
:1049B00005460820FFF780FD854238BFBDE8F0813D
:1049C00001202072BDE8F0410E4A4FF4FA61102038
:1049D00003F03ABC2079012804BF25712572BDE897
:1049E000F0810720FFF762FD06460820FFF764FD0F
:1049F000864224BF03202072D4D3BDE8F08100009A
:104A0000C8020020059200082DE9F0410B20FFF7B5
:104A10004DFD06460920FFF74FFD2B4C05466179F9
:104A200039B30027012939D0022941D0032918BF01
:104A3000BDE8F08146F002010B20FFF759FD01218E
:104A40000020FFF73FFD15F0010F0FD0002001F00F
:104A50005FFA00210120FFF735FD01210A20FFF751
:104A600047FD0020FCF738FCFFF786FC6771BDE8C6
:104A7000F0810420FFF71AFD05460320FFF71CFD17
:104A8000854238BFBDE8F08101206071BDE8F0418A
:104A90000E4A4FF4FA610C2003F0D6BB20780128AF
:104AA00006BF27700220BDE8F0816071BDE8F0818B
:104AB0000420FFF7FBFC05460320FFF7FDFC8542C1
:104AC00028BF0320F1D2D1E7C8020020F9910008E5
:104AD00010B5040018BF012C04D0862203A111A038
:104AE00004F05AF81648046210BD00002E2E5C66D1
:104AF00069726D776172655C6E3332673435785FE9
:104B00007374645F7065726970685F6472697665FA
:104B1000725C7372635C6E3332673435785F7077C2
:104B2000722E630049535F46554E4354494F4E41E0
:104B30004C5F535441544528436D642900000000E4
:104B400000000E4201488078704700003C000020C1
:104B500070B51D4C0025E07A10B1012813D010E08B
:104B60002079401C2071FFF749FD0B2117A003F0AD
:104B700023FB64216570184A0F2003F065FB0120B8
:104B8000E072002070BDFFF72DFD002808BF70BD4A
:104B9000124E306800F0CCF9014611483268FDF73A
:104BA00049FA10A10E48FBF737FB18B1E5722571E1
:104BB000012070BD20795A2898BFE572E1D925718E
:104BC000E572022070BD00003C00002041542B43E0
:104BD000474154543F0D0A001D460008380000208C
:104BE000001100202B43474154543A20310000006B
:104BF00070B51D4C0025A07A10B1012813D010E02B
:104C00002079401C2071FFF7F9FC0B2117A003F05D
:104C1000D3FA64216570184A0F2003F015FB0120B8
:104C2000A072002070BDFFF7DDFC002808BF70BD3A
:104C3000124E306800F07CF9014611483268FDF7E9
:104C4000F9F910A10E48FBF7E7FA18B1A572257122
:104C5000012070BD20795A2898BFA572E1D925712D
:104C6000A572022070BD00003C00002041542B437F
:104C7000455245473F0D0A001D46000838000020F8
:104C8000001100202B43455245473A20302C31007B
:104C9000814810B5407A0A283AD2DFE800F00521B1
:104CA0003B4850617989B9CA7C4C206800F040F9D2
:104CB00001467B482268FDF7BDF9FFF79FFC042100
:104CC00078A003F079FA744C00204FF4FA61607018
:104CD000764A0F2003F0B8FA01206072002010BD60
:104CE000FFF780FC002808BF10BD6C4C206800F066
:104CF0001FF901466A482268FDF79CF96CA16848D3
:104D0000FBF78AFA002800F0C2806349022048724B
:104D1000002010BD604C00204FF4FA616070634ABF
:104D20000F2003F091FA03206072002010BDFFF7FE
:104D300059FC0028ECD0584904204872E8E7FFF7F6
:104D40005DFC0A215BA003F037FA534C002064217C
:104D50006070564A0F2003F077FA05206072D7E79B
:104D6000FFF740FC002808BF10BD4C4C206800F045
:104D7000DFF801464A482268FDF75CF950A148482F
:104D8000FBF74AFA00287DD0434906204872BFE766
:104D9000FFF734FC0B214EA003F00EFA3E4C00202E
:104DA00064216070414A0F2003F04EFA07203EE074
:104DB000FFF718FC002808BF10BD384C206800F031
:104DC000B7F8014636482268FDF734F943A1344864
:104DD000FBF722FA00285AD04249D0F80720C1F840
:104DE0009122D0F80B20C1F89522D0F80F20C1F8FD
:104DF0009922B0F81320A1F89D22407D81F89F02EE
:104E000001F52371002008752349082048727FE7C7
:104E1000FFF7F4FB0A2134A003F0CEF91E4C00206A
:104E200064216070214A0F2003F00EFA092060729D
:104E30006EE7FFF7D7FB002808BF10BD174C2068AE
:104E400000F076F8014616482268FDF7F3F829A12C
:104E50001348FBF7E1F9A8B122498268C1F8A12201
:104E6000C268C1F8A5220269C1F8A9224269C1F845
:104E7000AD228069C1F8B10201F52371002081F8EB
:104E8000290000E003E004494872012010BD0249F6
:104E900000204872022010BD3C0000203800002095
:104EA0000011002041540D0A000000001D460008BA
:104EB0004F4B000041542B4350494E3F0D0A000018
:104EC0002B4350494E3A20524541445900000000BE
:104ED00041542B4347534E3D310D0A002B4347535A
:104EE0004E3A20005014002041542B49434349447A
:104EF0000D0A00002B49434349443A2000000000BA
:104F000070B5102004F042F904004FF0000508BF0E
:104F10002C4607D040F2DD50606004F037F9E560C0
:104F2000A56020600148046070BD000038000020CA
:104F30000146D1E90220801A44BF496808447047FD
:104F400010B504001CBF012C042C05D040F2033224
:104F50000AA118A003F020FE1B48002180F82010B1
:104F600080F82010012C08BF012103D0042C0CBFB5
:104F7000052110BD80F8201010BD00002E2E5C66AB
:104F800069726D776172655C6E3332673435785F54
:104F90007374645F7065726970685F647269766566
:104FA000725C7372635C6E3332673435785F726340
:104FB000632E630049535F5243435F4C534528526D
:104FC00043435F4C534529000010024010B50400D4
:104FD00018BFB4F5806F0DD0B4F5A06F1CBFB4F549
:104FE000C06FB4F5E06F05D040F2C31205A113A065
:104FF00003F0D2FD1849486820F4E060204348607F
:1050000010BD00002E2E5C6669726D776172655C62
:105010006E3332673435785F7374645F70657269BC
:1050200070685F6472697665725C7372635C6E331C
:1050300032673435785F7263632E630049535F5281
:1050400043435F48434C4B5F444956285243435FB8
:1050500048434C4B290000000010024010B50446A4
:10506000B0F5807F1CBFB4F5007FB4F5407F05D05C
:1050700040F2333206A114A003F08EFD1B48016AF2
:1050800021F440710162016A2143016210BD0000F8
:105090002E2E5C6669726D776172655C6E33326765
:1050A0003435785F7374645F7065726970685F64CB
:1050B00072697665725C7372635C6E333267343525
:1050C000785F7263632E630049535F5243435F52BC
:1050D0005443434C4B5F535243285243435F525413
:1050E00043434C4B536F75726365290000100240B7
:1050F00070B504460E480D46044200D12CB940F26A
:10510000FE320CA119A003F047FD214E002D04BF73
:10511000F069A04309D0012D05D040F2FF3205A16E
:105120001CA003F039FDF0692043F06170BD000060
:10513000003301412E2E5C6669726D776172655C89
:105140006E3332673435785F7374645F706572698B
:1051500070685F6472697665725C7372635C6E33EB
:1051600032673435785F7263632E630049535F5250
:1051700043435F415042315F5045524950482852A5
:1051800043435F41504231506572697068290000A5
:105190000010024049535F46554E4354494F4E411B
:1051A0004C5F535441544528436D6429000000006E
:1051B00070B504460E480D46044200D12CB940F2A9
:1051C000DF320CA119A003F0E7FC214E002D04BF33
:1051D000B069A04309D0012D05D04FF4787205A124
:1051E0001CA003F0D9FCB0692043B06170BD000081
:1051F0000286E0FF2E2E5C6669726D776172655CD7
:105200006E3332673435785F7374645F70657269CA
:1052100070685F6472697665725C7372635C6E332A
:1052200032673435785F7263632E630049535F528F
:1052300043435F415042325F5045524950482852E3
:1052400043435F41504232506572697068290000E3
:105250000010024049535F46554E4354494F4E415A
:105260004C5F535441544528436D642900000000AD
:1052700010B5040018BF012C05D04FF4517203A1E2
:1052800010A003F089FC1648046010BD2E2E5C6649
:1052900069726D776172655C6E3332673435785F41
:1052A0007374645F7065726970685F647269766553
:1052B000725C7372635C6E3332673435785F72632D
:1052C000632E630049535F46554E4354494F4E4148
:1052D0004C5F535441544528436D6429000000003D
:1052E0003C044242324B30B45968324A11405A6849
:1052F00011F0006F02F480320CBF4FF0020C6FF41B
:10530000F77C0CEB9141002A04BF2B4A514306D095
:105310005A6812F4003F14BF274A284A51435A687A
:10532000DFF898C012F00C0218BF042A03D0082A34
:1053300008BF016001D0C0F800C05A684FF00F0CE0
:105340001F4D0CEA1212D0F800C0AA5C2CFA02F22F
:105350004260D3F804C0072404EA1C2C15F80CC0E2
:1053600022FA0CFCC0F808C0D3F804C004EADC2C14
:1053700015F80CC022FA0CFCC0F80CC0D3F82CC0F5
:1053800005F110040CF00F0C14F80CC0B2FBFCF289
:105390004261DA6A1F2303EA121202F00F0204F1DB
:1053A000100333F81220B1FBF2F1016130BC7047F9
:1053B0000010024000003C0800093D0000127A0085
:1053C0007E92000870B500250446212818BF312CB4
:1053D00021D0392C18BF412C1DD0612C18BF732C43
:1053E00019D0742C18BF752C15D0772C18BF792CB8
:1053F00011D07A2C18BF7B2C0DD07C2C18BF7D2CA3
:1054000009D07E2C18BF7F2C05D040F2E3420CA1BE
:1054100019A003F0C1FB60091D49012808BF0868F5
:1054200003D002280CBF086A486A04F01F01012259
:1054300002FA01F1014218BF0125284670BD0000A3
:105440002E2E5C6669726D776172655C6E333267B1
:105450003435785F7374645F7065726970685F6417
:1054600072697665725C7372635C6E333267343571
:10547000785F7263632E630049535F5243435F4614
:105480004C4147285243435F464C414729000000A6
:105490000010024038B503F0ABFC4FF40060ADF8EB
:1054A000000010208DF803000120064C8DF802004A
:1054B00069462046FDF7BEF9E1142046FDF764FB7E
:1054C00038BD00000008014002F032BE00210A2869
:1054D00005D3491C0A38C0B2C9B20A28F9D2090753
:1054E00040EA11607047000070B50026674D0C4619
:1054F00000282AD0012805D04FF4E37264A172A0DD
:1055000003F04AFB286810F0400F00F07F802078FD
:10551000010901EB810100F00F0000EB4100C0B276
:10552000401E0B2805D94FF4EE7259A16DA003F06F
:1055300033FBE078002818BF402800F0798040F263
:10554000DD1253A16EA000F071B8286810F0400F72
:1055500013D02078401E0B2805D94FF4E6724CA1D9
:105560006FA003F019FBE078002818BF40280ED088
:1055700040F2CD1246A162A007E0E670207817281D
:1055800005D94FF4E97242A16FA003F005FB6078E2
:105590003B2805D94FF4EA723DA175A003F0FCFA4F
:1055A000A0783B2805D940F2D51239A17AA003F0A2
:1055B000F3FA2078FFF78AFF06046078FFF786FF8A
:1055C00046EA0026A078FFF781FFE178304340EA01
:1055D00001437B4CCA2020605320206000F04CF92E
:1055E00070B178487849184008607848016821F01F
:1055F00080010160286810F0200F08BF00F056FC01
:10560000FF202060BDE8704000F050BCE6702078BC
:10561000010901EB810100F00F0000EB4100C0B275
:10562000172805D94FF4F17219A169A003F0B4FA53
:105630006078010901EB810100F00F0000EB4100EF
:10564000C0B23B2805D94FF4F27211A16EA003F04D
:10565000A3FAA078010901EB810100F00F0000EB33
:105660004100C0B23B2805D940F2E51208A174A060
:1056700003F092FAA0782178E27840EA014061785C
:10568000090241EA024140EA0103A2E7082800407A
:105690002E2E5C6669726D776172655C6E3332675F
:1056A0003435785F7374645F7065726970685F64C5
:1056B00072697665725C7372635C6E33326734351F
:1056C000785F7274632E630049535F5254435F46A0
:1056D0004F524D4154285254435F466F726D61746E
:1056E0002900000049535F5254435F3132484F55FF
:1056F0005228746D70726567697374657229000051
:1057000049535F5254435F483132285254435F54E7
:10571000696D655374727563742D3E48313229008A
:1057200049535F5254435F3132484F5552285254C7
:10573000435F54696D655374727563742D3E486F91
:10574000757273290000000049535F5254435F3261
:1057500034484F5552285254435F54696D65537411
:10576000727563742D3E486F7572732900000000D6
:1057700049535F5254435F4D494E55544553285247
:1057800054435F54696D655374727563742D3E4D57
:10579000696E75746573290049535F5254435F53B2
:1057A00045434F4E4453285254435F54696D6553EB
:1057B00074727563742D3E5365636F6E6473290054
:1057C000242800407F7F7F00002800400C280040F4
:1057D00049535F5254435F3234484F555228525414
:1057E000435F42636432546F427974652852544374
:1057F0005F54696D655374727563742D3E486F759F
:10580000727329290000000049535F5254435F4DD1
:10581000494E55544553285254435F4263643254B1
:105820006F42797465285254435F54696D655374AF
:10583000727563742D3E4D696E7574657329290008
:1058400049535F5254435F5345434F4E445328528C
:1058500054435F42636432546F42797465285254F2
:10586000435F54696D655374727563742D3E53655F
:10587000636F6E647329290081B00F490020009086
:10588000086810F0400F04BF8020086010D108683D
:10589000009A00F04000521C0092B2F5005F01D067
:1058A0000028F4D0086810F0400004BF01B0704731
:1058B000012001B0704700000C28004070B50C4674
:1058C000050018BF012D05D04FF4377218A126A08E
:1058D00003F062F92B48006820F0C00121F07F41FD
:1058E0000B0CC1F30422E37001F03F006270A07062
:1058F000C1F342312170002D18BF70BD190901EBB1
:10590000810103F00F0303EB4101E170110901EB89
:10591000810102F00F0202EB41016170010901EB0C
:10592000810100F00F0000EB4100A07070BD00008D
:105930002E2E5C6669726D776172655C6E333267BC
:105940003435785F7374645F7065726970685F6422
:1059500072697665725C7372635C6E33326734357C
:10596000785F7274632E630049535F5254435F46FD
:105970004F524D4154285254435F466F726D6174CB
:10598000290000000428004070B50C46050018BF2F
:10599000012D05D040F23D2218A126A003F0FCF80D
:1059A0002B4800682B494FF0400C0140C1F30542E1
:1059B000C1F30623227001F07F006370A0700CEA2F
:1059C0001141E170002D18BF70BD110901EB81017B
:1059D00002F00F0202EB41012170190901EB810174
:1059E00003F00F0202EB41016170010901EB81013B
:1059F00000F00F0000EB4100A07070BD2E2E5C6621
:105A000069726D776172655C6E3332673435785FC9
:105A10007374645F7065726970685F6472697665DB
:105A2000725C7372635C6E3332673435785F7274A4
:105A3000632E630049535F5254435F464F524D41BA
:105A400054285254435F466F726D61742900000000
:105A5000002800407F7F7F0070B505460026006863
:105A60003446402818BF002804D0C7221EA12CA00D
:105A700003F092F868687F2804D9C8221AA135A0DB
:105A800003F08AF8A868B0F5004F04D3C92216A124
:105A90003EA003F081F84B4BCA20186053201860D9
:105AA000FFF7EAFEB0B14848016821F0400101600B
:105AB00001682A68114301604448A96801600168CF
:105AC000AA8841EA02410160001F016821F08001BB
:105AD00001600126FF20186040F2FF20641C844210
:105AE000FCD3304670BD00002E2E5C6669726D7767
:105AF0006172655C6E3332673435785F7374645FEE
:105B00007065726970685F6472697665725C7372E1
:105B1000635C6E3332673435785F7274632E630072
:105B200049535F5254435F484F55525F464F524D61
:105B30004154285254435F496E69745374727563BB
:105B4000742D3E5254435F486F7572466F726D619B
:105B50007429000049535F5254435F5052454449F1
:105B6000565F4153594E4348285254435F496E692A
:105B7000745374727563742D3E5254435F4173794C
:105B80006E636850726564697629000049535F52FC
:105B900054435F5052454449565F53594E43482839
:105BA0005254435F496E69745374727563742D3E29
:105BB0005254435F53796E63685072656469762905
:105BC0000000000024280040082800401028004061
:105BD00070B50C46050000F05F80012D05D040F245
:105BE000722256A163A002F0D7FFE078010901EB11
:105BF000810100F00F0000EB4100C0B2632805D91D
:105C00004FF420724DA162A002F0C6FF6078010936
:105C100001EB810100F00F0000EB4100C0B2401E1B
:105C20000B2805D940F2822244A166A002F0B4FFFD
:105C3000A078010901EB810100F00F0000EB4100A9
:105C4000C0B2401E1E2805D94FF421723BA164A0AA
:105C500002F0A2FF2178012918BF02290ED00329E2
:105C600018BF04290AD005291CBF0629072905D019
:105C700040F2862231A161A002F08EFF002D2FD0CC
:105C8000A078E178227840EA01406178090241EA8F
:105C9000423140EA010333E0607810F0100F03D086
:105CA00020F010000A306070E078632805D940F2D7
:105CB0007A2222A15BA002F06FFF6078401E0B28C1
:105CC00005D940F27B221DA15FA002F065FFA078FC
:105CD000401E1E28BED94FF41F7218A163A0B7E75B
:105CE000E078FFF7F3FB05046078FFF7EFFB45EA88
:105CF0000025A078FFF7EAFB2178284340EA4133EA
:105D0000634CCA20206053202060FFF7B5FD78B1B6
:105D1000604823F0C00101605F48016821F0800104
:105D20000160001F006810F0200F08BF00F0BEF8EF
:105D3000FF202060BDE8704000F0B8B82E2E5C66F1
:105D400069726D776172655C6E3332673435785F86
:105D50007374645F7065726970685F647269766598
:105D6000725C7372635C6E3332673435785F727461
:105D7000632E630049535F5254435F464F524D4177
:105D800054285254435F466F726D617429000000BD
:105D900049535F5254435F59454152285254435F1F
:105DA00042636432546F42797465285254435F44AD
:105DB0006174655374727563742D3E5965617229FF
:105DC0002900000049535F5254435F4D4F4E5448E1
:105DD00028746D70726567697374657229000000BC
:105DE00049535F5254435F4441544528746D707267
:105DF00065676973746572290000000049535F523A
:105E000054435F5745454B444159285254435F44DE
:105E10006174655374727563742D3E5765656B4488
:105E20006179290049535F5254435F5945415228D3
:105E30005254435F446174655374727563742D3EAC
:105E4000596561722900000049535F5254435F4D08
:105E50004F4E5448285254435F44617465537472E2
:105E60007563742D3E4D6F6E7468290049535F52FF
:105E700054435F44415445285254435F4461746520
:105E80005374727563742D3E44617465290000007B
:105E900024280040042800400C2800400021016014
:105EA0007F214160FF2181607047000081B00020A8
:105EB0000F4B0090CA201860532018600D490868E5
:105EC00020F0200008600868009A00F02000521CB2
:105ED0000092B2F5004F01D00028F4D0086810F00D
:105EE000200018BF0120FF21196001B07047000099
:105EF000242800400C280040044901200870AFF21B
:105F000007024FF47A71042002F09EB928000020A5
:105F100010B5164C10B101280ED01AE04FF4004114
:105F20002046FCF79BFE4FF480412046FCF72CFEF8
:105F3000142002F0BBFE0CE04FF480412046FCF739
:105F40008DFE4FF400412046FCF71EFE142002F0A7
:105F5000ADFE4FF400412046FCF716FE2046BDE89A
:105F600010404FF48041FCF70FBE0000000C0140D0
:105F7000F8B54FF40040ADF8000010250E4E8DF836
:105F8000035003248DF8024069463046FCF752FC6A
:105F9000E9023046FCF762FEA902ADF800108DF868
:105FA00003508DF8024069463046FCF743FCA902D5
:105FB0003046FCF753FEF8BD000C014010B501213E
:105FC00086B00807FFF794F80121C806FFF790F89C
:105FD0000120FEF77DFD0420FAF70CFEA0F5A0617C
:105FE000053904BF06B010BD4FF48070FFF736F8D6
:105FF0000120FEF7A5FF4120FFF7E4F90028FAD0C1
:106000000120FFF735F97F200190FF200024029046
:1060100000946846FFF742FF6846FFF71DFD014602
:1060200011A002F033F919208DF8130001208DF82A
:1060300011008DF8120003208DF80D408DF810002E
:106040008DF80E408DF80C4004A90020FFF7C0FD2C
:1060500003A90020FFF748FA40F205510420FAF79F
:1060600053FE06B010BD0000525443B3F5CABCBB8A
:10607000AF25640D0A00000070B51D4C0025207B83
:1060800010B1012813D010E02079401C2071FEF7D8
:10609000B5FA1F2117A002F08FF8642165701D4A20
:1060A0000F2002F0D1F801202073002070BDFEF710
:1060B00099FA002808BF70BD174E3068FEF738FF08
:1060C000014616483268FBF7B5FF15A11348FAF7E9
:1060D000A3F800281EBF2573012070BD20790A286F
:1060E00098BF2573E1D925712573022070BD00008A
:1060F0003C00002041542B5149435347503D312C23
:10610000312C22434D4E4554222C22222C22222C6B
:10611000310D0A001D460008380000200011002043
:106120004F4B00002DE9F0410E4E069D8846F07061
:106130001F4614467282C8210B48FAF762F82246BD
:1061400041460948FAF744F82C46B5824FF47A7173
:106150000648FAF756F822463946BDE8F0410348AA
:10616000FAF736B83C000020500C0020180D002033
:1061700070B582B0A0F5FA60C0B2DDE906458DF8D1
:1061800003008DF801101E468DF8022002F01CFD60
:106190008DF804608DF800008DF805408DF80650EC
:1061A00069460020FFF714FD01A90020FFF79CF9C4
:1061B00002B070BD042808D010F1050F08BF704769
:1061C000CF2205A111A002F0E7BC4FF0E020016949
:1061D00041F00401016170472E2E5C6669726D7793
:1061E0006172655C6E3332673435785F7374645FF7
:1061F0007065726970685F6472697665725C7372EB
:10620000635C6D6973632E630000000049535F5344
:1062100059535449434B5F434C4B5F534F55524383
:1062200045285379735469636B5F434C4B536F75C7
:106230007263652900000000704700004B4883B07E
:10624000016841F4700101604948016841F00101B1
:1062500001604268474911404160016821F4102102
:1062600021F080710160016821F4802101604168A2
:1062700021F47F0121F0006141600021C1620163CE
:106280004FF41F028260C26942F08052C2613A4AF2
:10629000D36843F00103D360C26922F08052C26127
:1062A000364A136843F09003136000918DF8041090
:1062B0000291016841F4803101600168C1F34041FD
:1062C0008DF804100299491C02919DF8041019B927
:1062D0000299B1F5004FF0D10168C1F340418DF84A
:1062E00004109DF8041000293BD0116821F007012B
:1062F0001160116841F0030111604168416041681B
:1063000041F400514160416841F4A061416041683D
:1063100021F47C1121F000614160416841F4803139
:1063200041F4003141F0026100914160016841F0A7
:1063300080710160016811F0007FFBD0416821F09D
:1063400003014160416841F002014160416801F090
:106350000C010829FAD10A494FF00060086003B027
:106360007047094907480860F5E7000088ED00E03C
:106370000010024000C0FFF8007000400020024002
:1063800008ED00E000127A00000000202DE9F0473F
:10639000DFF894900D4607461C4616464FF02A0833
:1063A0004FF480714846FCF7EFFB404600F054FC88
:1063B0004FF480714846FCF751FC380A00F04CFC61
:1063C000F8B200F049FC300A00F046FCF0B200F0F0
:1063D00043FC2B264FF480714846FCF7D5FB304632
:1063E00000F03AFC4FF480714846FCF737FC280A6D
:1063F00000F032FCE8B200F02FFC200A00F02CFC88
:10640000E0B200F029FC2C244FF480714846FCF7E0
:10641000BBFB204600F020FC4846BDE8F0474FF4A7
:106420008071FCF71BBC0000000C01402DE9F04F0F
:106430000026A2EB00085F1A85B0354682468946E1
:10644000B8F1000FC8BF012007DC0FBF00204FF0DC
:10645000FF30C8F10008019000D10190002FC8BFA3
:10646000012006DC0FBF00204FF0FF307F4200907C
:1064700000D10090B845CCBF44463C464FF0000BDD
:10648000601C03900028DCBF05B0BDE8F08F0E98BB
:10649000000A02901FFA8AF01FFA89F1DDF838C06D
:1064A0000B460246CDF810C0FFF770FF029800F0CF
:1064B000D3FBDDF810C00CF0FF0000F0CDFB46442C
:1064C0003D44A64202DD0198361B8244A54202DD0E
:1064D00000982D1B81440BF101001FFA80FB0398EB
:1064E0008345D7DB05B0BDE8F08F2DE9F047814645
:1064F0009846581E83B21746501E82B20D46484633
:10650000089EFFF743FF454534BF4FEA162ABDE812
:10651000F0874C46B94509D2504600F09DFBF0B2D9
:1065200000F09AFB601C84B2BC42F5D3681C85B2B3
:106530004545EED3BDE8F087F8B54FF47C70ADF873
:10654000000010208DF803000320F24E8DF80200A9
:1065500069463046FCF76EF901210920FEF728FE56
:106560000121ED48FBF716FE71153046FCF70CFBD8
:106570006423002246F2A811491EFDD1521C9A4202
:10658000F8D34FF400713046FCF768FB6423002217
:1065900046F2A811491EFDD1521C9A42F8D310218F
:1065A0003046FCF7F1FA6423002246F2A811491E96
:1065B000FDD1521C9A42F8D3002436254FF4807145
:1065C0003046FCF7E1FA284600F046FB4FF48071B4
:1065D0003046FCF743FB602000F03EFB3A254FF4C9
:1065E00080713046FCF7D0FA284600F035FB4FF4B6
:1065F00080713046FCF732FB052000F02DFBB22500
:106600004FF480713046FCF7BFFA284600F024FBB7
:106610004FF480713046FCF721FB0C2000F01CFB8E
:106620000C2000F019FB002000F016FB332000F0D6
:1066300013FB332000F010FBB7254FF48071304678
:10664000FCF7A2FA284600F007FB4FF480713046B1
:10665000FCF704FB352000F0FFFABB254FF48071F6
:106660003046FCF791FA284600F0F6FA4FF48071B4
:106670003046FCF7F3FA192000F0EEFAC0254FF48B
:1066800080713046FCF780FA284600F0E5FA4FF4B6
:1066900080713046FCF7E2FA2C2000F0DDFAC225CA
:1066A0004FF480713046FCF76FFA284600F0D4FAB8
:1066B0004FF480713046FCF7D1FA012000F0CCFA9B
:1066C000C3254FF480713046FCF75EFA284600F08F
:1066D000C3FA4FF480713046FCF7C0FA122000F084
:1066E000BBFAC4254FF480713046FCF74DFA2846BA
:1066F00000F0B2FA4FF480713046FCF7AFFA202078
:1067000000F0AAFAC6254FF480713046FCF73CFA37
:10671000284600F0A1FA4FF480713046FCF79EFA4B
:106720000F2000F099FAD0254FF480713046FCF725
:106730002BFA284600F090FA4FF480713046FCF7AF
:106740008DFAA42000F088FAA12000F085FAE02557
:106750004FF480713046FCF717FA284600F07CFAB7
:106760004FF480713046FCF779FAD02000F074FACB
:10677000042000F071FA0D2000F06EFA112000F0F4
:106780006BFA132000F068FA2B2000F065FA3F2026
:1067900000F062FA542000F05FFA4C2000F05CFA3E
:1067A000182000F059FA0D2000F056FA0B2000F0E6
:1067B00053FA1F2000F050FA232000F04DFAE12593
:1067C0004FF480713046FCF7DFF9284600F044FAB8
:1067D0004FF480713046FCF741FAD02000F03CFACB
:1067E000042000F039FA0C2000F036FA112000F0F5
:1067F00033FA132000F030FA2C2000F02DFA3F205D
:1068000000F02AFA442000F027FA512000F024FA80
:106810002F2000F021FA1F2000F01EFA1F2000F0A8
:106820001BFA202000F018FA232000F015FA212589
:106830004FF480713046FCF7A7F9284600F00CFAB7
:106840004FF480713046FCF709FA11254FF480713E
:106850003046FCF799F9284600F0FEF94FF48071B4
:106860003046FCF7FBF929254FF480713046FCF7E0
:106870008BF9284600F0F0F94FF480713046FCF7B0
:10688000EDF92A254FF480713046FCF77DF9284652
:1068900000F0E2F94FF480713046FCF7DFF9002098
:1068A00000F0DAF9002000F0D7F9002000F0D4F968
:1068B000EF2000F0D1F92B254FF480713046FCF722
:1068C00063F9284600F0C8F94FF480713046FCF7B0
:1068D000C5F9002000F0C0F9002000F0BDF900204B
:1068E00000F0BAF9C52000F0B7F92C254FF48071FB
:1068F0003046FCF749F9284600F0AEF94FF48071B4
:106900003046FCF7ABF9601CC4B2022CFFF455AE64
:10691000F8BD0000000C0140000230002DE9FF4FDF
:1069200085B00746DDF84C800C468B4618F0070012
:1069300018BF012000EBD80000FB08F04FF0000961
:10694000009000289CBF09B0BDE8F08F2D4800EBF7
:10695000421004902C4800EBC21003900898000AE3
:1069600002901298000A0190B8F1100F08BF049825
:1069700006D0B8F1200F0EBF039809B0BDE8F08F24
:1069800010F80950002615F0800F0FD023463A4624
:1069900019461046DDF820A0FFF7F8FC029800F039
:1069A0005BF90AF0FF0000F057F90EE023463A4683
:1069B00019461046DDF848A0FFF7E8FC019800F002
:1069C0004BF90AF0FF0000F047F94FF6FF7000EABC
:1069D0004505601C84B2A4EB0B00404503D1781C34
:1069E0005C4687B203E0701C86B2082ECBD309F157
:1069F00001001FFA80F900988145B5D309B0BDE8C0
:106A0000F08F000002BA000802AF00082DE9FF4F26
:106A100089B00546DDF85CA000264FEA5A090190CE
:106A20009B4619F0070018BF012000EBD90000FBBE
:106A30000AF00290A2F12000C4B20A980A995044C8
:106A4000401E83B205EB0900401E82B22846FFF7C4
:106A50009DFC02984FF0000800289CBF0DB0BDE8D7
:106A6000F08F3A4904EB440001EB8001079138496B
:106A700001EB04110691374901EB001005901698BF
:106A8000000A04904FEA1B200090BAF10C0F04BFDB
:106A9000079810F808700DD0BAF1100F08BF0698CB
:106AA00006D0BAF1180F0EBF05980DB0BDE8F08FF3
:106AB00010F808700024189800284FF0010000FA20
:106AC00004F000EA070019D060B10A992A460B4683
:106AD0001046FFF75BFC009800F0BEF80BF0FF00DB
:106AE00000F0BAF8681C85B20198281A48451FD1F1
:106AF0000A98019D401C80B20A901DE028B10098C0
:106B000000F0AAF80BF0FF0006E016980390049836
:106B100000F0A2F80398C0B200F09EF8701CC6B254
:106B2000B6FBF9F009FB1060002808BF002603D06F
:106B3000601CC4B2082CBED308F101001FFA80F813
:106B400002988045A1D30DB0BDE8F08FCE92000829
:106B500042970008329D00082DE9FF4F83B04FF0A7
:106B60000008DDE911961D0082464FEA56074446AB
:106B700012BFA5F1010B07B0BDE8F08F0A23281B57
:106B8000401EC2B20121501EC0B203D35943401E61
:106B9000C0B2FBD20598B0FBF1F01B49A1FB00216C
:106BA000C908494201EB810100EB4100B8F1000F37
:106BB00006D15C4504DA002818BF4FF0010814D054
:106BC0000021CDF800903030CDE90161C2B204FB64
:106BD00007A080B2109B0499FFF718FF601CC4B295
:106BE000AC42CBD307B0BDE8F08F0020CDF80090C9
:106BF000CDE9016004FB07A080B22022109B04991C
:106C0000FFF704FFEAE70000CDCCCCCC2DE9F0473C
:106C100084B00646DDE90D571078DDF830809946DE
:106C200014468A46002804BF04B0BDE8F087CDF8BA
:106C30000080CDE9015722784B4651463046FFF798
:106C4000E5FE06EB550086B214F8010F0028EED1E0
:106C500004B0BDE8F087000070B5134E0546202152
:106C60003046FBF791FF002440213046FBF78CFFB4
:106C700015F0800F4FF08001304602D0FBF7EEFF99
:106C800001E0FBF781FF40213046FBF7E7FF680694
:106C9000050E601CC4B2082CE6D33046BDE8704037
:106CA0002021FBF7DBBF0000000C01400448017805
:106CB000012918BF704700210170FAF74DBB000091
:106CC00055000020044901200870AFF207024FF47C
:106CD000FA71062001F0B8BA5500002010B5084C32
:106CE0000121204600F038FA002808BF10BD01211C
:106CF000204600F007F8BDE8104001F0AFBA0000F0
:106D00000010004070B50446A0F180400D46B0F57B
:106D1000963018BFB4F1804F23D0A4F18040B0F575
:106D200080601CBFA4F18040B0F5006019D0A4F1D0
:106D30008040B0F540601CBFA4F18040B0F58050A9
:106D40000FD0A4F18040B0F5A0501CBFA4F180404A
:106D5000B0F59A3005D040F6224209A116A001F004
:106D60001BFF15F47F4F00D12DB940F6234204A13B
:106D700017A001F011FF2069A843206170BD000039
:106D80002E2E5C6669726D776172655C6E33326758
:106D90003435785F7374645F7065726970685F64BE
:106DA00072697665725C7372635C6E333267343518
:106DB000785F74696D2E6300497354696D416C6C22
:106DC0004D6F64756C652854494D782900000000AA
:106DD000497354696D496E742854494D5F4954296B
:106DE0000000000070B50446A0F1804016460D4634
:106DF000B0F5963018BFB4F1804F23D0A4F1804095
:106E0000B0F580601CBFA4F18040B0F5006019D0DF
:106E1000A4F18040B0F540601CBFA4F18040B0F503
:106E200080500FD0A4F18040B0F5A0501CBFA4F159
:106E30008040B0F59A3005D04FF47B720FA11DA0B1
:106E400001F0AAFE15F47F4F00D12DB940F2ED32CA
:106E50000AA11EA001F0A0FE002E04BFA089A84335
:106E600009D0012E05D040F2EE3204A11CA001F0A1
:106E700093FEA0892843A08170BD00002E2E5C6681
:106E800069726D776172655C6E3332673435785F35
:106E90007374645F7065726970685F647269766547
:106EA000725C7372635C6E3332673435785F746919
:106EB0006D2E6300497354696D416C6C4D6F647540
:106EC0006C652854494D78290000000049735469C5
:106ED0006D496E742854494D5F49542900000000E3
:106EE00049535F46554E4354494F4E414C5F5354AE
:106EF00041544528436D64290000000070B50446E4
:106F0000A0F1804015460E46B0F5963018BFB4F19A
:106F1000804F23D0A4F18040B0F580601CBFA4F165
:106F20008040B0F5006019D0A4F18040B0F5406019
:106F30001CBFA4F18040B0F580500FD0A4F1804078
:106F4000B0F5A0501CBFA4F18040B0F59A3005D038
:106F500040F2195208A116A001F01EFE002D18BF24
:106F6000012D05D040F21A5203A117A001F014FE22
:106F70002685A58270BD00002E2E5C6669726D7735
:106F80006172655C6E3332673435785F7374645F49
:106F90007065726970685F6472697665725C73723D
:106FA000635C6E3332673435785F74696D2E6300CD
:106FB000497354696D416C6C4D6F64756C652854F0
:106FC000494D782900000000497354696D5073637E
:106FD00052656C6F61644D6F64652854494D5F5014
:106FE000534352656C6F61644D6F64652900000006
:106FF000F8B51A4E41F63F70F0804FF4A060FDF7EF
:10700000E5FF01211020FEF773F836208DF800000F
:1070100003258DF8015000248DF8024001208DF8E1
:1070200003006846FDF742FB0D480421858001807E
:10703000C48044800B4C0146204600F00FF9012229
:10704000F1882046FFF75AFF012211462046FFF73C
:10705000C9FE0121204600F007F8F8BD1600002007
:10706000E40200200010004070B50446A0F180400A
:107070000D46B0F5963018BFB4F1804F23D0A4F17F
:107080008040B0F580601CBFA4F18040B0F5006086
:1070900019D0A4F18040B0F540601CBFA4F180403D
:1070A000B0F580500FD0A4F18040B0F5A0501CBFC7
:1070B000A4F18040B0F59A3005D040F2AF320BA178
:1070C00018A001F069FD002D04BF206820F0010028
:1070D0000AD0012D05D04FF46C7204A117A001F065
:1070E0005BFD206840F00100206070BD2E2E5C66C4
:1070F00069726D776172655C6E3332673435785FC3
:107100007374645F7065726970685F6472697665D4
:10711000725C7372635C6E3332673435785F7469A6
:107120006D2E6300497354696D416C6C4D6F6475CD
:107130006C652854494D78290000000049535F468A
:10714000554E4354494F4E414C5F5354415445288A
:10715000436D64290000000070B505460026A0F1CB
:1071600080400C46B0F5963018BFB5F1804F23D063
:10717000A5F18040B0F580601CBFA5F18040B0F55E
:10718000006019D0A5F18040B0F540601CBFA5F1AA
:107190008040B0F580500FD0A5F18040B0F5A050F0
:1071A0001CBFA5F18040B0F59A3005D040F6FC3206
:1071B00011A11FA001F0F0FC012C18BF022C11D06E
:1071C000042C18BF082C0DD0102C18BF202C09D06F
:1071D000402C18BF802C05D040F6FD3206A11AA025
:1071E00001F0DAFC2869A989204201EA04011CBFE8
:1071F00000290126304670BD2E2E5C6669726D77BF
:107200006172655C6E3332673435785F7374645FC6
:107210007065726970685F6472697665725C7372BA
:10722000635C6E3332673435785F74696D2E63004A
:10723000497354696D416C6C4D6F64756C6528546D
:10724000494D782900000000497354696D47657401
:10725000496E742854494D5F495429002DE9F05F67
:10726000DFF888A1DFF888B1DFF88881DFF888913E
:10727000624F634E0D460446504518BFB4F1804F2F
:1072800013D0BC4218BFB4420FD04C4518BF5C4568
:107290000BD0A4F18040B0F5A05018BF444504D0F5
:1072A000BD2258A165A001F077FC6888002818BFAE
:1072B000102809D020281CBF4028602804D0BE22F6
:1072C00050A164A001F068FCE88800281CBFB0F55C
:1072D000807FB0F5007F04D0BF224AA169A001F0F1
:1072E0005BFC2068544518BF444508D0B4F1804F7A
:1072F00018BFBC4203D0B44218BF4C4503D16988C3
:1073000020F0700008435C451CBFA4F18041B1F53A
:10731000A05103D0E98820F4407008432060A88879
:10732000A08528882085544512BF4445287A2086A8
:107330000120A0822068544518BF444508D0B4F10C
:10734000804F18BFBC4203D0B44218BF4C4509D18E
:10735000697A002914BF40F4006020F40060B4F1A1
:10736000804F04D0BC421CBFB4424C4510D1A97A16
:10737000002914BF40F4805020F48050E97A00299D
:1073800014BF40F4005020F40050B4F1804F03D0FB
:10739000BC4218BFB44206D1297B002914BF40F477
:1073A000804020F48040544518BF444505D0B4F1D6
:1073B000804F1CBFBC42B44206D1697B002914BF78
:1073C00040F4004020F4004020606068B4F1804F39
:1073D00018BFB44206D1A97B002914BF40F48070C5
:1073E00020F480706060BDE8F09F0000002C014038
:1073F0000010004000340140000C00400004004038
:10740000000800402E2E5C6669726D776172655CC3
:107410006E3332673435785F7374645F7065726998
:1074200070685F6472697665725C7372635C6E33F8
:1074300032673435785F74696D2E6300497354691F
:107440006D416C6C4D6F64756C652854494D78299D
:1074500000000000497354696D436E744D6F64659C
:107460002854494D5F54696D6542617365496E6981
:10747000745374727563742D3E436E744D6F6465FE
:1074800029000000497354696D436C6B4469762888
:1074900054494D5F54696D6542617365496E697405
:1074A0005374727563742D3E436C6B446976290086
:1074B0002DE9F04700252C460420FCF7E7FF0128C2
:1074C00018BFBDE8F0870D20FCF7F6FF002898BF35
:1074D000BDE8F0874FF00F082F4F4FF00E0908EB73
:1074E0004406F0B2FCF7E8FF3979B1EB102F10D168
:1074F000F0B2FCF7E1FF7979C0B2884209D109EB1B
:107500004400C0B2FCF7D8FF10F0800F14BF012573
:107510000225601CC4B20D20FCF7CEFFA042DED8CD
:10752000012D1CD0022D18BFBDE8F0870120FCF70B
:10753000ADFF012818BFBDE8F0870020FEF7E8FC8A
:107540000020F9F7C9FE00210120FCF7BBFF09214B
:107550000A20FCF7CDFFBDE8F047FCF70DBF012086
:10756000FCF794FF002818BFBDE8F0870020FCF767
:107570008DFF002818BFBDE8F0870120FEF7C8FC8A
:107580000120F9F7A9FE01210846FCF79BFFBDE8A1
:10759000F047FCF7F1BE00002000002010B50548C0
:1075A00000F0ACFCC1B204480068BDE81040FBF735
:1075B00045BE0000004C00403800002070B5114D61
:1075C00040F22551284600F04BFA10B10E4C2078BD
:1075D00020B12846BDE8704000F090BC284600F07D
:1075E0008DFC6188094A88546088401C60800320B3
:1075F00000F020FEBDE870403221054A032000F073
:1076000023BE000000440040CE070020D207002027
:10761000F581000870B5114D40F22551284600F063
:107620001FFA10B10E4C207820B12846BDE87040FA
:1076300000F064BC284600F061FC6188094A885467
:107640006088401C6080052000F0F4FDBDE87040BB
:107650003221054A052000F0F7BD00000048004037
:107660007C03002080030020058200082DE9F047FC
:10767000DFF8FC80DFF8FC90DFF8FCA016460D4632
:107680000446404518BF4C451AD054451CBFA4F1D0
:107690008040B0F5984013D0A4F18040B0F5A040F0
:1076A0001FBFA4F18040B0F5A830A4F18040B0F530
:1076B000AA3005D040F27F1230A13FA001F06CFA51
:1076C00040F66A17282D1CBFA5F5E060B0F1270031
:1076D0001BD0A5F5C06026381CBFA5F5A060B0F191
:1076E000250012D0A5F5806024381CBFA5F50060E8
:1076F000B0F1460009D0BD4218BF602D05D04FF44F
:10770000C0721EA133A001F047FA002E18BF012E4F
:1077100005D040F2811219A135A001F03DFABD4219
:107720000AD144451CBF4C45544505D040F2851252
:1077300012A136A001F030FA05F01F010122C5F3B5
:10774000421002FA01F1012808BF04F10C0005D033
:1077500002280CBF04F1100004F11400002E02688E
:1077600014BF114322EA01010160BDE8F087000067
:107770000038014000440040004800402E2E5C6666
:1077800069726D776172655C6E3332673435785F2C
:107790007374645F7065726970685F64726976653E
:1077A000725C7372635C6E3332673435785F757305
:1077B0006172742E6300000049535F555341525467
:1077C0005F414C4C5F5045524950482855534152F7
:1077D0005478290049535F55534152545F434647FB
:1077E0005F494E542855534152545F494E54290025
:1077F00049535F46554E4354494F4E414C5F535495
:1078000041544528436D64290000000049535F55E9
:10781000534152545F3132335F50455249504828EA
:10782000555341525478290070B50446A0F1804068
:107830000D46B0F59C301CBFA4F18040B0F58840E7
:107840001DD0A4F18040B0F590401CBFA4F1804051
:10785000B0F5984013D0A4F18040B0F5A0401FBF10
:10786000A4F18040B0F5A830A4F18040B0F5AA3072
:1078700005D040F259120BA119A001F08DF9002D8D
:1078800004BFA08920F400500AD0012D05D04FF488
:10789000AD7204A119A001F07FF9A08940F4005055
:1078A000A08170BD2E2E5C6669726D776172655C19
:1078B0006E3332673435785F7374645F70657269F4
:1078C00070685F6472697665725C7372635C6E3354
:1078D00032673435785F75736172742E630000000F
:1078E00049535F55534152545F414C4C5F50455290
:1078F00049504828555341525478290049535F460E
:10790000554E4354494F4E414C5F535441544528C2
:10791000436D6429000000002DE9F047294F00263F
:10792000DFF8A480DFF8A4900C460546B84218BFE3
:1079300045451AD04D451CBFA5F18040B0F5984093
:1079400013D0A5F18040B0F5A0401FBFA5F1804045
:10795000B0F5A830A5F18040B0F5AA3005D040F2CE
:1079600019321BA129A001F017F9012C18BF802C96
:1079700020D0402C18BF202C1CD0102C18BFB4F5E0
:10798000807F17D0B4F5007F09D0082C1CBF042CD1
:10799000022C0FD040F21A320DA123A008E0BD4204
:1079A0001CBF45454D4505D040F21E3208A125A01B
:1079B00001F0F2F82888204218BF01263046BDE8C1
:1079C000F0870000003801400044004000480040BB
:1079D0002E2E5C6669726D776172655C6E333267FC
:1079E0003435785F7374645F7065726970685F6462
:1079F00072697665725C7372635C6E3332673435BC
:107A0000785F75736172742E6300000049535F558F
:107A1000534152545F414C4C5F50455249504828A5
:107A2000555341525478290049535F55534152549C
:107A30005F464C41472855534152545F464C41479D
:107A40002900000049535F55534152545F3132338E
:107A50005F504552495048285553415254782900A7
:107A60002DE9F047DFF8F4800026DFF8F490DFF826
:107A7000F4A00C460546404518BF4D451AD0554563
:107A80001CBFA5F18040B0F5984013D0A5F180400F
:107A9000B0F5A0401FBFA5F18040B0F5A830A5F11A
:107AA0008040B0F5AA3005D040F26B322EA13DA047
:107AB00001F072F8282C34D0A4F5E06040F66A1783
:107AC00027381CBFA4F5C060B0F126001CD0A4F577
:107AD000A06025381CBFA4F58060B0F1240013D04D
:107AE000A4F50060463818BFBC420DD0B4F5587FED
:107AF0001CBFB4F5187FB4F5B07F12D04FF45B72A1
:107B000019A12FA001F048F8BC420AD145451CBF7D
:107B10004D45554505D04FF45C7213A12FA001F0DF
:107B20003BF804F01F000122C4F3421102FA00F0F6
:107B3000012904BFA989084004D002290CBF298A61
:107B4000A98A0840210A02FA01F12A881140002876
:107B50001CBF002901263046BDE8F08700380140EF
:107B600000440040004800402E2E5C6669726D772C
:107B70006172655C6E3332673435785F7374645F4D
:107B80007065726970685F6472697665725C737241
:107B9000635C6E3332673435785F75736172742E4F
:107BA0006300000049535F55534152545F414C4CB0
:107BB0005F50455249504828555341525478290046
:107BC00049535F55534152545F4745545F494E54A2
:107BD0002855534152545F494E54290049535F552B
:107BE000534152545F3132335F5045524950482817
:107BF00055534152547829002DE9F047604EDFF883
:107C00008491DFF884A1614FDFF8848186B00D464E
:107C10000446B04218BF4C4513D054451CBFA4F1D4
:107C20008040B0F598400CD0A4F18040B0F5A04061
:107C30001CBFBC42444504D0C42256A164A000F03D
:107C4000ABFF28686949401E884204D3C52251A170
:107C500067A000F0A1FFA888002818BFB0F5805FDA
:107C600004D0C6224BA16EA000F096FFE888002841
:107C700018BFB0F5805F0AD0B0F5005F18BFB0F54F
:107C8000405F04D0C72243A172A000F085FF28897D
:107C900000281CBFB0F5806FB0F5C06F04D0C822BB
:107CA0003CA178A000F078FF688930F00C0100D189
:107CB00020B9C92237A17EA000F06EFFA889002854
:107CC00018D0B0F5807F1CBFB0F5007FB0F5407FC5
:107CD00006D0CA222FA1804800F05EFFA88948B1D3
:107CE000B4421CBF4C45544504D0CE2229A17BA0F0
:107CF00000F052FF208A4CF6FF710840E9880843E3
:107D00002082A0894EF6F3110840A9882A891143E0
:107D10006A8910430843A081A08A4FF6FF410840BA
:107D2000A9890843A0826846FDF7DCFAB44218BF6F
:107D3000BC4203D0444518BF029800D103986E4A54
:107D400000EBC00101EB001029686FF0180C8900EE
:107D5000B0FBF1F0A2FB0031490909010B0903FB5B
:107D60000CF300EB8300322303EB0010A2FB002096
:107D7000C0F343100843208106B0BDE8F08700003F
:107D800000380140004400400048004000500140DD
:107D9000005401402E2E5C6669726D776172655CDD
:107DA0006E3332673435785F7374645F70657269FF
:107DB00070685F6472697665725C7372635C6E335F
:107DC00032673435785F75736172742E630000001A
:107DD00049535F55534152545F414C4C5F5045529B
:107DE00049504828555341525478290020AA44004C
:107DF00049535F55534152545F4241554452415497
:107E0000452855534152545F496E697453747275D5
:107E100063742D3E426175645261746529000000EF
:107E200049535F55534152545F574F52445F4C453D
:107E30004E4754482855534152545F496E69745314
:107E400074727563742D3E576F72644C656E6774FF
:107E50006829000049535F55534152545F53544FB2
:107E600050424954532855534152545F496E6974E6
:107E70005374727563742D3E53746F7042697473DA
:107E80002900000049535F55534152545F504152FD
:107E90004954592855534152545F496E697453747B
:107EA000727563742D3E5061726974792900000007
:107EB00049535F55534152545F4D4F4445285553E4
:107EC0004152545F496E69745374727563742D3EE8
:107ED0004D6F6465290000007CBB000849535F5565
:107EE000534152545F3132335F5045524950482814
:107EF00055534152547829001F85EB5110B5044663
:107F0000A0F18040B0F59C301CBFA4F18040B0F5DA
:107F100088401DD0A4F18040B0F590401CBFA4F172
:107F20008040B0F5984013D0A4F18040B0F5A04057
:107F30001FBFA4F18040B0F5A830A4F18040B0F597
:107F4000AA3005D040F2512203A112A000F024FE75
:107F5000A088C0F3080010BD2E2E5C6669726D7794
:107F60006172655C6E3332673435785F7374645F59
:107F70007065726970685F6472697665725C73724D
:107F8000635C6E3332673435785F75736172742E5B
:107F90006300000049535F55534152545F414C4CBC
:107FA0005F50455249504828555341525478290052
:107FB00070B50446A0F180400D46B0F59C301CBF62
:107FC000A4F18040B0F588401DD0A4F18040B0F508
:107FD00090401CBFA4F18040B0F5984013D0A4F1AC
:107FE0008040B0F5A0401FBFA4F18040B0F5A8309C
:107FF000A4F18040B0F5AA3005D04FF4107208A16A
:1080000016A000F0C9FDB5F5007F05D340F241226E
:1080100003A119A000F0C0FDC5F30800A08070BD49
:108020002E2E5C6669726D776172655C6E333267A5
:108030003435785F7374645F7065726970685F640B
:1080400072697665725C7372635C6E333267343565
:10805000785F75736172742E6300000049535F5539
:10806000534152545F414C4C5F504552495048284F
:10807000555341525478290049535F555341525446
:108080005F44415441284461746129002DE9F04165
:108090000E0005464FF0000414BF094FBDE8F08103
:1080A000295D3846FFF784FF80213846FFF734FC0E
:1080B0000028F9D0601C84B2B442F1D3BDE8F0814D
:1080C0000044004010B5184C002058212278012AA5
:1080D00018BF10BDB4F802C0BCF1170F08BFACF157
:1080E000010211D12318401C1B79C0B2194489B276
:1080F0008242F7DCC8430D49C0B21CF8011081422E
:1081000004BF201DF8F78CFE002062880146002A7B
:1081100006D92218401C11716288C0B28242F8D878
:108120006180217010BD0000CE070020D107002023
:108130002DE9F0471D4E3078012818BFBDE8F087C3
:108140004FF40061DFF868904846FAF787FD7588BC
:10815000371D0024002D88BFDFF858800DD9395D08
:108160004046FFF725FF80214046FFF7D5FB00285A
:10817000F9D0601C84B2AC42F1D3642000F096FDCB
:108180004FF400614846FAF7FFFC00207288014670
:10819000002A06D93218401C11717288C0B282427E
:1081A000F8D871803170BDE8F08700007C030020B2
:1081B00000080140004800402DE9F0410E0005464E
:1081C0004FF0000414BF094FBDE8F081295D384627
:1081D000FFF7EEFE80213846FFF79EFB0028F9D01E
:1081E000601C84B2B442F1D3BDE8F081004C004081
:1081F000FEE70000024901200870032000F01AB8D1
:10820000CE070020024901200870052000F012B8B6
:108210007C03002000200649024601EBC00341F820
:108220003020401CC0B25A601128F6D3FEF7E0BEE1
:10823000F4020020034A002142F8301002EBC00093
:1082400041607047F4020020034B43F8301003EB09
:10825000C000426070470000F402002070B50A4D73
:10826000002455F8340048B1411E05EBC40045F820
:108270003410406810B1002908BF8047601CC4B2A8
:10828000112CEED370BD0000F40200200FB4054B9A
:1082900010B503A9044A029800F0E2F810BC5DF89A
:1082A00014FB0000DD8C0008D40200200FB4084B42
:1082B00010B504A902AA039800F0D2F8044602A956
:1082C000002000F064FC204610BC5DF814FB0000A8
:1082D0008F8B000800487047E002002002E008C8C9
:1082E000121F08C1002AFAD170477047002001E030
:1082F00001C1121F002AFBD1704700002DE9FF5F6A
:10830000DDE90220010DDDF838B0024318D044F653
:108310001050A1F2FF3141430D140F98012820D0D5
:10832000A5EB0B00401C5FEA000A4FF00004474E2B
:10833000DFF81C91A046504616D5CAF1000728E088
:108340000F98012443A2012808D0002100980F9B18
:10835000C0E90021C0E90243BDE8FF9F6FEA0B01BD
:10836000F4E7CBF10000DEE7074612E0F80707D09C
:108370002246334640464946F7F77EFF8046894607
:108380002246334610461946F7F776FF04460E4656
:108390007F10002FEAD1DDE90201BAF1000F424659
:1083A0004B4602DAF7F768FF01E0F8F7B4F9044644
:1083B0000E460022284BF8F735FA03D84FF0FF306D
:1083C000014607E00022254B20463146F8F7FCF82D
:1083D000F8F710FA102409E0002C0ADB0A22002327
:1083E000F8F71CF8019B30321A55641E50EA01025E
:1083F000F2D1641C019AC4F1110314440F9A012AAA
:1084000003D0012208430DD10AE0084304D0002024
:108410004FF0110B0F9080E7A3EB0B056D1E0DE0E5
:108420005B4504DD4FF0000205F1010504E003DACD
:108430004FF00002A5F10105002AECD000980F9939
:10844000C0E90231C0E9004586E700000000244091
:108450000000F03F300000000000F0430000E03F6B
:108460002DE9FF4F95B09B468946064600250FE251
:10847000252877D100242746F84A0121059400E0F9
:10848000044316F8013F203B01FA03F01042F7D1F4
:1084900030782A2811D06FF02F033078A0F1300205
:1084A000092A16D8059A44F0020402EB820203EB73
:1084B00042021044761C0590EFE759F8042B059210
:1084C000002A03DA504244F40054059044F00204B8
:1084D000761C30782E2816D116F8010F44F00404CB
:1084E0002A280DD06FF02F023078A0F13003092B2D
:1084F00009D807EB870302EB4303C718761CF3E7A1
:1085000059F8047B761C30786C280FD006DC4C2898
:1085100017D068280DD06A2814D104E0742810D030
:108520007A280FD10DE044F400140AE044F48014DA
:1085300001E044F440147278824202D104F58014C0
:10854000761C761C307866280BD013DC582877D040
:1085500009DC002875D04528F6D04628F4D04728F5
:108560001AD19DE118E0632835D0642879D06528B8
:1085700012D195E1702873D008DC6728F1D0692802
:108580006FD06E280DD06F2806D1B5E073282CD09F
:10859000752875D0782874D05A46179990476D1C65
:1085A00075E1C4F30250022809D003280DD0D9F890
:1085B000001004280DD00D6009F1040967E1D9F815
:1085C0000010EA17C1E90052F6E7D9F800100D8053
:1085D000F2E70D70F0E719F8041B8DF80010002089
:1085E0008DF80100EA46012003E059F804AB4FF092
:1085F000FF3061074FF0000102D40DE008F10101E6
:108600008846B9420FDA8045F8DB1AF808100029CD
:10861000F4D108E008F1010188468142FADB1AF83A
:1086200008100029F6D105985B46A0EB0807214603
:108630003846179A00F094FA284400EB080507E042
:108640004DE029E10DE01AF8010B5A4617999047C1
:10865000B8F10108F7D25B4621463846179A13E174
:1086600042E00A220092C4F302524FF0000A022AAA
:1086700008D059F804CB032A4FEAEC710AD00DE078
:1086800029E02AE009F1070121F00702F2E802C11E
:10869000914609E00FFA8CFC4FEAEC71042A03D1F1
:1086A0004FFA8CFC4FEAEC71002907DA0A460021E8
:1086B000DCF1000C61EB02012D2202E0220504D561
:1086C0002B228DF80420012203E0E20701D02022B2
:1086D000F7E7904659E00A2102E010220DE0102150
:1086E0004FF0000A00910BE010224FF0000A44F016
:1086F00004040827009203E008224FF0000A0092C9
:10870000C4F30252022A05D059F804CB0021032AEF
:1087100008D009E009F1070121F00702F2E802C1DF
:10872000914605E01FFA8CFC042A01D10CF0FF0CE5
:108730004FF00008220728D5702806D0009B83F050
:10874000100353EA0A0305D00EE040228DF80420FE
:10875000012208E05CEA010206D030228DF80420F4
:108760008DF8050002229046009B83F0080353EA2F
:108770000A030AD15CEA010201D1620705D5302261
:108780008DF804204FF001087F1E582804D034A033
:1087900003900EA802900DE036A0F9E7534660461C
:1087A000009AF7F73BFE84460398825C0298401ECD
:1087B000029002705CEA0100F0D1029806A9081A42
:1087C00000F1200A600702D524F4803400E001277C
:1087D000574502DDA7EB0A0000E0002000EB0A018C
:1087E000009005984144401A0590E00306D45B468A
:1087F0002146179A059800F0B3F90544002706E0D2
:1088000001A85A46C05D179990476D1C7F1C4745CB
:10881000F6DBE0030CD55B462146179A059800F07D
:108820009FF9054404E030205A46179990476D1C83
:108830000099481E00900029F5DC08E00298029992
:108840005A460078491C0291179990476D1CBAF15D
:108850000001AAF1010AF1DC65E10000092801002C
:1088600030313233343536373839616263646566A6
:108870000000000030313233343536373839414268
:10888000434445460000000000F058F90544761CBA
:10889000307800287FF4ECAD19B02846BDE8F08FA1
:1088A000620700D4062709F1070222F0070CFCE852
:1088B0000223E14603F000485FEA080C02D00FF201
:1088C000702C0DE05FEA045C02D50FF2682C07E023
:1088D0005FEAC47C02D00FF2602C01E0AFF2700CB2
:1088E0004FF0FF3823F00043CDF850C065280CD07E
:1088F00006DC452809D046281DD047283DD13DE05B
:10890000662818D067287ED138E00021112F01DBBE
:10891000112000E0781CCDE9000106A90EA8FFF7A0
:10892000EDFCDDE90F010E9A03910021009207F1A1
:10893000010A04914DE04FF000400097CDE901108D
:1089400006A90EA8FFF7DAFCDDE90F0203920E9BE1
:1089500011990022DDF80CA00093049211B9791C42
:1089600000EB010AB7EB0A0004D4C0F1FF3007F1B5
:10897000010A0490AAEB0700019044E0012F00DAFD
:1089800001270021112F01DD112000E03846CDE93B
:10899000000106A90EA8FFF7B1FCDDE90F010E9A50
:1089A0000391002104910092BA4621070CD4039947
:1089B000514500DA8A46BAF1010F05DD009AAAF1A5
:1089C0000101515C302908D0B84202DA10F1040FDD
:1089D00006DA0121CDE9011015E0AAF10101E9E76C
:1089E000002805DC049901440491AAEB000102E08F
:1089F000411C514500DD8A460499401A401C0190F3
:108A00004FF000400290200704D40198504501DB4C
:108A1000CDF8048000208DF84F0002980DF14F072B
:108A2000B0F1004F25D02B200E9002984FF0020895
:108A300000280CDA404202902D200E9007E00A2117
:108A40000298F7F7D5FC3031029007F8011DB8F114
:108A50000001A8F10108F2DC02980028EFD1791E8C
:108A60000E980870307800F0200040F0450007F8BC
:108A7000020D12A8C01B00F107081498007800B17D
:108A8000012000EB0A01019801EBE07105984144D7
:108A9000401A401E0590E00306D45B462146179A13
:108AA000059800F05DF805441498007818B15A460E
:108AB000179990476D1CE00324D55B462146179A11
:108AC000059800F04DF805441CE00498002807DBE9
:108AD000DDE90301884203DD0098405C179901E05D
:108AE000179930205A469047049805F10105401C1B
:108AF00004900198401E019004D12E205A461799E7
:108B000090476D1CBAF10001AAF1010ADDDC05E015
:108B100017F8010B5A46179990476D1CB8F10001E0
:108B2000A8F10108F4DC5B462146179A0598ABE6EC
:108B30002D0000002B000000200000002DE9F04176
:108B4000044600251E461746880404D405E039462D
:108B50002020B0476D1C641EF9D52846BDE8F08181
:108B60002DE9F041044600251E469046C80301D574
:108B7000302700E02027880404D505E04146384628
:108B8000B0476D1C641EF9D52846BDE8F0810A681F
:108B9000531C0B601070704713460A46014602A032
:108BA000FFF774FBFEE70000617373657274696F11
:108BB0006E206661696C65643A206025736020618F
:108BC000742025733A25640000F00F03000900EBC0
:108BD000800003EB4000C0B200F5FA63080901F021
:108BE0000F0C00EB80000CEB4000110902F00F0CA1
:108BF000C0B201EB81010CEB4101421EC9B20C2A4B
:108C000002D209B11F2901D900207047012818BFDD
:108C1000022803D10C305A1EC0B293B2421C02EBA0
:108C2000420240F2676C12FB0CF201EB400000EBD9
:108C300052304AF2D731184401FB031100EB930084
:108C4000A0EB91504FF4C871B3FBF1F10844411C03
:108C5000074B08460022C3FB01208210A2EBE07004
:108C6000A0EBC000084410F0FF0008BF07207047C9
:108C700093244992FF2330B41A46B1F1010C24BF6A
:108C8000084C04F5807508D310F8011B5940635C4B
:108C900053406A5CBCF1010CF6D203480270437089
:108CA00030BC7047C400002058000020002200287B
:108CB00098BF704746F2A811491EFDD1521C82424E
:108CC000F8D370470022002898BF70471921491E29
:108CD000FDD1521C8242F9D37047000070B5074D98
:108CE0000446C1B22846FFF763F980212846FEF703
:108CF00013FE0028F9D0204670BD0000005000404F
:108D00000148407870470000C402002000B587B0D9
:108D10006846FCF7E7FA012140F2FD10FCF748FA3B
:108D200001214FF46020FCF7E3F94FF44070FBF7AA
:108D30004BFD0420FDF73EFA0B4901980B4BA1FBBC
:108D4000001040090022401EB0F1807F08D24FF091
:108D5000E0214861F02083F8140D8A610720086142
:108D600083F8142D07B000BD1F85EB510FE000E024
:108D700030B585B00424ADF8104018208DF81300EC
:108D80000320194D8DF8120004A92846F9F752FD69
:108D90000821ADF8101001218DF812108DF8134044
:108DA00004A92846F9F746FD4FF41650009000201C
:108DB000ADF80400ADF80600ADF80800ADF80C0001
:108DC0000C200A4CADF80A0069462046FEF714FF55
:108DD000012240F225512046FEF748FC01212046A1
:108DE000FEF722FD05B030BD000801400044004000
:108DF00010B586B04FF48060ADF8100018208DF8E3
:108E000013000320194C8DF8120004A92046F9F72D
:108E100011FDE114ADF8101001218DF8121004219C
:108E20008DF8131004A92046F9F704FD4FF41650ED
:108E300000900020ADF80400ADF80600ADF8080081
:108E4000ADF80C000C200A4CADF80A00694620462B
:108E5000FEF7D2FE012240F225512046FEF706FC25
:108E600001212046FEF7E0FC06B010BD000C0140D9
:108E70000048004010B586B04FF48060ADF8100097
:108E800018208DF813000320194C8DF8120004A946
:108E90002046F9F7CFFCE114ADF8101001218DF850
:108EA000121004218DF8131004A92046F9F7C2FC12
:108EB0004FF4E13000900020ADF80400ADF806005A
:108EC000ADF80800ADF80C000C200A4CADF80A0013
:108ED00069462046FEF790FE012240F225512046C9
:108EE000FEF7C4FB01212046FEF79EFC06B010BD34
:108EF00000100140004C004010B586B00121312027
:108F0000FCF756F901210805FCF7F2F84FF4805000
:108F1000ADF8100018208DF8130003208DF8120012
:108F200004A91648F9F786FC0420ADF810008DF866
:108F3000130004A91248F9F77DFC4FF4E1300090CA
:108F40000020ADF80400ADF80600ADF80800ADF85B
:108F50000C0008200B4CADF80A0069462046FEF7CD
:108F60004BFE012240F225512046FEF77FFB0121F6
:108F70002046FEF759FC208806B010BD00100140C5
:108F800000140140005000401F480178012918BF1B
:108F9000704710B5002101700220FBF777FA002816
:108FA00018BF10BD00210420FBF78CFA0120FBF74D
:108FB0006DFA012811D00120FCF7AAFF0120F8F773
:108FC0008BF901210846FBF77DFA01210846F8F7E5
:108FD00093FEBDE81040FBF7CFB90020FCF798FFE7
:108FE0000020F8F779F900210120FBF76BFA09213D
:108FF0000A20FBF77DFA00210120F8F77DFEBDE88D
:109000001040FBF7B9B900005400002001490120CD
:10901000087070475400002070B584B00425214EBC
:10902000ADF8005048248DF8034069463046F9F702
:1090300001FC02210120F9F71BF800208DF80C003B
:109040000C208DF80D0001208DF80E00029502A86D
:10905000F8F786FD1020ADF80000134D8DF80340A1
:1090600069462846F9F7E6FB4020ADF800008DF888
:10907000034069462846F9F7DDFB2020ADF80000E3
:109080008DF8034069460948F9F7D4FB0220ADF892
:1090900000008DF8034069463046F9F7CBFB04B079
:1090A00070BD0000000C01400008014000100140AC
:1090B000FFF76ABFF8B52020ADF800001025214E5B
:1090C0008DF8035001248DF8024069463046F9F7C7
:1090D000B1FB20213046F9F7C1FD1B4A4FF4FA716C
:1090E0000120FFF7B1F88021ADF800108DF8035092
:1090F0008DF8024069463046F9F79CFB80213046E6
:10910000F9F7ACFDADF80050104E8DF803508DF816
:10911000024069463046F9F78DFB10213046F9F7D9
:109120009DFDADF800408DF803508DF80240084CCD
:1091300069462046F9F77EFB01212046F9F78EFDAE
:10914000F8BD0000000801405D3A00080010014031
:10915000000C01400149012048707047C8020020FE
:10916000F7F78CFFF8F720FAF9F77EFEF9F7DAFE49
:10917000F7F7E6FFFCF7A8F9FDF798FDFAF782FB91
:10918000F9F710FEF9F7ACFEF2E70000F0B50B308E
:10919000154D20F007010024144A0FE003688B42AC
:1091A0000BD38B4205D95E1A43184768C3E90067A1
:1091B00000E04368136002C004E0021D106800284C
:1091C000ECD12046002802D1286808B10020F0BD6B
:1091D000064A07481060074A121A22F00702C0E93F
:1091E000002401202860D7E7DC020020D8020020FC
:1091F0004C190020482900200149012008707047BF
:10920000C80200200149012008717047C8020020EF
:1092100001494870F8F723B8C40200200149012031
:1092200088707047C802002010B500218F20F7F722
:1092300026FC00219020F7F722FC00219120F7F76F
:109240001EFC00219220F7F71AFCF8F7B1FE00216E
:109250000420F7F714FC01210520F7F710FC00218A
:109260000620F7F70CFC01210720F7F708FC002186
:109270000820F7F704FCBDE81040F8F766BD0000D1
:1092800000000102030401020304060708090102A9
:109290000406080A0C102020202020202020010095
:1092A00002000400060008000A000C001000200064
:1092B0004000800000010001000100010001303188
:1092C000323334353637383941424344454600005D
:1092D000000000000000000000000000040404047E
:1092E00004000004000014140A0000000000000044
:1092F000000000000A0A1F0A0A1F0A0A00000004F0
:109300000E1505060C14150E0400000012150D159F
:109310002E2C2A1200000000040A0A361515291600
:109320000000020201000000000000000000100820
:1093300008040404040408081000020404080808CF
:1093400008080404020000000004150E0E150400B5
:10935000000000000008083E0808000000000000AF
:109360000000000000000202010000000000003FB9
:1093700000000000000000000000000000000002EB
:109380000000002010100808040402020100000080
:109390000E1111111111110E000000000406040439
:1093A0000404040E000000000E1111080402011F45
:1093B000000000000E11100C1010110E0000000033
:1093C000080C0C0A091F081C000000001F01010FF7
:1093D0001110110E000000000C12010D1311110EDE
:1093E000000000001E10080804040404000000002F
:1093F0000E11110E1111110E000000000E111119A5
:10940000161009060000000000000400000000041F
:109410000000000000000004000000040400000040
:1094200010080402020408100000000000003F00C1
:109430003F000000000000000204081010080402B1
:10944000000000000E1111080404000400000000D8
:109450001C22292D2D1D221C0000000004040C0AD2
:109460000A1E1233000000000F12120E1212120F09
:10947000000000001E1101010101110E000000009A
:109480000F1212121212120F000000001F120A0E09
:109490000A02121F000000001F120A0E0A02020731
:1094A000000000001C1201013911120C0000000024
:1094B0003312121E12121233000000001F040404A3
:1094C0000404041F000000003E08080808080808FB
:1094D0000907000037120A060A12123700000000BE
:1094E000070202020202223F000000003B1B1B1B7E
:1094F00015151535000000003B1216161A1A121722
:10950000000000000E1111111111110E00000000D9
:109510000F12120E02020207000000000E111111BC
:109520001117190E180000000F12120E0A1212372E
:10953000000000001E1101060810110F00000000BD
:109540001F1504040404040E00000000331212125C
:109550001212120C000000003312120A0A0C04044A
:1095600000000000151515150E0A0A0A000000007B
:109570001B0A0A04040A0A1B000000001B0A0A0A4C
:109580000404040E000000001F0908040402121F56
:1095900000001C0404040404040404041C0000026D
:1095A000020404040808081010000E08080808083F
:1095B000080808080E00040A00000000000000006F
:1095C000000000000000000000000000003F020456
:1095D0000000000000000000000000000000000C7F
:1095E000121C123C000000030202020E1212120EA4
:1095F000000000000000001C1202120C0000001805
:109600001010101C1212123C000000000000000C90
:10961000121E021C000000182404041E0404041E70
:10962000000000000000003C120C021C221C000381
:109630000202020E1212123700000004040000069B
:109640000404040E000000080800000C08080808C4
:10965000080700030202021A0A060A1300000007A4
:10966000040404040404041F000000000000000FB0
:1096700015151515000000000000000F121212371A
:10968000000000000000000C1212120C000000008C
:109690000000000F1212120E020700000000001C52
:1096A0001212121C103800000000001B06020207F4
:1096B000000000000000001E020C101E0000000050
:1096C0000004041E0404041C000000000000001B31
:1096D0001212123C000000000000001B0A0A0404E1
:1096E0000000000000000015150E0A0A000000002E
:1096F0000000001B0A040A1B0000000000000033E9
:1097000012120C08040300000000001E0804041ECE
:10971000000018080808080C0808080818000808BD
:1097200008080808080808080808060404040408CB
:1097300004040404060016090000000000000000F4
:109740000000000000000000000000000000000019
:1097500000000000000808080808080800001818A1
:10976000000000486C24120000000000000000000F
:1097700000000000002424247F1212127F12121213
:1097800000000000081C2A2A0A0C1828282A2A1C73
:10979000080800000022251515152A585454542293
:1097A00000000000000C1212120A76252911916E99
:1097B0000000000606040300000000000000000096
:1097C00000000040201010080808080808101020A9
:1097D00040000002040808101010101010080804BF
:1097E00002000000000008086B1C1C6B0808000049
:1097F000000000000000080808087F0808080800AA
:10980000000000000000000000000000000006064C
:1098100004030000000000000000FE000000000043
:10982000000000000000000000000000000006062C
:1098300000000000804040202010100808040402AE
:1098400002000000001824424242424242422418D0
:109850000000000000080E08080808080808083E74
:1098600000000000003C4242422020100804427EDA
:1098700000000000003C4242201820404042221CD0
:109880000000000000203028242422227E2020789E
:1098900000000000007E0202021A26404042221C04
:1098A0000000000000382402021A26424242241816
:1098B00000000000007E2222101008080808080896
:1098C00000000000003C4242422418244242423C34
:1098D0000000000000182442424264584040241C0A
:1098E0000000000000000000181800000000181818
:1098F0000000000000000000000800000000000858
:109900000804000000402010080402040810204051
:1099100000000000000000007F0000007F00000049
:10992000000000000002040810204020100804027B
:1099300000000000003C4242464020101000181871
:1099400000000000001C225A555555552D42221C7E
:1099500000000000000808181414243C224242E7CA
:1099600000000000001F2222221E22424242221F2B
:1099700000000000007C4242010101010142221C62
:1099800000000000001F2242424242424242221F87
:1099900000000000003F4212121E12120242423F1B
:1099A00000000000003F4212121E121202020207C3
:1099B00000000000003C2222010101712122221C32
:1099C0000000000000E7424242427E42424242E73B
:1099D00000000000003E0808080808080808083EC3
:1099E00000000000007C101010101010101010105B
:1099F000110F0000007722120A0E0A12122222779B
:109A00000000000000070202020202020202427F7E
:109A1000000000000077363636362A2A2A2A2A6BBA
:109A20000000000000E346464A4A52525262624732
:109A300000000000001C2241414141414141221CE3
:109A400000000000003F424242423E020202020782
:109A500000000000001C2241414141414D53321C95
:109A600060000000003F4242423E1212222242C7E2
:109A700000000000007C4242020418204042423EA6
:109A800000000000007F4908080808080808081CB2
:109A90000000000000E74242424242424242423C51
:109AA0000000000000E74242222424141418080891
:109AB00000000000006B49494949555536222222D1
:109AC0000000000000E7422424181818242442E76C
:109AD0000000000000772222141408080808081C5F
:109AE00000000000007E2120101008040442423FC4
:109AF000000000780808080808080808080808088E
:109B00007800000002020404080808101020202039
:109B10004040001E101010101010101010101010E7
:109B20001E0000384400000000000000000000009B
:109B30000000000000000000000000000000000025
:109B400000FF000608000000000000000000000008
:109B50000000000000000000003C4278444242FC4B
:109B60000000000000030202021A26424242261AA6
:109B700000000000000000000038440202024438E7
:109B8000000000000060404040784442424264D8F7
:109B90000000000000000000003C427E0202423C47
:109BA0000000000000F08808087E08080808083E49
:109BB0000000000000000000007C22221C023C4249
:109BC000423C000000030202023A4642424242E79F
:109BD00000000000000C0C00000E08080808083EF9
:109BE000000000000030300000382020202020201D
:109BF000221E0000000302020272120A16122277CD
:109C000000000000000E0808080808080808083EC0
:109C10000000000000000000007F9292929292B734
:109C20000000000000000000003B4642424242E7C4
:109C30000000000000000000003C42424242423C62
:109C40000000000000000000001B26424242221ECD
:109C500002070000000000000078444242424478BD
:109C600040E000000000000000774C040404041FE2
:109C70000000000000000000007C42023C40423E28
:109C80000000000000000008083E0808080808302E
:109C9000000000000000000000634242424262DC1B
:109CA000000000000000000000E74224241408081F
:109CB000000000000000000000EB49495555222239
:109CC0000000000000000000007624181818246E20
:109CD000000000000000000000E7422424141808DF
:109CE0000807000000000000007E22100808447EE3
:109CF000000000C020202020201020202020202034
:109D0000C0001010101010101010101010101010B3
:109D100010100006080808080810080808080808B5
:109D200006000C32C200000000000000000000002D
:109D30000000000000000000000000000000000023
:109D40000000000000000000000000000000000013
:109D50000000000000000000000000000000000003
:109D600000000000000000000000600060006000D3
:109D700060006000600060004000200020002000C3
:109D800000000000000060006000600000000000B3
:109D900000000000000060066006300398018800A3
:109DA000440000000000000000000000000000006F
:109DB00000000000000000000000000000000000A3
:109DC000000000000000000000001002100210025D
:109DD0001002FE07FE070802080108010801080139
:109DE000FE07FE0704010401040104010000000055
:109DF000000000000000000040004000F001580397
:109E00004C03CC034C0058007000E000C001C001BE
:109E100040034C035C034C034801F0004000400049
:109E2000000000000000000000000E010A01910087
:109E300091009100510051003A00AE03A00250047D
:109E400050044804480448048402840300000000CD
:109E50000000000000000000000038006C006C00F2
:109E60006C006C006C002C0098071C011A01330177
:109E700033016301E300C308C6093C07000000008A
:109E80000000000000000C001C0010001000080082
:109E900004000000000000000000000000000000BE
:109EA00000000000000000000000000000000000B2
:109EB000000000000000000400020001800080009B
:109EC0004000400020002000200020002000200052
:109ED00020004000400080008000000100020004DB
:109EE0000000000000000200040008001000100044
:109EF00020002000400040004000400040004000A2
:109F000040002000200010001000080004000200A3
:109F10000000000000000000000000000000400001
:109F2000C0004000460C4E0FD001F0015E0F460C01
:109F30004000400040000000000000000000000061
:109F40000000000000000000000000000000000011
:109F500040004000400040004000FE0F4000400034
:109F60004000400040000000000000000000000031
:109F700000000000000000000000000000000000E1
:109F800000000000000000000000000000000000D1
:109F90000000000000000C001C0010001000080071
:109FA00004000000000000000000000000000000AD
:109FB00000000000000000000000FE07000000009C
:109FC0000000000000000000000000000000000091
:109FD0000000000000000000000000000000000081
:109FE0000000000000000000000000000000000071
:109FF0000000000000001C001C001C00000000000D
:10A000000000000000000004000600020003000140
:10A01000000180008000400040006000200020001F
:10A0200010001000080008000C00040006000200E8
:10A03000000000000000000000000000F000980197
:10A040000C030C03060606060606060606060606AA
:10A05000060606060C030C039801F0000000000041
:10A0600000000000000000000000000040007C0034
:10A0700060006000600060006000600060006000E0
:10A0800060006000600060006000FC0300000000F1
:10A09000000000000000000000000000F800840143
:10A0A000020306030603000300018001C0006000F4
:10A0B00020001000080204020602FE030000000057
:10A0C0000000000000000000000000007800C60052
:10A0D0008601860180018001C000700080010001BE
:10A0E00000030003060306038601F80000000000D9
:10A0F000000000000000000000000000800180015E
:10A10000C001A001A00190018801880184018201A1
:10A11000FE0F8001800180018001E0070000000047
:10A12000000000000000000000000000FC0304002C
:10A130000400040004000400F4008C010403000384
:10A1400000030603060382018401F80000000000FA
:10A15000000000000000000000000000E001180303
:10A160000C030C0004000600E60116030E060606AA
:10A170000606060604060C021803F00000000000A4
:10A18000000000000000000000000000F8070C06BE
:10A190000402040100010001800080004000400032
:10A1A000400060006000600060006000000000008F
:10A1B000000000000000000000000000F8010C0397
:10A1C0000606060606060C021C03F000C8010C0376
:10A1D00006060606060606060C03F001000000004F
:10A1E000000000000000000000000000F0000C0172
:10A1F0000C03060206060606060606078C06780607
:10A200000006000300030C018C0178000000000030
:10A21000000000000000000000000000000000003E
:10A22000000000000000E000E000E000000000008E
:10A23000000000000000E000E000E000000000007E
:10A24000000000000000000000000000000000000E
:10A25000000000000000600060000000000000003E
:10A2600000000000000000006000600040002000CE
:10A2700020000000000000000000000400020001B7
:10A2800080004000200010000800040008001000BA
:10A2900020004000800000010002000400000000D7
:10A2A00000000000000000000000000000000000AE
:10A2B000000000000000FE07000000000000FE0794
:10A2C000000000000000000000000000000000008E
:10A2D0000000000000000000000004000800100062
:10A2E0002000400080000001000200040002000184
:10A2F0008000400020001000080004000000000062
:10A30000000000000000000000000000E00318064C
:10A31000040C040C0C0C0C0C0007800140004000E5
:10A32000400000000000E000E000E000000000004D
:10A3300000000000000000000000E00018030C0214
:10A34000CC0564056605A605B604B604B604B604D5
:10A35000B602E4010C040C021803F0000000000037
:10A36000000000000000000000000000600060002D
:10A370005000D00090009000880088010801F8018A
:10A38000040304030402020202060F0F000000008F
:10A39000000000000000000000000000FE008C0330
:10A3A0000C030C030C030C038C01FC000C030C02CB
:10A3B0000C060C060C060C060C03FE010000000047
:10A3C000000000000000000000000000E00318038F
:10A3D0000C060C0404040600060006000600060035
:10A3E000060006040C040C021803F0000000000034
:10A3F0000000000000000000000000007F008C0151
:10A400000C030C030C060C060C060C060C060C06C2
:10A410000C060C060C030C038C017F0000000000EE
:10A42000000000000000000000000000FF03060321
:10A4300006040604060086008600FE0086008600EC
:10A4400086000600060406040602FF030000000062
:10A45000000000000000000000000000FF030603F1
:10A4600006040604060086008600FE0086008600BC
:10A47000860006000600060006001F00000000001F
:10A48000000000000000000000000000F0001801C3
:10A490000C020C0204020600060006000600C60FAD
:10A4A000060306030C030C031803F0000000000071
:10A4B0000000000000000000000000000F0F060672
:10A4C00006060606060606060606FE070606060633
:10A4D000060606060606060606060F0F0000000022
:10A4E000000000000000000000000000FC0360000D
:10A4F000600060006000600060006000600060005C
:10A5000060006000600060006000FC03000000006C
:10A51000000000000000000000000000F807C0007C
:10A52000C000C000C000C000C000C000C000C0002B
:10A53000C000C000C000C000C000C000C60066006F
:10A540003C0000000000000000000000CF03860176
:10A55000C60046002600160036002E006E0046009B
:10A56000C60086008601060106038F070000000072
:10A570000000000000000000000000001F000600B6
:10A58000060006000600060006000600060006009B
:10A5900006000600060406040602FF030000000091
:10A5A0000000000000000000000000000707860314
:10A5B00086038E038E034E034E034A035A035A0347
:10A5C0003A0332033203320312038707000000000C
:10A5D0000000000000000000000000008E0F0C02D0
:10A5E0001C021C0234023402640264024402C402EB
:10A5F000840284038403040304031F020000000098
:10A60000000000000000000000000000F0009801C1
:10A610000C030C02060606060606060606060606D5
:10A62000060606060C020C039801F000000000006C
:10A63000000000000000000000000000FF00060312
:10A64000060606060606060606068603FE00060041
:10A65000060006000600060006001F0000000000BD
:10A66000000000000000000000000000F000980161
:10A670000C030C0206060606060606060606060675
:10A68000060676064C02CC039801F0008007000312
:10A69000000000000000000000000000FF010603B1
:10A6A00006060606060606060603FE004600C60067
:10A6B000860086010603060306060F0E0000000052
:10A6C000000000000000000000000000F8020C0381
:10A6D0000602060206000E003C00F800E0038003BC
:10A6E00000070206020606060C03F0010000000047
:10A6F000000000000000000000000000FE076204EF
:10A700006108610860006000600060006000600037
:10A7100060006000600060006000F8010000000060
:10A720000000000000000000000000001E070C02F6
:10A730000C020C020C020C020C020C020C020C02A9
:10A740000C020C020C020C021801F00000000000C8
:10A750000000000000000000000000000F070602DB
:10A76000040104010C010C01880088009800980085
:10A770005000500070003000200020000000000059
:10A78000000000000000000000000000F70E62045E
:10A7900042044604460464026402E402E4029C02A9
:10A7A0009C01980198018801880088000000000041
:10A7B0000000000000000000000000009E070C01E7
:10A7C000080118019000B0006000200060006000E7
:10A7D000D00090008801080104038E0700000000EB
:10A7E0000000000000000000000000000F0F060441
:10A7F00004020C0208011801B800B00070006000EB
:10A8000060006000600060006000F801000000006F
:10A81000000000000000000000000000FC070C0227
:10A82000060302018001800040004000200020005B
:10A830001000180008040C040402FE0300000000CD
:10A84000000000000000E0032000200020002000A5
:10A8500020002000200020002000200020002000F8
:10A860002000200020002000200020002000E00325
:10A8700000000000000000000000040004000800C8
:10A8800008001000100010002000200040004000D0
:10A89000C0008000800000010001000200020002F0
:10A8A0000004000000007C00400040004000400028
:10A8B0004000400040004000400040004000400098
:10A8C00040004000400040004000400040007C004C
:10A8D000000000006000900008010000000000007F
:10A8E0000000000000000000000000000000000068
:10A8F0000000000000000000000000000000000058
:10A900000000000000000000000000000000000047
:10A910000000000000000000000000000000000037
:10A920000000000000000000000000000000000027
:10A93000FF0F000000001800600000000000000091
:10A940000000000000000000000000000000000007
:10A9500000000000000000000000000000000000F7
:10A9600000000000000000000000000000000000E7
:10A97000000000000000F0010C030C030003E003E2
:10A980001C030E03060306038E0B7C0E0000000062
:10A990000000000000000000000008000E000C0095
:10A9A0000C000C000C00CC013C031C060C060C0631
:10A9B0000C060C060C060C021C03E401000000004F
:10A9C0000000000000000000000000000000000087
:10A9D000000000000000F0008C018C0186010600E0
:10A9E0000600060006020C020C01F0000000000048
:10A9F000000000000000000000000002C00300038F
:10AA000000030003000378038C030C030603060312
:10AA100006030603060304038C0778010000000008
:10AA20000000000000000000000000000000000026
:10AA3000000000000000E001180308020C060C06EC
:10AA4000FC070C000C0018041802E00100000000D4
:10AA5000000000000000000000000000C0036006CD
:10AA6000300630003000FE01300030003000300091
:10AA700030003000300030003000FC0100000000E9
:10AA800000000000000000000000000000000000C6
:10AA9000000000000000F007D8068C018C018C013A
:10AAA0009801F8000C00FC00CC03060306038E039B
:10AAB000F800000000000000000008000E000C007C
:10AAC0000C000C000C00EC011C030C030C030C0329
:10AAD0000C030C030C030C030C039E070000000086
:10AAE00000000000000000000000000060006000A6
:10AAF0000000000040007C0060006000600060001A
:10AB000060006000600060006000FC030000000066
:10AB1000000000000000000000000000C001C001B3
:10AB2000000000000001F00180018001800180012F
:10AB30008001800180018001800180018001CC00C2
:10AB40007C00000000000000000008000E000C0067
:10AB50000C000C000C008C038C008C004C006C0072
:10AB60005C008C008C010C010C039E0700000000AF
:10AB70000000000000000000000040007C006000B9
:10AB800060006000600060006000600060006000C5
:10AB900060006000600060006000FC0300000000D6
:10ABA00000000000000000000000000000000000A5
:10ABB0000000000000003707EE066606660666061F
:10ABC00066066606660666066606FF0F000000005B
:10ABD0000000000000000000000000000000000075
:10ABE000000000000000EE011C030C030C030C032A
:10ABF0000C030C030C030C030C039E070000000065
:10AC00000000000000000000000000000000000044
:10AC1000000000000000F00098010C030606060684
:10AC20000606060606060C030C03F00000000000F2
:10AC30000000000000000000000000000000000014
:10AC4000000000000000EE011C030C060C060C06C0
:10AC50000C060C060C060C031C03EC010C000C008B
:10AC60003E000000000000000000000000000000A6
:10AC700000000000000078028C030C0306030603AA
:10AC800006030603060304038C0378030003000392
:10AC9000C0070000000000000000000000000000ED
:10ACA0000000000000009F03580638061800180036
:10ACB00018001800180018001800FF00000000001D
:10ACC0000000000000000000000000000000000084
:10ACD000000000000000F0031C030C020C0238000E
:10ACE000F000C003040304038C03FC010000000017
:10ACF0000000000000000000000000000000200034
:10AD0000200030003000FE01300030003000300004
:10AD100030003000300030023002E001000000005E
:10AD20000000000000000000000000000000000023
:10AD30000000000008028E030C030C030C030C033C
:10AD40000C030C030C030C039C07780100000000AB
:10AD500000000000000000000000000000000000F3
:10AD60000000000000001E070C0208010801180185
:10AD70009000B000B0006000600020000000000003
:10AD800000000000000000000000000000000000C3
:10AD9000000000000000F70E620446046402640232
:10ADA000EC029C0198019801980108000000000045
:10ADB0000000000000000000000000000000000093
:10ADC000000000000000BC0718011001B000600086
:10ADD0006000E0009000080108039E0700000000EA
:10ADE0000000000000000000000000000000000063
:10ADF0000000000000009E07080108010801900003
:10AE00009000B0006000600060002000200024007E
:10AE10001C00000000000000000000000000000016
:10AE2000000000000000FC018401C4004400600038
:10AE300020003000180208020C03FC010000000092
:10AE400000000000000000038000800080008000FF
:10AE500080008000800080004000200040008000D2
:10AE6000800080008000800080008000800000035F
:10AE70000000400040004000400040004000400012
:10AE800040004000400040004000400040004000C2
:10AE900040004000400040004000400040004000B2
:10AEA0004000000000000C00100010001000100016
:10AEB00010001000100010002000400020001000C2
:10AEC00010001000100010001000100010000C0006
:10AED000000000001C002204C204800300000000E7
:10AEE0000000000000000000000000000000000062
:10AEF0000000000000000000000000000000000052
:10AF00000000000000000000000000000000000041
:10AF100000000000000001FFFF0000FFFF000082B2
:10AF20000400008204000082040000820400008209
:10AF3000040000820400008204003FFFFFF81FFFAE
:10AF4000FFFC1082040C0082040C0082040C0082BE
:10AF5000040C0082040C0082040C0082040C0082A9
:10AF6000040C01FFFE0C00FFFE0C0000000C0000B2
:10AF7000001C000001FC00000008000000000000B0
:10AF800000000000000000000002000000040000BB
:10AF900000180000007000000FC80FFFFF080FFF2F
:10AFA00080080800000808010008080100080801DE
:10AFB000000808010008080100080801000808014D
:10AFC00000080BFFFFF809FFFFF8098100080801DE
:10AFD0000008080100080801100808011808080105
:10AFE0000E08080307C8180303C838010008180032
:10AFF0000018080000180000000800000000000011
:10B000000000000000000000000000100200000C22
:10B010000200000F033C080707FC06001F800780A2
:10B02000700203038004000C0004003000180200CA
:10B030000030020407E00207FF80020E4000021603
:10B0400000000264000032C480021F847FFC1E8462
:10B050004000020400000204000002040000022478
:10B06000FFFC021C7FEC020E000406070004060031
:10B070000004020000FC0000001C000000080000AA
:10B08000000000000000000000000100018001003D
:10B0900001C00100018001000180010003000100E6
:10B0A000030001FFFE0001FFFE0201000404010095
:10B0B000040401000408030008180310081001101C
:10B0C0000860001000C00010018000100F00001088
:10B0D000FC103FFFE0101FF80008101000080010DF
:10B0E000000C0010000E0010000C001001FC001FEE
:10B0F000FFF0003FE0000010000000000000000032
:10B10000000000000000000000000000010002003C
:10B110001100024039000260310002306100023C3F
:10B1200041000210810002010100020C3100021CEA
:10B130003100023C71000268B10033C9A1001F8BCD
:10B140003FFE1E0E2FFC020C21000238A1000270EF
:10B150006100022079000204310002090100021896
:10B1600081000230C1000260C100062071000200AF
:10B170003300000003000000010000000000000098
:10B1800000000000000000000000000000000000BF
:10B1900000020000000400000008000002080FF890
:10B1A00047100890E7300890C6600890CAE0089100
:10B1B0004BC008914A48089252080896520C089CC5
:10B1C000640E0FF467FC089047F80890C4000890DC
:10B1D0008400089184000891A480089014C008900D
:10B1E0001C4008900C601FF80E3008000738000063
:10B1F000001C000000000000000000000000000033
:10B200000000000000000004000000040000000432
:10B2100000000004000020040000100400100C0FC7
:10B22000FFF80F04003807000060000000C00004B1
:10B23000018000040200000400000004000000047B
:10B2400000000004000000040000000400003FFFB4
:10B25000FFFE1FFFFFFC10040000000400000004BC
:10B260000000000400000004000000040000000CC6
:10B270000000000C000000040000000000000000BE
:10B2800000000000000000000000000000000000BE
:10B2900000000000000001FFFF0000FFFF0000822F
:10B2A0000400008204000082040000820400008286
:10B2B000040000820400008204003FFFFFF81FFF2B
:10B2C000FFFC1082040C0082040C0082040C00823B
:10B2D000040C0082040C0082040C0082040C008226
:10B2E000040C01FFFE0C00FFFE0C0000000C00002F
:10B2F000001C000001FC000000080000000000002D
:10B30000000000000000000000000040000000708D
:10B31000000000EFFFFE01A7FFFC0324420006240B
:10B3200042001C2442081824420810244208004409
:10B33000420C0244420E01CFFFFC01E4000000F089
:10B34000000000000000000000001FF87FF81FFE52
:10B350007FFC0846020C0082020C0082040C018271
:10B360000C0C0302180C0702380C0202300C000609
:10B37000100C003E01FC000400080000000000006A
:10B380000000000000000100000001038300010F25
:10B3900003000179020007C102003F010200193FCA
:10B3A000FFFE111FFFFE011104000103040003054D
:10B3B000040001090400001FFFFE0033FFFC0062CF
:10B3C000220000D2220003A222040F13FFFE3C172A
:10B3D000FFFC18120000141000000330000001F1FF
:10B3E000FFC800D000080060000C0030000E003BD9
:10B3F000FFFC001A00000010000000100000000018
:10B40000000000000000000000000000000000003C
:10B4100000000000000800011FFC01FF8FF801FF81
:10B4200000080001000800010008000100080001F8
:10B4300000080001000800010008000100083FFFAB
:10B44000FFF81FFFFFF810010008000100080001CD
:10B4500000080001000800010008000100080001C8
:10B46000000803FF800801FF9FFE01000FFE00009F
:10B4700008000000000000000000000000000000C4
:10B48000000000000000000000000040200000401C
:10B49000301000406008004060080040400C004050
:10B4A000C00E3FFFFFFC1FFFFFF8004100000041FE
:10B4B000000000C2000000C20000024000000200C4
:10B4C000000002000000020000100200000802005C
:10B4D00000080200000E03FFFFFC03FFFFFC020058
:10B4E0000000020000000200000002000000060050
:10B4F0000000060000000200000000000000000044
:10B500000000000000000000000000010002040133
:10B5100000040401000404010008040100100401F7
:10B520000020040100C00401038007FFFF0007FFA3
:10B53000F8000401000004010000040100000401FF
:10B5400000000401000004010000040100000401E7
:10B55000000007FFFFFE07FFFFFC040100000401DD
:10B560000000040100000C0100001C0100000C039D
:10B5700000000403000000010000000000000000C3
:10B580000000000000000000000000004002000079
:10B590004002002040040020400400204008002019
:10B5A00040180020401010204020182040600E203D
:10B5B00040C007A0438003A0470000207C00003F5C
:10B5C000F800003FC0000020600000E0580003A029
:10B5D00046003E2043801C2040C0182040600020D0
:10B5E000407000204038002040180060401C00607F
:10B5F000C00C0020C00C000040080000000000004B
:10B60000000000000000000000000000000000003A
:10B61000000003FFFFFE03FFFFFC0100000020000D
:10B620000100180801001E0802000E0804000008AE
:10B63000080000081000040860800408C040040BE3
:10B640008040040E007007FFFFE005FFFFC0048884
:10B6500000000408000004080000040800080418A2
:10B6600000080408000C0408000E07FFFFFE0FFF8F
:10B67000FFFC0400000000000000000000000000CB
:10B680000000000000000001000000062000000C87
:10B6900020000078200003C820003F0FFFF01D0F9E
:10B6A000FFF81108203001082062010820C20318A9
:10B6B0006082010821040000000408000004043F27
:10B6C000FF08071FFE0803D0001000100030001014
:10B6D00000E03FF3FF801FF3FE00101100800050D8
:10B6E000004000900040031000200E3FFE300C1080
:10B6F00000380000001C0000000E000000000000E8
:10B700000000000000000000000000402000004099
:10B71000301000406008004060080040400C0040CD
:10B72000C00E3FFFFFFC1FFFFFF0104180000041F3
:10B73000000000C1000000C2000000420000000044
:10B7400000000000000000FFFFFC00FFFFF8008089
:10B7500000400080004000800040008000400080E9
:10B760000040008000400080004000FFFFFC01FF1F
:10B77000FFF8008000000000000000000000000052
:10B7800000000000000000000400010008000100AB
:10B79000100001003000010060000100C000010342
:10B7A000FFFE0103FFFC010E0010011C00100170E0
:10B7B000801003C080100F0080103D008010110029
:10B7C00080101100801001008010017FFFF0013F08
:10B7D000FFF00100801001008010010080100100C6
:10B7E000801001008010010180100301801003000F
:10B7F0008030010000300000001000000000000058
:10B800000000000000000000000002000000020034
:10B81000000002003FFE02001FFE0201100003FFB5
:10B82000900002FF9000028310C0020310C0028546
:10B8300011C0024512C022491CC0324938801A3159
:10B84000F0801E31D0800A71548002D9128002CD5E
:10B850001380020F1180020111C8030110E802FFDA
:10B86000900802FF900C0200100E02003FFC060040
:10B870001FF00600000002000000000000000000B1
:10B880000000000000000000000000040830000E6E
:10B890000C3000341E3000E43C200384EC201F05F3
:10B8A00088601C070840080C08400038104400F06D
:10B8B000504400D0508400104088001080080010D0
:10B8C000801000108030001080203FFFF060101FBB
:10B8D000FFC0002087C0002083E0082107700C21F2
:10B8E0000E3806211C1C07E1780C00E3300E0063C3
:10B8F000101E002300FE00010002000000000000F6
:10B90000000000000000000000000000000800002F
:10B910000008000000080000000800000008000007
:10B9200000080000000800000008000000080000F7
:10B93000000800000008000000083FFFFFF81FFF9C
:10B94000FFF81004000800040008000400080004C8
:10B9500000080004000800040008000400080004B7
:10B960000008000C0008000C00080004000800009B
:10B97000001800000018000000080000000000008F
:10B9800000000000000000000002000C000C00108D
:10B990000030007FFFC001DFFC00071088003E1070
:10B9A0008800121FFFF8123FFFF002D088000390BA
:10B9B000880403108806003FFFFC0010000000040C
:10B9C000060008081A00081072000833C20008E3D5
:10B9D00042000FC242000E004200082FFFFE08275F
:10B9E000FFFC0814420008184200083842001FF00B
:10B9F000C200080046000000020000000000000035
:10BA00000000080130022204227822042202A2024D
:10BA100063FE222222222222222222222802300215
:10BA2000000000003FFC2108210821083FFC000025
:10BA300008000880086008020801FFFE08000800EE
:10BA40000000000000000FF0082008200820082057
:10BA5000FFFF08200820082008200FF00000000049
:10BA60000000004040404040404040404141414192
:10BA700041404040404040404040404040404040C5
:10BA800040404005020202020202020202020202D9
:10BA9000020202202020202020202020200202025A
:10BAA00002020202909090909090101010101010CE
:10BAB00010101010101010101010101010100202A2
:10BAC000020202028888888888880808080808080E
:10BAD00008080808080808080808080808080202F2
:10BAE0000202400063BA000849535F4E5649435F63
:10BAF0005355425F5052494F52495459284E564966
:10BB0000435F496E69745374727563742D3E4E566B
:10BB100049435F4952514368616E6E656C5375626B
:10BB20005072696F726974792900000049535F4E41
:10BB30005649435F505245454D5054494F4E5F5012
:10BB400052494F52495459284E5649435F496E69EC
:10BB5000745374727563742D3E4E5649435F495257
:10BB6000514368616E6E656C507265656D70746985
:10BB70006F6E5072696F72697479290049535F550D
:10BB8000534152545F48415244574152455F464CDD
:10BB90004F575F434F4E54524F4C285553415254C8
:10BBA0005F496E69745374727563742D3E48617297
:10BBB0006477617265466C6F77436F6E74726F6CF9
:10BBC000290000002E2E5C2E2E5C2E2E5C32303290
:10BBD00035313233302D2DB2BBB4F84C76676C5C06
:10BBE0004E33324734353752454C375C6669726D97
:10BBF000776172655C6E3332673435785F73746475
:10BC00005F7065726970685F6472697665725C7393
:10BC100072635C6E3332673435785F657874692E91
:10BC20006300000044BC000800000020E4020000A3
:10BC30007E09000888BD0008E40200206466000058
:10BC4000EC820008111810E1F50531323130303244
:10BC500032353039323001523202460103638025D9
:10BC60002808C1814001C0804104690C2908E918F5
:10BC7000A91C091A30091638093660092E70092FD7
:10BC80006000FF00C0C101C30302C2C60607C705AA
:10BC9000C5C404CC0C0DCD0FCFCE0E0ACACB0BC938
:10BCA0000908C8D81819D91BDBDA1A1EDEDF1FDD18
:10BCB0001D1CDC14D4D515D71716D6D21213D311E8
:10BCC000D1D010F03031F133F3F23236F6F737F5E8
:10BCD0003534F43CFCFD3DFF3F3EFEFA3A3BFB3978
:10BCE000F9F83828E8E929EB2B2AEAEE2E2FEF2D78
:10BCF000EDEC2CE42425E527E7E62622E2E323E128
:10BD00002120E0A06061A163A3A26266A6A767A547
:10BD10006564A46CACAD6DAF6F6EAEAA6A6BAB69B7
:10BD2000A9A86878B8B979BB7B7ABABE7E7FBF7D97
:10BD3000BDBC7CB47475B577B7B67672B2B373B167
:10BD40007170B050909151935352929656579755A7
:10BD50009594549C5C5D9D5F9F9E5E5A9A9B5B99F7
:10BD6000595898884849894B8B8A4A4E8E8F4F8DF7
:10BD70004D4C8C44848545874746868242438341A7
:08BD8000818002204000000058
:040000050800019955
:00000001FF
