:020000040800F2
:1000000098670020AD010008594B0008AD34000886
:10001000014800088D16000839840008000000001F
:10002000000000000000000000000000BF01000808
:100030008F16000800000000C301000811650008C9
:10004000C7010008C7010008C7010008C701000870
:10005000C7010008C7010008C7010008C701000860
:1000600021200008C7010008C7010008C7010008D7
:10007000C7010008C7010008C7010008C701000840
:10008000C7010008C7010008C7010008C701000830
:10009000C7010008C7010008C7010008C701000820
:1000A000C7010008C7010008C7010008C701000810
:1000B000C7010008C7010008C7010008C701000800
:1000C000C7010008C7010008C7010008C7010008F0
:1000D000C7010008C7010008057800085D7800081E
:1000E000C7010008C7010008C7010008C7010008D0
:1000F000C7010008C7010008C7010008C7010008C0
:10010000C7010008C7010008C7010008C7010008AF
:10011000E5770008C701000811700008C701000852
:10012000C7010008C7010008C7010008C70100088F
:10013000C7010008C7010008C7010008C70100087F
:10014000C7010008C7010008C7010008C70100086F
:10015000C7010008C7010008C7010008C70100085F
:10016000C7010008C7010008C7010008C70100084F
:10017000C7010008C7010008C7010008C70100083F
:10018000C7010008C7010008C7010008C70100082F
:10019000C7010008C7010008DFF80CD000F0E0FC40
:1001A0000048004771930008986700200648804780
:1001B00006480047FEE7FEE7FEE7FEE7FEE7FEE74C
:1001C000FEE7FEE7FEE7FEE7156500089901000877
:1001D0000649074A0868504343F239021044086050
:1001E0004008704701490860704700007000002017
:1001F0006D4EC64140EA01039B0703D009E008C9E0
:10020000121F08C0042AFAD203E011F8013B00F8DB
:10021000013B521EF9D27047D2B201E000F8012B27
:10022000491EFBD270470022F6E710B513460A4676
:1002300004461946FFF7F0FF204610BD421E12F893
:10024000013F002BFBD111F8013B02F8013B002BD1
:10025000F9D1704730B505462A460B4612F8010B16
:1002600013F8014B08B1A042F8D01CB1002802D00D
:100270006D1CF1E7284630BD421C10F8011B002917
:10028000FBD1801A704710B5002200E0521C835C3D
:100290008C5CA34201D1002BF8D1D8B2E1B2401A54
:1002A00010BD00000FB400B58DB010A909900B90DF
:1002B00000914FF0FF300A9000200C900548069006
:1002C000054807906A4609A80F9900F03FFA0DB05B
:1002D0005DF814FB69070008870700082DE9FF5F38
:1002E0001D464FF0FF3BD5E9014691465F464FF072
:1002F0000008A9697F1C01988847296A82468847B7
:100300000028F6D1BAF1FF3F0CD024F4C064002ECF
:1003100019DD600614D5BAF12B0F09D0BAF12D0FF3
:100320000ED103E0584604B0BDE8F09F44F4806469
:10033000A9697F1C01988847761E8246002E02DD3F
:10034000BAF1300F03D0B9F1000F26D032E0A9691D
:10035000761E44F400747F1C019888478246002E64
:1003600005DDBAF1780F06D0BAF1580F03D0B9F114
:10037000000F10D01EE0B9F1000F02D0B9F1100F3C
:1003800018D1A969761E24F400747F1C019888474F
:100390008246102002E0082000E00A20814609E0A1
:1003A00008FB0908A969761E44F400747F1C0198B3
:1003B00088478246002E05DD4946504600F0B1F9D7
:1003C0000028EDDAE96901988847A00502D46FF0AA
:1003D0000100A8E7E00725D1600613D5600502D526
:1003E000C8F1000000E0404629680A1D2A6009683B
:1003F000220501D5087015E0220701D5088011E01B
:1004000008600FE02868011D29600068210502D5F9
:1004100080F8008006E0210702D5A0F8008001E006
:10042000C0F8008038467EE72DE9FF5FD2E901A7DA
:100430004FF00008916999461446DDF838B04646F9
:1004400001988847054659EA0B0005D009E0A169E3
:10045000761C019888470546216A28468847002867
:10046000F5D1681C03D05FEACA7005D015E04FF0E3
:10047000FF3004B0BDE8F09F2068011D2160D0F876
:1004800000800AE05FEACA7001D108F8015BA16947
:10049000761C7F1E019888470546002F1ADD681CD0
:1004A00018D0B9F1000F0DD0E81705EBD06042115C
:1004B00020F01F0059F822102A1A01209040014212
:1004C000E0D107E0BBF1000FDCD1216A2846884764
:1004D0000028D7D0E16901988847BBF1000F07D108
:1004E000002E05DD5FEACA7002D1002188F80010F5
:1004F000A068B84203DDBBF1000F03D017B16FF065
:100500000100B6E73046B4E770B5064608F006F8D5
:10051000046805460A220021304600F045F92C60A7
:1005200070BD2DE9FE4F81EA030404F0004421F080
:10053000004100944FF0000B23F0004350EA010407
:100540005ED052EA03045BD0C3F30A54C1F30A55E8
:100550002C44A4F2F3340194A0FB0254C1F3130120
:1005600041F48011C3F3130343F4801301FB0244ED
:1005700000FB034E840A970A44EA815447EA8357F2
:10058000A4FB076802958D0A05FB07854FEA932CAB
:1005900004FB0C542705029D4FEA065847EA16371C
:1005A000B5EB08056EEB070C870E920E47EA811734
:1005B00042EA8312A7FB0201B6EB0B0164EB0004D5
:1005C0002B0D43EA0C335E1844EB1C50DA465146BF
:1005D000E7FB0201C5F313044FEA0B3343EA14535C
:1005E0004FEA0432019C43EA0603A4F10C0402948E
:1005F000009CCDE900B400F01EF903B0BDE8F08F17
:1006000000200146F9E70EB5C10F80EAE07008440A
:10061000CA07002140F233438DE80E000A460B461C
:1006200000F009F903B000BD0EB540F2334102916C
:100630000021CDE900110A460B4600F0FCF803B09A
:1006400000BDC1F30A5210B5C1F3130140F2FF33EC
:1006500041F480119A4201DA002010BD40F2334388
:100660009A42A2F2334203DC524200F04AF810BD33
:10067000904010BD30B50B460146002020220124D9
:1006800009E021FA02F59D4205D303FA02F5491B60
:1006900004FA02F52844151EA2F10102F1DC30BD76
:1006A0002DE9F05F0546002092469B4688460646A7
:1006B000814640241BE0284641464746224600F03A
:1006C00020F853465A46C01A914110D31146184695
:1006D000224600F057FA2D1A67EB01084F462246D2
:1006E0000120002100F04EFA17EB00094E41201EB8
:1006F000A4F10104DFDC484631462A464346BDE802
:10070000F09F202A04DB203A21FA02F000217047F2
:1007100021FA02F3D040C2F1200291400843194669
:1007200070473A2800D2303820F02002412A01D305
:10073000A2F13700884201D34FF0FF30704700002C
:10074000026811441378016018467047D16004496B
:1007500051610449116200211161114600F042BA51
:1007600041070008D10B0008426842B1016811F846
:10077000013B23B1521EC0E9001218467047012107
:10078000C160881E704742685AB1C368016843B9A6
:1007900083688B4205D0491E521CC0E9001200201C
:1007A00070474FF0FF3070472DE9F04791460F46F4
:1007B00080460446002614F8015B2DB100F004FACF
:1007C0000068405DC007F6D12B2D02D02D2D18D02A
:1007D000641E4A463946204600F09AFB27B1396824
:1007E000A14201D1C7F8008071054FF002040BD57A
:1007F0004042002803DD07F091FE0460A007BDE839
:10080000F08746F48066E4E70028F8DA07F086FE11
:1008100004606FF00040F2E710B5141E73F100049D
:1008200008DA401C41F1000192185B411A4301D1E2
:1008300020F0010010BD2DE9F04D92469B4611B10C
:10084000B1FA81F202E0B0FA80F22032904600F074
:1008500099F904460F4640EA0A0041EA0B01534663
:100860005A46084313D0114653EA010019D0C8F183
:1008700040025046FFF745FF05460E465046594692
:10088000424600F07FF9084305D0012004E02046ED
:100890003946BDE8F08D0020054346EAE0762C435A
:1008A00037430A986305E40AA0EB08000022FD0A1A
:1008B00044EA47540A3002D500200146E9E7010521
:1008C00010196941DDE9084500196941BDE8F04D9D
:1008D000A2E72DE9FE4F804681EA0300C00F0C46D7
:1008E000009021F0004123F00045B8EB0200A9413F
:1008F00005D24046214690461C460B46024623F050
:100900000040104347D0270DC7F30A00C3F30A5134
:100910000290401A019040286BDAC3F3130040F4B0
:10092000801B0098924620B10023D2EB030A63EBB0
:100930000B0B01985946C0F14002504600F022F9D5
:1009400006460D4650465946019A00F02AF910EB2A
:1009500008006141002487EA115284EAE7731A43D0
:1009600040D0009A62B3019A012A4FEA075215DC7F
:10097000001B61EB02014FF0004202EA0752CDE991
:100980000042001C41F5801132462B46FFF753FF11
:1009900003B0BDE8F08F40462146F9E7001B61EB4C
:1009A0000201001C41F5801300185B412018A2F5DC
:1009B000001747EB030140EAD570B6196D4111E00D
:1009C0006D084FEA360645EAC0754FEA0752001B2C
:1009D00061EB0201001C41F5801149084FEA30002B
:1009E0000019514132462B4603B0BDE8F04FFFF7E6
:1009F00013BF0098012240000023D0EB020263EBFA
:100A0000E073009821464FEAE074B8EB000061EB18
:100A10000401E9E783F000435BE781F0004158E718
:100A20002DE9F04D81EA030404F0004B21F000456C
:100A300014464FF0000A23F0004150EA050220D08E
:100A400054EA01021DD0C5F30A570246C5F3130349
:100A5000C1F31300C1F30A5640F4801543F4801328
:100A6000A7EB0608101BD64608F2FD3873EB05000D
:100A700002D308F1010801E092185B41B8F1000FC0
:100A800003DA00200146BDE8F08D00204FF480110C
:100A9000064684460EE0171B73EB050705D3121BB1
:100AA00063EB050306434CEA010C49084FEA3000AA
:100AB00092185B4150EA0107EDD152EA030012D0CF
:100AC00082EA040083EA0501084305D0101BAB410C
:100AD00006D20122002306E000224FF0004302E08C
:100AE0006FF0010253101AEB06004CEB085110EBAB
:100AF0000A0041EB0B01BDE8F04DFFF78DBEC1F3DD
:100B00000A52C1F3130140F2FF3341F480119A42BB
:100B100002DA00200146704740F233439A42A2F2C3
:100B2000334202DC5242FFF7ECBD00F02BB800006C
:100B300030B5041E71F1000404DB4FF00044404264
:100B400064EB0101141E73F1000405DB1C464FF039
:100B50000043524263EB0403994208BF904230BD08
:100B6000064C074D06E0E06840F0010394E80700FA
:100B700098471034AC42F6D3FFF712FBA0BD000833
:100B8000C0BD0008202A04DB203A00FA02F1002050
:100B900070479140C2F1200320FA03F319439040BB
:100BA0007047202A06DBCB17203A41FA02F043EACD
:100BB000E07306E041FA02F3D040C2F12002914016
:100BC0000843194670470000004870477CBC000885
:100BD00010B50446FFF7F8FF0068005D00F0010063
:100BE00010BD00002DE9F34F8BB04FF0000801F16C
:100BF0000C000C464FF0010B46460DF1080A01901F
:100C0000626901210198904705002DD0252D2CD037
:100C1000216A8847C0B16269012101989047216A21
:100C200088470028F7D1411E62690198904700E08B
:100C3000761CA1690B988847216A88470028F7D15C
:100C4000E1690B988847DBE7A1690B98884707465D
:100C5000A84201D1761CD3E7E1690B9888477F1C35
:100C600002D1B8F1000F6FD046E1002762693D461E
:100C70003946019890472A2804D1626901210198D8
:100C800090470125DFF8849262690121019890471D
:100C9000A0F130010A290AD24F45E5DC07EB8701B4
:100CA00000EB4107303FDFD445F01005ECE7E906E3
:100CB00001D46FF000476C280AD04C2814D0682863
:100CC00015D06A280DD074281CD07A281AD01DE0BF
:100CD00062690121019890476C2802D045F0040513
:100CE00014E045F002050DE045F020050AE06269D8
:100CF000012101989047682802D045F0080505E0D9
:100D000045F400656269012101989047C4E90157E3
:100D100065283DD019DC58287AD00CDC452837D01E
:100D200004DC252826D0412831D131E046282FD0B7
:100D300047282CD12CE05B2877D0612828D0632865
:100D40007CD0642823D15AE0D0E06F2848D008DC5A
:100D500066281DD067281BD0692821D06E2816D19F
:100D600027E0702845D0732868D0752847D07828A8
:100D70000DD14DE0A1690B988847054625283FF421
:100D800069AFE1690B9888476D1C3FF46AAFB3E027
:100D900023466A466FF001000B99AFF300809EE096
:100DA00045F040006060A80723464FF0000236D4AB
:100DB0003EE0E8077FF447AF2068011D216000682E
:100DC000290501D506701BE7290701D5068017E71D
:100DD000A90703D5F117C0E9006111E706600FE725
:100DE00045F040006060A80723464FF0080216D483
:100DF0001EE040F60E0125EA0100606016E045F0B5
:100E000040006060A80723464FF00A0207D40FE0B5
:100E100045F040006060A80708D5234610226FF017
:100E200001000B99AFF3008059E007E02346102240
:100E30006FF001000B99FFF751FA50E04FF00009F5
:100E40004F464B46632802D05B2806D040E0E806B8
:100E500001D40120A06001273AE0626901210198D4
:100E600090475E2805D14FF0010962694946019813
:100E70009047216939B900210A46534643F8212099
:100E8000491C0829FADBB0B3216969B9C11700EB25
:100E9000D16253110AEB830122F01F02821A012052
:100EA0000B68904003430B606269012101989047F1
:100EB0005D28E8D1B9F1000F09D00020514651F862
:100EC0002020D24341F82020401C0828F7DB02AB49
:100ED000224600976FF001000B99FFF7A5FA002852
:100EE0000CDA401C08D1BBF1000F05D04FF0FF30E9
:100EF0000DB0BDE8F08FFFE74046F9E7E90701D103
:100F000008F1010806444FF0000B79E6CCCCCC0C7C
:100F10002DE9F05F82460078002715468B460AF1DE
:100F20000104B946302801D09DB113E014F8010B3B
:100F30000127782803D0582801D045B10AE00DB127
:100F4000102D07D10027102514F8010B02E0082509
:100F500000E00A250026B0460EE005FB080005FB70
:100F600006F1012701EB10461FFA80F8B6F5803F25
:100F700000D3B94614F8010B2946FFF7D2FB00282D
:100F8000EBDABBF1000F05D00FB1641E00E0544650
:100F9000CBF80040B9F1000F06D007F0BFFA0221EC
:100FA0000160C81EBDE8F09F48EA0640FAE700006D
:100FB000F8B54FF40050ADF8000010250E4E8DF836
:100FC000035001248DF802406946304601F05AFF73
:100FD0002103ADF800108DF803508DF802406946EA
:100FE000304601F04FFF6103304602F05FF9210304
:100FF000304602F05BF9F8BD000C014070B5C0F35B
:1010000007110E2202EAD10200F00F0001F00F01D9
:1010100042F0A00440EA011502F038FD04F0FE00A1
:1010200002F0F6FC02F080FD284602F0F1FC02F02E
:101030007BFD02F02BFD44F0010002F0E9FC02F020
:1010400073FD002002F066FC044602F049FD44F600
:10105000206007F03FFF204670BD70B502460E4687
:10106000C0F307100E2101EAD00102F00F0200F0D8
:101070000F0041F0A00442EA001502F007FD2046EF
:1010800002F0C6FC02F050FD284602F0C1FC02F05E
:101090004BFD304602F0BCFC02F046FD02F020FDA4
:1010A000BDE8704044F6206007F014BF70B51D4CD9
:1010B0000025E07A10B1012813D010E02079401CFF
:1010C000207103F033FD0C2117A007F099F964217A
:1010D0006570194A0F2007F0DBF90120E07200204B
:1010E00070BD03F017FD002808BF70BD134E3068B7
:1010F00004F092F801461248326801F0C3FA11492F
:101100000F48FFF7A7F800281EBFE572012070BD49
:1011100020790A2898BFE572E1D92571E57202208D
:1011200070BD00005400002041542B5149414354EC
:101130003D310D0A000000004D4B0008500000201A
:10114000B0100020F86300080146064A0978002024
:10115000135C994208BF7047401CC0B20A28F7D3FD
:10116000704700005494000838B5044600200090F1
:10117000042C18BF082C54D00C2C18BF102C50D0A5
:10118000142C18BF182C4CD01C2C18BF202C48D065
:10119000242C18BF282C44D0402C18BF442C40D0FD
:1011A000482C18BF4C2C3CD0502C18BF542C38D095
:1011B000582C18BF5C2C34D0602C18BF642C30D055
:1011C000682C18BF6C2C2CD0702C18BF742C28D015
:1011D000782C18BF7C2C24D0802C18BF842C20D0D5
:1011E000882C18BF8C2C1CD0902C18BF942C18D095
:1011F000982C18BF9C2C14D0A02C18BFA42C10D055
:10120000A82C18BFAC2C0CD0B02C18BFB42C08D014
:10121000B82C18BFBC2C04D0C62205A112A007F020
:10122000DFFD04F1804000F5D8400090008838BD13
:101230002E2E5C6669726D776172655C6E33326703
:101240003435785F7374645F7065726970685F6469
:1012500072697665725C7372635C6E3332673435C3
:10126000785F626B702E630049535F424B505F445E
:10127000415428424B505F444154290038B504463C
:1012800000200D460090042C18BF082C54D00C2CC4
:1012900018BF102C50D0142C18BF182C4CD01C2C5C
:1012A00018BF202C48D0242C18BF282C44D0402C08
:1012B00018BF442C40D0482C18BF4C2C3CD0502C8C
:1012C00018BF542C38D0582C18BF5C2C34D0602C4C
:1012D00018BF642C30D0682C18BF6C2C2CD0702C0C
:1012E00018BF742C28D0782C18BF7C2C24D0802CCC
:1012F00018BF842C20D0882C18BF8C2C1CD0902C8C
:1013000018BF942C18D0982C18BF9C2C14D0A02C4B
:1013100018BFA42C10D0A82C18BFAC2C0CD0B02C0B
:1013200018BFB42C08D0B82C18BFBC2C04D0B322E2
:1013300005A113A007F054FD04F1804000F5D8404A
:101340000090056038BD00002E2E5C6669726D77D6
:101350006172655C6E3332673435785F7374645FD5
:101360007065726970685F6472697665725C7372C9
:10137000635C6E3332673435785F626B702E630066
:1013800049535F424B505F44415428424B505F44A5
:1013900041542900000000002DE9F041504C8188A3
:1013A000A1808179A171B0F801102180C178A1706C
:1013B000B0F807102181417AA1724189A181017B96
:1013C000A173B0F80D102182C17BA174018AA182A2
:1013D000817CA175B0F813102183407DA0766068F0
:1013E000FFF722F99FED401B53EC112BFFF799F803
:1013F000FFF727F904F11C0587B22F802068FFF75B
:1014000013F99FED3B1B53EC112BFFF78AF8FFF705
:1014100018F9002668601E2898BF6E60E068B0F575
:10142000000F03DBC043401CC0F31600FFF7EBF8CE
:101430009FED311B53EC112BFFF773F8FFF701F908
:1014400080B200EE100A28812F4BB8EE401A00EE51
:10145000107AB8EE400AC1EE000A95ED010AB8EE26
:10146000401A80EE810ADFED260A20EE200ADFED29
:10147000250A20EE200ABCEEC00A10EE100A2874DD
:10148000206959680844586019469A68C9689042AA
:1014900003D3821A1144D96006E06FF07F4CACEBA5
:1014A000020202441144D960C3E901600D2938BF2A
:1014B000BDE8F08100EE101AE9689FED141AB8EE4D
:1014C000400A20EE010A20EE200ABCEEC00A10EE0F
:1014D000100A0844E860DE60BDE8F04101F024B87D
:1014E000D00B0020000000009FE74A621B81103FE4
:1014F000CD2D44350B4E903F56B7DD7835487A3FB9
:101500000000C84200007A4440000020EDF8433A51
:1015100008B507A00068009006480178012918BFA7
:1015200008BD002101700221684606F0D3FE08BD07
:1015300058AA000040000020084808B50068009044
:1015400007480178012905D1002101700221684670
:1015500006F0C0FEBDE8084006F0D8BE3015000811
:101560004000002038B50220ADF8000010208DF8B2
:1015700003000120104C8DF802006946204601F05E
:1015800081FC0221204601F027FE0221204601F0C5
:101590008DFE4FF4FA7007F091FC0221204601F015
:1015A0001BFE40F6B83007F089FC044A40F6B8311B
:1015B000042006F06DFF38BD00080140E16100081D
:1015C00038B507F0B1FC06F049FF0124ADF8004042
:1015D00010258DF803508DF802406946214801F02E
:1015E00051FC214A1E21022006F052FF03F0FCFDAF
:1015F00007F090FD07F0CAFC07F04AFD03F0ADFAD2
:1016000004F050FEFFF7AEFF07F062FE2003ADF8D6
:1016100000008DF80350154D8DF8024069462846AC
:1016200001F030FC2103284601F0D6FDADF8004062
:1016300004218DF803106946284601F023FC05F0CB
:1016400009F904F009FE04F099F8FFF7B1FC00F085
:1016500095FE02F0B1FD07F0EDFDBDE8384005F064
:10166000CBBC000000100140991E0008000801409A
:10167000054910B50120487002F05EFEFFF75CFFDF
:10168000BDE8104007F022BE2A000020FEE77047A8
:1016900070B584B000254CF2186428B301281CBF33
:1016A00004B070BD1026CDE900464FF61F0300229E
:1016B0000C21E820029505F0CBFACDE900464FF663
:1016C0001F0301220C21F820029505F0C1FACDE993
:1016D00000464FF61F0302220C214FF4847002953E
:1016E00005F0B6FA04B070BD1820CDE90040002323
:1016F00003A20C210295E82005F022FC04B070BD85
:10170000202020200000000070B5002484B0202597
:101710004CF21866E8B101281CBF04B070BD01206E
:1017200002F0F2FD0096CDE901544FF47843142203
:10173000C021E02005F08CFA0096CDE901544FF469
:1017400078430F22C0214FF4807005F081FA04B075
:1017500070BD002002F0D8FD0096CDE901544FF491
:10176000FC631522C021E02005F072FA0096CDE955
:1017700001544FF4FC630F22C0214FF4807005F038
:1017800067FA04B070BD70B5002484B020254CF217
:101790001866E0B101281CBF04B070BD012002F042
:1017A000BFFD0096CDE901544FF4FC6311224021A6
:1017B000E02005F04DFA0096CDE9015440214FF4A8
:1017C000FC631322880005F043FA04B070BD0020CA
:1017D00002F0A6FD0096CDE901544FF478431222A1
:1017E0004021E02005F034FA0096CDE90154402173
:1017F0004FF478431322880005F02AFA04B070BD34
:1018000070B5002484B020254CF21866E0B10128A0
:101810001CBF04B070BD012002F0BCFD0096CDE9F4
:1018200001544FF4FC630B22C021582005F010FA3C
:101830000096CDE901544FF4FC630C22C0217820BE
:1018400005F006FA04B070BD002002F0A3FD00967A
:10185000CDE901544FF478430D22C021582005F002
:10186000F7F90096CDE901544FF478430E22C021D8
:10187000782005F0EDF904B070BD00000000000014
:10188000F0B5754A18252DED028B87B05078734F4F
:10189000401CC0B20024724950704CF218660728F0
:1018A00080F0D480DFE800F0D204273845535B0095
:1018B000CDE9004602953A8804230821002005F06E
:1018C000E5FACDE900460295BA78022308213C20CA
:1018D00005F0DCFACDE900460295FA7802230821EA
:1018E000602005F0D3FACDE90046029501230821D6
:1018F000FA79CC2025E0CDE9004602953A79022319
:101900000821842005F0C2FACDE9004602950223A1
:1019100008217A79A82014E0CDE9004602950A88CA
:1019200004234021582005F0B1FA07B0BDEC028B2A
:10193000F0BDCDE9004602958888052382B260217A
:101940000BE005F0A3FA07B0BDEC028BF0BDCDE9CA
:10195000004602950A89062380215820F1E7C868CD
:10196000002866D03F49A1FB002149096FF0180209
:10197000514310EB81019FED3C8B24D03C49A1FBEE
:101980000021C908494201EB810110EB410135D02A
:10199000FEF74AFE53EC182BFEF7C3FD41EC100B8B
:1019A00034A153EC102B03A806F0A4FD0096CDE95A
:1019B0000154002303AAA021642005F0C1FA07B056
:1019C000BDEC028BF0BDFEF72FFE53EC182BFEF79B
:1019D000A8FD41EC100B29A153EC102B03A806F035
:1019E00089FD0096CDE90154002303AAA0216420BB
:1019F00005F0A6FA07B0BDEC028BF0BDFEF714FEB1
:101A000053EC182BFEF78DFD41EC100B1DA153EC90
:101A1000102B03A806F06EFD0096CDE901540023BB
:101A200003AAA021642005F08BFA07B0BDEC028B5D
:101A3000F0BD0096CDE90154002314A2A02164203A
:101A400005F07EFA07B0BDEC028BF0BD547007B014
:101A5000BDEC028BF0BD00006B00002036000020C2
:101A6000EC0B00201F85EB51FCA9F1D24D62503FD9
:101A7000CDCCCCCC252E336600000000252E31665F
:101A800000000000252E326600000000300000003B
:101A90002DE9F0432DED028B87B04CF21864002144
:101AA000F0234FF4A0720846009404F0ACFE4FF40B
:101AB0007840302300904FF4A0721946002004F0C3
:101AC00043FE0025DE4FCDE90054182602963A88E1
:101AD00004230821284605F0D9F9CDE90046002362
:101AE000D8A208213020029505F02AFACDE9005449
:101AF0000296BA78022308213C2005F0C7F9CDE907
:101B000000460023CFA208215420029505F018FAC0
:101B1000CDE900540296FA7802230821602005F0EE
:101B2000B5F9CDE9005402963A79022308218420C0
:101B300005F0ACF9CDE900460023C3A208219C20A2
:101B4000029505F0FDF9CDE9005402967A79022359
:101B50000821A82005F09AF9CDE900540296FA79F7
:101B600001230821CC2005F091F9DFF8E09299F8E3
:101B70001200FFF78DFDCDE900460023B4A2082135
:101B80004FF49170029505F0DBF920270023CDE991
:101B900000471A4640211846029505F059F8CDE94C
:101BA00000470023012240212020029505F050F833
:101BB000CDE9004640210023A3A20846029505F086
:101BC000BFF9DFF89082CDE900540296B8F8002002
:101BD00004234021582005F059F9CDE9004600239F
:101BE0009DA24021A020029505F0AAF9CDE9004769
:101BF0004FF4784312224021E020029505F028F8A6
:101C0000CDE9004740214FF4784313228800029524
:101C100005F01EF80023CDE900471A46602118465A
:101C2000029505F015F8CDE9004700230222602156
:101C30002020029505F00CF8CDE90046002382A291
:101C400060214020029505F07BF9CDE90054029611
:101C5000B8F80400052382B26021582005F016F977
:101C6000CDE9004600237DA26021AC20029505F05D
:101C700067F9CDE900470023032280211846029529
:101C800004F0E6FFCDE90047002304228021202054
:101C9000029504F0DDFFCDE9004600236AA2802111
:101CA0004020029505F04CF9CDE900540296B8F8B1
:101CB000082006238021582005F0E8F8CDE90046E9
:101CC000002367A28021D020029505F039F9CDE9E3
:101CD000004700230722A0211846029504F0B8FF10
:101CE000CDE9004700230822A0212020029504F01E
:101CF000AFFFCDE90046002353A2A021402002956A
:101D000005F01EF9D8F80C0000285CD05549A1FB5D
:101D100000214909F243514310EB81019FED528BA1
:101D200021D05349A1FB0021C908494201EB81019F
:101D300010EB41012FD0FEF777FC53EC182BFEF788
:101D4000F0FB41EC100B4BA153EC102B03A806F059
:101D5000D1FBCDE90046002303AAA021642002950F
:101D600005F0EEF838E0FEF75FFC53EC182BFEF7B9
:101D7000D8FB41EC100B41A153EC102B03A806F04B
:101D8000B9FBCDE90046002303AAA02164200295F7
:101D900005F0D6F820E0FEF747FC53EC182BFEF7D1
:101DA000C0FB41EC100B37A153EC102B03A806F03D
:101DB000A1FBCDE90046002303AAA02164200295DF
:101DC00005F0BEF808E0CDE9004600232FA2A021CF
:101DD0006420029505F0B4F8CDE9004600232CA25A
:101DE000A0214FF48070029505F0AAF8CDE90047D4
:101DF00000230922C0211846029504F029FFCDE9ED
:101E0000004700230A22C0212020029504F020FF71
:101E1000CDE9004600230CA2C0214020029505F028
:101E20008FF899F80000FFF7EBFC99F80100FFF735
:101E30006BFC07B0BDEC028BBDE8F0830000000036
:101E4000360000202F0000003A000000840000202F
:101E500034470000EC0B0020560000006D410000EC
:101E6000570000001F85EB51FCA9F1D24D62503F95
:101E7000CDCCCCCC252E336600000000252E31665B
:101E800000000000252E3266000000003000000037
:101E90004B572F480000000010B5174CE07868B190
:101EA0002179164800294FF0010102D001F0FEF916
:101EB00001E001F091F92079C043207120890021CF
:101EC000B0F57A7F28BF21810CD2401C0004000CA1
:101ED000208107D0A0F54072E73A02BF6078002861
:101EE000E17000E06170AFF24F021E21BDE81040CA
:101EF000022006F0CDBA00002A00002000100140A8
:101F000070B504460025FFF779F845EA0065601CC6
:101F100080B2FFF773F845EA0045A01C80B2FFF7D6
:101F20006DF845EA0025E01C80B2FFF767F828430A
:101F300070BD70B50C460546090AFFF78EF8681C9F
:101F4000E1B2BDE8704080B2FFF787B870B50C46CB
:101F50000546090EFFF781F8681C80B2C4F30741FB
:101F6000FFF77BF8A81C80B2C4F30721FFF775F8D0
:101F7000E81CE1B2BDE8704080B2FFF76EB8FFF731
:101F80006CB8000070B500EB400101EBC0042348C1
:101F9000251804F10A0015F80B1CFFF7F0FF15F8DF
:101FA0000A1C04F10B00FFF7EAFF15F8091C04F105
:101FB0000C00FFF7E4FF15F8081C04F10D00FFF713
:101FC000DEFF15F8071C04F10E00FFF7D8FF15F827
:101FD000061C04F10F00FFF7D2FF15F8051C04F1F1
:101FE0001000FFF7CCFF15F8041C04F11100FFF7F7
:101FF000C6FF15F8031C04F11200FFF7C0FF15F827
:10200000021C04F11300FFF7BAFF15F8011C04F1DC
:102010001400BDE87040FFF7B2BF0000B616002004
:1020200010B5042000F044F8002808BF10BD07F0E8
:10203000FBF8BDE810400420AFF3008010B5044663
:10204000800D00D12CB940F2011203A111A006F0BD
:10205000C7FE1648046010BD2E2E5C6669726D774F
:102060006172655C6E3332673435785F7374645FB8
:102070007065726970685F6472697665725C7372AC
:10208000635C6E3332673435785F657874692E63CC
:102090000000000049535F455854495F4C494E4584
:1020A00028455854495F4C696E6529001404014065
:1020B00070B500250446012818BF022C3AD0042C24
:1020C00018BF082C36D0102C18BF202C32D0402C32
:1020D00018BF802C2ED0B4F5807F18BFB4F5007FD8
:1020E00028D0B4F5806F18BFB4F5006F22D0B4F5D6
:1020F000805F18BFB4F5005F1CD0B4F5804F18BFE7
:10210000B4F5004F16D0B4F5803F18BFB4F5003FCA
:1021100010D0B4F5802F18BFB4F5002F0AD0B4F555
:10212000801F18BFB4F5001F04D0EB2207A116A032
:1021300006F056FE1B4800681B49204009682142F2
:102140001CBF00280125284670BD00002E2E5C66AD
:1021500069726D776172655C6E3332673435785FB2
:102160007374645F7065726970685F6472697665C4
:10217000725C7372635C6E3332673435785F657896
:1021800074692E630000000049535F4745545F4562
:102190005854495F4C494E4528455854495F4C694D
:1021A0006E652900000401401404014010B5044686
:1021B0000079002818BF042804D073222FA13EA064
:1021C00006F00EFE607908281CBF0C28102804D0E9
:1021D00074222AA143A006F003FE2068810D00D1DD
:1021E00020B9752225A14BA006F0FAFDA0790028A0
:1021F00018BF012804D0762220A151A006F0F0FDDE
:10220000A1795C48002930D00168226891430160BF
:10221000001D0168226891430160207900F180402F
:1022200000F5823001682268114301605249086854
:102230002268904308600A1D106823689843106064
:102240006079102808D000F1804000F582300168E4
:1022500022681143016010BD0868236818430860B4
:10226000106821680843106010BD207900F180409B
:1022700000F58230016822689143EBE72E2E5C6600
:1022800069726D776172655C6E3332673435785F81
:102290007374645F7065726970685F647269766593
:1022A000725C7372635C6E3332673435785F657865
:1022B00074692E630000000049535F455854495F1C
:1022C0004D4F444528455854495F496E69745374CD
:1022D000727563742D3E455854495F4D6F6465298E
:1022E0000000000049535F455854495F5452494724
:1022F00047455228455854495F496E697453747272
:102300007563742D3E455854495F5472696767651B
:102310007229000049535F455854495F4C494E4566
:1023200028455854495F496E6974537472756374D3
:102330002D3E455854495F4C696E652900000000E8
:1023400049535F46554E4354494F4E414C5F535499
:1023500041544528455854495F496E697453747215
:102360007563742D3E455854495F4C696E65436DE5
:1023700064290000000401400804014038B500242D
:102380006D462046FEF73AFE2855601CC4B2042C68
:10239000F7D39DF800001D4CA12804BF9DF8010053
:1023A000582807D19DF80200592804BF9DF8030062
:1023B000A22824D0A1210020FEF74FFE58210120A1
:1023C000FEF74BFE59210220FEF747FEA221032013
:1023D000FEF743FE00218F20FFF7B8FD8F20FFF7A7
:1023E0008FFDE0608F20FFF78BFDE06000F018F9B3
:1023F00000F00EF800F0A0F800F04EF838BD8F2085
:10240000FFF77EFDE06000F003F8F5E7EC0B00203D
:1024100070B50420FEF7F2FD1E4C20700520FEF77B
:10242000EDFD607006200025FEF7E8FD45EA002579
:102430000720FEF7E3FD2843608008200025FEF713
:10244000DDFD45EA00250920FEF7D8FD2843A080E0
:102450000A20FFF755FDA0600E20FFF751FDE06058
:102460001220FEF7CBFD20741320FEF7C7FD607429
:102470001420FEF7C3FDA074207803F0BDFEA07CFD
:10248000FFF706F96078FFF73FF92078BDE8704064
:10249000FFF7B6B9840000202DE9F041214F002656
:1024A00006EB460000EBC60404F11500FEF7A6FD9E
:1024B000385504F11600FEF7A1FDE519687004F126
:1024C0001700FEF79BFDA87004F11800FEF796FDBB
:1024D000E87004F11900FEF791FD287104F11A006B
:1024E000FEF78CFD687104F11B00FEF787FDA871F3
:1024F00004F11C00FEF782FDE87104F11D00FEF7F7
:102500007DFD287204F11E00FEF778FD687204F16B
:102510001F00FEF773FDA872701CC6B2142EBFD345
:10252000BDE8F081B61600200248C1688F20FFF791
:102530000DBD0000EC0B00202DE9F041344F0024CC
:1025400034A13C703846FDF779FE3C727C72012064
:10255000B872FC722FA107F10B00FDF76FFE172078
:10256000F8743B2038757C75022000EB400101EBCC
:10257000C0012AA2394412880A800C72401C4C7295
:10258000C0B28C721428F0D3002606EB460000EB94
:10259000C60404F11500395DFEF75FFDE51904F18D
:1025A00016006978FEF759FD04F11700A978FEF7C7
:1025B00054FD04F11800E978FEF74FFD04F119000D
:1025C0002979FEF74AFD04F11A006979FEF745FD05
:1025D00004F11B00A979FEF740FD04F11C00E97924
:1025E000FEF73BFD04F11D00297AFEF736FD04F1EC
:1025F0001E00697AFEF731FD04F11F00A97AFEF78B
:102600002CFD701CC6B2142EBFD3BDE8F0810000B3
:10261000B616002031323334353637003000000032
:1026200010B504200121FEF718FD05200021FEF75A
:1026300014FD06200121FEF710FD0E210720FEF7F4
:102640000CFD08200021FEF708FDB4210920FEF74B
:1026500004FD0B490A20FFF779FC44F2C0410E202B
:10266000FFF774FC12201E21FEF7F7FC1320502107
:10267000FEF7F3FC1420BDE810400021FEF7EDBC8E
:10268000803801000023002998BF7047F0B400266D
:10269000D2E902C4644508BF34460BD014685568BB
:1026A00014F80C400CF1010C9CFBF5F705FB17CC62
:1026B000C2F808C0C4545B1C8B42E9D3F0BC70471D
:1026C00070B50C46050018BF012D0ED0022D18BFA5
:1026D000032D0AD0042D1CBF052D062D05D040F278
:1026E00047321FA12DA006F07BFB002C18BF012C48
:1026F00021D0022C18BF032C1DD0042C18BF052C90
:1027000019D0062C18BF072C15D0082C18BF092C7F
:1027100011D00A2C18BF0B2C0DD00C2C18BF0D2C6F
:1027200009D00E2C18BF0F2C05D04FF452720CA1FB
:1027300024A006F055FBA007010F0F2000FA01F2BC
:1027400024F0030000F1804000F58030836823EA24
:1027500002028260826805FA01F11143816070BD56
:102760002E2E5C6669726D776172655C6E333267BE
:102770003435785F7374645F7065726970685F6424
:1027800072697665725C7372635C6E33326734357E
:10279000785F6770696F2E630000000049535F47E0
:1027A00050494F5F455854495F504F52545F534F03
:1027B0005552434528506F7274536F757263652983
:1027C0000000000049535F4750494F5F50494E5F3A
:1027D000534F555243452850696E536F7572636568
:1027E0002900000070B50D460446012818BF022CD0
:1027F00000F0E081042C18BF082C00F0DB81A4F568
:10280000A01010381CBFA4F5A010B0F1300000F0EB
:10281000D181A4F5B01040381CBFA4F5B010B0F1C0
:10282000C00000F0C781A4F5C010B0F580701CBFD7
:10283000A4F5C010B0F5007000F0BC81A4F5C01084
:10284000B0F540701CBFA4F5C010B0F5023000F028
:10285000B181A4F5C010B0F5033018BFB4F5805FA6
:1028600000F0A881B4F5E91F18BFB4F5EA1F00F025
:10287000A181B4F5EB1F18BFB4F5004F00F09A81A9
:102880006FF40010C4421CBFA4F50010B0F10200A8
:1028900000F09081A4F50010001F1CBFA4F50010EB
:1028A000B0F1080000F08681A4F5001010381CBFBC
:1028B000A4F54010B0F5807000F07C81A4F54010C4
:1028C000B0F500701CBFA4F54010B0F5806000F0BA
:1028D0007181FB4884421CBF6FF08040C44200F00D
:1028E0006981F84884421CBFF748844200F0628145
:1028F000F64884421CBFF648844200F05B81F548EC
:1029000084421CBFF448844200F05481F34884425E
:102910001CBFF348844200F04D81F24884421CBF42
:10292000F148844200F04681F04884421CBFF048E0
:10293000844200F03F81A4F18040B0F5F2101CBF4A
:10294000A4F18040B0F5F41000F03481A4F180408F
:10295000B0F5F6101CBFE748844200F02B81E64832
:1029600084421CBFE548844200F02481A4F18040E9
:10297000B0F190701CBFE248844200F01B81E14836
:1029800084421CBFA4F18040B0F1846000F0128149
:10299000DD4884421CBFDD48844200F00B81DC48E6
:1029A00084421CBFDB48844200F00481DA48844240
:1029B0001CBFDA48844200F0FD80D94884421CBF25
:1029C000D848844200F0F680D74884421CBFD748DC
:1029D000844200F0EF80D64884421CBFD548844230
:1029E00000F0E880D44884421CBFD448844200F000
:1029F000E180A4F18040B0F579101CBFA4F18040C3
:102A0000B0F57B107ED0CE4884421CBFCD488442B6
:102A100078D0CD4884421CBFCC48844272D0CC4888
:102A200084421CBFCB4884426CD0CB4884421CBF3C
:102A3000CA48844266D0CA4884421CBFC9488442FE
:102A400060D0C94884421CBFC84884425AD0C84894
:102A500084421CBFC748844254D0C74884421CBF2C
:102A6000A4F10050B0F580504CD0A4F10050B0F566
:102A700080401CBFA4F10050B0F5004042D0BF48D8
:102A800084421CBFBE4884423CD0BE4884421CBF26
:102A9000BD48844236D0BD4884421CBFBC488442F5
:102AA00030D0BC4884421CBFBB4884422AD0BB48BB
:102AB00084421CBFBA4884427CD0A4F50010803800
:102AC0001CBFA4F5B010B0F1800073D0A4F1815008
:102AD00080381CBFA4F18150B0F140006AD0A4F14D
:102AE000815020381CBFA4F18150B0F1100061D09A
:102AF000A4F1815008381CBFA4F18150B0F104004A
:102B000058D000E056E0A4F18150801E1CBF6FF049
:102B10008150C4424ED0A4F18050B0F500401CBF9B
:102B2000A4F18050B0F5804044D0A4F18050B0F5BD
:102B3000005018BFB4F1102F3CD0A4F18050B0F574
:102B400000601CBFA4F18050B0F5806032D0A4F1C9
:102B50008050B0F500701CBFA4F18050B0F58070BB
:102B600028D0A4F1805080381CBFA4F18050B0F16F
:102B700040001FD0A4F1805020381CBFA4F1805029
:102B8000B0F1100016D0A4F1805008381CBFA4F199
:102B90008050B0F104000DD0A4F18050801E1CBF05
:102BA0006FF08050C44205D040F27A227DA18CA003
:102BB00006F016F9002D18BF012D05D040F27B223A
:102BC00078A18DA006F00CF9924A14F0004F18BFBE
:102BD000D0691ED090491FFA84FC04EA0106C4F3B0
:102BE00040510B01A1B29940B6F5401F21D014F419
:102BF000801F24D014F4001F4FF00303C4F30346D6
:102C000003FA06F318BF1B04984314F0E04F52D1A7
:102C10001EE114F0804F18BF106ADBD114F0005F82
:102C200018BF506AD6D114F0805F14BF906A506804
:102C3000D0E7536820F0706023F07063FAE014F07E
:102C4000807F25D014F0040F1AD014F0007F20EA02
:102C500001000ED035B1536843F0010343F07063B7
:102C60005360F8E0516821F0010141F0706151605A
:102C7000F2E0536823F0010343F070635360E9E02E
:102C80004CF0040C0CFA03F39843002DEAD0E2E771
:102C900014F0806F11D014F0080F0FD014F0007FE3
:102CA00020EA01000BD03DB1536843F0080343F024
:102CB00070635360CFE0CDE0B0E0C5E0BCE0B4E0CD
:102CC0000004008002001140060011402000144062
:102CD0003000144040001640C0001640000218406A
:102CE0000003184000041A40000C1A4000101C4059
:102CF00000301C40010030400200304003003040F2
:102D0000040020410400204308002044080020461D
:102D10001000344020003440300034404000364041
:102D200080003640C0003640000238400003384082
:102D300000043A40000C3A4000103C4000303C4057
:102D400001001020020010200300102004001220B7
:102D5000080012200C001220100014203000142053
:102D600040001620C0001620000118200002182084
:102D70000003182000041A20000C1A200100202053
:102D80000200202004002020080020201000342011
:102D9000300034204000202080002020000120202E
:102DA000000220202E2E5C6669726D776172655C70
:102DB0006E3332673435785F7374645F706572693F
:102DC00070685F6472697665725C7372635C6E339F
:102DD00032673435785F6770696F2E6300000000DA
:102DE00049535F4750494F5F52454D415028526DFE
:102DF0007050696E2900000049535F46554E435498
:102E0000494F4E414C5F535441544528436D64290A
:102E1000000000000000014000003070516821F007
:102E2000080141F07061516016E0536823F0080317
:102E300043F0706353600DE04CF0080C0CFA03F3A0
:102E40009843002DEAD02FE7884314F0E04F01D1DA
:102E500040F0706005B1084314F0004F1CBFD06112
:102E600070BD14F0804F1CBF106270BD14F0005F85
:102E70001CBF506270BD14F0805F14BF9062506040
:102E800070BD00002DE9F04104460026A0F180400D
:102E90000D46B0F584301CBFA4F18040B0F58630FB
:102EA0001CD0A4F18040B0F588301CBFA4F1804054
:102EB000B0F58A3012D0A4F18040B0F58C301FBF3D
:102EC000A4F18040B0F58E30A4F18040B0F5903090
:102ED00004D0BE223FA14EA005F082FFE878002872
:102EE00018BF042810D0282818BF48280CD0142850
:102EF00018BF102808D01C2818BF182804D0BF22DB
:102F000034A14AA005F06CFF288820B9C02231A165
:102F100051A005F065FFE87800F00F0710F0100FE2
:102F20000FD0A878002818BF022808D0012818BFA1
:102F3000032804D0C72227A150A005F051FFA8788C
:102F4000074328784FF00F0C10F0FF0F4FF00103EC
:102F500018BF216819D02A8803FA06F0024082427D
:102F60000FD1B2000CFA02F821EA080107FA02F2C6
:102F70001143EA78282A08BF606102D0482A08BFB6
:102F80002061761C082EE6D321602888FF2886BFA2
:102F900062680020BDE8F08100F108012E8803FA84
:102FA00001F10E408E420FD186000CFA06F822EA9B
:102FB000080207FA06F63243EE78282E08BF616150
:102FC000EE78482E08BF2161401C0828E4D36260D7
:102FD000BDE8F0812E2E5C6669726D776172655C6A
:102FE0006E3332673435785F7374645F706572690D
:102FF00070685F6472697665725C7372635C6E336D
:1030000032673435785F6770696F2E6300000000A7
:1030100049535F4750494F5F414C4C5F50455249BF
:103020005048284750494F782900000049535F47CE
:1030300050494F5F4D4F4445284750494F5F496EB7
:1030400069745374727563742D3E4750494F5F4DD8
:103050006F6465290000000049535F4750494F5F86
:1030600050494E284750494F5F496E6974537472F6
:103070007563742D3E50696E2900000049535F4707
:1030800050494F5F5350454544284750494F5F4989
:103090006E69745374727563742D3E4750494F5F67
:1030A000537065656429000070B505460026A0F1DF
:1030B00080400C46B0F584301CBFA5F18040B0F5CF
:1030C00086301DD0A5F18040B0F588301CBFA5F139
:1030D0008040B0F58A3013D0A5F18040B0F58C3037
:1030E0001FBFA5F18040B0F58E30A5F18040B0F54E
:1030F000903005D040F229121BA12AA005F070FEE5
:10310000012C18BF022C28D0042C18BF082C24D066
:10311000102C18BF202C20D0402C18BF802C1CD085
:10312000B4F5807F18BFB4F5007F16D0B4F5806F7A
:1031300018BFB4F5006F10D0B4F5805F18BFB4F5B8
:10314000005F0AD0B4F5804F18BF052C05D04FF4AE
:10315000957205A11AA005F043FEA868204218BF89
:103160000126304670BD00002E2E5C6669726D77B8
:103170006172655C6E3332673435785F7374645F97
:103180007065726970685F6472697665725C73728B
:10319000635C6E3332673435785F6770696F2E63B6
:1031A0000000000049535F4750494F5F414C4C5F5E
:1031B000504552495048284750494F78290000004F
:1031C00049535F4745545F4750494F5F50494E2828
:1031D00050696E290000000070B50446A0F18040DF
:1031E0000D46B0F584301CBFA4F18040B0F58630A8
:1031F0001DD0A4F18040B0F588301CBFA4F1804000
:10320000B0F58A3013D0A4F18040B0F58C301FBFE8
:10321000A4F18040B0F58E30A4F18040B0F590303C
:1032200005D04FF4C57206A114A005F0D9FD2DB943
:1032300040F28B1202A118A005F0D2FD656170BDAD
:103240002E2E5C6669726D776172655C6E333267D3
:103250003435785F7374645F7065726970685F6439
:1032600072697665725C7372635C6E333267343593
:10327000785F6770696F2E630000000049535F47F5
:1032800050494F5F414C4C5F504552495048284788
:1032900050494F782900000049535F4750494F5F1C
:1032A00050494E2850696E290000000070B5044650
:1032B000A0F180400D46B0F584301CBFA4F18040E1
:1032C000B0F586301DD0A4F18040B0F588301CBF29
:1032D000A4F18040B0F58A3013D0A4F18040B0F55D
:1032E0008C301FBFA4F18040B0F58E30A4F1804037
:1032F000B0F5903005D040F2731206A114A005F08D
:103300006FFD2DB94FF4BA7202A118A005F068FD47
:10331000256170BD2E2E5C6669726D776172655C89
:103320006E3332673435785F7374645F70657269C9
:1033300070685F6472697665725C7372635C6E3329
:1033400032673435785F6770696F2E630000000064
:1033500049535F4750494F5F414C4C5F504552497C
:103360005048284750494F782900000049535F478B
:1033700050494F5F50494E2850696E2900000000A7
:1033800010B501784278303982B0222A04BFCCB21D
:10339000012108D001EB81016FF02F0303EB410104
:1033A0001144CCB20221084400F1060C04EB4400A5
:1033B00000EBC401094801444A1E881ECDE9000201
:1033C000CB1E0A3A06A16046FCF76CFF2046FEF7CA
:1033D000D9FD02B0BDE8104000F000BAB6160020DA
:1033E00022255B5E2D5D2D25643A25642D25647DA7
:1033F0005D00000010B582B06946002002F038FC84
:1034000001A9002002F0CEFBDFF898C09DF8000073
:103410008CF804009DF801008CF805009DF802006E
:103420008CF806009DF805108CF802109DF8063007
:103430008CF803309DF80720012902F5FA60ACF8FA
:10344000000018BF022904D101F10C00C1B202F240
:10345000CF704A1C02EB420240F2676412FB04F296
:1034600003EB410100EB523211444AF2D73202FB26
:10347000002201EB9001A1EB92514FF4C872B0FB16
:10348000F2F00144084B08460022C3FB01208210E1
:10349000A2EBE070A0EBC0000844401C8CF80700D1
:1034A00002B010BD360000209324499201A005F01F
:1034B00011F8FBE7766F69642048617264466175B4
:1034C0006C745F48616E646C657228766F696429FC
:1034D0000D0A000070B50F4CA078002808BF70BD21
:1034E0000025A57000F030F82078401CC0B2207094
:1034F0000A2838BF70BD2570BFF34F8F064801689A
:10350000064A01F4E06111430160BFF34F8F00BF31
:10351000FDE700006D0000200CED00E00400FA055E
:10352000044901208870AFF207024EF660210A209C
:1035300004F0AEBF6D000020024A4EF660210A2062
:1035400004F0A6BF2135000830B5ADF25C4D494A04
:1035500049A10DF2244004F0CDFF00208DF80800B1
:1035600048A102A8FCF76AFE474C48A1FCA82278B3
:1035700004F0C0FFFCA902A8FCF760FE627849A134
:10358000FCA804F0B7FFFCA902A8FCF757FE4B4DBE
:103590004BA1FCA82A8804F0ADFFFCA902A8FCF707
:1035A0004DFE4CA1FCA86A6804F0A4FFFCA902A887
:1035B000FCF744FE2A894CA1FCA804F09BFFFCA95F
:1035C00002A8FCF73BFE2A7C4DA1FCA804F092FF68
:1035D000FCA902A8FCF732FE4FA1FCA8EA6804F09F
:1035E00089FFFCA902A8FCF729FE62884FA1FCA86C
:1035F00004F080FFFCA902A8FCF720FEA28854A1D9
:10360000FCA804F077FFFCA902A8FCF717FE59A15B
:10361000FCA8A26804F06EFFFCA902A8FCF70EFE4D
:103620005DA1FCA8E26804F065FFFCA902A8FCF714
:1036300005FEA27C61A1FCA804F05CFFFCA902A825
:10364000FCF7FCFD64A102A8FCF7F8FD02A8FCF75A
:1036500013FE84B20DF22440FCF70EFE82B202ABE0
:103660000DF224410120009402F0C8FE0DF25C4DE1
:1036700030BD0000040000207374617475732F2541
:10368000730000005B000000840000207B226B229E
:103690003A224F6E222C2276223A222564227D2C59
:1036A000000000007B226B223A224C6F63616C2287
:1036B0002C2276223A222564227D2C00EC0B00205D
:1036C0007B226B223A2256222C2276223A22256431
:1036D000227D2C007B226B223A2243222C2276224E
:1036E0003A222564227D2C007B20226B223A225034
:1036F000222C2276223A222564227D2C0000000012
:103700007B226B223A225066222C2276223A2225F4
:1037100064227D2C000000007B226B223A2245228D
:103720002C2276223A222564227D2C007B226B22D9
:103730003A2253616665506172616D2E4F766572F3
:1037400056222C2276223A222564227D2C0000006B
:103750007B226B223A2253616665506172616D2E45
:10376000556E64657256222C2276223A22256422F6
:103770007D2C00007B226B223A22536166655061EA
:1037800072616D2E4F76657243222C2276223A2288
:103790002564227D2C0000007B226B223A2253619B
:1037A0006665506172616D2E4F76657250222C22D3
:1037B00076223A222564227D2C0000007B226B2297
:1037C0003A2254696D65722E4F6E222C2276223A6F
:1037D000222564227D0000005D00000070B5ADF57B
:1037E000B76D0024354A36A10DF5B06004F082FEB5
:1037F00000208DF8080035A102A8FCF71FFD344E0B
:10380000621C34A1FCA804F075FE04EB440000EB3C
:10381000C40085192946FCA8FCF710FDA87A009081
:103820006B7A2A7A31A10DF5976004F063FE0DF5ED
:103830009761FCA8FCF702FDFCA902A8FCF7FEFCBE
:10384000601CC4B2132CDBD3142222A1FCA804F008
:1038500051FE04EB440000EBC4008119FCA8FCF706
:10386000EDFC96F8DB00009096F8DA3096F8D92057
:1038700023A10DF5976004F03DFE0DF59761FCA8BE
:10388000FCF7DCFCFCA902A8FCF7D8FC20A102A8EC
:10389000FCF7D4FC02A8FCF7EFFC84B20DF5B06095
:1038A000FCF7EAFC82B202AB0DF5B0610120009496
:1038B00002F0A4FD0DF5B76D70BD000004000020FE
:1038C0007374617475732F25730000005B00000032
:1038D000B61600207B226B223A2254696D65722E47
:1038E0004E2564222C2276223A2200002D253032E9
:1038F000643A253032642D2564227D2C00000000BE
:103900002D253032643A253032642D2564227D0025
:103910005D0000002DE9F84380464FF48057ADF874
:1039200000700420394E8DF80300002469463046AB
:10393000FFF7A8FA00254FF400513046FFF74CFC82
:10394000022005F0C7FA4FF400513046FFF7AEFCF5
:103950006006040E4FF480513046FFF7A5FB0028A7
:103960001CBF601CC4B2012005F0B4FA681CC5B2CB
:10397000082DE0D310254FF00109B8F1000F4FF4E6
:103980000051304620D0FFF727FCADF800708DF8CD
:1039900003508DF8029069463046FFF773FA29020A
:1039A0003046FFF719FC022005F094FA6902304610
:1039B000FFF77CFC022005F08DFA69023046FFF724
:1039C0000BFC2046BDE8F883FFF706FCADF800705D
:1039D0008DF803508DF8029069463046FFF752FA91
:1039E0004FF480513046FFF761FC022005F072FA77
:1039F0004FF400513046FFF759FC022005F06AFAF7
:103A00004FF400513046FFF7E7FBDAE7000C0140C6
:103A1000F8B505464FF48050ADF8000010208DF841
:103A200003000120184E8DF8020069463046FFF76A
:103A300029FA71143046FFF7CFFB002415F0800FF0
:103A40004FF48051304602D0FFF730FC01E0FFF721
:103A5000C3FB6806050E022005F03CFA4FF4005146
:103A60003046FFF723FC022005F034FA4FF40051F2
:103A70003046FFF7B1FB022005F02CFA601CC4B2FF
:103A8000082CDBD3F8BD0000000C014038B54FF422
:103A90008050ADF8000010208DF8030001200F4C7D
:103AA0008DF8020069462046FFF7ECF9A114204684
:103AB000FFF7FCFB61142046FFF7F8FB022005F03E
:103AC00009FAA1142046FFF787FB022005F002FA4D
:103AD00061142046BDE83840FFF77EBB000C014072
:103AE00038B54FF48050ADF8000010208DF8030079
:103AF00001200C4C8DF8020069462046FFF7C2F900
:103B0000A1142046FFF768FB61142046FFF7CEFBA7
:103B1000022005F0DFF9A1142046BDE83840FFF788
:103B2000C5BB0000000C0140F8B54FF48056ADF85D
:103B300000600420264D8DF80300002469462846C5
:103B4000FFF7A0F9A9142846FFF7B0FB012005F004
:103B5000C1F969142846FFF7A9FB012005F0BAF95D
:103B6000A9142846FFF7A0FA50B3601CC4B2FA2C7F
:103B70001FD9ADF8006010208DF8030001208DF8EA
:103B8000020069462846FFF77DF94FF48051284628
:103B9000FFF722FB4FF400512846FFF787FB022076
:103BA00005F098F94FF480512846FFF77FFB01207C
:103BB000F8BD4FF480512846FFF776FA0028D4D19B
:103BC0004FF400512846FFF707FB0020F8BD000026
:103BD000000C014010B4C268D0F804C0531C93FB21
:103BE000FCF40CFB1433D0F808C0634504BF10BCD0
:103BF000704703689954C1684268491C91FBF2F30D
:103C000002FB1311C16010BC704700002DE9F04F9A
:103C1000584E83B00027307B10B1012813D09EE0AE
:103C20007079401C707100F081FF0A2152A004F0ED
:103C3000E7FB4FF47A717770524A0F2004F028FCAA
:103C4000012030738BE000F065FF002804BF03B053
:103C5000BDE8F08F4C4C206801F0DEFA01464B487D
:103C60002268FEF70FFD4AA14848FCF7F3FA002846
:103C700071D000F108040930FDF766FA05462046C8
:103C8000FDF762FA00EB800005EB400000F5FA68F2
:103C9000201DE41CFDF758FA05462046FDF754FAAE
:103CA00000EB800005EB4000C0B20290201DE41C38
:103CB000FDF74AFA05462046FDF746FA00EB80007C
:103CC00005EB400000F0FF0933A13048FCF7C2FAD1
:103CD00000283BD0441C7771801CFDF735FA05465F
:103CE0002046FDF731FA00EB800005EB4000C0B242
:103CF00010282CBF10380830C5B204F1040B584608
:103D0000E41CFDF721FA82462046FDF71DFA00EB80
:103D100080000AEB400000F0FF0A5846FDF714FA55
:103D200083462046FDF710FA00EB80000BEB4000C5
:103D3000C0B2CDE900A02B464A464046029902F0A7
:103D400083FB377303B00120BDE8F08F70790A2838
:103D500004D108E0FFE770790A2804D0377303B074
:103D60000020BDE8F08F7771377303B00220BDE803
:103D7000F08F00005400002041542B43434C4B3F34
:103D80000D0A00004D4B000850000020B01000202C
:103D90002B43434C4B3A00002C0000002DE9F04728
:103DA000B64E0024DFF8D882B07BADF5226D2546F3
:103DB0004FF001092746092880F05981DFE800F01B
:103DC00005131C2E9BA3B9F8F700F078012807BF54
:103DD000F770042086F80E900DF5226D18BFBDE82F
:103DE000F08700F0A1B84FF47A717770A54A0F20E0
:103DF00004F04EFB022097E000F08CFE002873D008
:103E000000F094FE1121A0A004F0FAFA642177706A
:103E10009C4A0F2004F03CFB032085E000F07AFE72
:103E2000002861D0D8F8000001F0F6F901469B485F
:103E3000D8F80020FEF726FC99A19848FCF70AFA6A
:103E4000002800F0148199A19448FCF703FA10307F
:103E5000044601782C2903D010F8011F2C29FBD12E
:103E6000001BA0F10108C8216846FCF7DCF94246B6
:103E700021466846FCF7BEF90DF808708DF8C87940
:103E800069460DF6C810FCF7D9F904EB08008BA1C0
:103E9000FCF7E0F9002800F0EA80841C81780DF638
:103EA000FC102C2907D014F8011B4155691C8DB258
:103EB00021782C29F7D14755FCF726FB0546C82168
:103EC0006846FCF7B0F92A46611C6846FCF792F98F
:103ED0007BA10DF6C810FCF7BDF9A9B228B10022EC
:103EE000684600F08FFC04E01FE00122684600F005
:103EF00089FCB773BBE064217770624A0F2004F03D
:103F0000C7FA052010E000F005FE00280DD000F0F3
:103F10000DFE08216EA004F073FA64217770594AEF
:103F20000F2004F0B5FA0620B0730DF5226DBDE840
:103F3000F08700F0EFFD002804BF0DF5226DBDE80D
:103F4000F087D8F8000001F067F901465348D8F827
:103F50000020FEF797FB61A15048FCF77BF928B3DE
:103F600010F8061F2C2904D010F8011F641C2C29FE
:103F7000FAD1DFF870817125A0EB040A08F52379E6
:103F8000012C02D0022C14D02DE05046FDF7DCF8B5
:103F9000A5EB4000C2B254A10DF2DC5004F0AAFA25
:103FA0009DF8DC0588F88C0289F801701BE04AE076
:103FB0001CE00AF10100FDF7C7F804465046FDF782
:103FC000C3F800EB800004EB4000A5EB4000C2B258
:103FD00045A10DF2DC5004F08DFABDF8DC05A8F81F
:103FE0008C0289F802700720B0739EE78DF8E075A7
:103FF0003EA10DF5BC60FCF721F940490DF5BC6010
:10400000FCF71CF93EA10DF5BC60FCF717F93F4920
:104010000DF5BC60FCF712F93DA10DF5BC60FCF795
:104020000DF90DF5BC60FCF727F981B20DF5BC6008
:1040300004F0E6F9F770C8217770124A0F2004F0F7
:1040400027FA082070E700F065FD00283FF46DAF07
:10405000D8F8000001F0E0F801461048D8F8002038
:10406000FEF710FB2BA10D48FCF7F4F808B1B7736D
:104070005BE786F80090B770B77356E754000020EE
:10408000500000204D4B000841542B4D51545452C8
:104090004541443D302C310D0A000000B010002095
:1040A0002B4D515454524541443A00002B4D51542C
:1040B00054524541443A20302C302C00222C000030
:1040C0007374617475735F7265706C7900000000C1
:1040D00041542B4353510D0A000000002B43535110
:1040E0003A200000001400202564000041542B4DAC
:1040F0005154545055423D302C220000000C0020F9
:10410000222C302C302C302C302C2200C80C0020DB
:10411000220D0A004F4B00002DE9F041214C224FA7
:104120000025A07920B101281FD0022831D02DE030
:104130001E4EA570306801F06FF801461C483268C9
:10414000FEF7A0FA00F0F2FC4FF400413846FFF70A
:10415000ADF84FF4FA716570164A0F2004F098F923
:104160000120A0710020BDE8F08100F0D3FC68B10F
:104170004FF400413846FFF72FF842F21071657096
:104180000C4A0F2004F084F90220A0710020BDE841
:10419000F08100F0BFFC00281CBFA5710120BDE824
:1041A000F081000054000020000801405000002071
:1041B000B01000204D4B000838B54FF40040ADF86A
:1041C000000010208DF803000120064C8DF802003D
:1041D00069462046FEF756FE4FF400412046FFF7A1
:1041E00065F838BD00080140464810B5C07B0B2873
:1041F00028BF10BDDFE800F00618263446545E0FD5
:10420000680F7A00FFF788FF002808BF10BD01285B
:1042100002D0022804D010BD3A490120C87310BD55
:1042200038490020C87310BD00F08EFE002808BF7A
:1042300010BD012802D00228F2D010BD3148022161
:10424000C17310BD00F030FE002808BF10BD01286A
:1042500002D00228E4D010BD2A490320C87310BD43
:1042600000F0D2FD002808BF10BD012806D00228AA
:1042700018BF10BD00212348C17310BD214904207F
:10428000C87310BDFFF7C2FC002808BF10BD01288D
:1042900002D00228C4D010BD1A490820C87310BD2E
:1042A00002F05EF8002808BF10BD0128F4D00228F3
:1042B000B6D010BDFCF7FAFE002808BF10BD0128DB
:1042C000EAD00228ACD010BD00F07CF8002808BF6E
:1042D00010BD012802D00228A2D010BDFFF77EFA3F
:1042E00008480A21C1730121817010BD0548017879
:1042F000012902D100210170C173BDE81040FFF710
:104300004DBD000054000020010004484FF0100192
:1043100001D0FEF761BFFEF7C9BF000000100140E9
:10432000010004484FF0800101D0FEF755BFFEF7B1
:10433000BDBF000000080140144A10B51078144CAD
:1043400001280CD1002010709178491CC9B29170DD
:1043500001290FD0907020212046FEF73DFF04F088
:10436000D7FD00284FF0800120460AD0BDE810405C
:10437000FEF732BFFFF73EF820212046FEF796FFFA
:10438000EDE7BDE81040FEF791BF00002A000020D5
:1043900000080140010004484FF0010101D0FEF780
:1043A0001BBFFEF783BF0000000C01400449012041
:1043B0000870AFF207024FF47A7104F069B8000098
:1043C0002A00002010B5CC4896B0407B0C2834D28F
:1043D000DFE800F0061A364862748EE6FDFCFBFA50
:1043E00000F0A4FB1921C5A004F00AF8C24C00207B
:1043F0004FF4FA616070C84A0F2004F049F80120B8
:10440000607316B0002010BD00F084FB002804BFCC
:1044100016B010BDC14C206800F0FEFE0146C04839
:104420002268FEF72FF9BFA1BD48FBF713FF002854
:1044300000F05B81B0490220487316B0002010BD27
:1044400000F074FB1821B8A003F0DAFFAA4C00209A
:104450004FF4FA616070B04A0F2004F019F803209D
:104460006073EAE700F056FB002804BF16B010BDE9
:10447000AA4C206800F0D0FE0146A9482268FEF749
:1044800001F9A8A1A648FBF7E5FE002800F02D8160
:10449000994904204873D0E700F048FB1D21A9A0EA
:1044A00003F0AEFF944C00204FF4FA6160709A4A1A
:1044B0000F2003F0EDFF052000F0F1B800F02AFB1B
:1044C000002804BF16B010BD944C206800F0A4FE74
:1044D000014693482268FEF7D5F892A19048FBF771
:1044E000B9FE002800F00181834906204873A4E743
:1044F00000F01CFB0F219BA003F082FFC621B82017
:10450000CDE90001EA2331229AA102A803F0F2FFCB
:1045100002A8FBF7B1FE81B202A803F071FF42F6D8
:10452000483298A102A803F0E5FF02A8FBF7A4FE19
:1045300081B202A803F064FF022193A003F060FFA0
:1045400092494FF46162087910FB02F24879897947
:10455000C0EB001002EB80000844FBF743FEFBF7C2
:1045600037FE024687A10CA803F0C4FF0CA8FBF796
:1045700083FE81B20CA803F043FF022184A003F064
:104580003FFF4321834803F03BFF5B4C002044F690
:1045900020616070604A0F2003F07AFF07207EE000
:1045A00000F0B8FA002804BF16B010BD5B4C2068BC
:1045B00000F032FE01465A482268FEF763F876A101
:1045C0005748FBF747FE03E06BE048E027E005E0D3
:1045D00000287DD04849082048732EE700F0A6FA4D
:1045E000162173A003F00CFF774A78A102A803F00C
:1045F00081FF02A8FBF740FE81B202A803F000FF92
:10460000052173A003F0FCFE3B4C002042F2107128
:104610006070414A0F2003F03BFF09203FE000F0AB
:1046200079FA002804BF16B010BD3C4C206800F099
:10463000F3FD01463A482268FEF724F839A13848CC
:10464000FBF708FE044664A13548FBF703FE002C87
:1046500018BF002849D028490A204873EDE600F029
:1046600065FA1B215FA003F0CBFE574A57A102A8B1
:1046700003F040FF02A8FBF7FFFD81B202A803F0A0
:10468000BFFE052152A003F0BBFE1B4C002042F2EE
:1046900010716070204A0F2003F0FAFE0B20607347
:1046A000CBE600F037FA002804BF16B010BD1B4C53
:1046B000206800F0B1FD014619482268FDF7E2FFCD
:1046C00018A11748FBF7C6FD044643A1144800E0B3
:1046D0000BE0FBF7BFFD002C18BF002805D00649F2
:1046E0000020487316B0012010BD03490020487314
:1046F00016B0022010BD00005400002041542B4D84
:104700005154544346473D22636163686564222CDB
:10471000302C310D0A0000004D4B000850000020E5
:10472000B01000204F4B000041542B4D51545443C6
:1047300046473D22636C65616E222C302C310D0A98
:104740000000000041542B4D5154544346473D2234
:104750006B656570616C697665222C302C36300D86
:104760000A00000041542B4D515454434F4E4E3DCE
:10477000302C220025642E25642E25642E256422EB
:104780002C000000256400002C22000036000020D0
:10479000222C00005CBD00082B4D5154545552434F
:1047A0003A2022636F6E6E222C302C300000000005
:1047B00041542B4D5154545355423D302C22636F7C
:1047C0006E74726F6C2F00000400002025730000CF
:1047D000222C300D0A0000002B4D515454535542E9
:1047E0003A20300041542B4D5154545355423D30E2
:1047F0002C227374617475735F7265706C792F000D
:10480000FEE700002DE9F047954F01260025BAB0DC
:1048100088460446002A46D0012A1CBF3AB0BDE8AB
:10482000F0877E700120FCF7AEFF3D7042462146C6
:104830008C48FBF7DFFC8C4F02AB34AAA7F8008052
:104840008AA18848FBF72EFD8FA134A8FBF71BFD3A
:104850008E4C002875D08EA134A8FBF714FD0028DB
:104860006DD08DA134A8FBF70EFD002868D08DA176
:1048700034A8FBF708FD002800F0BD808DA134A806
:10488000FBF701FD002800F0BD808FA134A8FBF7E5
:10489000FAFC00287CD090A134A8FBF7F4FC002897
:1048A00000F0D480C0E07E700120FCF76CFF3D700A
:1048B00020681B908DF870501BA8FBF725FE1FFA8F
:1048C00080FAB4F80500ADF86C008DF86E501BA8A6
:1048D000FBF71AFE00F0FF092089ADF86C008DF897
:1048E0006E501BA8FBF710FE00F0FF08B4F80B0099
:1048F000ADF86C008DF86E501BA8FBF705FEC7B233
:10490000E089ADF86C008DF86E501BA8FBF7FCFD3C
:10491000C6B2B4F81100ADF86C008DF86E501BA84B
:10492000FBF7F2FDC0B2CDE900603B464246494686
:10493000504601F089FD3AB0BDE8F08701E028E07B
:1049400040E069A102A8FBF79EFC30B9002001F00D
:1049500053FC0020FCF754FF257064A102A8FBF76C
:1049600092FC30B9012001F047FC0120FCF748FF20
:10497000267021780420FDF702FB0020FCF788FE5A
:104980002946A5741420FDF7FAFAFEF7DDFD4BE089
:1049900041E055A102A8FBF776FC18B90020FCF70E
:1049A000B3FE657051A102A8FBF76DFC18B9012098
:1049B000FCF7AAFE667061780520FDF7E0FAFEF7C5
:1049C000C3FD31E048A102A8FBF75DFC18B9002047
:1049D000FCF75EFEA57445A102A8FBF754FC18B9CC
:1049E0000120FCF755FEA674A17C1420FDF7C7FA40
:1049F000FEF7AAFD18E002A8FBF786FD81B26180F0
:104A0000062005E002A8FBF77FFD81B2A180082007
:104A1000FDF78FFA06E002A8FBF776FD0146A060DD
:104A20000A2019E0FEF790FD31A10E48FBF712FCB9
:104A3000040006D032A003F04DFD04F10E00FEF795
:104A40009FFC39880748FBF7EEFB74E702A8FBF7E9
:104A50005BFD0146E0600E20FDF778FAE2E700001A
:104A60006D00002098000020340000205B7B226B4A
:104A7000223A22255B5E225D222C2276223A2225D2
:104A80005B5E225D227D5D004F6E00008400002091
:104A90004C6F63616C00000054696D65722E4F6E3F
:104AA0000000000053616665506172616D2E4F76A3
:104AB0006572560053616665506172616D2E556E68
:104AC0006465725600000000536166655061726152
:104AD0006D2E4F7665724300536166655061726159
:104AE0006D2E4F76657250003000000031000000DE
:104AF0005B7B226B223A2254696D65722E4E000058
:104B00006765742074696D657220706F696E740DCD
:104B10000A00000004494878002808BF70470120B7
:104B200000224A7070470000540000200020054A0F
:104B300001461154401C80B2B0F57A7FF9D3024887
:104B400081827047B01000205400002001490120EC
:104B50004870704754000020704738B535208DF8F4
:104B6000000001248DF8014000258DF802508DF8D9
:104B70000340684600F032F826208DF800008DF8DA
:104B800001408DF802508DF80340684600F026F889
:104B900027208DF800008DF801408DF802508DF827
:104BA0000340684600F01AF834208DF800008DF8B4
:104BB00001508DF802508DF80340684600F00EF861
:104BC00008208DF800008DF801508DF802408DF816
:104BD0000340684600F002F838BD000070B5044696
:104BE000C0780F25002818BF012804D07D2223A1FA
:104BF0002FA004F0F5F86078102804D37E221FA1BE
:104C00003A4804F0EDF8A078102804D37F221BA1C5
:104C1000374804F0E5F8E078012210B33548006821
:104C2000637800F4E060C0F5E060000AC0F10401C0
:104C300003FA01F1A37825FA00F01840084321781F
:104C4000000101F1E02181F80004207800F01F014B
:104C500002FA01F14009800000F1E020C0F80011E3
:104C600070BD207800F01F0102FA01F140098000B8
:104C700000F1E020C0F8801170BD00002E2E5C66AF
:104C800069726D776172655C6E3332673435785F57
:104C90007374645F7065726970685F647269766569
:104CA000725C7372635C6D6973632E630000000055
:104CB00049535F46554E4354494F4E414C5F535400
:104CC000415445284E5649435F496E697453747286
:104CD0007563742D3E4E5649435F49525143686196
:104CE0006E6E656C436D642900000000C4BC000852
:104CF00080BC00080CED00E010B50446B0F5E06F94
:104D000018BFB4F5C06F0CD0B4F5A06F1CBFB4F5DC
:104D1000806FB4F5407F04D06C2205A111A004F08F
:104D20005FF81B4944F0FD7040F08060086010BDE2
:104D30002E2E5C6669726D776172655C6E333267C8
:104D40003435785F7374645F7065726970685F642E
:104D500072697665725C7372635C6D6973632E63EE
:104D60000000000049535F4E5649435F5052494F7F
:104D7000524954595F47524F5550284E5649435F48
:104D80005072696F7269747947726F75702900008B
:104D90000CED00E010B5040018BF012C04D08622F1
:104DA00003A111A004F01CF81648046210BD000015
:104DB0002E2E5C6669726D776172655C6E33326748
:104DC0003435785F7374645F7065726970685F64AE
:104DD00072697665725C7372635C6E333267343508
:104DE000785F7077722E630049535F46554E435487
:104DF000494F4E414C5F535441544528436D6429FB
:104E00000000000000000E4270B51D4C0025607AC5
:104E100010B1012813D010E02079401C2071FFF759
:104E200085FE0B2117A003F0EBFA64216570184A88
:104E30000F2003F02DFB01206072002070BDFFF7F2
:104E400069FE002808BF70BD124E306800F0E4F91A
:104E5000014611483268FDF715FC10A10E48FBF71A
:104E6000F9F918B165722571012070BD2079B42857
:104E700098BF6572E1D925716572022070BD00008E
:104E80005400002041542B43474154543F0D0A0025
:104E90004D4B000850000020B01000202B4347412C
:104EA00054543A203100000070B51D4C0025207A82
:104EB00010B1012813D010E02079401C2071FFF7B9
:104EC00035FE0B2117A003F09BFA64216570184A88
:104ED0000F2003F0DDFA01202072002070BDFFF7E3
:104EE00019FE002808BF70BD124E306800F094F91A
:104EF000014611483268FDF7C5FB10A10E48FBF7CB
:104F0000A9F918B125722571012070BD2079B42846
:104F100098BF2572E1D925712572022070BD00006D
:104F20005400002041542B43455245473F0D0A0091
:104F30004D4B000850000020B01000202B4345527C
:104F400045473A20302C31008B4810B5C0790B28EA
:104F50003BD2DFE800F006223C495163748C9CCCC4
:104F6000DD00864C206800F057F90146844822682D
:104F7000FDF788FBFFF7DAFD042182A003F040FA79
:104F80007D4C00204FF4FA616070804A0F2003F0DE
:104F90007FFA0120E071002010BDFFF7BBFD002863
:104FA00008BF10BD754C206800F036F90146744802
:104FB0002268FDF767FB76A17148FBF74BF90028E3
:104FC00000F0D4806C490220C871002010BD6A4CEA
:104FD00000204FF4FA6160706C4A0F2003F058FA19
:104FE0000320E071002010BDFFF794FD0028ECD0F5
:104FF00061490420C871E8E7FFF798FD062165A024
:1050000003F0FEF95C4C0020642160705F4A0F20C1
:1050100003F03EFA0520E071002010BDFFF786FD89
:105020000A215EA003F0ECF9534C0020642160706B
:10503000564A0F2003F02CFA0620E071C5E7FFF76F
:1050400069FD002808BF10BD4C4C206800F0E4F852
:1050500001464B482268FDF715FB53A14848FBF772
:10506000F9F800287ED044490720C871ADE7FFF762
:105070005DFD0B2150A003F0C3F93F4C00206421DB
:105080006070424A0F2003F003FA08203EE0FFF769
:1050900041FD002808BF10BD384C206800F0BCF866
:1050A000014637482268FDF7EDFA46A13448FBF780
:1050B000D1F800285AD04549D0F80720C1F89122EC
:1050C000D0F80B20C1F89522D0F80F20C1F8992212
:1050D000B0F81320A1F89D22407D81F89F0201F5D0
:1050E00023710020087524490920C8716DE7FFF776
:1050F0001DFD0A2136A003F083F91F4C0020642116
:105100006070224A0F2003F0C3F90A20E0715CE7C7
:10511000FFF700FD002808BF10BD184C206800F004
:105120007BF8014616482268FDF7ACFA2BA114481B
:10513000FBF790F8B0B125498268C1F8A122C26896
:10514000C1F8A5220269C1F8A9224269C1F8AD22BD
:105150008069C1F8B10201F52371002081F82900AE
:10516000054900E002E0C871012010BD024900209D
:10517000C871022010BD0000540000205000002023
:10518000B010002041540D0A000000004D4B0008F3
:105190004F4B0000415445300D0A000041542B4351
:1051A00050494E3F0D0A00002B4350494E3A2052C1
:1051B000454144590000000041542B4347534E3DA4
:1051C000310D0A002B4347534E3A200000140020B3
:1051D00041542B49434349440D0A00002B494343A2
:1051E00049443A200000000070B5102004F0DCF8BB
:1051F00004004FF0000508BF2C4607D040F2DD50F8
:10520000606004F0D1F8E560A560206001480460AA
:1052100070BD0000500000200146D1E90220801A34
:1052200044BF49680844704710B504001CBF012CF6
:10523000042C05D040F203320AA118A003F0D0FDDF
:105240001B48002180F8201080F82010012C08BF96
:10525000012103D0042C0CBF052110BD80F82010C3
:1052600010BD00002E2E5C6669726D776172655C00
:105270006E3332673435785F7374645F706572695A
:1052800070685F6472697665725C7372635C6E33BA
:1052900032673435785F7263632E630049535F521F
:1052A00043435F4C5345285243435F4C53452900C9
:1052B0000010024010B5040018BFB4F5806F0DD087
:1052C000B4F5A06F1CBFB4F5C06FB4F5E06F05D0A6
:1052D00040F2C31205A113A003F082FD18494868EB
:1052E00020F4E0602043486010BD00002E2E5C6674
:1052F00069726D776172655C6E3332673435785FE1
:105300007374645F7065726970685F6472697665F2
:10531000725C7372635C6E3332673435785F7263CC
:10532000632E630049535F5243435F48434C4B5FD6
:10533000444956285243435F48434C4B29000000E0
:105340000010024010B50446B0F5807F1CBFB4F5D4
:10535000007FB4F5407F05D040F2333206A114A09F
:1053600003F03EFD1B48016A21F440710162016AAD
:105370002143016210BD00002E2E5C6669726D77BC
:105380006172655C6E3332673435785F7374645F65
:105390007065726970685F6472697665725C737259
:1053A000635C6E3332673435785F7263632E6300FB
:1053B00049535F5243435F525443434C4B5F5352F4
:1053C00043285243435F525443434C4B536F7572CF
:1053D000636529000010024070B504460E480D4672
:1053E000044200D12CB940F2FE320CA119A003F006
:1053F000F7FC214E002D04BFF069A04309D0012D18
:1054000005D040F2FF3205A11CA003F0E9FCF069D1
:105410002043F06170BD0000003301412E2E5C6618
:1054200069726D776172655C6E3332673435785FAF
:105430007374645F7065726970685F6472697665C1
:10544000725C7372635C6E3332673435785F72639B
:10545000632E630049535F5243435F415042315FC3
:10546000504552495048285243435F4150423150C1
:1054700065726970682900000010024049535F4658
:10548000554E4354494F4E414C5F53544154452867
:10549000436D64290000000070B504460E480D46B7
:1054A000044200D12CB940F2DF320CA119A003F064
:1054B00097FC214E002D04BFB069A04309D0012DF7
:1054C00005D04FF4787205A11CA003F089FCB069E7
:1054D0002043B06170BD00000286E0FF2E2E5C66A6
:1054E00069726D776172655C6E3332673435785FEF
:1054F0007374645F7065726970685F647269766501
:10550000725C7372635C6E3332673435785F7263DA
:10551000632E630049535F5243435F415042325F01
:10552000504552495048285243435F4150423250FF
:1055300065726970682900000010024049535F4697
:10554000554E4354494F4E414C5F535441544528A6
:10555000436D64290000000010B5040018BF012C41
:1055600005D04FF4517203A110A003F039FC164886
:10557000046010BD2E2E5C6669726D776172655C89
:105580006E3332673435785F7374645F7065726947
:1055900070685F6472697665725C7372635C6E33A7
:1055A00032673435785F7263632E630049535F4618
:1055B000554E4354494F4E414C5F53544154452836
:1055C000436D6429000000003C044242324B30B479
:1055D0005968324A11405A6811F0006F02F4803263
:1055E0000CBF4FF0020C6FF4F77C0CEB9141002ADA
:1055F00004BF2B4A514306D05A6812F4003F14BF2F
:10560000274A284A51435A68DFF898C012F00C0222
:1056100018BF042A03D0082A08BF016001D0C0F8CF
:1056200000C05A684FF00F0C1F4D0CEA1212D0F850
:1056300000C0AA5C2CFA02F24260D3F804C007242E
:1056400004EA1C2C15F80CC022FA0CFCC0F808C0A7
:10565000D3F804C004EADC2C15F80CC022FA0CFCC8
:10566000C0F80CC0D3F82CC005F110040CF00F0CDE
:1056700014F80CC0B2FBFCF24261DA6A1F2303EAA1
:10568000121202F00F0204F1100333F81220B1FBE2
:10569000F2F1016130BC70470010024000003C088C
:1056A00000093D0000127A001494000870B500252E
:1056B0000446212818BF312C21D0392C18BF412C89
:1056C0001DD0612C18BF732C19D0742C18BF752CE9
:1056D00015D0772C18BF792C11D07A2C18BF7B2CC1
:1056E0000DD07C2C18BF7D2C09D07E2C18BF7F2CB0
:1056F00005D040F2E3420CA119A003F071FB600950
:105700001D49012808BF086803D002280CBF086A99
:10571000486A04F01F01012202FA01F1014218BF98
:105720000125284670BD00002E2E5C6669726D77DB
:105730006172655C6E3332673435785F7374645FB1
:105740007065726970685F6472697665725C7372A5
:10575000635C6E3332673435785F7263632E630047
:1057600049535F5243435F464C4147285243435F8E
:10577000464C4147290000000010024038B503F0B4
:1057800045FC4FF40060ADF8000010208DF80300D8
:105790000120064C8DF8020069462046FDF772FB99
:1057A000E1142046FDF718FD38BD00000008014057
:1057B00002F0E2BD00210A2805D3491C0A38C0B214
:1057C000C9B20A28F9D2090740EA116070470000FF
:1057D00070B50026674D0C4600282AD0012805D058
:1057E0004FF4E37264A172A003F0FAFA286810F093
:1057F000400F00F07F802078010901EB810100F06B
:105800000F0000EB4100C0B2401E0B2805D94FF439
:10581000EE7259A16DA003F0E3FAE078002818BFFA
:10582000402800F0798040F2DD1253A16EA000F014
:1058300071B8286810F0400F13D02078401E0B2854
:1058400005D94FF4E6724CA16FA003F0C9FAE078D5
:10585000002818BF40280ED040F2CD1246A162A009
:1058600007E0E6702078172805D94FF4E97242A1C5
:105870006FA003F0B5FA60783B2805D94FF4EA72BF
:105880003DA175A003F0ACFAA0783B2805D940F201
:10589000D51239A17AA003F0A3FA2078FFF78AFF86
:1058A00006046078FFF786FF46EA0026A078FFF737
:1058B00081FFE178304340EA01437B4CCA202060FD
:1058C0005320206000F04CF970B1784878491840B6
:1058D00008607848016821F080010160286810F0B4
:1058E000200F08BF00F056FCFF202060BDE870408C
:1058F00000F050BCE6702078010901EB810100F056
:105900000F0000EB4100C0B2172805D94FF4F17227
:1059100019A169A003F064FA6078010901EB810123
:1059200000F00F0000EB4100C0B23B2805D94FF456
:10593000F27211A16EA003F053FAA078010901EBF5
:10594000810100F00F0000EB4100C0B23B2805D9F7
:1059500040F2E51208A174A003F042FAA078217881
:10596000E27840EA01406178090241EA024140EAF6
:105970000103A2E7082800402E2E5C6669726D774D
:105980006172655C6E3332673435785F7374645F5F
:105990007065726970685F6472697665725C737253
:1059A000635C6E3332673435785F7274632E6300E4
:1059B00049535F5254435F464F524D41542852540D
:1059C000435F466F726D61742900000049535F5256
:1059D00054435F3132484F555228746D7072656779
:1059E000697374657229000049535F5254435F48DC
:1059F0003132285254435F54696D65537472756334
:105A0000742D3E483132290049535F5254435F316F
:105A100032484F5552285254435F54696D65537450
:105A2000727563742D3E486F757273290000000013
:105A300049535F5254435F3234484F5552285254B1
:105A4000435F54696D655374727563742D3E486F7E
:105A5000757273290000000049535F5254435F4D33
:105A6000494E55544553285254435F54696D65530C
:105A700074727563742D3E4D696E7574657329007B
:105A800049535F5254435F5345434F4E445328524A
:105A900054435F54696D655374727563742D3E533E
:105AA00065636F6E64732900242800407F7F7F0048
:105AB000002800400C28004049535F5254435F3295
:105AC00034484F5552285254435F42636432546FF6
:105AD00042797465285254435F54696D65537472FA
:105AE0007563742D3E486F7572732929000000009C
:105AF00049535F5254435F4D494E555445532852C4
:105B000054435F42636432546F427974652852543F
:105B1000435F54696D655374727563742D3E4D69AE
:105B20006E7574657329290049535F5254435F535E
:105B300045434F4E4453285254435F4263643254AA
:105B40006F42797465285254435F54696D6553748C
:105B5000727563742D3E5365636F6E6473292900FB
:105B600081B00F4900200090086810F0400F04BF7A
:105B70008020086010D10868009A00F04000521C94
:105B80000092B2F5005F01D00028F4D0086810F050
:105B9000400004BF01B07047012001B07047000011
:105BA0000C28004070B50C46050018BF012D05D02B
:105BB0004FF4377218A126A003F012F92B480068A1
:105BC00020F0C00121F07F410B0CC1F30422E370EF
:105BD00001F03F006270A070C1F342312170002DCE
:105BE00018BF70BD190901EB810103F00F0303EB2E
:105BF0004101E170110901EB810102F00F0202EB9A
:105C000041016170010901EB810100F00F0000EB1F
:105C10004100A07070BD00002E2E5C6669726D7729
:105C20006172655C6E3332673435785F7374645FBC
:105C30007065726970685F6472697665725C7372B0
:105C4000635C6E3332673435785F7274632E630041
:105C500049535F5254435F464F524D41542852546A
:105C6000435F466F726D6174290000000428004094
:105C700070B50C46050018BF012D05D040F23D223D
:105C800018A126A003F0ACF82B4800682B494FF070
:105C9000400C0140C1F30542C1F30623227001F01C
:105CA0007F006370A0700CEA1141E170002D18BFF5
:105CB00070BD110901EB810102F00F0202EB4101FD
:105CC0002170190901EB810103F00F0202EB410180
:105CD0006170010901EB810100F00F0000EB410050
:105CE000A07070BD2E2E5C6669726D776172655C06
:105CF0006E3332673435785F7374645F70657269D0
:105D000070685F6472697665725C7372635C6E332F
:105D100032673435785F7274632E630049535F5283
:105D200054435F464F524D4154285254435F466F8F
:105D3000726D617429000000002800407F7F7F00A1
:105D400070B50546002600683446402818BF002874
:105D500004D0C7221EA12CA003F042F868687F2857
:105D600004D9C8221AA135A003F03AF8A868B0F502
:105D7000004F04D3C92216A13EA003F031F84B4BCB
:105D8000CA20186053201860FFF7EAFEB0B14848F7
:105D9000016821F04001016001682A681143016037
:105DA0004448A96801600168AA8841EA024101608B
:105DB000001F016821F0800101600126FF201860AA
:105DC00040F2FF20641C8442FCD3304670BD0000CA
:105DD0002E2E5C6669726D776172655C6E33326718
:105DE0003435785F7374645F7065726970685F647E
:105DF00072697665725C7372635C6E3332673435D8
:105E0000785F7274632E630049535F5254435F4856
:105E10004F55525F464F524D4154285254435F49AB
:105E20006E69745374727563742D3E5254435F48A7
:105E30006F7572466F726D617429000049535F522D
:105E400054435F5052454449565F4153594E43486D
:105E5000285254435F496E69745374727563742D8C
:105E60003E5254435F4173796E6368507265646952
:105E70007629000049535F5254435F5052454449CC
:105E8000565F53594E4348285254435F496E6974D4
:105E90005374727563742D3E5254435F53796E632D
:105EA000685072656469762900000000242800406B
:105EB000082800401028004070B50C46050000F08E
:105EC0005F80012D05D040F2722256A163A002F03E
:105ED00087FFE078010901EB810100F00F0000EB82
:105EE0004100C0B2632805D94FF420724DA162A0D1
:105EF00002F076FF6078010901EB810100F00F00EC
:105F000000EB4100C0B2401E0B2805D940F28222AE
:105F100044A166A002F064FFA078010901EB8101B1
:105F200000F00F0000EB4100C0B2401E1E2805D952
:105F30004FF421723BA164A002F052FF21780129A5
:105F400018BF02290ED0032918BF04290AD0052939
:105F50001CBF0629072905D040F2862231A161A085
:105F600002F03EFF002D2FD0A078E178227840EAA1
:105F700001406178090241EA423140EA010333E01D
:105F8000607810F0100F03D020F010000A3060701D
:105F9000E078632805D940F27A2222A15BA002F0C2
:105FA0001FFF6078401E0B2805D940F27B221DA1FF
:105FB0005FA002F015FFA078401E1E28BED94FF446
:105FC0001F7218A163A0B7E7E078FFF7F3FB0504A1
:105FD0006078FFF7EFFB45EA0025A078FFF7EAFBC2
:105FE0002178284340EA4133634CCA202060532083
:105FF0002060FFF7B5FD78B1604823F0C001016073
:106000005F48016821F080010160001F006810F006
:10601000200F08BF00F0BEF8FF202060BDE87040F0
:1060200000F0B8B82E2E5C6669726D776172655C9F
:106030006E3332673435785F7374645F706572698C
:1060400070685F6472697665725C7372635C6E33EC
:1060500032673435785F7274632E630049535F5240
:1060600054435F464F524D4154285254435F466F4C
:10607000726D61742900000049535F5254435F59A7
:10608000454152285254435F42636432546F42790F
:106090007465285254435F44617465537472756328
:1060A000742D3E59656172292900000049535F52E1
:1060B00054435F4D4F4E544828746D707265676944
:1060C000737465722900000049535F5254435F4462
:1060D00041544528746D70726567697374657229DF
:1060E0000000000049535F5254435F5745454B44FD
:1060F0004159285254435F44617465537472756307
:10610000742D3E5765656B446179290049535F5290
:1061100054435F59454152285254435F446174656A
:106120005374727563742D3E5965617229000000C5
:1061300049535F5254435F4D4F4E54482852544385
:106140005F446174655374727563742D3E4D6F6E58
:106150007468290049535F5254435F4441544528B1
:106160005254435F446174655374727563742D3E79
:106170004461746529000000242800400428004080
:106180000C280040002101607F214160FF218160D7
:106190007047000081B000200F4B0090CA201860AB
:1061A000532018600D49086820F020000860086836
:1061B000009A00F02000521C0092B2F5004F01D06E
:1061C0000028F4D0086810F0200018BF0120FF213B
:1061D000196001B070470000242800400C280040DE
:1061E000044901200870AFF207024FF47A710420CD
:1061F00002F04EB94000002010B5164C10B1012835
:106200000ED01AE04FF400412046FDF74FF84FF44E
:1062100080412046FCF7E0FF142002F04FFE0CE026
:106220004FF480412046FDF741F84FF400412046ED
:10623000FCF7D2FF142002F041FE4FF4004120464B
:10624000FCF7CAFF2046BDE810404FF48041FCF740
:10625000C3BF0000000C0140F8B54FF40040ADF89A
:10626000000010250E4E8DF8035003248DF80240D7
:1062700069463046FCF706FEE9023046FDF716F89F
:10628000A902ADF800108DF803508DF80240694660
:106290003046FCF7F7FDA9023046FDF707F8F8BDD8
:1062A000000C014010B5012186B00807FFF794F8F3
:1062B0000121C806FFF790F80120FEF76BFD0420CE
:1062C000FAF752FFA0F5A061053904BF06B010BD72
:1062D0004FF48070FFF736F80120FEF7A5FF41204C
:1062E000FFF7E4F90028FAD00120FFF735F97F2005
:1062F0000190FF200024029000946846FFF742FFBF
:106300006846FFF71DFD014611A002F0E3F81920D1
:106310008DF8130001208DF811008DF81200032074
:106320008DF80D408DF810008DF80E408DF80C4062
:1063300004A90020FFF7C0FD03A90020FFF748FAD9
:1063400040F205510420FAF799FF06B010BD000095
:10635000525443B3F5CABCBBAF25640D0A0000001C
:1063600070B51D4C0025A07A10B1012813D010E0A3
:106370002079401C2071FEF7D9FB0E2117A002F0F6
:106380003FF864216570194A0F2002F081F801205E
:10639000A072002070BDFEF7BDFB002808BF70BDD5
:1063A000134E3068FEF738FF014612483268FCF79A
:1063B00069F911A10F48F9F74DFF00281EBFA5721A
:1063C000012070BD20790A2898BFA572E1D92571F6
:1063D000A572022070BD00005400002041542B43E0
:1063E000474143543D312C310D0A00004D4B00080C
:1063F00050000020B01000204F4B00002DE9F0416C
:106400000E4E069D8846F0701F4614463282C82103
:106410000B48F9F708FF224641460948F9F7EAFE1A
:106420002C4675824FF47A710648F9F7FCFE224635
:106430003946BDE8F0410348F9F7DCBE54000020BE
:10644000000C0020C80C002070B582B0A0F5FA60E6
:10645000C0B2DDE906458DF803008DF801101E4637
:106460008DF8022002F0D4FC8DF804608DF8000055
:106470008DF805408DF8065069460020FFF71CFD99
:1064800001A90020FFF7A4F902B070BD042808D0CC
:1064900010F1050F08BF7047CF2205A111A002F02F
:1064A0009FBC4FF0E020016941F004010161704799
:1064B0002E2E5C6669726D776172655C6E33326731
:1064C0003435785F7374645F7065726970685F6497
:1064D00072697665725C7372635C6D6973632E6357
:1064E0000000000049535F5359535449434B5F43E5
:1064F0004C4B5F534F55524345285379735469634E
:106500006B5F434C4B536F7572636529000000004D
:10651000704700004B4883B0016841F4700101608E
:106520004948016841F00101016042684749114052
:106530004160016821F4102121F08071016001683F
:1065400021F480210160416821F47F0121F0006184
:1065500041600021C16201634FF41F028260C26981
:1065600042F08052C2613A4AD36843F00103D360DB
:10657000C26922F08052C261364A136843F0900328
:10658000136000918DF804100291016841F480318C
:1065900001600168C1F340418DF804100299491C63
:1065A00002919DF8041019B90299B1F5004FF0D18C
:1065B0000168C1F340418DF804109DF804100029D2
:1065C0003BD0116821F007011160116841F003010F
:1065D000116041684160416841F400514160416887
:1065E00041F4A0614160416821F47C1121F0006117
:1065F0004160416841F4803141F4003141F0026171
:1066000000914160016841F080710160016811F002
:10661000007FFBD0416821F003014160416841F0F7
:1066200002014160416801F00C010829FAD10A49D0
:106630004FF00060086003B07047094907480860E0
:10664000F5E7000088ED00E00010024000C0FFF810
:10665000007000400020024008ED00E000127A00C7
:106660000000002003490020087010210248FCF7B8
:106670001DBE00003E000020000C0140074910B57F
:106680000120087010210648FCF7A6FDBDE8104067
:10669000044A4EF66021112001F0FABE3E000020AF
:1066A000000C0140656600082DE9F047DFF8949082
:1066B0000D4607461C4616464FF02A084FF48071D7
:1066C0004846FCF789FD404600F060FC4FF48071BD
:1066D0004846FCF7EBFD380A00F058FCF8B200F031
:1066E00055FC300A00F052FCF0B200F04FFC2B26B3
:1066F0004FF480714846FCF76FFD304600F046FCD1
:106700004FF480714846FCF7D1FD280A00F03EFCAA
:10671000E8B200F03BFC200A00F038FCE0B200F0E8
:1067200035FC2C244FF480714846FCF755FD20467B
:1067300000F02CFC4846BDE8F0474FF48071FCF7B0
:10674000B5BD0000000C01402DE9F04F0026A2EB82
:1067500000085F1A85B0354682468946B8F1000FB9
:10676000C8BF012007DC0FBF00204FF0FF30C8F189
:106770000008019000D10190002FC8BF012006DC65
:106780000FBF00204FF0FF307F42009000D10090FB
:10679000B845CCBF44463C464FF0000B601C03900C
:1067A0000028DCBF05B0BDE8F08F0E98000A02900B
:1067B0001FFA8AF01FFA89F1DDF838C00B4602464D
:1067C000CDF810C0FFF770FF029800F0DFFBDDF896
:1067D00010C00CF0FF0000F0D9FB46443D44A64237
:1067E00002DD0198361B8244A54202DD00982D1B74
:1067F00081440BF101001FFA80FB03988345D7DB2E
:1068000005B0BDE8F08F2DE9F04781469846581E47
:1068100083B21746501E82B20D464846089EFFF7C7
:1068200043FF454534BF4FEA162ABDE8F0874C4682
:10683000B94509D2504600F0A9FBF0B200F0A6FB22
:10684000601C84B2BC42F5D3681C85B24545EED3CA
:10685000BDE8F087F8B54FF47C70ADF8000010206B
:106860008DF803000320F64E8DF80200694630468D
:10687000FCF708FB01210920FEF70EFE0121F1487B
:10688000FBF7B0FF71153046FCF7A6FC642300222D
:1068900046F2A811491EFDD1521C9A42F8D34FF47A
:1068A00000713046FCF702FD6423002246F2A81175
:1068B000491EFDD1521C9A42F8D3E34901200870C9
:1068C00010213046FCF788FCE04A4EF6602111208A
:1068D00001F0DEFD6420002246F2A811491EFDD120
:1068E000521C8242F8D3002436254FF48071304682
:1068F000FCF772FC284600F049FB4FF480713046EB
:10690000FCF7D4FC602000F041FB3A254FF4807185
:106910003046FCF761FC284600F038FB4FF48071EC
:106920003046FCF7C3FC052000F030FBB2254FF4E5
:1069300080713046FCF750FC284600F027FB4FF4EE
:1069400080713046FCF7B2FC0C2000F01FFB0C20DD
:1069500000F01CFB002000F019FB332000F016FBB8
:10696000332000F013FBB7254FF480713046FCF75D
:1069700033FC284600F00AFB4FF480713046FCF7E8
:1069800095FC352000F002FBBB254FF480713046AA
:10699000FCF722FC284600F0F9FA4FF480713046EB
:1069A000FCF784FC192000F0F1FAC0254FF4807147
:1069B0003046FCF711FC284600F0E8FA4FF48071ED
:1069C0003046FCF773FC2C2000F0E0FAC2254FF4AF
:1069D00080713046FCF700FC284600F0D7FA4FF4EF
:1069E00080713046FCF762FC012000F0CFFAC3252D
:1069F0004FF480713046FCF7EFFB284600F0C6FAF2
:106A00004FF480713046FCF751FC122000F0BEFAC2
:106A1000C4254FF480713046FCF7DEFB284600F0B9
:106A2000B5FA4FF480713046FCF740FC202000F0AE
:106A3000ADFAC6254FF480713046FCF7CDFB2846F1
:106A400000F0A4FA4FF480713046FCF72FFC0F20C1
:106A500000F09CFAD0254FF480713046FCF7BCFB67
:106A6000284600F093FA4FF480713046FCF71EFC84
:106A7000A42000F08BFAA12000F088FAE0254FF462
:106A800080713046FCF7A8FB284600F07FFA4FF4EF
:106A900080713046FCF70AFCD02000F077FA042021
:106AA00000F074FA0D2000F071FA112000F06EFA77
:106AB000132000F06BFA2B2000F068FA3F2000F062
:106AC00065FA542000F062FA4C2000F05FFA1820BA
:106AD00000F05CFA0D2000F059FA0B2000F056FA95
:106AE0001F2000F053FA232000F050FAE1254FF464
:106AF00080713046FCF770FB284600F047FA4FF4EF
:106B000080713046FCF7D2FBD02000F03FFA042021
:106B100000F03CFA0C2000F039FA112000F036FAAF
:106B2000132000F033FA2C2000F030FA3F2000F060
:106B30002DFA442000F02AFA512000F027FA2F20E5
:106B400000F024FA1F2000F021FA1F2000F01EFAA6
:106B5000202000F01BFA232000F018FA21254FF422
:106B600080713046FCF738FB284600F00FFA4FF4EE
:106B700080713046FCF79AFB11254FF48071304646
:106B8000FCF72AFB284600F001FA4FF480713046EA
:106B9000FCF78CFB29254FF480713046FCF71CFB79
:106BA000284600F0F3F94FF480713046FCF77EFB85
:106BB0002A254FF480713046FCF70EFB284600F082
:106BC000E5F94FF480713046FCF770FB002000F0CF
:106BD000DDF9002000F0DAF9002000F0D7F9EF200D
:106BE00000F0D4F92B254FF480713046FCF7F4FA0D
:106BF000284600F0CBF94FF480713046FCF756FB85
:106C0000002000F0C3F9002000F0C0F9002000F0DF
:106C1000BDF9C52000F0BAF92C254FF4807130463B
:106C2000FCF7DAFA284600F0B1F94FF480713046EB
:106C3000FCF73CFB601CC4B2022CFFF455AEF8BD5F
:106C4000000C0140000230003E0000206566000894
:106C50002DE9FF4F85B00746DDF84C800C468B468A
:106C600018F0070018BF012000EBD80000FB08F067
:106C70004FF00009009000289CBF09B0BDE8F08FDC
:106C80002D4800EB421004902C4800EBC2100390FA
:106C90000898000A02901298000A0190B8F1100FAB
:106CA00008BF049806D0B8F1200F0EBF039809B0B2
:106CB000BDE8F08F10F80950002615F0800F0FD0B6
:106CC00023463A4619461046DDF820A0FFF7ECFCB3
:106CD000029800F05BF90AF0FF0000F057F90EE0AF
:106CE00023463A4619461046DDF848A0FFF7DCFC7B
:106CF000019800F04BF90AF0FF0000F047F94FF659
:106D0000FF7000EA4505601C84B2A4EB0B0040450F
:106D100003D1781C5C4687B203E0701C86B2082E53
:106D2000CBD309F101001FFA80F900988145B5D352
:106D300009B0BDE8F08F000098BB000898B00008CB
:106D40002DE9FF4F89B00546DDF85CA000264FEA2B
:106D50005A0901909B4619F0070018BF012000EB6B
:106D6000D90000FB0AF00290A2F12000C4B20A98F8
:106D70000A995044401E83B205EB0900401E82B2BE
:106D80002846FFF791FC02984FF0000800289CBFAE
:106D90000DB0BDE8F08F3A4904EB440001EB8001EF
:106DA0000791384901EB04110691374901EB0010B6
:106DB00005901698000A04904FEA1B200090BAF143
:106DC0000C0F04BF079810F808700DD0BAF1100F1F
:106DD00008BF069806D0BAF1180F0EBF05980DB07F
:106DE000BDE8F08F10F808700024189800284FF0C4
:106DF000010000FA04F000EA070019D060B10A9916
:106E00002A460B461046FFF74FFC009800F0BEF8EC
:106E10000BF0FF0000F0BAF8681C85B20198281A40
:106E200048451FD10A98019D401C80B20A901DE080
:106E300028B1009800F0AAF80BF0FF0006E01698C1
:106E40000390049800F0A2F80398C0B200F09EF8F6
:106E5000701CC6B2B6FBF9F009FB1060002808BF31
:106E6000002603D0601CC4B2082CBED308F1010078
:106E70001FFA80F802988045A1D30DB0BDE8F08FCD
:106E800064940008D8980008C89E00082DE9FF4FB8
:106E900083B04FF00008DDE911961D0082464FEAED
:106EA0005607444612BFA5F1010B07B0BDE8F08FAD
:106EB0000A23281B401EC2B20121501EC0B203D3B8
:106EC0005943401EC0B2FBD20598B0FBF1F01B49FC
:106ED000A1FB0021C908494201EB810100EB4100FF
:106EE000B8F1000F06D15C4504DA002818BF4FF056
:106EF000010814D00021CDF800903030CDE90161B7
:106F0000C2B204FB07A080B2109B0499FFF718FFE0
:106F1000601CC4B2AC42CBD307B0BDE8F08F0020F8
:106F2000CDF80090CDE9016004FB07A080B22022DB
:106F3000109B0499FFF704FFEAE70000CDCCCCCC0E
:106F40002DE9F04784B00646DDE90D571078DDF8ED
:106F50003080994614468A46002804BF04B0BDE834
:106F6000F087CDF80080CDE9015722784B46514695
:106F70003046FFF7E5FE06EB550086B214F8010F28
:106F80000028EED104B0BDE8F087000070B5134EC4
:106F9000054620213046FCF71FF9002440213046E9
:106FA000FCF71AF915F0800F4FF08001304602D03F
:106FB000FCF77CF901E0FCF70FF940213046FCF7C3
:106FC00075F96806050E601CC4B2082CE6D330467D
:106FD000BDE870402021FCF769B90000000C0140B9
:106FE00004480178012918BF704700210170FAF7A1
:106FF00047BC00006B000020044901200870AFF27C
:1070000007024FF4FA71062001F042BA6B0000202B
:1070100010B5084C0121204600F038FA002808BFBE
:1070200010BD0121204600F007F8BDE8104001F036
:1070300039BA00000010004070B50446A0F180404D
:107040000D46B0F5963018BFB4F1804F23D0A4F1AF
:107050008040B0F580601CBFA4F18040B0F50060B6
:1070600019D0A4F18040B0F540601CBFA4F180406D
:10707000B0F580500FD0A4F18040B0F5A0501CBFF7
:10708000A4F18040B0F59A3005D040F6224209A123
:1070900016A001F0A5FE15F47F4F00D12DB940F6E2
:1070A000234204A117A001F09BFE2069A8432061A0
:1070B00070BD00002E2E5C6669726D776172655C32
:1070C0006E3332673435785F7374645F70657269EC
:1070D00070685F6472697665725C7372635C6E334C
:1070E00032673435785F74696D2E63004973546973
:1070F0006D416C6C4D6F64756C652854494D7829F1
:1071000000000000497354696D496E742854494D5C
:107110005F4954290000000070B50446A0F180408A
:1071200016460D46B0F5963018BFB4F1804F23D007
:10713000A4F18040B0F580601CBFA4F18040B0F5A0
:10714000006019D0A4F18040B0F540601CBFA4F1EC
:107150008040B0F580500FD0A4F18040B0F5A05031
:107160001CBFA4F18040B0F59A3005D04FF47B727B
:107170000FA11DA001F034FE15F47F4F00D12DB9F1
:1071800040F2ED320AA11EA001F02AFE002E04BF3B
:10719000A089A84309D0012E05D040F2EE3204A107
:1071A0001CA001F01DFEA0892843A08170BD000035
:1071B0002E2E5C6669726D776172655C6E33326724
:1071C0003435785F7374645F7065726970685F648A
:1071D00072697665725C7372635C6E3332673435E4
:1071E000785F74696D2E6300497354696D416C6CEE
:1071F0004D6F64756C652854494D78290000000076
:10720000497354696D496E742854494D5F49542936
:107210000000000049535F46554E4354494F4E41CC
:107220004C5F535441544528436D642900000000CD
:1072300070B50446A0F1804015460E46B0F5963074
:1072400018BFB4F1804F23D0A4F18040B0F5806026
:107250001CBFA4F18040B0F5006019D0A4F18040BB
:10726000B0F540601CBFA4F18040B0F580500FD055
:10727000A4F18040B0F5A0501CBFA4F18040B0F54F
:107280009A3005D040F2195208A116A001F0A8FDCD
:10729000002D18BF012D05D040F21A5203A117A0EE
:1072A00001F09EFD2685A58270BD00002E2E5C6635
:1072B00069726D776172655C6E3332673435785F01
:1072C0007374645F7065726970685F647269766513
:1072D000725C7372635C6E3332673435785F7469E5
:1072E0006D2E6300497354696D416C6C4D6F64750C
:1072F0006C652854494D7829000000004973546991
:107300006D50736352656C6F61644D6F6465285492
:10731000494D5F50534352656C6F61644D6F6465B6
:1073200029000000F8B51A4E41F63F70F0804FF486
:10733000A060FDF7BFFF01211020FEF74DF83620B9
:107340008DF8000003258DF8015000248DF80240CF
:1073500001208DF803006846FDF740FC0D4804212C
:1073600085800180C48044800B4C0146204600F09B
:107370000FF90122F1882046FFF75AFF012211463A
:107380002046FFF7C9FE0121204600F007F8F8BDAE
:107390002A0000208C0200200010004070B5044636
:1073A000A0F180400D46B0F5963018BFB4F1804F83
:1073B00023D0A4F18040B0F580601CBFA4F18040D0
:1073C000B0F5006019D0A4F18040B0F540601CBF5A
:1073D000A4F18040B0F580500FD0A4F18040B0F50A
:1073E000A0501CBFA4F18040B0F59A3005D040F207
:1073F000AF320BA118A001F0F3FC002D04BF2068F0
:1074000020F001000AD0012D05D04FF46C7204A1C8
:1074100017A001F0E5FC206840F00100206070BD7D
:107420002E2E5C6669726D776172655C6E333267B1
:107430003435785F7374645F7065726970685F6417
:1074400072697665725C7372635C6E333267343571
:10745000785F74696D2E6300497354696D416C6C7B
:107460004D6F64756C652854494D78290000000003
:1074700049535F46554E4354494F4E414C5F535418
:1074800041544528436D64290000000070B505464D
:107490000026A0F180400C46B0F5963018BFB5F13B
:1074A000804F23D0A5F18040B0F580601CBFA5F1CE
:1074B0008040B0F5006019D0A5F18040B0F5406083
:1074C0001CBFA5F18040B0F580500FD0A5F18040E1
:1074D000B0F5A0501CBFA5F18040B0F59A3005D0A2
:1074E00040F6FC3211A11FA001F07AFC012C18BF5C
:1074F000022C11D0042C18BF082C0DD0102C18BF52
:10750000202C09D0402C18BF802C05D040F6FD322D
:1075100006A11AA001F064FC2869A989204201EAA9
:1075200004011CBF00290126304670BD2E2E5C666A
:1075300069726D776172655C6E3332673435785F7E
:107540007374645F7065726970685F647269766590
:10755000725C7372635C6E3332673435785F746962
:107560006D2E6300497354696D416C6C4D6F647589
:107570006C652854494D782900000000497354690E
:107580006D476574496E742854494D5F495429000C
:107590002DE9F05FDFF888A1DFF888B1DFF8888196
:1075A000DFF88891624F634E0D460446504518BF80
:1075B000B4F1804F13D0BC4218BFB4420FD04C4539
:1075C00018BF5C450BD0A4F18040B0F5A05018BFA7
:1075D000444504D0BD2258A165A001F001FC688893
:1075E000002818BF102809D020281CBF4028602878
:1075F00004D0BE2250A164A001F0F2FBE88800286C
:107600001CBFB0F5807FB0F5007F04D0BF224AA137
:1076100069A001F0E5FB2068544518BF444508D037
:10762000B4F1804F18BFBC4203D0B44218BF4C45E0
:1076300003D1698820F0700008435C451CBFA4F1A9
:107640008041B1F5A05103D0E98820F4407008438F
:107650002060A888A08528882085544512BF44450D
:10766000287A20860120A0822068544518BF44450E
:1076700008D0B4F1804F18BFBC4203D0B44218BF49
:107680004C4509D1697A002914BF40F4006020F408
:107690000060B4F1804F04D0BC421CBFB4424C45E2
:1076A00010D1A97A002914BF40F4805020F48050F2
:1076B000E97A002914BF40F4005020F40050B4F1DE
:1076C000804F03D0BC4218BFB44206D1297B0029A9
:1076D00014BF40F4804020F48040544518BF444516
:1076E00005D0B4F1804F1CBFBC42B44206D1697BC7
:1076F000002914BF40F4004020F40040206060687E
:10770000B4F1804F18BFB44206D1A97B002914BF41
:1077100040F4807020F480706060BDE8F09F00004D
:10772000002C01400010004000340140000C0040DB
:1077300000040040000800402E2E5C6669726D77E0
:107740006172655C6E3332673435785F7374645F81
:107750007065726970685F6472697665725C737275
:10776000635C6E3332673435785F74696D2E630005
:10777000497354696D416C6C4D6F64756C65285428
:10778000494D782900000000497354696D436E74B7
:107790004D6F64652854494D5F54696D654261734E
:1077A00065496E69745374727563742D3E436E74CB
:1077B0004D6F646529000000497354696D436C6B1B
:1077C0004469762854494D5F54696D65426173651B
:1077D000496E69745374727563742D3E436C6B44C7
:1077E0006976290010B5054800F0ACFCC1B2044828
:1077F0000068BDE81040FCF7EDB90000004C004007
:107800005000002070B5114D40F22551284600F07F
:107810004BFA10B10E4C207820B12846BDE87040DC
:1078200000F090BC284600F08DFC6188094A88541D
:107830006088401C6080032000F020FEBDE870409E
:107840003221054A032000F023BE0000004400401E
:107850007E070020820700203D84000870B5114D8E
:1078600040F22551284600F01FFA10B10E4C207846
:1078700020B12846BDE8704000F064BC284600F006
:1078800061FC6188094A88546088401C608005203A
:1078900000F0F4FDBDE870403221054A052000F0FB
:1078A000F7BD0000004800402C03002030030020FA
:1078B0004D8400082DE9F047DFF8FC80DFF8FC90EC
:1078C000DFF8FCA016460D460446404518BF4C455F
:1078D0001AD054451CBFA4F18040B0F5984013D095
:1078E000A4F18040B0F5A0401FBFA4F18040B0F5E6
:1078F000A830A4F18040B0F5AA3005D040F27F1244
:1079000030A13FA001F06CFA40F66A17282D1CBF89
:10791000A5F5E060B0F127001BD0A5F5C0602638C2
:107920001CBFA5F5A060B0F1250012D0A5F58060C0
:1079300024381CBFA5F50060B0F1460009D0BD4257
:1079400018BF602D05D04FF4C0721EA133A001F006
:1079500047FA002E18BF012E05D040F2811219A15E
:1079600035A001F03DFABD420AD144451CBF4C454B
:10797000544505D040F2851212A136A001F030FA2C
:1079800005F01F010122C5F3421002FA01F101289E
:1079900008BF04F10C0005D002280CBF04F1100050
:1079A00004F11400002E026814BF114322EA010101
:1079B0000160BDE8F087000000380140004400404D
:1079C000004800402E2E5C6669726D776172655CBE
:1079D0006E3332673435785F7374645F70657269D3
:1079E00070685F6472697665725C7372635C6E3333
:1079F00032673435785F75736172742E63000000EE
:107A000049535F55534152545F414C4C5F5045526E
:107A100049504828555341525478290049535F55DD
:107A2000534152545F4346475F494E542855534192
:107A300052545F494E54290049535F46554E4354B2
:107A4000494F4E414C5F535441544528436D64297E
:107A50000000000049535F55534152545F313233A7
:107A60005F50455249504828555341525478290097
:107A700070B50446A0F180400D46B0F59C301CBFA7
:107A8000A4F18040B0F588401DD0A4F18040B0F54D
:107A900090401CBFA4F18040B0F5984013D0A4F1F1
:107AA0008040B0F5A0401FBFA4F18040B0F5A830E1
:107AB000A4F18040B0F5AA3005D040F259120BA1D4
:107AC00019A001F08DF9002D04BFA08920F4005009
:107AD0000AD0012D05D04FF4AD7204A119A001F018
:107AE0007FF9A08940F40050A08170BD2E2E5C6605
:107AF00069726D776172655C6E3332673435785FB9
:107B00007374645F7065726970685F6472697665CA
:107B1000725C7372635C6E3332673435785F757391
:107B20006172742E6300000049535F5553415254F3
:107B30005F414C4C5F504552495048285553415283
:107B40005478290049535F46554E4354494F4E419E
:107B50004C5F535441544528436D64290000000094
:107B60002DE9F047294F0026DFF8A480DFF8A49024
:107B70000C460546B84218BF45451AD04D451CBFB6
:107B8000A5F18040B0F5984013D0A5F18040B0F544
:107B9000A0401FBFA5F18040B0F5A830A5F18040FE
:107BA000B0F5AA3005D040F219321BA129A001F08E
:107BB00017F9012C18BF802C20D0402C18BF202C86
:107BC0001CD0102C18BFB4F5807F17D0B4F5007FFF
:107BD00009D0082C1CBF042C022C0FD040F21A3202
:107BE0000DA123A008E0BD421CBF45454D4505D071
:107BF00040F21E3208A125A001F0F2F828882042A8
:107C000018BF01263046BDE8F0870000003801406B
:107C100000440040004800402E2E5C6669726D777B
:107C20006172655C6E3332673435785F7374645F9C
:107C30007065726970685F6472697665725C737290
:107C4000635C6E3332673435785F75736172742E9E
:107C50006300000049535F55534152545F414C4CFF
:107C60005F50455249504828555341525478290095
:107C700049535F55534152545F464C414728555331
:107C80004152545F464C41472900000049535F551B
:107C9000534152545F3132335F5045524950482866
:107CA00055534152547829002DE9F047DFF8F4800C
:107CB0000026DFF8F490DFF8F4A00C4605464045B6
:107CC00018BF4D451AD055451CBFA5F18040B0F5F1
:107CD000984013D0A5F18040B0F5A0401FBFA5F19A
:107CE0008040B0F5A830A5F18040B0F5AA3005D0AD
:107CF00040F26B322EA13DA001F072F8282C34D056
:107D0000A4F5E06040F66A1727381CBFA4F5C060F0
:107D1000B0F126001CD0A4F5A06025381CBFA4F546
:107D20008060B0F1240013D0A4F50060463818BF7D
:107D3000BC420DD0B4F5587F1CBFB4F5187FB4F524
:107D4000B07F12D04FF45B7219A12FA001F048F858
:107D5000BC420AD145451CBF4D45554505D04FF4A1
:107D60005C7213A12FA001F03BF804F01F00012268
:107D7000C4F3421102FA00F0012904BFA9890840A6
:107D800004D002290CBF298AA98A0840210A02FAD4
:107D900001F12A88114000281CBF00290126304625
:107DA000BDE8F08700380140004400400048004032
:107DB0002E2E5C6669726D776172655C6E33326718
:107DC0003435785F7374645F7065726970685F647E
:107DD00072697665725C7372635C6E3332673435D8
:107DE000785F75736172742E6300000049535F55AC
:107DF000534152545F414C4C5F50455249504828C2
:107E0000555341525478290049535F5553415254B8
:107E10005F4745545F494E542855534152545F497A
:107E20004E54290049535F55534152545F31323308
:107E30005F504552495048285553415254782900C3
:107E40002DE9F047604EDFF88491DFF884A1614F9F
:107E5000DFF8848186B00D460446B04218BF4C4519
:107E600013D054451CBFA4F18040B0F598400CD00D
:107E7000A4F18040B0F5A0401CBFBC42444504D0F2
:107E8000C42256A164A000F0ABFF28686949401ED7
:107E9000884204D3C52251A167A000F0A1FFA888A1
:107EA000002818BFB0F5805F04D0C6224BA16EA099
:107EB00000F096FFE888002818BFB0F5805F0AD070
:107EC000B0F5005F18BFB0F5405F04D0C72243A1F2
:107ED00072A000F085FF288900281CBFB0F5806FD4
:107EE000B0F5C06F04D0C8223CA178A000F078FFA4
:107EF000688930F00C0100D120B9C92237A17EA0D9
:107F000000F06EFFA889002818D0B0F5807F1CBF54
:107F1000B0F5007FB0F5407F06D0CA222FA180487F
:107F200000F05EFFA88948B1B4421CBF4C455445DF
:107F300004D0CE2229A17BA000F052FF208A4CF66B
:107F4000FF710840E98808432082A0894EF6F311AA
:107F50000840A9882A8911436A8910430843A081EF
:107F6000A08A4FF6FF410840A9890843A0826846CD
:107F7000FDF72CFBB44218BFBC4203D0444518BFE8
:107F8000029800D103986E4A00EBC00101EB00108B
:107F900029686FF0180C8900B0FBF1F0A2FB0031EA
:107FA000490909010B0903FB0CF300EB83003223A1
:107FB00003EB0010A2FB0020C0F343100843208114
:107FC00006B0BDE8F08700000038014000440040E2
:107FD0000048004000500140005401402E2E5C66D5
:107FE00069726D776172655C6E3332673435785FC4
:107FF0007374645F7065726970685F6472697665D6
:10800000725C7372635C6E3332673435785F75739C
:108010006172742E6300000049535F5553415254FE
:108020005F414C4C5F50455249504828555341528E
:108030005478290020AA440049535F5553415254B3
:108040005F42415544524154452855534152545F73
:10805000496E69745374727563742D3E4261756420
:10806000526174652900000049535F5553415254D1
:108070005F574F52445F4C454E4754482855534133
:1080800052545F496E69745374727563742D3E5710
:108090006F72644C656E67746829000049535F55C0
:1080A000534152545F53544F5042495453285553EF
:1080B0004152545F496E69745374727563742D3EF6
:1080C00053746F70426974732900000049535F55FF
:1080D000534152545F5041524954592855534152CB
:1080E000545F496E69745374727563742D3E5061A8
:1080F000726974792900000049535F555341525405
:108100005F4D4F44452855534152545F496E697441
:108110005374727563742D3E4D6F646529000000C1
:1081200014BD000849535F55534152545F313233F7
:108130005F504552495048285553415254782900C0
:108140001F85EB5110B50446A0F18040B0F59C307E
:108150001CBFA4F18040B0F588401DD0A4F1804040
:10816000B0F590401CBFA4F18040B0F5984013D00A
:10817000A4F18040B0F5A0401FBFA4F18040B0F54D
:10818000A830A4F18040B0F5AA3005D040F25122C9
:1081900003A112A000F024FEA088C0F3080010BDC7
:1081A0002E2E5C6669726D776172655C6E33326724
:1081B0003435785F7374645F7065726970685F648A
:1081C00072697665725C7372635C6E3332673435E4
:1081D000785F75736172742E6300000049535F55B8
:1081E000534152545F414C4C5F50455249504828CE
:1081F000555341525478290070B50446A0F180408F
:108200000D46B0F59C301CBFA4F18040B0F588400D
:108210001DD0A4F18040B0F590401CBFA4F1804077
:10822000B0F5984013D0A4F18040B0F5A0401FBF36
:10823000A4F18040B0F5A830A4F18040B0F5AA3098
:1082400005D04FF4107208A116A000F0C9FDB5F5D5
:10825000007F05D340F2412203A119A000F0C0FD28
:10826000C5F30800A08070BD2E2E5C6669726D7724
:108270006172655C6E3332673435785F7374645F46
:108280007065726970685F6472697665725C73723A
:10829000635C6E3332673435785F75736172742E48
:1082A0006300000049535F55534152545F414C4CA9
:1082B0005F5045524950482855534152547829003F
:1082C00049535F55534152545F44415441284461DE
:1082D000746129002DE9F0410E0005464FF00004BD
:1082E00014BF094FBDE8F081295D3846FFF784FFD0
:1082F00080213846FFF734FC0028F9D0601C84B296
:10830000B442F1D3BDE8F0810044004010B5184CF0
:10831000002058212278012A18BF10BDB4F802C0ED
:10832000BCF1170F08BFACF1010211D12318401C9A
:108330001B79C0B2194489B28242F7DCC8430D49A7
:10834000C0B21CF80110814204BF201DF9F724F8C7
:10835000002062880146002A06D92218401C1171AB
:108360006288C0B28242F8D86180217010BD0000DE
:108370007E070020810700202DE9F0471D4E307850
:10838000012818BFBDE8F0874FF40061DFF868905E
:108390004846FAF78BFF7588371D0024002D88BFEB
:1083A000DFF858800DD9395D4046FFF725FF802161
:1083B0004046FFF7D5FB0028F9D0601C84B2AC42E0
:1083C000F1D3642000F07AFD4FF400614846FAF7DB
:1083D00003FF002072880146002A06D93218401C8B
:1083E00011717288C0B28242F8D871803170BDE8D4
:1083F000F08700002C0300200008014000480040E6
:108400002DE9F0410E0005464FF0000414BF094F5E
:10841000BDE8F081295D3846FFF7EEFE8021384641
:10842000FFF79EFB0028F9D0601C84B2B442F1D360
:10843000BDE8F081004C0040FEE700000249012049
:108440000870032000F01AB87E07002002490120BE
:108450000870052000F012B82C0300200020064907
:10846000024601EBC00341F83020401CC0B25A6004
:108470001228F6D3FEF756BF9C020020034A0021C3
:1084800042F8301002EBC000416070479C020020AF
:10849000034B43F8301003EBC0004260704700000C
:1084A0009C02002070B50A4D002455F8340048B1F4
:1084B000411E05EBC40045F83410406810B1002996
:1084C00008BF8047601CC4B2122CEED370BD000000
:1084D0009C0200200FB4054B10B503A9044A029872
:1084E00000F0E2F810BC5DF814FB0000ED8E00080F
:1084F000740000200FB4084B10B504A902AA039819
:1085000000F0D2F8044602A9002000F064FC2046E6
:1085100010BC5DF814FB0000D78D000800487047C0
:108520008000002002E008C8121F08C1002AFAD10A
:1085300070477047002001E001C1121F002AFBD1E3
:10854000704700002DE9FF5FDDE90220010DDDF835
:1085500038B0024318D044F61050A1F2FF31414325
:108560000D140F98012820D0A5EB0B00401C5FEAEA
:10857000000A4FF00004474EDFF81C91A046504619
:1085800016D5CAF1000728E00F98012443A201285C
:1085900008D0002100980F9BC0E90021C0E90243E8
:1085A000BDE8FF9F6FEA0B01F4E7CBF10000DEE7C7
:1085B000074612E0F80707D02246334640464946B0
:1085C000F7F7AFFF804689462246334610461946E4
:1085D000F7F7A7FF04460E467F10002FEAD1DDE92A
:1085E0000201BAF1000F42464B4602DAF7F799FF53
:1085F00001E0F8F715FA04460E460022284BF8F77A
:1086000097FA03D84FF0FF30014607E00022254BD0
:1086100020463146F8F75DF9F8F771FA102409E0C1
:10862000002C0ADB0A220023F8F73AF8019B3032CB
:108630001A55641E50EA0102F2D1641C019AC4F179
:10864000110314440F9A012A03D0012208430DD1CB
:108650000AE0084304D000204FF0110B0F9080E790
:10866000A3EB0B056D1E0DE05B4504DD4FF0000232
:1086700005F1010504E003DA4FF00002A5F1010560
:10868000002AECD000980F99C0E90231C0E90045FA
:1086900086E70000000024400000F03F30000000AA
:1086A0000000F0430000E03F2DE9FF4F95B09B46EE
:1086B0008946064600250FE2252877D10024274663
:1086C000F84A0121059400E0044316F8013F203BDD
:1086D00001FA03F01042F7D130782A2811D06FF058
:1086E0002F033078A0F13002092A16D8059A44F0F9
:1086F000020402EB820203EB42021044761C059056
:10870000EFE759F8042B0592002A03DA504244F4AB
:108710000054059044F00204761C30782E2816D1BF
:1087200016F8010F44F004042A280DD06FF02F0230
:108730003078A0F13003092B09D807EB870302EB4F
:108740004303C718761CF3E759F8047B761C30788E
:108750006C280FD006DC4C2817D068280DD06A286A
:1087600014D104E0742810D07A280FD10DE044F41D
:1087700000140AE044F4801401E044F440147278D8
:10878000824202D104F58014761C761C307866286B
:108790000BD013DC582877D009DC002875D0452889
:1087A000F6D04628F4D047281AD19DE118E0632876
:1087B00035D0642879D0652812D195E1702873D01E
:1087C00008DC6728F1D069286FD06E280DD06F289B
:1087D00006D1B5E073282CD0752875D0782874D0D0
:1087E0005A46179990476D1C75E1C4F30250022850
:1087F00009D003280DD0D9F8001004280DD00D6041
:1088000009F1040967E1D9F80010EA17C1E900523B
:10881000F6E7D9F800100D80F2E70D70F0E719F8CF
:10882000041B8DF8001000208DF80100EA4601209D
:1088300003E059F804AB4FF0FF3061074FF000013F
:1088400002D40DE008F101018846B9420FDA8045F3
:10885000F8DB1AF808100029F4D108E008F101014A
:1088600088468142FADB1AF808100029F6D10598EB
:108870005B46A0EB080721463846179A00F094FAA9
:10888000284400EB080507E04DE029E10DE01AF867
:10889000010B5A4617999047B8F10108F7D25B4689
:1088A00021463846179A13E142E00A220092C4F3A7
:1088B00002524FF0000A022A08D059F804CB032ACA
:1088C0004FEAEC710AD00DE029E02AE009F1070136
:1088D00021F00702F2E802C1914609E00FFA8CFC90
:1088E0004FEAEC71042A03D14FFA8CFC4FEAEC7189
:1088F000002907DA0A460021DCF1000C61EB0201D5
:108900002D2202E0220504D52B228DF8042001221D
:1089100003E0E20701D02022F7E7904659E00A2160
:1089200002E010220DE010214FF0000A00910BE050
:1089300010224FF0000A44F004040827009203E0DC
:1089400008224FF0000A0092C4F30252022A05D016
:1089500059F804CB0021032A08D009E009F10701E6
:1089600021F00702F2E802C1914605E01FFA8CFCF3
:10897000042A01D10CF0FF0C4FF00008220728D583
:10898000702806D0009B83F0100353EA0A0305D039
:108990000EE040228DF80420012208E05CEA01028A
:1089A00006D030228DF804208DF805000222904672
:1089B000009B83F0080353EA0A030AD15CEA010230
:1089C00001D1620705D530228DF804204FF001084F
:1089D0007F1E582804D034A003900EA802900DE00A
:1089E00036A0F9E753466046009AF7F759FE8446E9
:1089F0000398825C0298401E029002705CEA0100BB
:108A0000F0D1029806A9081A00F1200A600702D5E1
:108A100024F4803400E00127574502DDA7EB0A006B
:108A200000E0002000EB0A01009005984144401A44
:108A30000590E00306D45B462146179A059800F09E
:108A4000B3F90544002706E001A85A46C05D17990E
:108A500090476D1C7F1C4745F6DBE0030CD55B4659
:108A60002146179A059800F09FF9054404E030204C
:108A70005A46179990476D1C0099481E009000298E
:108A8000F5DC08E0029802995A460078491C0291E8
:108A9000179990476D1CBAF10001AAF1010AF1DCA7
:108AA00065E10000092801003031323334353637B2
:108AB000383961626364656600000000303132332A
:108AC00034353637383941424344454600000000CA
:108AD00000F058F90544761C307800287FF4ECAD9E
:108AE00019B02846BDE8F08F620700D4062709F1C7
:108AF000070222F0070CFCE80223E14603F00048DD
:108B00005FEA080C02D00FF2702C0DE05FEA045C03
:108B100002D50FF2682C07E05FEAC47C02D00FF2A6
:108B2000602C01E0AFF2700C4FF0FF3823F00043EF
:108B3000CDF850C065280CD006DC452809D0462861
:108B40001DD047283DD13DE0662818D067287ED14A
:108B500038E00021112F01DB112000E0781CCDE965
:108B6000000106A90EA8FFF7EDFCDDE90F010E9A42
:108B700003910021009207F1010A04914DE04FF0AA
:108B800000400097CDE9011006A90EA8FFF7DAFC16
:108B9000DDE90F0203920E9B11990022DDF80CA073
:108BA0000093049211B9791C00EB010AB7EB0A009B
:108BB00004D4C0F1FF3007F1010A0490AAEB0700CA
:108BC000019044E0012F00DA01270021112F01DD7F
:108BD000112000E03846CDE9000106A90EA8FFF7F4
:108BE000B1FCDDE90F010E9A03910021049100927E
:108BF000BA4621070CD40399514500DA8A46BAF1E6
:108C0000010F05DD009AAAF10101515C302908D05D
:108C1000B84202DA10F1040F06DA0121CDE90110A1
:108C200015E0AAF10101E9E7002805DC04990144F7
:108C30000491AAEB000102E0411C514500DD8A4687
:108C40000499401A401C01904FF000400290200708
:108C500004D40198504501DBCDF8048000208DF844
:108C60004F0002980DF14F07B0F1004F25D02B2097
:108C70000E9002984FF0020800280CDA4042029051
:108C80002D200E9007E00A210298F7F7F3FC30310F
:108C9000029007F8011DB8F10001A8F10108F2DC0B
:108CA00002980028EFD1791E0E980870307800F0F5
:108CB000200040F0450007F8020D12A8C01B00F18B
:108CC00007081498007800B1012000EB0A01019810
:108CD00001EBE07105984144401A401E0590E00305
:108CE00006D45B462146179A059800F05DF80544C6
:108CF0001498007818B15A46179990476D1CE003F4
:108D000024D55B462146179A059800F04DF8054496
:108D10001CE00498002807DBDDE90301884203DD3D
:108D20000098405C179901E0179930205A46904707
:108D3000049805F10105401C04900198401E019023
:108D400004D12E205A46179990476D1CBAF10001A4
:108D5000AAF1010ADDDC05E017F8010B5A46179964
:108D600090476D1CB8F10001A8F10108F4DC5B46E6
:108D70002146179A0598ABE62D0000002B00000055
:108D8000200000002DE9F041044600251E4617464C
:108D9000880404D405E039462020B0476D1C641EC9
:108DA000F9D52846BDE8F0812DE9F04104460025BB
:108DB0001E469046C80301D5302700E020278804CE
:108DC00004D505E041463846B0476D1C641EF9D510
:108DD0002846BDE8F0810A68531C0B60107070478C
:108DE00013460A46014602A0FFF774FBFEE70000A7
:108DF000617373657274696F6E206661696C656416
:108E00003A20602573602061742025733A25640040
:108E100000F00F03000900EB800003EB4000C0B23C
:108E200000F5FA63080901F00F0C00EB80000CEB71
:108E30004000110902F00F0CC0B201EB81010CEBF4
:108E40004101421EC9B20C2A02D209B11F2901D91F
:108E500000207047012818BF022803D10C305A1E89
:108E6000C0B293B2421C02EB420240F2676C12FBAA
:108E70000CF201EB400000EB52304AF2D7311844BB
:108E800001FB031100EB9300A0EB91504FF4C8716C
:108E9000B3FBF1F10844411C074B08460022C3FB19
:108EA00001208210A2EBE070A0EBC000084410F09B
:108EB000FF0008BF07207047932449920022002832
:108EC00098BF704746F2A811491EFDD1521C82423C
:108ED000F8D370470022002898BF70471921491E17
:108EE000FDD1521C8242F9D37047000070B5074D86
:108EF0000446C1B22846FFF77FF980212846FEF7D5
:108F00002FFE0028F9D0204670BD00000050004020
:108F100001484078704700006D000020014800784B
:108F2000704700003E00002000B587B06846FCF79F
:108F30004DFB012140F2FD10FCF7AEFA01214FF488
:108F40006020FCF749FA4FF44070FBF7D5FE04208F
:108F5000FDF79CFA0B4901980B4BA1FB001040094F
:108F60000022401EB0F1807F08D24FF0E02148611E
:108F7000F02083F8140D8A610720086183F8142D0E
:108F800007B000BD1F85EB510FE000E030B585B0A4
:108F90000424ADF8104018208DF813000320194D5B
:108FA0008DF8120004A92846F9F76CFF0821ADF8E6
:108FB000101001218DF812108DF8134004A92846D5
:108FC000F9F760FF4FF4165000900020ADF8040050
:108FD000ADF80600ADF80800ADF80C000C200A4C06
:108FE000ADF80A0069462046FEF72AFF012240F24A
:108FF00025512046FEF75EFC01212046FEF738FD94
:1090000005B030BD000801400044004010B586B0F6
:109010004FF48060ADF8100018208DF81300032085
:10902000194C8DF8120004A92046F9F72BFFE11422
:10903000ADF8101001218DF8121004218DF81310D5
:1090400004A92046F9F71EFF4FF4165000900020A7
:10905000ADF80400ADF80600ADF80800ADF80C005E
:109060000C200A4CADF80A0069462046FEF7E8FEDF
:10907000012240F225512046FEF71CFC012120462A
:10908000FEF7F6FC06B010BD000C014000480040A1
:1090900010B586B04FF48060ADF8100018208DF840
:1090A00013000320194C8DF8120004A92046F9F78B
:1090B000E9FEE114ADF8101001218DF81210042121
:1090C0008DF8131004A92046F9F7DCFE4FF4E130C7
:1090D00000900020ADF80400ADF80600ADF80800DF
:1090E000ADF80C000C200A4CADF80A006946204689
:1090F000FEF7A6FE012240F225512046FEF7DAFBDC
:1091000001212046FEF7B4FC06B010BD001001405E
:10911000004C004010B586B001213120FCF7BCF9AD
:1091200001210805FCF758F94FF48050ADF8100004
:1091300018208DF8130003208DF8120004A916489A
:10914000F9F7A0FE0420ADF810008DF8130004A973
:109150001248F9F797FE4FF4E13000900020ADF887
:109160000400ADF80600ADF80800ADF80C000820CA
:109170000B4CADF80A0069462046FEF761FE01225D
:1091800040F225512046FEF795FB01212046FEF7CF
:109190006FFC208806B010BD001001400014014093
:1091A000005000401E480178012918BF704770B573
:1091B00000250570FFF7B2FE012803D0BDE870401E
:1091C000FDF75CBA174C6078002818BF70BD00200E
:1091D000F8F75EFA2946A5741420F8F7D0FE207837
:1091E00001280ED00120FDF707F80120F8F708FB51
:1091F000012121700420F8F7C2FEBDE87040FAF7A3
:10920000A3B90020FCF7F8FF0020F8F7F9FA294687
:1092100025700420F8F7B3FEBDE87040FAF794B962
:109220006A00002084000020014901200870704776
:109230006A00002070B584B00425214EADF80050BE
:1092400048248DF8034069463046F9F71BFE022199
:109250000120F9F735FA00208DF80C000C208DF86C
:109260000D0001208DF80E00029502A8F8F79EFF70
:109270001020ADF80000134D8DF8034069462846D4
:10928000F9F700FE4020ADF800008DF80340694674
:109290002846F9F7F7FD2020ADF800008DF80340CF
:1092A00069460948F9F7EEFD0220ADF800008DF897
:1092B000034069463046F9F7E5FD04B070BD000093
:1092C000000C01400008014000100140FFF76ABF98
:1092D000F8B52020ADF800001025214E8DF8035080
:1092E00001248DF8024069463046F9F7CBFD202174
:1092F0003046F9F7DBFF1B4A4FF4FA710120FFF704
:10930000C7F88021ADF800108DF803508DF80240A9
:1093100069463046F9F7B6FD80213046F9F7C6FFB9
:10932000ADF80050104E8DF803508DF8024069469C
:109330003046F9F7A7FD10213046F9F7B7FFADF831
:1093400000408DF803508DF80240084C69462046D5
:10935000F9F798FD01212046F9F7A8FFF8BD0000B4
:1093600000080140AD43000800100140000C01401E
:10937000F8F726F9F8F78CFBFAF7DEF806A0FFF706
:10938000A9F8F8F775F9FCF713FAFDF729FEFAF7D3
:109390002BFFFAF79FF8F4E768656C6C6F20776F26
:1093A000726C640D0A000000F0B50B30154D20F012
:1093B00007010024144A0FE003688B420BD38B4251
:1093C00005D95E1A43184768C3E9006700E043689F
:1093D000136002C004E0021D10680028ECD1204692
:1093E000002802D1286808B10020F0BD064A0748CD
:1093F0001060074A121A22F00702C0E90024012077
:109400002860D7E77C000020780000209C1700200F
:109410009827002000000000010203040102030459
:109420000607080901020406080A0C102020202063
:1094300020202020010002000400060008000A008D
:109440000C0010002000400080000001000100011D
:10945000000100013031323334353637383941427A
:1094600043444546000000000000000000000000EA
:1094700000000404040404000004000014140A00A2
:10948000000000000000000000000A0A1F0A0A1F76
:109490000A0A000000040E1505060C14150E04003F
:1094A000000012150D152E2C2A1200000000040ACF
:1094B0000A361515291600000202010000000000FE
:1094C0000000000010080804040404040808100048
:1094D000020404080808080804040200000000044C
:1094E000150E0E150400000000000008083E0808D4
:1094F0000000000000000000000000000202010067
:1095000000000000003F000000000000000000001C
:1095100000000000000200000020101008080404F1
:109520000202010000000E1111111111110E0000B4
:109530000000040604040404040E000000000E11E0
:1095400011080402011F000000000E11100C101081
:10955000110E00000000080C0C0A091F081C000076
:1095600000001F01010F1110110E000000000C126D
:10957000010D1311110E000000001E100808040454
:109580000404000000000E11110E1111110E000054
:1095900000000E111119161009060000000000004D
:1095A00004000000000400000000000000040000AF
:1095B0000004040000001008040202040810000067
:1095C000000000003F003F00000000000000020417
:1095D000081010080402000000000E111108040415
:1095E0000004000000001C22292D2D1D221C00005B
:1095F000000004040C0A0A1E1233000000000F12BF
:10960000120E1212120F000000001E1101010101C2
:10961000110E000000000F1212121212120F0000A1
:1096200000001F120A0E0A02121F000000001F1283
:109630000A0E0A020207000000001C120101391183
:10964000120C000000003312121E1212123300001E
:1096500000001F0404040404041F000000003E086E
:109660000808080808080907000037120A060A1245
:10967000123700000000070202020202223F00002F
:1096800000003B1B1B1B15151535000000003B128D
:1096900016161A1A1217000000000E1111111111DE
:1096A000110E000000000F12120E0202020700004D
:1096B00000000E1111111117190E180000000F12E1
:1096C000120E0A121237000000001E1101060810C7
:1096D000110F000000001F1504040404040E000014
:1096E0000000331212121212120C0000000033128A
:1096F000120A0A0C040400000000151515150E0AC4
:109700000A0A000000001B0A0A04040A0A1B0000DF
:1097100000001B0A0A0A0404040E000000001F09CE
:1097200008040402121F00001C04040404040404BE
:1097300004041C00000202040404080808101000BD
:109740000E0808080808080808080E00040A0000A7
:109750000000000000000000000000000000000009
:109760000000003F020400000000000000000000B4
:1097700000000000000C121C123C0000000302025A
:10978000020E1212120E000000000000001C120255
:10979000120C000000181010101C1212123C0000D5
:1097A00000000000000C121E021C0000001824041F
:1097B000041E0404041E000000000000003C120C03
:1097C000021C221C00030202020E121212370000B9
:1097D0000004040000060404040E00000008080051
:1097E000000C08080808080700030202021A0A060B
:1097F0000A1300000007040404040404041F00000A
:1098000000000000000F15151515000000000000F5
:10981000000F12121237000000000000000C12129C
:10982000120C000000000000000F1212120E0207BE
:1098300000000000001C1212121C10380000000072
:10984000001B06020207000000000000001E020CC0
:10985000101E000000000004041E0404041C00008C
:1098600000000000001B1212123C0000000000006B
:10987000001B0A0A04040000000000000015150E79
:109880000A0A000000000000001B0A040A1B000076
:1098900000000000003312120C0804030000000056
:1098A000001E0804041E000018080808080C080818
:1098B0000808180008080808080808080808080820
:1098C0000604040404080404040406001609000045
:1098D0000000000000000000000000000000000088
:1098E0000000000000000000000000080808080850
:1098F000080800001818000000486C24120000003E
:1099000000000000000000000000002424247F125A
:1099100012127F12121200000000081C2A2A0A0CE0
:109920001828282A2A1C08080000002225151515C9
:109930002A585454542200000000000C1212120A3B
:1099400076252911916E0000000606040300000030
:10995000000000000000000000402010100808086F
:109960000808081010204000000204080810101019
:1099700010101008080402000000000008086B1C0A
:109980001C6B080800000000000000000808080820
:109990007F08080808000000000000000000000028
:1099A00000000000060604030000000000000000A4
:1099B000FE000000000000000000000000000000A9
:1099C000000000000606000000008040402020103B
:1099D0001008080404020200000000182442424259
:1099E0004242424224180000000000080E08080805
:1099F00008080808083E00000000003C42424220DF
:109A000020100804427E00000000003C4242201862
:109A100020404042221C0000000000203028242466
:109A200022227E20207800000000007E0202021A1E
:109A300026404042221C0000000000382402021A86
:109A400026424242241800000000007E222210100C
:109A500008080808080800000000003C42424224B0
:109A600018244242423C00000000001824424242B6
:109A700064584040241C000000000000000018183A
:109A8000000000001818000000000000000000089E
:109A90000000000000080804000000402010080436
:109AA00002040810204000000000000000007F00B9
:109AB00000007F00000000000000000204081020E9
:109AC00040201008040200000000003C42424640D2
:109AD00020101000181800000000001C225A5555D4
:109AE00055552D42221C00000000000808181414CF
:109AF000243C224242E700000000001F2222221ED6
:109B000022424242221F00000000007C424201012A
:109B100001010142221C00000000001F22424242BB
:109B200042424242221F00000000003F4212121E29
:109B300012120242423F00000000003F4212121E79
:109B400012120202020700000000003C2222010162
:109B500001712122221C0000000000E74242424223
:109B60007E42424242E700000000003E080808082A
:109B700008080808083E00000000007C10101010C3
:109B8000101010101010110F0000007722120A0E92
:109B90000A121222227700000000000702020202CD
:109BA00002020202427F000000000077363636369D
:109BB0002A2A2A2A2A6B0000000000E346464A4A65
:109BC00052525262624700000000001C2241414193
:109BD00041414141221C00000000003F42424242FC
:109BE0003E020202020700000000001C2241414127
:109BF00041414D53321C60000000003F4242423E52
:109C00001212222242C700000000007C42420204DD
:109C100018204042423E00000000007F490808082A
:109C200008080808081C0000000000E74242424201
:109C300042424242423C0000000000E742422224ED
:109C400024141418080800000000006B4949494911
:109C50005555362222220000000000E74224241835
:109C60001818242442E70000000000772222141470
:109C700008080808081C00000000007E21201010C1
:109C800008040442423F0000007808080808080859
:109C90000808080808087800000002020404080800
:109CA0000810102020204040001E1010101010102E
:109CB0001010101010101E000038440000000000AA
:109CC0000000000000000000000000000000000094
:109CD00000000000000000FF000608000000000077
:109CE0000000000000000000000000000000003C38
:109CF0004278444242FC0000000000030202021AC3
:109D000026424242261A00000000000000000038EF
:109D100044020202443800000000006040404078E5
:109D20004442424264D80000000000000000003CB1
:109D3000427E0202423C0000000000F08808087EDB
:109D400008080808083E0000000000000000007C31
:109D500022221C023C42423C000000030202023A62
:109D60004642424242E700000000000C0C00000E98
:109D700008080808083E00000000003030000038E5
:109D8000202020202020221E000000030202027258
:109D9000120A1612227700000000000E08080808B8
:109DA00008080808083E0000000000000000007FCE
:109DB0009292929292B70000000000000000003BD7
:109DC0004642424242E70000000000000000003C22
:109DD00042424242423C0000000000000000001BE2
:109DE00026424242221E02070000000000000078C6
:109DF00044424242447840E0000000000000007706
:109E00004C040404041F0000000000000000007C5B
:109E100042023C40423E0000000000000008083EB4
:109E20000808080808300000000000000000006377
:109E30004242424262DC000000000000000000E7F5
:109E4000422424140808000000000000000000EB79
:109E5000494955552222000000000000000000760C
:109E600024181818246E000000000000000000E70D
:109E70004224241418080807000000000000007E97
:109E800022100808447E000000C02020202020105E
:109E9000202020202020C0001010101010101010C2
:109EA00010101010101010100006080808080810F4
:109EB00008080808080806000C32C200000000006C
:109EC0000000000000000000000000000000000092
:109ED0000000000000000000000000000000000082
:109EE0000000000000000000000000000000000072
:109EF0000000000000000000000000000000000062
:109F00006000600060006000600060006000400071
:109F10002000200020000000000000006000600021
:109F20006000000000000000000000006006600605
:109F30003003980188004400000000000000000089
:109F40000000000000000000000000000000000011
:109F50000000000000000000000000000000000001
:109F60001002100210021002FE07FE07080208018C
:109F7000080108010801FE07FE07040104010401AD
:109F8000040100000000000000000000000040008C
:109F90004000F00158034C03CC034C005800700003
:109FA000E000C001C00140034C035C034C034801C6
:109FB000F000400040000000000000000000000031
:109FC0000E010A01910091009100510051003A00E8
:109FD000AE03A0025004500448044804480484021C
:109FE00084030000000000000000000000000000EA
:109FF00038006C006C006C006C006C002C00980742
:10A000001C011A01330133016301E300C308C609CF
:10A010003C07000000000000000000000C001C00D5
:10A020001000100008000400000000000000000004
:10A030000000000000000000000000000000000020
:10A04000000000000000000000000000000400020A
:10A05000000180008000400040002000200020001F
:10A0600020002000200020004000400080008000F0
:10A0700000010002000400000000000002000400D3
:10A0800008001000100020002000400040004000A8
:10A090004000400040004000200020001000100060
:10A0A00008000400020000000000000000000000A2
:10A0B000000000004000C0004000460C4E0FD001E0
:10A0C000F0015E0F460C4000400040000000000020
:10A0D0000000000000000000000000000000000080
:10A0E0000000000000004000400040004000400030
:10A0F000FE0F400040004000400040000000000013
:10A10000000000000000000000000000000000004F
:10A11000000000000000000000000000000000003F
:10A120000000000000000000000000000C001C0007
:10A1300010001000080004000000000000000000F3
:10A14000000000000000000000000000000000000F
:10A15000FE070000000000000000000000000000FA
:10A1600000000000000000000000000000000000EF
:10A1700000000000000000000000000000000000DF
:10A180000000000000000000000000001C001C0097
:10A190001C00000000000000000000000004000699
:10A1A0000002000300010001800080004000400028
:10A1B00060002000200010001000080008000C00C3
:10A1C0000400060002000000000000000000000083
:10A1D0000000F00098010C030C03060606060606B4
:10A1E000060606060606060606060C030C0398017C
:10A1F000F00000000000000000000000000000006F
:10A20000000040007C0060006000600060006000B2
:10A21000600060006000600060006000600060003E
:10A22000FC0300000000000000000000000000002F
:10A230000000F80084010203060306030003000186
:10A240008001C00060002000100008020402060225
:10A25000FE030000000000000000000000000000FD
:10A2600000007800C6008601860180018001C000E0
:10A27000700080010001000300030603060386014D
:10A28000F8000000000000000000000000000000D6
:10A29000000080018001C001A001A001900188019F
:10A2A000880184018201FE0F80018001800180010C
:10A2B000E0070000000000000000000000000000B7
:10A2C0000000FC0304000400040004000400F40087
:10A2D0008C010403000300030603060382018401CA
:10A2E000F800000000000000000000000000000076
:10A2F0000000E00118030C030C0004000600E60156
:10A3000016030E0606060606060604060C021803C9
:10A31000F00000000000000000000000000000004D
:10A320000000F8070C06040204010001000180008F
:10A33000800040004000400060006000600060005D
:10A3400060000000000000000000000000000000AD
:10A350000000F8010C030606060606060C021C03A4
:10A36000F000C8010C0306060606060606060C03E6
:10A37000F0010000000000000000000000000000EC
:10A380000000F0000C010C03060206060606060695
:10A3900006078C0678060006000300030C018C01FA
:10A3A0007800000000000000000000000000000035
:10A3B000000000000000000000000000E000E000DD
:10A3C000E00000000000000000000000E000E000ED
:10A3D000E00000000000000000000000000000009D
:10A3E00000000000000000000000000060006000AD
:10A3F00000000000000000000000000000006000FD
:10A40000600040002000200000000000000000006C
:10A41000000400020001800040002000100008003D
:10A42000040008001000200040008000000100022D
:10A430000004000000000000000000000000000018
:10A44000000000000000000000000000FE07000007
:10A4500000000000FE0700000000000000000000F7
:10A4600000000000000000000000000000000000EC
:10A4700004000800100020004000800000010002DD
:10A4800000040002000180004000200010000800CD
:10A4900004000000000000000000000000000000B8
:10A4A0000000E0031806040C040C0C0C0C0C000754
:10A4B000800140004000400000000000E000E0009B
:10A4C000E0000000000000000000000000000000AC
:10A4D000E00018030C02CC0564056605A605B60469
:10A4E000B604B604B604B602E4010C040C02180368
:10A4F000F00000000000000000000000000000006C
:10A500000000600060005000D000900090008800C3
:10A5100088010801F8010403040304020202020690
:10A520000F0F00000000000000000000000000000D
:10A530000000FE008C030C030C030C030C038C01C5
:10A54000FC000C030C020C060C060C060C060C039B
:10A55000FE010000000000000000000000000000FC
:10A560000000E00318030C060C04040406000600B7
:10A57000060006000600060006040C040C02180380
:10A58000F0000000000000000000000000000000DB
:10A5900000007F008C010C030C030C060C060C065B
:10A5A0000C060C060C060C060C060C030C038C01A6
:10A5B0007F0000000000000000000000000000001C
:10A5C0000000FF030603060406040600860086005A
:10A5D000FE008600860086000600060406040602C9
:10A5E000FF03000000000000000000000000000069
:10A5F0000000FF030603060406040600860086002A
:10A60000FE008600860086000600060006000600A2
:10A610001F0000000000000000000000000000001B
:10A620000000F00018010C020C02040206000600F3
:10A6300006000600C60F060306030C030C031803EE
:10A64000F00000000000000000000000000000001A
:10A6500000000F0F06060606060606060606060694
:10A66000FE07060606060606060606060606060691
:10A670000F0F0000000000000000000000000000BC
:10A680000000FC036000600060006000600060008B
:10A6900060006000600060006000600060006000BA
:10A6A000FC030000000000000000000000000000AB
:10A6B0000000F807C000C000C000C000C000C0001B
:10A6C000C000C000C000C000C000C000C000C0008A
:10A6D000C000C60066003C00000000000000000052
:10A6E0000000CF038601C600460026001600360093
:10A6F0002E006E004600C600860086010601060395
:10A700008F070000000000000000000000000000B3
:10A7100000001F00060006000600060006000600F6
:10A7200006000600060006000600060406040602EF
:10A73000FF03000000000000000000000000000017
:10A7400000000707860386038E038E034E034E0325
:10A750004A035A035A033A03320332033203120301
:10A76000870700000000000000000000000000005B
:10A7700000008E0F0C021C021C0234023402640220
:10A7800064024402C40284028403840304030403B5
:10A790001F02000000000000000000000000000098
:10A7A0000000F00098010C030C02060606060606DF
:10A7B000060606060606060606060C020C039801A7
:10A7C000F000000000000000000000000000000099
:10A7D0000000FF0006030606060606060606060635
:10A7E0008603FE00060006000600060006000600BE
:10A7F0001F0000000000000000000000000000003A
:10A800000000F00098010C030C020606060606067E
:10A81000060606060606060676064C02CC039801D6
:10A82000F0008007000300000000000000000000AE
:10A830000000FF01060306060606060606060603D6
:10A84000FE004600C60086008601060306030606D3
:10A850000F0E0000000000000000000000000000DB
:10A860000000F8020C030602060206000E003C007F
:10A87000F800E003800300070206020606060C0348
:10A88000F0010000000000000000000000000000D7
:10A890000000FE076204610861086000600060005B
:10A8A00060006000600060006000600060006000A8
:10A8B000F80100000000000000000000000000009F
:10A8C00000001E070C020C020C020C020C020C020F
:10A8D0000C020C020C020C020C020C020C021801FD
:10A8E000F000000000000000000000000000000078
:10A8F00000000F070602040104010C010C0188008E
:10A90000880098009800500050007000300020002F
:10A910002000000000000000000000000000000017
:10A920000000F70E62044204460446046402640216
:10A93000E402E4029C029C019801980188018800CD
:10A94000880000000000000000000000000000007F
:10A9500000009E070C01080118019000B000600083
:10A96000200060006000D00090008801080104030E
:10A970008E07000000000000000000000000000042
:10A9800000000F0F060404020C0208011801B800B1
:10A99000B000700060006000600060006000600057
:10A9A000F8010000000000000000000000000000AE
:10A9B0000000FC070C020603020180018000400039
:10A9C0004000200020001000180008040C040402BD
:10A9D000FE0300000000000000000000E003200073
:10A9E0002000200020002000200020002000200067
:10A9F0002000200020002000200020002000200057
:10AA000020002000E0030000000000000000000023
:10AA100004000400080008001000100010002000CE
:10AA2000200040004000C0008000800000010001C4
:10AA30000002000200020004000000007C00400050
:10AA40004000400040004000400040004000400006
:10AA500040004000400040004000400040004000F6
:10AA6000400040007C0000000000600090000801F1
:10AA700000000000000000000000000000000000D6
:10AA800000000000000000000000000000000000C6
:10AA900000000000000000000000000000000000B6
:10AAA00000000000000000000000000000000000A6
:10AAB0000000000000000000000000000000000096
:10AAC000000000000000FF0F000000001800600000
:10AAD0000000000000000000000000000000000076
:10AAE0000000000000000000000000000000000066
:10AAF0000000000000000000000000000000000056
:10AB0000000000000000000000000000F0010C0345
:10AB10000C030003E0031C030E03060306038E0B65
:10AB20007C0E00000000000000000000000000009B
:10AB300008000E000C000C000C000C00CC013C03C3
:10AB40001C060C060C060C060C060C060C021C035C
:10AB5000E401000000000000000000000000000010
:10AB6000000000000000000000000000F0008C0168
:10AB70008C01860106000600060006020C020C018C
:10AB8000F0000000000000000000000000000000D5
:10AB90000002C003000300030003000378038C03DA
:10ABA0000C030603060306030603060304038C07CF
:10ABB000780100000000000000000000000000001C
:10ABC000000000000000000000000000E001180389
:10ABD00008020C060C06FC070C000C0018041802F6
:10ABE000E001000000000000000000000000000084
:10ABF0000000C0036006300630003000FE01300067
:10AC000030003000300030003000300030003000C4
:10AC1000FC01000000000000000000000000000037
:10AC2000000000000000000000000000F007D8064F
:10AC30008C018C018C019801F8000C00FC00CC0305
:10AC4000060306038E03F800000000000000000069
:10AC500008000E000C000C000C000C00EC011C03A2
:10AC60000C030C030C030C030C030C030C030C036C
:10AC70009E0700000000000000000000000000002F
:10AC80000000600060000000000040007C006000E8
:10AC900060006000600060006000600060006000B4
:10ACA000FC030000000000000000000000000000A5
:10ACB0000000C001C001000000000001F00180019F
:10ACC000800180018001800180018001800180017C
:10ACD00080018001CC007C0000000000000000002A
:10ACE00008000E000C000C000C000C008C038C0003
:10ACF0008C004C006C005C008C008C010C010C037F
:10AD00009E0700000000000000000000000000009E
:10AD100040007C0060006000600060006000600037
:10AD20006000600060006000600060006000600023
:10AD3000FC03000000000000000000000000000014
:10AD40000000000000000000000000003707EE06D1
:10AD50006606660666066606660666066606660693
:10AD6000FF0F0000000000000000000000000000D5
:10AD7000000000000000000000000000EE011C03C5
:10AD80000C030C030C030C030C030C030C030C034B
:10AD90009E0700000000000000000000000000000E
:10ADA000000000000000000000000000F00098011A
:10ADB0000C03060606060606060606060C030C032A
:10ADC000F000000000000000000000000000000093
:10ADD000000000000000000000000000EE011C0365
:10ADE0000C060C060C060C060C060C060C031C03C9
:10ADF000EC010C000C003E00000000000000000010
:10AE000000000000000000000000000078028C0339
:10AE10000C030603060306030603060304038C0360
:10AE2000780300030003C0070000000000000000DA
:10AE30000000000000000000000000009F03580612
:10AE4000380618001800180018001800180018001C
:10AE5000FF000000000000000000000000000000F3
:10AE6000000000000000000000000000F0031C03D0
:10AE70000C020C023800F000C003040304038C032E
:10AE8000FC010000000000000000000000000000C5
:10AE9000000000002000200030003000FE013000E3
:10AEA000300030003000300030003000300230021E
:10AEB000E0010000000000000000000000000000B1
:10AEC0000000000000000000000008028E030C03D8
:10AED0000C030C030C030C030C030C030C039C0766
:10AEE00078010000000000000000000000000000E9
:10AEF0000000000000000000000000001E070C021F
:10AF00000801080118019000B000B0006000600066
:10AF10002000000000000000000000000000000011
:10AF2000000000000000000000000000F70E6204B6
:10AF3000460464026402EC029C01980198019801A5
:10AF400008000000000000000000000000000000F9
:10AF5000000000000000000000000000BC07180115
:10AF60001001B00060006000E000900008010803DC
:10AF70009E0700000000000000000000000000002C
:10AF80000000000000000000000000009E07080113
:10AF90000801080190009000B000600060006000AF
:10AFA0002000200024001C00000000000000000021
:10AFB000000000000000000000000000FC0184010F
:10AFC000C4004400600020003000180208020C0396
:10AFD000FC010000000000000000000000038000F1
:10AFE00080008000800080008000800080004000A1
:10AFF00020004000800080008000800080008000F1
:10B00000800080000003000040004000400040003D
:10B010004000400040004000400040004000400030
:10B020004000400040004000400040004000400020
:10B030004000400040004000000000000C001000F4
:10B040001000100010001000100010001000200070
:10B050004000200010001000100010001000100030
:10B06000100010000C00000000001C002204C204AC
:10B07000800300000000000000000000000000004D
:10B0800000000000000000000000000000000000C0
:10B0900000000000000000000000000000000000B0
:10B0A00000000000000000000000000001FFFF00A1
:10B0B00000FFFF0000820400008204000082040000
:10B0C0000082040000820400008204000082040068
:10B0D0003FFFFFF81FFFFFFC1082040C0082040CEE
:10B0E0000082040C0082040C0082040C0082040C18
:10B0F0000082040C0082040C01FFFE0C00FFFE0C19
:10B100000000000C0000001C000001FC0000000812
:10B11000000000000000000000000000000000022D
:10B1200000000004000000180000007000000FC8BC
:10B130000FFFFF080FFF8008080000080801000843
:10B1400008010008080100080801000808010008BB
:10B1500008010008080100080BFFFFF809FFFFF8CD
:10B16000098100080801000808010008080110080A
:10B170000801180808010E08080307C8180303C8C7
:10B180003801000818000018080000180000000826
:10B1900000000000000000000000000000000000AF
:10B1A00000100200000C0200000F033C080707FC1F
:10B1B00006001F800780700203038004000C000457
:10B1C0000030001802000030020407E00207FF8090
:10B1D000020E4000021600000264000032C4800229
:10B1E0001F847FFC1E844000020400000204000053
:10B1F000020400000224FFFC021C7FEC020E00048B
:10B200000607000406000004020000FC0000001C09
:10B210000000000800000000000000000000000026
:10B2200001000180010001C00100018001000180D6
:10B23000010003000100030001FFFE0001FFFE0208
:10B2400001000404010004040100040803000818BC
:10B250000310081001100860001000C000100180E9
:10B2600000100F000010FC103FFFE0101FF8000856
:10B27000101000080010000C0010000E0010000C50
:10B28000001001FC001FFFF0003FE0000010000074
:10B2900000000000000000000000000000000000AE
:10B2A000000001000200110002403900026031007C
:10B2B00002306100023C41000210810002010100E5
:10B2C000020C3100021C3100023C71000268B10026
:10B2D00033C9A1001F8B3FFE1E0E2FFC020C210064
:10B2E0000238A100027061000220790002043100DE
:10B2F00002090100021881000230C1000260C10091
:10B30000062071000200330000000300000001006D
:10B31000000000000000000000000000000000002D
:10B32000000000000000000200000004000000080F
:10B33000000002080FF847100890E7300890C66038
:10B340000890CAE008914BC008914A4808925208F8
:10B350000896520C089C640E0FF467FC089047F89E
:10B360000890C40008908400089184000891A4808B
:10B37000089014C008901C4008900C601FF80E3014
:10B38000080007380000001C00000000000000005A
:10B3900000000000000000000000000000040000A9
:10B3A000000400000004000000040000200400006D
:10B3B000100400100C0FFFF80F04003807000060A5
:10B3C000000000C00004018000040200000400002E
:10B3D000000400000004000000040000000400005D
:10B3E000000400003FFFFFFE1FFFFFFC10040000F1
:10B3F000000400000004000000040000000400003D
:10B4000000040000000C0000000C0000000400001C
:10B41000000000000000000000000000000000002C
:10B4200000000000000000000000000001FFFF001D
:10B4300000FFFF000082040000820400008204007C
:10B4400000820400008204000082040000820400E4
:10B450003FFFFFF81FFFFFFC1082040C0082040C6A
:10B460000082040C0082040C0082040C0082040C94
:10B470000082040C0082040C01FFFE0C00FFFE0C95
:10B480000000000C0000001C000001FC000000088F
:10B4900000000000000000000000000000000000AC
:10B4A000004000000070000000EFFFFE01A7FFFC5D
:10B4B00003244200062442001C24420818244208A7
:10B4C000102442080044420C0244420E01CFFFFC0B
:10B4D00001E4000000F00000000000000000000097
:10B4E0001FF87FF81FFE7FFC0846020C0082020C4A
:10B4F0000082040C01820C0C0302180C0702380CA9
:10B500000202300C0006100C003E01FC0004000892
:10B51000000000000000000000000000010000002A
:10B5200001038300010F03000179020007C102003B
:10B530003F010200193FFFFE111FFFFE0111040031
:10B54000010304000305040001090400001FFFFEBD
:10B550000033FFFC0062220000D2220003A222047A
:10B560000F13FFFE3C17FFFC181200001410000020
:10B570000330000001F1FFC800D000080060000C9B
:10B580000030000E003BFFFC001A0000001000001D
:10B59000001000000000000000000000000000009B
:10B5A00000000000000000000000000800011FFC77
:10B5B00001FF8FF801FF00080001000800010008EA
:10B5C0000001000800010008000100080001000857
:10B5D000000100083FFFFFF81FFFFFF810010008FF
:10B5E0000001000800010008000100080001000837
:10B5F000000100080001000803FF800801FF9FFE12
:10B6000001000FFE00000800000000000000000024
:10B61000000000000000000000000000000000002A
:10B6200000402000004030100040600800406008EA
:10B630000040400C0040C00E3FFFFFFC1FFFFFF822
:10B64000004100000041000000C2000000C20000F4
:10B650000240000002000000020000000200001092
:10B6600002000008020000080200000E03FFFFFCB9
:10B6700003FFFFFC020000000200000002000000C7
:10B6800002000000060000000600000002000000AA
:10B6900000000000000000000000000000000000AA
:10B6A0000001000204010004040100040401000878
:10B6B0000401001004010020040100C00401038003
:10B6C00007FFFF0007FFF80004010000040100006D
:10B6D0000401000004010000040100000401000056
:10B6E000040100000401000007FFFFFE07FFFFFC4C
:10B6F0000401000004010000040100000C0100002E
:10B700001C0100000C030000040300000001000005
:10B710000000000000000000000000000000000029
:10B7200000004002000040020020400400204004CD
:10B730000020400800204018002040101020402029
:10B74000182040600E2040C007A0438003A047009F
:10B7500000207C00003FF800003FC0000020600097
:10B7600000E0580003A046003E2043801C2040C05B
:10B770001820406000204070002040380020401811
:10B780000060401C0060C00C0020C00C000040089D
:10B7900000000000000000000000000000000000A9
:10B7A000000000000000000003FFFFFE03FFFFFC9D
:10B7B0000100000020000100180801001E0802001E
:10B7C0000E0804000008080000081000040860804B
:10B7D0000408C040040B8040040E007007FFFFE027
:10B7E00005FFFFC0048800000408000004080000F2
:10B7F00004080008041800080408000C0408000EDF
:10B8000007FFFFFE0FFFFFFC040000000000000028
:10B810000000000000000000000000000001000027
:10B8200000062000000C20000078200003C8200043
:10B830003F0FFFF01D0FFFF81108203001082062B4
:10B84000010820C2031860820108210400000004DE
:10B8500008000004043FFF08071FFE0803D0001083
:10B8600000100030001000E03FF3FF801FF3FE00E7
:10B870001011008000500040009000400310002094
:10B880000E3FFE300C1000380000001C0000000EBF
:10B8900000000000000000000000000000000000A8
:10B8A0000040200000403010004060080040600868
:10B8B0000040400C0040C00E3FFFFFFC1FFFFFF0A8
:10B8C000104180000041000000C1000000C20000E3
:10B8D00000420000000000000000000000FFFFFC2C
:10B8E00000FFFFF800800040008000400080004022
:10B8F0000080004000800040008000400080004048
:10B9000000FFFFFC01FFFFF80080000000000000C6
:10B910000000000000000000000000000000040023
:10B92000010008000100100001003000010060006B
:10B930000100C0000103FFFE0103FFFC010E001027
:10B94000011C00100170801003C080100F008010D7
:10B950003D00801011008010110080100100801047
:10B96000017FFFF0013FFFF0010080100100801017
:10B970000100801001008010010080100101801082
:10B98000030180100300803001000030000000102F
:10B9900000000000000000000000000000000000A7
:10B9A000020000000200000002003FFE02001FFE35
:10B9B0000201100003FF900002FF9000028310C0FC
:10B9C000020310C0028511C0024512C022491CC0EA
:10B9D000324938801A31F0801E31D0800A7154808B
:10B9E00002D9128002CD1380020F1180020111C80A
:10B9F000030110E802FF900802FF900C0200100EF5
:10BA000002003FFC06001FF00600000002000000DC
:10BA10000000000000000000000000000000000026
:10BA200000040830000E0C3000341E3000E43C20CE
:10BA30000384EC201F0588601C070840080C0840A0
:10BA40000038104400F0504400D05084001040886A
:10BA5000001080080010801000108030001080203E
:10BA60003FFFF060101FFFC0002087C0002083E070
:10BA7000082107700C210E3806211C1C07E1780CE8
:10BA800000E3300E0063101E002300FE00010002E0
:10BA900000000000000000000000000000000000A6
:10BAA0000000000800000008000000080000000876
:10BAB0000000000800000008000000080000000866
:10BAC0000000000800000008000000080000000856
:10BAD0003FFFFFF81FFFFFF81004000800040008F4
:10BAE0000004000800040008000400080004000826
:10BAF0000004000800040008000C0008000C000806
:10BB000000040008000000180000001800000008F1
:10BB10000000000000000000000000000000000223
:10BB2000000C000C00100030007FFFC001DFFC00A3
:10BB3000071088003E108800121FFFF8123FFFF028
:10BB400002D088000390880403108806003FFFFCA1
:10BB5000001000000004060008081A000810720017
:10BB60000833C20008E342000FC242000E00420048
:10BB7000082FFFFE0827FFFC0814420008184200A7
:10BB8000083842001FF0C200080046000000020012
:10BB900000000000000000000801300222042278AA
:10BBA00022042202A20263FE222222222222222236
:10BBB000222228023002000000003FFC2108210858
:10BBC00021083FFC00000800088008600802080106
:10BBD000FFFE080008000000000000000FF0082031
:10BBE000082008200820FFFF08200820082008203F
:10BBF0000FF0000000000000004040404040404086
:10BC0000404041414141414040404040404040402F
:10BC100040404040404040404005020202020202D3
:10BC20000202020202020202022020202020202022
:10BC30002020200202020202020290909090909036
:10BC400010101010101010101010101010101010F4
:10BC50001010101002020202020288888888888868
:10BC60000808080808080808080808080808080854
:10BC7000080808080202020240000000F9BB0008A0
:10BC800049535F4E5649435F5355425F5052494FA7
:10BC900052495459284E5649435F496E697453744A
:10BCA000727563742D3E4E5649435F495251436845
:10BCB000616E6E656C5375625072696F72697479EA
:10BCC0002900000049535F4E5649435F5052454595
:10BCD0004D5054494F4E5F5052494F524954592884
:10BCE0004E5649435F496E69745374727563742D7F
:10BCF0003E4E5649435F4952514368616E6E656CD2
:10BD0000507265656D7074696F6E5072696F72699B
:10BD10007479290049535F55534152545F48415249
:10BD200044574152455F464C4F575F434F4E545224
:10BD30004F4C2855534152545F496E697453747285
:10BD40007563742D3E4861726477617265466C6FED
:10BD500077436F6E74726F6C2900000022443A3290
:10BD6000643133343938302D346439392D34393332
:10BD7000352D613461372D6164613461623563351D
:10BD80006366313A53222C22366161396431653061
:10BD9000666166646435323864623438220D0A00A4
:10BDA000C0BD0008000000208400000024850008B9
:10BDB00044BE000884000020146700003485000899
:10BDC00000E1F50532643133343938302D346439CB
:10BDD000392D343933352D613461372D6164613447
:10BDE00061623563356366310000000000010000C8
:10BDF0000000000000000000000000000000000043
:10BE00000000000000000000000000000000000032
:10BE10000000000000000000000000000000000022
:10BE20000000000000000000000000000000000012
:10BE30000000000000000000000000000000000002
:04BE400000000000FE
:040000050800019955
:00000001FF
