:020000040800F2
:1000000058690020AD010008294600085D2D000850
:10001000013F00084511000865820008000000004B
:10002000000000000000000000000000BF01000808
:100030004711000800000000C301000839620008F1
:10004000C7010008C7010008C7010008C701000870
:10005000C7010008C7010008C7010008C701000860
:10006000B9190008C7010008C7010008C701000846
:10007000C7010008C7010008C7010008C701000840
:10008000C7010008C7010008C7010008C701000830
:10009000C7010008C7010008C7010008C701000820
:1000A000C7010008C7010008C7010008C701000810
:1000B000C7010008C7010008C7010008C701000800
:1000C000C7010008C7010008C7010008C7010008F0
:1000D000C7010008C70100083176000889760008CA
:1000E000C7010008C7010008C7010008C7010008D0
:1000F000C7010008C7010008C7010008C7010008C0
:10010000C7010008C7010008C7010008C7010008AF
:1001100011760008C7010008396D0008C701000802
:10012000C7010008C7010008C7010008C70100088F
:10013000C7010008C7010008C7010008C70100087F
:10014000C7010008C7010008C7010008C70100086F
:10015000C7010008C7010008C7010008C70100085F
:10016000C7010008C7010008C7010008C70100084F
:10017000C7010008C7010008C7010008C70100083F
:10018000C7010008C7010008C7010008C70100082F
:10019000C7010008C7010008DFF80CD000F048FBD9
:1001A00000480047FD910008586900200648804734
:1001B00006480047FEE7FEE7FEE7FEE7FEE7FEE74C
:1001C000FEE7FEE7FEE7FEE73D6200089901000852
:1001D00040EA01039B0703D009E008C9121F08C0C9
:1001E000042AFAD203E011F8013B00F8013B521E49
:1001F000F9D27047D2B201E000F8012B491EFBD2C0
:1002000070470022F6E710B513460A460446194621
:10021000FFF7F0FF204610BD30B505462A460B46D5
:1002200012F8010B13F8014B08B1A042F8D01CB131
:10023000002802D06D1CF1E7284630BDCAB2401E2E
:1002400010F8011F8A4202D00029F9D1002070471E
:10025000421C10F8011B0029FBD1801A704770B5B1
:10026000064608F071F8046805460A220021304667
:1002700000F002F92C6070BD2DE9FE4F81EA030405
:1002800004F0004421F0004100944FF0000B23F0F3
:10029000004350EA01045ED052EA03045BD0C3F38A
:1002A0000A54C1F30A552C44A4F2F3340194A0FB80
:1002B0000254C1F3130141F48011C3F3130343F457
:1002C000801301FB024400FB034E840A970A44EAB0
:1002D000815447EA8357A4FB076802958D0A05FB02
:1002E00007854FEA932C04FB0C542705029D4FEA27
:1002F000065847EA1637B5EB08056EEB070C870E74
:10030000920E47EA811742EA8312A7FB0201B6EB7D
:100310000B0164EB00042B0D43EA0C335E1844EB35
:100320001C50DA465146E7FB0201C5F313044FEABD
:100330000B3343EA14534FEA0432019C43EA0603A9
:10034000A4F10C040294009CCDE900B400F0DBF8A9
:1003500003B0BDE8F08F00200146F9E70EB5C10FEC
:1003600080EAE0700844CA07002140F233438DE878
:100370000E000A460B4600F0C6F803B000BD0EB5ED
:1003800040F2334102910021CDE900110A460B46AB
:1003900000F0B9F803B000BDC1F30A5210B5C1F3C3
:1003A000130140F2FF3341F480119A4201DA002038
:1003B00010BD40F233439A42A2F2334203DC524270
:1003C00000F04AF810BD904010BD30B50B46014614
:1003D00000202022012409E021FA02F59D4205D3E4
:1003E00003FA02F5491B04FA02F52844151EA2F18E
:1003F0000102F1DC30BD2DE9F05F05460020924698
:100400009B4688460646814640241BE028464146D6
:100410004746224600F020F853465A46C01A9141FA
:1004200010D311461846224600F014FA2D1A67EB35
:1004300001084F4622460120002100F00BFA17EB7D
:1004400000094E41201EA4F10104DFDC484631467C
:100450002A464346BDE8F09F202A04DB203A21FAD1
:1004600002F00021704721FA02F3D040C2F12002CD
:1004700091400843194670472DE9F04791460F46D1
:1004800080460446002614F8015B2DB100F004FA02
:100490000068405DC007F6D12B2D02D02D2D18D05D
:1004A000641E4A463946204600F0FAF927B13968F9
:1004B000A14201D1C7F8008071054FF002040BD5AD
:1004C0004042002803DD07F03FFF0460A007BDE8BD
:1004D000F08746F48066E4E70028F8DA07F034FF96
:1004E00004606FF00040F2E710B5141E73F10004D1
:1004F00008DA401C41F1000192185B411A4301D116
:1005000020F0010010BD2DE9F04D92469B4611B13F
:10051000B1FA81F202E0B0FA80F22032904600F0A7
:1005200099F904460F4640EA0A0041EA0B01534696
:100530005A46084313D0114653EA010019D0C8F1B6
:1005400040025046FFF788FF05460E465046594682
:10055000424600F07FF9084305D0012004E0204620
:100560003946BDE8F08D0020054346EAE0762C438D
:1005700037430A986305E40AA0EB08000022FD0A4D
:1005800044EA47540A3002D500200146E9E7010554
:1005900010196941DDE9084500196941BDE8F04DD0
:1005A000A2E72DE9FE4F804681EA0300C00F0C460A
:1005B000009021F0004123F00045B8EB0200A94172
:1005C00005D24046214690461C460B46024623F083
:1005D0000040104347D0270DC7F30A00C3F30A5168
:1005E0000290401A019040286BDAC3F3130040F4E4
:1005F000801B0098924620B10023D2EB030A63EBE4
:100600000B0B01985946C0F14002504600F022F908
:1006100006460D4650465946019A00F02AF910EB5D
:1006200008006141002487EA115284EAE7731A4303
:1006300040D0009A62B3019A012A4FEA075215DCB2
:10064000001B61EB02014FF0004202EA0752CDE9C4
:100650000042001C41F5801132462B46FFF753FF44
:1006600003B0BDE8F08F40462146F9E7001B61EB7F
:100670000201001C41F5801300185B412018A2F50F
:10068000001747EB030140EAD570B6196D4111E040
:100690006D084FEA360645EAC0754FEA0752001B5F
:1006A00061EB0201001C41F5801149084FEA30005E
:1006B0000019514132462B4603B0BDE8F04FFFF719
:1006C00013BF0098012240000023D0EB020263EB2D
:1006D000E073009821464FEAE074B8EB000061EB4C
:1006E0000401E9E783F000435BE781F0004158E74C
:1006F0002DE9F04D81EA030404F0004B21F00045A0
:1007000014464FF0000A23F0004150EA050220D0C1
:1007100054EA01021DD0C5F30A570246C5F313037C
:10072000C1F31300C1F30A5640F4801543F480135B
:10073000A7EB0608101BD64608F2FD3873EB050040
:1007400002D308F1010801E092185B41B8F1000FF3
:1007500003DA00200146BDE8F08D00204FF480113F
:10076000064684460EE0171B73EB050705D3121BE4
:1007700063EB050306434CEA010C49084FEA3000DD
:1007800092185B4150EA0107EDD152EA030012D002
:1007900082EA040083EA0501084305D0101BAB413F
:1007A00006D20122002306E000224FF0004302E0BF
:1007B0006FF0010253101AEB06004CEB085110EBDE
:1007C0000A0041EB0B01BDE8F04DFFF78DBEC1F310
:1007D0000A52C1F3130140F2FF3341F480119A42EF
:1007E00002DA00200146704740F233439A42A2F2F7
:1007F000334202DC5242FFF72FBE00F02BB800005C
:1008000030B5041E71F1000404DB4FF00044404297
:1008100064EB0101141E73F1000405DB1C464FF06C
:100820000043524263EB0403994208BF904230BD3B
:10083000064C074D06E0E06840F0010394E807002D
:1008400098471034AC42F6D3FFF7AAFCC0BC0008AE
:10085000E0BC0008202A04DB203A00FA02F1002064
:1008600070479140C2F1200320FA03F319439040EE
:100870007047202A06DBCB17203A41FA02F043EA00
:10088000E07306E041FA02F3D040C2F12002914049
:1008900008431946704700000048704780BB0008B5
:1008A0002DE9F05F82460078002715468B460AF155
:1008B0000104B946302801D09DB113E014F8010BB2
:1008C0000127782803D0582801D045B10AE00DB19E
:1008D000102D07D10027102514F8010B02E0082580
:1008E00000E00A250026B0460EE005FB080005FBE7
:1008F00006F1012701EB10461FFA80F8B6F5803F9C
:1009000000D3B94614F8010B294600F018F8002866
:10091000EBDABBF1000F05D00FB1641E00E05446C6
:10092000CBF80040B9F1000F06D007F00DFD022111
:100930000160C81EBDE8F09F48EA0640FAE73A2881
:1009400000D2303820F02002412A01D3A2F1370032
:10095000884201D34FF0FF30704770B58C1810F803
:10096000015B15F0070301D110F8013B2A1106D1F4
:1009700010F8012B03E010F8016B01F8016B5B1E0E
:10098000F9D12B0705D40023521E0DD401F8013BE9
:10099000FAE710F8013BCB1A921C03E013F8015B55
:1009A00001F8015B521EF9D5A142D8D3002070BDD9
:1009B000F8B54FF40050ADF8000010250E4E8DF83C
:1009C000035001248DF802406946304601F0ECFEE8
:1009D0002103ADF800108DF803508DF802406946F0
:1009E000304601F0E1FE6103304602F0F1F82103E8
:1009F000304602F0EDF8F8BD000C014070B5C0F3D0
:100A000007110E2202EAD10200F00F0001F00F01DF
:100A100042F0A00440EA011502F05CFB04F0FE0085
:100A200002F01AFB02F0A4FB284602F015FB02F0CC
:100A30009FFB02F04FFB44F0010002F00DFB02F0BF
:100A400097FB002002F08AFA044602F06DFB44F6A0
:100A5000206008F071F9204670BD70B502460E4660
:100A6000C0F307100E2101EAD00102F00F0200F0DE
:100A70000F0041F0A00442EA001502F02BFB2046D3
:100A800002F0EAFA02F074FB284602F0E5FA02F0FE
:100A90006FFB304602F0E0FA02F06AFB02F044FB22
:100AA000BDE8704044F6206008F046B970B51D4CB2
:100AB0000025607B10B1012813D010E02079401C84
:100AC000207103F09BFD0C2117A007F0AFFB642100
:100AD0006570194A0F2007F0F1FB012060730020B8
:100AE00070BD03F07FFD002808BF70BD134E306855
:100AF00004F01EFA01461248326801F055FA11A1BD
:100B00000F48FFF789FB00281EBF6573012070BDE9
:100B100020790A2898BF6573E1D925716573022091
:100B200070BD00004000002041542B514941435406
:100B30003D310D0A000000001D4600083C00002069
:100B40000C1100204F4B00000146064A0978002096
:100B5000135C994208BF7047401CC0B20A28F7D303
:100B6000704700005A9300082DE9F0014FF0000C87
:100B7000002A88BF154C24D911F81C60002314F8F2
:100B80000380464504BF1D072D0E5B1CDBB2102BF6
:100B9000F5D301EB4C060023767814F80380464524
:100BA00008BF03F00F075B1CDBB2102BF5D345EA3F
:100BB000070300F80C300CF101031FFA83FC944585
:100BC000DAD3BDE8F0015008704700005A930008DE
:100BD00038B5044600200090042C18BF082C54D0CF
:100BE0000C2C18BF102C50D0142C18BF182C4CD023
:100BF0001C2C18BF202C48D0242C18BF282C44D0E3
:100C0000402C18BF442C40D0482C18BF4C2C3CD052
:100C1000502C18BF542C38D0582C18BF5C2C34D012
:100C2000602C18BF642C30D0682C18BF6C2C2CD0D2
:100C3000702C18BF742C28D0782C18BF7C2C24D092
:100C4000802C18BF842C20D0882C18BF8C2C1CD052
:100C5000902C18BF942C18D0982C18BF9C2C14D012
:100C6000A02C18BFA42C10D0A82C18BFAC2C0CD0D2
:100C7000B02C18BFB42C08D0B82C18BFBC2C04D092
:100C8000C62205A112A007F0C1FF04F1804000F5C3
:100C9000D8400090008838BD2E2E5C6669726D7752
:100CA0006172655C6E3332673435785F7374645F8C
:100CB0007065726970685F6472697665725C737280
:100CC000635C6E3332673435785F626B702E63001D
:100CD00049535F424B505F44415428424B505F445C
:100CE0004154290038B5044600200D460090042CDC
:100CF00018BF082C54D00C2C18BF102C50D0142C1A
:100D000018BF182C4CD01C2C18BF202C48D0242CD9
:100D100018BF282C44D0402C18BF442C40D0482C5D
:100D200018BF4C2C3CD0502C18BF542C38D0582C09
:100D300018BF5C2C34D0602C18BF642C30D0682CC9
:100D400018BF6C2C2CD0702C18BF742C28D0782C89
:100D500018BF7C2C24D0802C18BF842C20D0882C49
:100D600018BF8C2C1CD0902C18BF942C18D0982C09
:100D700018BF9C2C14D0A02C18BFA42C10D0A82CC9
:100D800018BFAC2C0CD0B02C18BFB42C08D0B82C89
:100D900018BFBC2C04D0B32205A113A007F036FF66
:100DA00004F1804000F5D8400090056038BD000097
:100DB0002E2E5C6669726D776172655C6E33326788
:100DC0003435785F7374645F7065726970685F64EE
:100DD00072697665725C7372635C6E333267343548
:100DE000785F626B702E630049535F424B505F44E3
:100DF000415428424B505F444154290000000000F8
:100E00002DE9F0415C4C8188A1808179A171B0F815
:100E100001102180C178A170B0F807102181417ABA
:100E2000A1724189A181017BA173B0F80D102182CB
:100E3000C17BA174018AA182817CA175B0F81310D5
:100E40002183407DA0766068FFF799FA9FED4C1BE7
:100E500053EC112BFFF710FAFFF79EFA04F11C0573
:100E600086B22E802068FFF78AFA9FED471B53EC6D
:100E7000112BFFF701FAFFF78FFA07466860E06869
:100E8000B0F5000F03DBC043401CC0F31600FFF7B2
:100E900065FA9FED3F1B53EC112BFFF7EDF9FFF7C0
:100EA0007BFA80B200EE100A28813D4BB8EE401A62
:100EB00000EE106AB8EE400AC1EE000A00EE107AA9
:100EC000B8EE400A80EE801A9FED330A61EE000A08
:100ED0009FED320A60EE800AFCEEE00A10EE900A06
:100EE0002874206959680844586019469A68C96886
:100EF000904203D3821A1144D96006E06FF07F4C10
:100F0000ACEB020202441144D9600022C3E9012083
:100F10000D291AD300EE901A9FED221AE968F8EE17
:100F2000600A60EE810A20EE800ABCEEC00A10EE74
:100F3000100A0844E860010C0820DA6003F0D8FACF
:100F4000A88981B2092003F0D3FA2988042003F08C
:100F5000CFFA15496868A1FB0010C0F3CF01052046
:100F600003F0C6FA2989072003F0C2FA297CBDE8FC
:100F7000F041062003F0BCBA2C0C00200000000059
:100F80009FE74A621B81103FCD2D44350B4E903FA9
:100F900056B7DD7835487A3F0000C84200007A44F1
:100FA0002C000020EDF8433ACDCCCCCC08B507A0FE
:100FB0000068009006480178012918BF08BD00218B
:100FC00001700221684607F09BF808BD58AA00008E
:100FD0002C000020084808B50068009007480178F8
:100FE000012905D1002101700221684607F088F827
:100FF000BDE8084007F0A0B8CC0F00082C00002086
:1010000038B50220ADF8000010208DF80300012053
:10101000104C8DF802006946204601F0C5FB022104
:10102000204601F06BFD0221204601F0D1FD4FF476
:10103000FA7007F075FE0221204601F05FFD40F6D0
:10104000B83007F06DFE044A4FF47A71042007F0BF
:1010500035F938BD00080140F95E000838B507F0E1
:1010600095FE07F011F90124ADF8004010258DF828
:1010700003508DF802406946224801F095FB224A50
:101080001E21022007F01AF903F03AFF07F074FF5F
:1010900007F0AEFE07F02EFF03F0C7FA04F08EFF54
:1010A000FFF7AEFF08F054F82003ADF800008DF80C
:1010B0000350164D8DF802406946284601F074FB36
:1010C0002103284601F01AFDADF8004048218DF8B3
:1010D00003106946284601F067FB05F04FFA04F05B
:1010E00047FF04F0D7F9FFF763FC00F063FE02F05E
:1010F000A1FB07F0DFFF05F013FEBDE8384004A0B8
:1011000007F0FEB800100140511900080008014026
:1011100048656C6C6F20576F726C64210D0A00007B
:10112000074910B50120487002F04EFCFFF752FF4E
:1011300008F00CF806F0EAF9BDE8104000F029BF0D
:1011400016000020FEE7704770B584B000254CF211
:10115000186428B301281CBF04B070BD1026CDE967
:1011600000464FF61F0300220C21E820029505F0EF
:1011700003FCCDE900464FF61F0301220C21F820A5
:10118000029505F0F9FBCDE900464FF61F03022258
:101190000C214FF48470029505F0EEFB04B070BD95
:1011A0001820CDE90040002303A20C210295E8207D
:1011B00005F05AFD04B070BD202020200000000082
:1011C00070B5002484B020254CF21866E8B10128DF
:1011D0001CBF04B070BD012002F0DEFB0096CDE91B
:1011E00001544FF478431422C021E02005F0C4FBE1
:1011F0000096CDE901544FF478430F22C0214FF4FB
:10120000807005F0B9FB04B070BD002002F0C4FB93
:101210000096CDE901544FF4FC631522C021E02073
:1012200005F0AAFB0096CDE901544FF4FC630F22B0
:10123000C0214FF4807005F09FFB04B070BD70B505
:10124000002484B020254CF21866E0B101281CBFB0
:1012500004B070BD012002F0ABFB0096CDE9015453
:101260004FF4FC6311224021E02005F085FB00963D
:10127000CDE9015440214FF4FC631322880005F0AE
:101280007BFB04B070BD002002F092FB0096CDE91C
:1012900001544FF4784312224021E02005F06CFB0A
:1012A0000096CDE9015440214FF478431322880081
:1012B00005F062FB04B070BD70B5002484B0202539
:1012C0004CF21866E0B101281CBF04B070BD0120CB
:1012D00002F0A8FB0096CDE901544FF4FC630B2209
:1012E000C021582005F048FB0096CDE901544FF489
:1012F000FC630C22C021782005F03EFB04B070BDD9
:10130000002002F08FFB0096CDE901544FF47843A2
:101310000D22C021582005F02FFB0096CDE9015485
:101320004FF478430E22C021782005F025FB04B04D
:1013300070BD000000000000F0B5754A18252DEDC5
:10134000028B87B05078734F401CC0B200247249A2
:1013500050704CF21866072880F0D480DFE800F067
:10136000D204273845535B00CDE9004602953A8800
:1013700004230821002005F01DFCCDE9004602955C
:10138000BA78022308213C2005F014FCCDE9004680
:101390000295FA7802230821602005F00BFCCDE9C4
:1013A0000046029501230821FA79CC2025E0CDE9F9
:1013B000004602953A7902230821842005F0FAFBC1
:1013C000CDE900460295022308217A79A82014E08D
:1013D000CDE9004602950A8804234021582005F0F3
:1013E000E9FB07B0BDEC028BF0BDCDE900460295EC
:1013F0008888052382B260210BE005F0DBFB07B093
:10140000BDEC028BF0BDCDE9004602950A890623AA
:1014100080215820F1E7C868002866D03F49A1FB29
:10142000002149096FF01802514310EB81019FED33
:101430003C8B24D03C49A1FB0021C908494201EB67
:10144000810110EB410135D0FEF799FF53EC182BC9
:10145000FEF712FF41EC100B34A153EC102B03A844
:1014600006F05EFF0096CDE90154002303AAA021F7
:10147000642005F0F9FB07B0BDEC028BF0BDFEF770
:101480007EFF53EC182BFEF7F7FE41EC100B29A161
:1014900053EC102B03A806F043FF0096CDE901544E
:1014A000002303AAA021642005F0DEFB07B0BDECF9
:1014B000028BF0BDFEF763FF53EC182BFEF7DCFE4A
:1014C00041EC100B1DA153EC102B03A806F028FFD4
:1014D0000096CDE90154002303AAA021642005F061
:1014E000C3FB07B0BDEC028BF0BD0096CDE9015403
:1014F000002314A2A021642005F0B6FB07B0BDECC8
:10150000028BF0BD547007B0BDEC028BF0BD000043
:101510005900002020000020480C00201F85EB51BE
:10152000FCA9F1D24D62503FCDCCCCCC252E3366F8
:1015300000000000252E316600000000252E3266D6
:1015400000000000300000002DE9F0412DED028B7D
:1015500086B04CF218640021F0234FF4A0720846C4
:10156000009404F0E4FF4FF47840302300904FF4EF
:10157000A0721946002004F07BFF0025DE4FCDE964
:101580000054182602963A8804230821284605F0BC
:1015900011FBCDE900460023D8A208213020029596
:1015A00005F062FBCDE900540296BA7802230821C7
:1015B0003C2005F0FFFACDE900460023CFA2082128
:1015C0005420029505F050FBCDE900540296FA78BC
:1015D00002230821602005F0EDFACDE900540296BF
:1015E0003A7902230821842005F0E4FACDE9004687
:1015F0000023C3A208219C20029505F035FBCDE90C
:10160000005402967A7902230821A82005F0D2FA24
:10161000CDE900540296FA7901230821CC2005F087
:10162000C9FA042002F032FFFFF78EFDCDE9004633
:101630000023B4A208214FF49170029505F014FB29
:1016400020270023CDE900471A464021184602957D
:1016500005F092F9CDE90047002301224021202026
:10166000029505F089F9CDE9004640210023A4A2A6
:101670000846029505F0F8FADFF88C82CDE90054AF
:101680000296B8F8002004234021582005F092FA71
:10169000CDE9004600239DA24021A020029505F03F
:1016A000E3FACDE900474FF4784312224021E020CD
:1016B000029505F061F9CDE9004740214FF47843E8
:1016C00013228800029505F057F90023CDE9004761
:1016D0001A4660211846029505F04EF9CDE90047FB
:1016E0000023022260212020029505F045F9CDE972
:1016F0000046002382A260214020029505F0B4FA42
:10170000CDE900540296B8F80400052382B26021A6
:10171000582005F04FFACDE9004600237CA2602155
:10172000AC20029505F0A0FACDE900470023032282
:1017300080211846029505F01FF9CDE900470023E6
:10174000042280212020029505F016F9CDE90046FB
:1017500000236BA280214020029505F085FACDE997
:1017600000540296B8F8082006238021582005F07E
:1017700021FACDE90046002366A28021D0200295FF
:1017800005F072FACDE9004700230722A021184690
:10179000029505F0F1F8CDE9004700230822A021C9
:1017A0002020029505F0E8F8CDE90046002354A278
:1017B000A0214020029505F057FAD8F80C00002827
:1017C0005CD05549A1FB00214909F243514310EB7C
:1017D00081019FED538B21D05349A1FB0021C90802
:1017E000494201EB810110EB41012FD0FEF7C7FD0B
:1017F00053EC182BFEF740FD41EC100B4BA153ECC2
:10180000102B03A806F08CFDCDE90046002303AAA7
:10181000A0216420029505F027FA38E0FEF7AFFD1D
:1018200053EC182BFEF728FD41EC100B41A153ECB3
:10183000102B03A806F074FDCDE90046002303AA8F
:10184000A0216420029505F00FFA20E0FEF797FD35
:1018500053EC182BFEF710FD41EC100B37A153ECA5
:10186000102B03A806F05CFDCDE90046002303AA77
:10187000A0216420029505F0F7F908E0CDE90046C3
:10188000002330A2A0216420029505F0EDF9CDE9F6
:10189000004600232CA2A0214FF48070029505F091
:1018A000E3F9CDE9004700230922C021184602953B
:1018B00005F062F8CDE9004700230A22C02120206C
:1018C000029505F059F8CDE9004600230CA2C0218D
:1018D0004020029505F0C8F9012002F0D7FDFFF77E
:1018E000EBFC022002F0D2FDFFF76AFC06B0BDEC73
:1018F000028BBDE8F0810000200000202F000000D6
:101900003A00000034470000480C00205600000058
:101910006D410000570000001F85EB5100000000E2
:10192000FCA9F1D24D62503FCDCCCCCC252E3366F4
:1019300000000000252E316600000000252E3266D2
:1019400000000000300000004B572F48000000004E
:1019500010B5174CE07868B12179164800294FF08E
:10196000010102D001F034F901E001F0C7F820795B
:10197000C043207120890021B0F57A7F28BF2181E2
:101980000CD2401C0004000C208107D0A0F540724E
:10199000E73A02BF60780028E17000E06170AFF2C2
:1019A0004F021E21BDE81040022006F087BC000057
:1019B000160000200010014010B5042000F028F8A7
:1019C000002808BF10BD07F06FFBBDE810400420E1
:1019D000AFF3008010B50446800D00D12CB940F261
:1019E0000112034903A007F011F90848046010BD73
:1019F00060BC000849535F455854495F4C494E4507
:101A000028455854495F4C696E652900140401400B
:101A100070B500250446012818BF022C3AD0042CCA
:101A200018BF082C36D0102C18BF202C32D0402CD8
:101A300018BF802C2ED0B4F5807F18BFB4F5007F7E
:101A400028D0B4F5806F18BFB4F5006F22D0B4F57C
:101A5000805F18BFB4F5005F1CD0B4F5804F18BF8D
:101A6000B4F5004F16D0B4F5803F18BFB4F5003F71
:101A700010D0B4F5802F18BFB4F5002F0AD0B4F5FC
:101A8000801F18BFB4F5001F04D0EB22074908A03F
:101A900007F0BCF80D4800680D4920400968214254
:101AA0001CBF00280125284670BD000060BC00084E
:101AB00049535F4745545F455854495F4C494E452B
:101AC00028455854495F4C696E652900000401405F
:101AD0001404014010B504460079002818BF0428FA
:101AE00004D073222F4930A007F090F860790828BD
:101AF0001CBF0C28102804D074222A4935A007F0F6
:101B000085F82068810D00D120B9752225493DA0B6
:101B100007F07CF8A079002818BF012804D07622AD
:101B2000204943A007F072F8A1794E48002930D02F
:101B30000168226891430160001D01682268914399
:101B40000160207900F1804000F582300168226850
:101B500011430160444908682268904308600A1DE7
:101B600010682368984310606079102808D000F14D
:101B7000804000F58230016822681143016010BD89
:101B800008682368184308601068216808431060DB
:101B900010BD207900F1804000F582300168226894
:101BA0009143EBE760BC000849535F455854495FD7
:101BB0004D4F444528455854495F496E69745374E4
:101BC000727563742D3E455854495F4D6F646529A5
:101BD0000000000049535F455854495F545249473B
:101BE00047455228455854495F496E697453747289
:101BF0007563742D3E455854495F54726967676533
:101C00007229000049535F455854495F4C494E457D
:101C100028455854495F496E6974537472756374EA
:101C20002D3E455854495F4C696E652900000000FF
:101C300049535F46554E4354494F4E414C5F5354B0
:101C400041544528455854495F496E69745374722C
:101C50007563742D3E455854495F4C696E65436DFC
:101C6000642900000004014008040140001DFEF743
:101C7000F4BE2DE9F0475FEA010807464FF0000483
:101C80001ABF4FF017094FF0180ABDE8F087E519A1
:101C9000E8B202F011FC010A3E1909EB4600FEF71A
:101CA000DCFEE8B202F008FCC1B20AEB4600FEF727
:101CB000D4FE601CC4B2A045E9D8BDE8F08710B5D9
:101CC00000211720FEF7C9FE01211820FEF7C5FEEE
:101CD00000211920FEF7C1FE00211A20FEF7BDFEEB
:101CE00025211B20FEF7B9FE80211C20FEF7B5FE42
:101CF00001211D20FEF7B1FE0E211E20FEF7ADFED4
:101D000000211F20FEF7A9FEB4212020FEF7A5FE2A
:101D10001F212120FEF7A1FE40212220FEF79DFE7B
:101D200000212320FEF799FE1E212420FEF795FEB8
:101D300000212520FEF791FE50212620FEF78DFE82
:101D400044212720FEF789FEC0212820FEF785FECA
:101D500000212920FEF781FE3F212A20FEF77DFE8B
:101D600000213120FEF779FE02213220FEF775FEB8
:101D700000213320FEF771FEFF213420FEF76DFEB7
:101D800000213520FEF769FE00213620FEF765FEB2
:101D900000213720FEF761FE7F213820FEF75DFE2F
:101DA00017213920FEF759FE3B21BDE810403A20AB
:101DB000FEF753BEF8B500246D462046FEF71EFE22
:101DC0002855601CC4B2042CF7D39DF800001825D8
:101DD0001726A12804BF9DF80100582807D19DF8B7
:101DE0000200592804BF9DF80300A22841D0A12178
:101DF0000020FEF732FE58210120FEF72EFE592169
:101E00000220FEF72AFEA2210320FEF726FE002173
:101E10008F20FEF722FE00219020FEF71EFE0021FB
:101E20009120FEF71AFE00219220FEF716FE00F028
:101E300079F800210420FEF710FE01210520FEF7AD
:101E40000CFE00210620FEF708FE01210720FEF708
:101E500004FE00210820FEF700FEFFF730FF00F02F
:101E600061F80024201DFEF7C9FD012833D088B396
:101E70003AE000F057F80024201DFEF7BFFD0128CE
:101E800001D028B108E00121204602F01BFB03E04D
:101E90000021204602F016FB601CC4B2052CEBD3D7
:101EA000012002F0F3FA04F033F8002405EB4400BB
:101EB000FEF7A4FD074606EB4400FEF79FFD07EB87
:101EC000002081B2204602F019FB601CC4B2212C14
:101ED000ECD3F8BD04E00121204602F0F3FA03E060
:101EE0000021204602F0EEFA601CC4B2052CB9D3E2
:101EF000012002F0CBFA04F00BF8002405EB4400BB
:101F0000FEF77CFD074606EB4400FEF777FD07EB86
:101F1000002081B2204602F0F1FA601CC4B2212CEC
:101F2000ECD3F8BD10B58F20FEF768FD04069020B5
:101F3000FEF764FD04EB00449120FEF75FFD04EB27
:101F400000249220FEF75AFD2044064C010CE0606C
:101F5000082002F0CDFAA089BDE8104081B2092026
:101F600002F0C6BA480C002010B500218F20FEF701
:101F700074FD00219020FEF770FD00219120FEF7F6
:101F80006CFD00219220FEF768FDBDE81040FFF7D0
:101F9000C9BF10B502F038FD01F068FD02F062FC27
:101FA000BDE8104002F0CCBC0023002998BF704768
:101FB000F0B40026D2E902C4644508BF34460BD011
:101FC0001468556814F80C400CF1010C9CFBF5F7F3
:101FD00005FB17CCC2F808C0C4545B1C8B42E9D384
:101FE000F0BC704770B50C46050018BF012D0ED02F
:101FF000022D18BF032D0AD0042D1CBF052D062D60
:1020000005D040F247321FA12DA006F0FFFD002CA5
:1020100018BF012C21D0022C18BF032C1DD0042C7A
:1020200018BF052C19D0062C18BF072C15D0082C6A
:1020300018BF092C11D00A2C18BF0B2C0DD00C2C5A
:1020400018BF0D2C09D00E2C18BF0F2C05D04FF443
:1020500052720CA124A006F0D9FDA007010F0F2099
:1020600000FA01F224F0030000F1804000F5803016
:10207000836823EA02028260826805FA01F1114353
:10208000816070BD2E2E5C6669726D776172655CD1
:102090006E3332673435785F7374645F706572696C
:1020A00070685F6472697665725C7372635C6E33CC
:1020B00032673435785F6770696F2E630000000007
:1020C00049535F4750494F5F455854495F504F52FD
:1020D000545F534F5552434528506F7274536F7578
:1020E000726365290000000049535F4750494F5F04
:1020F00050494E5F534F555243452850696E536FB8
:10210000757263652900000070B50D46044601280C
:1021100018BF022C00F0E081042C18BF082C00F03E
:10212000DB81A4F5A01010381CBFA4F5A010B0F1FD
:10213000300000F0D181A4F5B01040381CBFA4F5E8
:10214000B010B0F1C00000F0C781A4F5C010B0F528
:1021500080701CBFA4F5C010B0F5007000F0BC8109
:10216000A4F5C010B0F540701CBFA4F5C010B0F5C8
:10217000023000F0B181A4F5C010B0F5033018BFF3
:10218000B4F5805F00F0A881B4F5E91F18BFB4F57D
:10219000EA1F00F0A181B4F5EB1F18BFB4F5004FA2
:1021A00000F09A816FF40010C4421CBFA4F5001027
:1021B000B0F1020000F09081A4F50010001F1CBFD8
:1021C000A4F50010B0F1080000F08681A4F500101D
:1021D00010381CBFA4F54010B0F5807000F07C8171
:1021E000A4F54010B0F500701CBFA4F54010B0F588
:1021F000806000F07181FB4884421CBF6FF080401A
:10220000C44200F06981F84884421CBFF748844208
:1022100000F06281F64884421CBFF648844200F018
:102220005B81F54884421CBFF448844200F054812D
:10223000F34884421CBFF348844200F04D81F248C9
:1022400084421CBFF148844200F04681F048844239
:102250001CBFF048844200F03F81A4F18040B0F5FB
:10226000F2101CBFA4F18040B0F5F41000F03481EE
:10227000A4F18040B0F5F6101CBFE748844200F09E
:102280002B81E64884421CBFE548844200F024814B
:10229000A4F18040B0F190701CBFE248844200F08D
:1022A0001B81E14884421CBFA4F18040B0F18460EE
:1022B00000F01281DD4884421CBFDD48844200F0FA
:1022C0000B81DC4884421CBFDB48844200F004815F
:1022D000DA4884421CBFDA48844200F0FD80D948C5
:1022E00084421CBFD848844200F0F680D74884421C
:1022F0001CBFD748844200F0EF80D64884421CBF00
:10230000D548844200F0E880D44884421CBFD448B9
:10231000844200F0E180A4F18040B0F579101CBF48
:10232000A4F18040B0F57B107ED0CE4884421CBF23
:10233000CD48844278D0CD4884421CBFCC488442EA
:1023400072D0CC4884421CBFCB4884426CD0CB486E
:1023500084421CBFCA48844266D0CA4884421CBF1B
:10236000C948844260D0C94884421CBFC8488442DE
:102370005AD0C84884421CBFC748844254D0C7487A
:1023800084421CBFA4F10050B0F580504CD0A4F1A1
:102390000050B0F580401CBFA4F10050B0F50040E3
:1023A00042D0BF4884421CBFBE4884423CD0BE4895
:1023B00084421CBFBD48844236D0BD4884421CBF05
:1023C000BC48844230D0BC4884421CBFBB488442D5
:1023D0002AD0BB4884421CBFBA4884427CD0A4F5B2
:1023E000001080381CBFA4F5B010B0F1800073D08D
:1023F000A4F1815080381CBFA4F18150B0F140009D
:102400006AD0A4F1815020381CBFA4F18150B0F1F2
:10241000100061D0A4F1815008381CBFA4F1815094
:10242000B0F1040058D000E056E0A4F18150801EC5
:102430001CBF6FF08150C4424ED0A4F18050B0F563
:1024400000401CBFA4F18050B0F5804044D0A4F1FE
:102450008050B0F5005018BFB4F1102F3CD0A4F15B
:102460008050B0F500601CBFA4F18050B0F58060D2
:1024700032D0A4F18050B0F500701CBFA4F18050A0
:10248000B0F5807028D0A4F1805080381CBFA4F132
:102490008050B0F140001FD0A4F1805020381CBF04
:1024A000A4F18050B0F1100016D0A4F1805008388B
:1024B0001CBFA4F18050B0F104000DD0A4F18050F5
:1024C000801E1CBF6FF08050C44205D040F27A22BB
:1024D0007DA18CA006F09AFB002D18BF012D05D020
:1024E00040F27B2278A18DA006F090FB924A14F076
:1024F000004F18BFD0691ED090491FFA84FC04EA2F
:102500000106C4F340510B01A1B29940B6F5401F3A
:1025100021D014F4801F24D014F4001F4FF00303C3
:10252000C4F3034603FA06F318BF1B04984314F0E0
:10253000E04F52D11EE114F0804F18BF106ADBD17A
:1025400014F0005F18BF506AD6D114F0805F14BF3A
:10255000906A5068D0E7536820F0706023F0706391
:10256000FAE014F0807F25D014F0040F1AD014F094
:10257000007F20EA01000ED035B1536843F001031B
:1025800043F070635360F8E0516821F0010141F0BD
:1025900070615160F2E0536823F0010343F070630F
:1025A0005360E9E04CF0040C0CFA03F39843002D5F
:1025B000EAD0E2E714F0806F11D014F0080F0FD0CA
:1025C00014F0007F20EA01000BD03DB1536843F0C6
:1025D000080343F070635360CFE0CDE0B0E0C5E0A6
:1025E000BCE0B4E00004008002001140060011408D
:1025F000200014403000144040001640C000164037
:10260000000218400003184000041A40000C1A4051
:1026100000101C4000301C400100304002003040DF
:1026200003003040040020410400204308002044FF
:102630000800204610003440200034403000344070
:102640004000364080003640C0003640000238402E
:102650000003384000043A40000C3A4000103C406F
:1026600000303C4001001020020010200300102028
:1026700004001220080012200C0012201000142068
:102680003000142040001620C00016200001182041
:10269000000218200003182000041A20000C1A2041
:1026A000010020200200202004002020080020201B
:1026B00010003420300034204000202080002020F2
:1026C00000012020000220202E2E5C6669726D77AA
:1026D0006172655C6E3332673435785F7374645F42
:1026E0007065726970685F6472697665725C737236
:1026F000635C6E3332673435785F6770696F2E6361
:102700000000000049535F4750494F5F52454D411B
:102710005028526D7050696E2900000049535F4681
:10272000554E4354494F4E414C5F535441544528F4
:10273000436D64290000000000000140000030707B
:10274000516821F0080141F07061516016E0536852
:1027500023F0080343F0706353600DE04CF0080C65
:102760000CFA03F39843002DEAD02FE7884314F0C6
:10277000E04F01D140F0706005B1084314F0004F04
:102780001CBFD06170BD14F0804F1CBF106270BDC3
:1027900014F0005F1CBF506270BD14F0805F14BF66
:1027A0009062506070BD00002DE9F04104460026A3
:1027B000A0F180400D46B0F584301CBFA4F18040EC
:1027C000B0F586301CD0A4F18040B0F588301CBF35
:1027D000A4F18040B0F58A3012D0A4F18040B0F569
:1027E0008C301FBFA4F18040B0F58E30A4F1804042
:1027F000B0F5903004D0BE223FA14EA006F006FAFC
:10280000E878002818BF042810D0282818BF4828C6
:102810000CD0142818BF102808D01C2818BF18285E
:1028200004D0BF2234A14AA006F0F0F9288820B9CC
:10283000C02231A151A006F0E9F9E87800F00F07B5
:1028400010F0100F0FD0A878002818BF022808D069
:10285000012818BF032804D0C72227A150A006F0E2
:10286000D5F9A878074328784FF00F0C10F0FF0F28
:102870004FF0010318BF216819D02A8803FA06F027
:10288000024082420FD1B2000CFA02F821EA08019C
:1028900007FA02F21143EA78282A08BF606102D0E1
:1028A000482A08BF2061761C082EE6D321602888BC
:1028B000FF2886BF62680020BDE8F08100F10801B2
:1028C0002E8803FA01F10E408E420FD186000CFAD9
:1028D00006F822EA080207FA06F63243EE78282EB6
:1028E00008BF6161EE78482E08BF2161401C0828AE
:1028F000E4D36260BDE8F0812E2E5C6669726D776C
:102900006172655C6E3332673435785F7374645F0F
:102910007065726970685F6472697665725C737203
:10292000635C6E3332673435785F6770696F2E632E
:102930000000000049535F4750494F5F414C4C5FD6
:10294000504552495048284750494F7829000000C7
:1029500049535F4750494F5F4D4F444528475049C1
:102960004F5F496E69745374727563742D3E47509E
:10297000494F5F4D6F6465290000000049535F4770
:1029800050494F5F50494E284750494F5F496E6943
:10299000745374727563742D3E50696E2900000083
:1029A00049535F4750494F5F53504545442847506E
:1029B000494F5F496E69745374727563742D3E4755
:1029C00050494F5F537065656429000070B5054636
:1029D0000026A0F180400C46B0F584301CBFA5F164
:1029E0008040B0F586301DD0A5F18040B0F588302C
:1029F0001CBFA5F18040B0F58A3013D0A5F180400E
:102A0000B0F58C301FBFA5F18040B0F58E30A5F138
:102A10008040B0F5903005D040F229121BA12AA0C9
:102A200006F0F4F8012C18BF022C28D0042C18BF93
:102A3000082C24D0102C18BF202C20D0402C18BFDC
:102A4000802C1CD0B4F5807F18BFB4F5007F16D061
:102A5000B4F5806F18BFB4F5006F10D0B4F5805F87
:102A600018BFB4F5005F0AD0B4F5804F18BF052C2D
:102A700005D04FF4957205A11AA006F0C7F8A86812
:102A8000204218BF0126304670BD00002E2E5C6625
:102A900069726D776172655C6E3332673435785F69
:102AA0007374645F7065726970685F64726976657B
:102AB000725C7372635C6E3332673435785F677053
:102AC000696F2E630000000049535F4750494F5F14
:102AD000414C4C5F504552495048284750494F7827
:102AE0002900000049535F4745545F4750494F5FF5
:102AF00050494E2850696E290000000070B5044608
:102B0000A0F180400D46B0F584301CBFA4F1804098
:102B1000B0F586301DD0A4F18040B0F588301CBFE0
:102B2000A4F18040B0F58A3013D0A4F18040B0F514
:102B30008C301FBFA4F18040B0F58E30A4F18040EE
:102B4000B0F5903005D04FF4C57206A114A006F080
:102B50005DF82DB940F28B1202A118A006F056F8CC
:102B6000656170BD2E2E5C6669726D776172655C01
:102B70006E3332673435785F7374645F7065726981
:102B800070685F6472697665725C7372635C6E33E1
:102B900032673435785F6770696F2E63000000001C
:102BA00049535F4750494F5F414C4C5F5045524934
:102BB0005048284750494F782900000049535F4743
:102BC00050494F5F50494E2850696E29000000005F
:102BD00070B50446A0F180400D46B0F584301CBFAE
:102BE000A4F18040B0F586301DD0A4F18040B0F54E
:102BF00088301CBFA4F18040B0F58A3013D0A4F116
:102C00008040B0F58C301FBFA4F18040B0F58E300D
:102C1000A4F18040B0F5903005D040F2731206A1C7
:102C200014A005F0F3FF2DB94FF4BA7202A118A059
:102C300005F0ECFF256170BD2E2E5C6669726D7724
:102C40006172655C6E3332673435785F7374645FCC
:102C50007065726970685F6472697665725C7372C0
:102C6000635C6E3332673435785F6770696F2E63EB
:102C70000000000049535F4750494F5F414C4C5F93
:102C8000504552495048284750494F782900000084
:102C900049535F4750494F5F50494E2850696E294C
:102CA0000000000010B582B06946002002F06CFE02
:102CB00001A9002002F002FEDFF898C09DF8000094
:102CC0008CF804009DF801008CF805009DF80200C6
:102CD0008CF806009DF805108CF802109DF806305F
:102CE0008CF803309DF80720012902F5FA60ACF852
:102CF000000018BF022904D101F10C00C1B202F298
:102D0000CF704A1C02EB420240F2676412FB04F2ED
:102D100003EB410100EB523211444AF2D73202FB7D
:102D2000002201EB9001A1EB92514FF4C872B0FB6D
:102D3000F2F00144084B08460022C3FB0120821038
:102D4000A2EBE070A0EBC0000844401C8CF8070028
:102D500002B010BD200000209324499201A005F08C
:102D6000CFFAFBE7766F696420486172644661754B
:102D70006C745F48616E646C657228766F69642953
:102D80000D0A000070B51D4DA8B0A878002804BF3A
:102D900028B070BD0026AE70194A1AA11AA805F015
:102DA000BFFA1C480090431D00F115021AA101A8AA
:102DB00005F0B6FA01A8FDF74BFA84B21AA8FDF7A0
:102DC00047FA82B201AB1AA90120009403F0AAF9D4
:102DD0002878401CC0B2287003283CBF28B070BDC2
:102DE0002E70BFF34F8F0F4801680F4A01F4E06166
:102DF00011430160BFF34F8F00BFFDE7C802002001
:102E0000040000206D6F646275735F696E666F2FDA
:102E100025730000E816002025735F25735F257376
:102E2000000000000CED00E00400FA050449012058
:102E30008870AFF2070203490A2005F03FBA00008C
:102E4000C8020020989F0400024A03490A2005F0A6
:102E500035BA00002D2E0008989F040010B5B4B0BC
:102E60000E4A0FA127A805F05BFA11480090431DF8
:102E700000F115020FA101A805F052FA01A8FDF713
:102E8000E7F984B227A8FDF7E3F982B201AB27A9DD
:102E90000120009403F046F934B010BD0400002076
:102EA0006D6F646275735F696E666F2F25730000C6
:102EB000E816002025735F25735F2573000000006E
:102EC0000848C178012918BF704710B50021C170AA
:102ED00001F038FE002808BF10BDBDE8104001F029
:102EE0004BBA0000C802002004490120C870AFF2AC
:102EF000070203490B2005F0E1B90000C8020020D9
:102F0000C0D40100024A03490B2005F0D7B90000E4
:102F1000E92E0008C0D4010030B40023002A88BF85
:102F2000DFF834C011D9C45C01EB43050CEB141479
:102F3000247801F81340C45C5B1C04F00F049BB2BE
:102F40001CF804406C709A42EDD84FF6FF7030BC0C
:102F500000EA4200704700005A9300082DE9F84348
:102F600080464FF48057ADF800700420394E8DF83C
:102F70000300002469463046FFF716FC00254FF495
:102F800000513046FFF7BAFD022005F0D5FE4FF4A0
:102F900000513046FFF71CFE6006040E4FF48051CE
:102FA0003046FFF713FD00281CBF601CC4B201208F
:102FB00005F0C2FE681CC5B2082DE0D310254FF005
:102FC0000109B8F1000F4FF40051304620D0FFF74F
:102FD00095FDADF800708DF803508DF802906946AC
:102FE0003046FFF7E1FB29023046FFF787FD02205C
:102FF00005F0A2FE69023046FFF7EAFD022005F067
:103000009BFE69023046FFF779FD2046BDE8F88354
:10301000FFF774FDADF800708DF803508DF8029045
:1030200069463046FFF7C0FB4FF480513046FFF74A
:10303000CFFD022005F080FE4FF400513046FFF72F
:10304000C7FD022005F078FE4FF400513046FFF72F
:1030500055FDDAE7000C0140F8B505464FF4805005
:10306000ADF8000010208DF803000120184E8DF8F7
:10307000020069463046FFF797FB71143046FFF7B0
:103080003DFD002415F0800F4FF48051304602D0F2
:10309000FFF79EFD01E0FFF731FD6806050E0220F7
:1030A00005F04AFE4FF400513046FFF791FD022033
:1030B00005F042FE4FF400513046FFF71FFD02209D
:1030C00005F03AFE601CC4B2082CDBD3F8BD00004A
:1030D000000C014038B54FF48050ADF800001020CE
:1030E0008DF8030001200F4C8DF802006946204640
:1030F000FFF75AFBA1142046FFF76AFD6114204632
:10310000FFF766FD022005F017FEA1142046FFF729
:10311000F5FC022005F010FE61142046BDE83840A1
:10312000FFF7ECBC000C014038B54FF48050ADF80F
:10313000000010208DF8030001200C4C8DF80200D7
:1031400069462046FFF730FBA1142046FFF7D6FC66
:1031500061142046FFF73CFD022005F0EDFDA114AF
:103160002046BDE83840FFF733BD0000000C0140A9
:10317000F8B54FF48056ADF800600420264D8DF868
:103180000300002469462846FFF70EFBA9142846D1
:10319000FFF71EFD012005F0CFFD69142846FFF75B
:1031A00017FD012005F0C8FDA9142846FFF70EFC05
:1031B00050B3601CC4B2FA2C1FD9ADF800601020C7
:1031C0008DF8030001208DF8020069462846FFF7BC
:1031D000EBFA4FF480512846FFF790FC4FF4005172
:1031E0002846FFF7F5FC022005F0A6FD4FF48051BC
:1031F0002846FFF7EDFC0120F8BD4FF4805128462A
:10320000FFF7E4FB0028D4D14FF400512846FFF724
:1032100075FC0020F8BD0000000C014010B4C2682D
:10322000D0F804C0531C93FBFCF40CFB1433D0F80F
:1032300008C0634504BF10BC704703689954C16857
:103240004268491C91FBF2F302FB1311C16010BCF0
:10325000704700002DE9F04F584D83B00026A87B41
:1032600010B1012812D0A2E06879401C687101F009
:10327000C5F90A2152A004F0D9FFC8216E70534A43
:103280000F2005F01BF80120A87390E001F0AAF9C7
:10329000002804BF03B0BDE8F08F4D4C206801F05A
:1032A00047FE01464B482268FEF77EFE4AA1494888
:1032B000FCF7B2FF002876D02C214648FCF7BEFF71
:1032C00000286CD0441C6E71801CFDF73DFC074645
:1032D0002046FDF739FC00EB800007EB4000C0B250
:1032E00010282CBF10380830C7B2201DE41CFDF791
:1032F0002BFC80462046FDF727FC00EB800008EB06
:10330000400000F0FF08201DE41CFDF71DFC814675
:103310002046FDF719FC00EB800009EB400000F0AF
:10332000FF092DA12B48FCF777FF00F108040930B5
:10333000FDF70AFC82462046FDF706FC00EB800004
:103340000AEB400000F5FA600290201DE41CFDF736
:10335000FBFB82462046FDF7F7FB00EB80000AEB03
:10336000400000F0FF0A04F1030B201DFDF7ECFB09
:1033700004465846FDF7E8FB00EB800004EB4000F4
:10338000C2B23B465146CDE90089029802F0F0FEF8
:10339000AE73012003B0BDE8F08F04E0FFE7687969
:1033A0000A2803D105E068790A2802D0AE7300200C
:1033B000F0E76E71AE730220ECE7000040000020E1
:1033C00041542B43434C4B3F0D0A00001D4600085F
:1033D0003C0000200C1100202B43434C4B3A0000D2
:1033E0002DE9F047C54F0024DFF81493387CADF584
:1033F000C46D25464FF001082646092880F07B81E0
:10340000DFE800F005131F31A8B3C9F6F500F8781E
:10341000012807BFFE70042087F810800DF5C46DE9
:1034200018BFBDE8F08700F0B1B8F8796421401CFE
:10343000F8717E70B34A0F2004F040FF022000F0C4
:10344000A5B801F0CFF800287CD001F0D7F8112101
:10345000ADA004F0EBFE64217E70AA4A0F2004F0B8
:103460002DFF032092E001F0BDF800286AD0D9F8C2
:10347000000001F05DFD0146A848D9F80020FEF7E4
:1034800093FDA7A1A548FCF7C7FE00284BD0FE710D
:10349000A6A1A248FCF7C0FE1030044601782C29F2
:1034A00003D010F8011F2C29FBD1001BA0F101084B
:1034B000C8216846FCF7A5FE424621466846FCF74F
:1034C00087FE04EB08009DA1FCF7A6FE002800F093
:1034D0001281841C81780DF5C1602C2906D04155DC
:1034E000691C8DB214F8011F2C29F8D14655FCF740
:1034F000B6FE0546C8216846FCF783FE2A46611CD5
:103500006846FCF765FE0E2D07D018D9A9B24FF01A
:103510000102684600F0F8FF11E00E210022684623
:1035200000F0F2FF0BE086A17C48FCF775FE002856
:1035300018BFFE7140F0DF80F879032803D03E7495
:1035400000F0D9B823E0FE7187F80080BE703E74A9
:1035500000F0D1B8B8796421401CB8717E70694A16
:103560000F2004F0ABFE052010E001F03BF800282E
:103570000DD001F043F8082175A004F057FE642136
:103580007E70604A0F2004F099FE062038740DF515
:10359000C46DBDE8F08701F025F8002804BF0DF5E3
:1035A000C46DBDE8F087D9F8000001F0C1FC014608
:1035B0005A48D9F80020FEF7F7FC68A15748FCF7F5
:1035C0002BFE38B310F8061F2C2904D010F8011F69
:1035D000641C2C29FAD1DFF88C817125A0EB040A38
:1035E00008F52379012C04D0022C14D02DE065E0DD
:1035F0002EE05046FDF7A8FAA5EB4000C2B25AA152
:103600000DF2DC5004F08CFE9DF8DC0588F88C028D
:1036100089F8016019E00AF10100FDF795FA044606
:103620005046FDF791FA00EB800004EB4000A5EB5B
:103630004000C2B24CA10DF2DC5004F071FEBDF8A6
:10364000DC05A8F88C0289F80260072038749EE730
:1036500000F0D4FF0E2145A004F0E8FD798A474828
:1036600004F0E4FD022135A004F0E0FD062144A0B1
:1036700004F0DCFDBA8A3CA10DF5BC6004F050FEFC
:103680000DF5BC60FCF7E4FD81B20DF5BC6004F003
:10369000CDFD022138A004F0C9FDB98A3A4804F0F2
:1036A000C5FD032139A004F0C1FDFE70C8217E7064
:1036B000144A0F2004F002FE082067E700F092FF92
:1036C00000283FF464AFD9F8000001F031FC014656
:1036D0001248D9F80020FEF767FC2DA10F48FCF72F
:1036E0009BFD00280ABFB879BE71032803D1BE71C3
:1036F00087F80080BE703E7449E70000400000205B
:103700003C0000201D46000841542B4D515454529A
:103710004541443D302C310D0A0000000C110020C1
:103720002B4D515454524541443A00002B4D5154B5
:1037300054524541443A20302C302C00222C0000B9
:103740002B434D45204552524F523A2036303100DE
:1037500041542B4353510D0A000000002B43535199
:103760003A2000005C1400202564000041542B4DD9
:103770005154545055423D302C2200005C0C002026
:10378000302C302C302C0000240D0020220D0A009B
:103790004F4B00002DE9F041214C224F0025207AAB
:1037A00020B101281FD0022831D02DE01E4EA57077
:1037B000306801F0BDFB01461C483268FEF7F4FB9F
:1037C00000F01CFF4FF400413846FFF701FA4FF4B8
:1037D000FA716570164A0F2004F070FD0120207206
:1037E0000020BDE8F08100F0FDFE68B14FF400411B
:1037F0003846FFF783F941F2883165700C4A0F2093
:1038000004F05CFD022020720020BDE8F08100F091
:10381000E9FE00281CBF25720120BDE8F0810000F0
:1038200040000020000801403C0000200C11002056
:103830001D46000838B54FF40040ADF800001020D8
:103840008DF803000120064C8DF8020069462046E1
:10385000FEF7AAFF4FF400412046FFF7B9F938BD43
:10386000000801404B4810B5407C0B2828BF10BD14
:10387000DFE800F0061B29374957650D6F0D8400FE
:10388000FFF788FF20B1012807D0022809D010BD1A
:10389000BDE81040002005F009BD3E4901204874F4
:1038A00010BD3C490020487410BD01F0F1F900281A
:1038B00008BF10BD012802D00228F2D010BD354843
:1038C0000221417410BD01F093F9002808BF10BD1A
:1038D000012802D00228E4D010BD2E4903204874EC
:1038E00010BD01F035F9002808BF10BD012806D031
:1038F000022818BF10BD00212648417410BD25497B
:103900000420487410BDFFF7A5FC002808BF10BDB7
:10391000012802D00228C4D010BD1E4908204874D6
:1039200010BD02F0A9FB002808BF10BD012802D07D
:103930000228B6D010BD17490620487410BDFDF707
:10394000B5F8002808BF10BD0128E6D00228A8D08D
:1039500010BD00F0F9F8002808BF10BD012802D002
:1039600002289ED010BD0B480A21417401218170AC
:10397000FFF774FABDE81040FFF770BA0548017808
:10398000012902D1002101704174BDE81040FFF708
:1039900027BD000040000020010004484FF0100146
:1039A00001D0FFF7ABB8FFF713B9000000100140DA
:1039B000010004484FF0800101D0FFF79FB8FFF7E6
:1039C00007B9000000080140144A10B51078144CE3
:1039D00001280CD1002010709178491CC9B2917057
:1039E00001290FD0907020212046FFF787F805F0BD
:1039F000C1F900284FF0800120460AD0BDE81040F0
:103A0000FFF77CB8FFF74EF920212046FFF7E0F8DA
:103A1000EDE7BDE81040FFF7DBB80000160000201E
:103A200000080140010004484FF0010101D0FFF7F8
:103A300065B8FFF7CDB80000000C01400449012033
:103A40000870AFF207024FF47A7104F037BC00003F
:103A50001600002010B501210348FEF7B7FF00282B
:103A60000CBF0120002010BD000801402DE9F041ED
:103A70000B2000F01BFD0746092000F01DFD064647
:103A8000012000F003FD2E4C002520B9A5710D206A
:103A900004F00AFC6570A179A9B1012928D0022996
:103AA00018BFBDE8F08147F004010B2000F020FDB5
:103AB0000121002000F006FD16F0020F3CD0FFF7B8
:103AC000C9FF48B338E0042000F0F0FC05460420AC
:103AD00000F0F2FC854288BFBDE8F0810120A071B2
:103AE000BDE8F041174A40F6B8310D2004F0E6BBBE
:103AF0006078012818BFBDE8F0816570042000F0EF
:103B0000D5FC0646042000F0D7FC86429EBF02206A
:103B1000A071BDE8F0810FE0002002F0F9F900216A
:103B2000012000F0CFFC02210A2000F0E1FC00207F
:103B3000FDF7C2FB00F020FCA571BDE8F08100009C
:103B4000CC020020F191000810B5A9488CB0C07BD0
:103B50000A2833D2DFE800F00519354761A0BDDF40
:103B6000FDFC00F04BFD1921A2A004F05FFBA04C6E
:103B700000204FF496716070A54A0F2004F09EFB60
:103B80000120E0730CB0002010BD00F02BFD0028D8
:103B900004BF0CB010BD9F4C206801F0C9F901466C
:103BA0009D482268FEF700FA9CA19B48FCF734FB75
:103BB000002800F016818E490220C8730CB0002046
:103BC00010BD00F01BFD1E2195A004F02FFB884CBA
:103BD00000204FF4967160708D4A0F2004F06EFB48
:103BE000032000F096B800F0FDFC002804BF0CB0E4
:103BF00010BD884C206801F09BF901468648226878
:103C0000FEF7D2F985A18448FCF706FB002800F0F6
:103C1000E88077490420C873D0E700F0EFFC0F215B
:103C200087A004F003FBC621B820CDE90001EA23F8
:103C3000312287A102A804F073FB02A8FCF708FB5D
:103C400081B202A804F0F2FA42F6483284A102A836
:103C500004F066FB02A8FCF7FBFA81B202A804F0AC
:103C6000E5FA02217FA004F0E1FA10217E4804F079
:103C7000DDFA02217DA004F0D9FA13217CA004F022
:103C8000D5FA5B4C002041F288316070604A0F2009
:103C900004F014FB05203CE000F0A4FC002804BF65
:103CA0000CB010BD5B4C206801F042F901465A4847
:103CB0002268FEF779F973A15748FCF7ADFA18B1FD
:103CC0004B490620C87379E70F2174A004F0AEFABF
:103CD00087E000F093FC1D2174A004F0A7FA624A6B
:103CE0007AA102A804F01CFB02A8FCF7B1FA81B289
:103CF00002A804F09BFA052175A004F097FA3C4C49
:103D0000002041F288316070414A0F2004F0D6FA59
:103D10000720E07352E700F065FC002804BF0CB0F8
:103D200010BD3C4C206801F003F901463A48226876
:103D3000FEF73AF939A13848FCF76EFA044666A155
:103D40003548FCF769FA002C18BF002849D001E07B
:103D500025E003E026490820C8732FE700F04EFC59
:103D60001A2160A004F062FA3F4A58A102A804F0A8
:103D7000D7FA02A8FCF76CFA81B202A804F056FA4E
:103D8000052153A004F052FA194C002041F2883169
:103D900060701F4A0F2004F091FA0920B9E700F083
:103DA00021FC002804BF0CB010BD1A4C206801F0A3
:103DB000BFF8014618482268FEF7F6F817A1164822
:103DC000FCF72AFA044644A11348FCF725FA002C14
:103DD00018BF002805D006490020C8730CB0012088
:103DE00010BD03490020C8730CB0022010BD0000B4
:103DF0004000002041542B4D5154544346473D222E
:103E0000636163686564222C302C310D0A00000068
:103E10001D4600083C0000200C1100204F4B000004
:103E200041542B4D5154544346473D226B656570B8
:103E3000616C697665222C302C3132300D0A00001D
:103E400041542B4D515454434F4E4E3D302C220083
:103E500025642E25642E25642E2564222C00000066
:103E6000256400002C22000004000020222C000009
:103E70002275736572222C22302E3132333435365E
:103E8000220D0A002B4D5154545552433A202263BF
:103E90006F6E6E222C302C300000000041542B4DF0
:103EA000515454444953433D300D0A0041542B4D65
:103EB0005154545355423D302C226D6F64627573DA
:103EC0005F636F6E74726F6C2F00000025730000CB
:103ED000222C300D0A0000002B4D515454535542F2
:103EE0003A20300041542B4D5154545355423D30EB
:103EF0002C226D6F646275735F74696D652F0000AD
:103F0000FEE700002DE9F047FF4E0024DFF8FC83B8
:103F1000B0889AB027460228C0F01F82811E404612
:103F200004F0E2FEB0883278404410F8011C91425F
:103F300040F0138210F8020C7178884240F00D8234
:103F400098F8032098F8023006F1060A02EB0322E3
:103F500095B298F80010BAF8002098F801008A424B
:103F600040F0FB8108F5FA79052854D00BDC6F4648
:103F7000012810D00522032800F07F81042800F0DA
:103F8000B08100F0EAB9062800F00A81102800F09C
:103F9000308100F0E2B9042D00F2DF8198F80520AD
:103FA00098F8043002EB032292B25319052B00F269
:103FB000D4818DF800108DF80100D11D01200F294A
:103FC00005D312F0070F14BF00EBD200D0088DF814
:103FD000020010F0FF0F1CBF7088E8400AD0E1001B
:103FE00020FA01F13A19D170611CCCB29DF802108F
:103FF000A142F4D89DF80200401DC4B2A11E38466B
:1040000004F072FE3819717800F8021C317800F85B
:10401000011C00F063B998F8052098F80430072DCA
:1040200002EB032294B200F298818DF800108DF813
:104030000100280A8DF80200200A8DF804008DF88E
:1040400003508DF805400621684604F04DFE707857
:104050008DF8060030788DF80700082D28D2DFE8AB
:1040600005F0041751276D27737EB4F57F4F40F09C
:10407000358105F027F9BFF34F8FA5480168A54AA0
:1040800001F4E06111430160BFF34F8F00BFFDE712
:10409000022000F0FBF9002840F02081032000F00E
:1040A000F5F9012840F01A81B4F57F4F05D0BCB175
:1040B000002F40F0528100F011B9002000F0E6F925
:1040C000002840F00B810121084600F0FBF9012196
:1040D0000846FDF7CBFD012001F01AFF01200EE09C
:1040E0000021012000F0EEF900210120FDF7BEFDC6
:1040F0000A20A9F81400002001F00AFF0020FDF7B3
:10410000DBF8EBE0B4F57F4F01D04CB110E00121BA
:10411000022000F0D7F901210220FDF7A7FD07E0FA
:104120000021022000F0CEF900210220FDF79EFDC3
:10413000022000F0ABF9FDF743F8CFE0B4F57F4F74
:1041400008BFFDF711FFC9E0B4F57F4F7DD1002115
:10415000084600F0B7F90020A9F81600BEE0B4F553
:104160007F4F01D074B1B9E00121042000F0AAF919
:1041700001210420FDF77AFD042000F087F9FCF707
:10418000E3FFABE00021042000F09CF900210420B3
:10419000FDF76CFD042000F079F9FCF7D5FF9DE0F8
:1041A00098F8052098F80430212D02EB032294B2F0
:1041B00062D88DF800108DF80100280A8DF80200F1
:1041C000200A8DF80400EFB28DF803708DF80540D9
:1041D0000621684604F088FD70788DF80600307876
:1041E0008DF8070000F0C8F82AF81540012138467C
:1041F00040E098F8052098F80430212D02EB0322C6
:1042000092B29CBFAB18222B36D8002A0ED908EBED
:10421000440393F808C0DB790CEB032304EB050C93
:104220002AF81C30631CDCB2A242F0D88DF80010D2
:104230008DF80100280A8DF80200ECB2100A8DF802
:1042400003408DF80400D5B200E047E08DF805503A
:1042500098F806008DF806000721684604F044FD32
:1042600070788DF8070030788DF8080000F084F839
:1042700029462046FDF7FDFC6FE098F8053098F8D8
:1042800004C0212D03EB0C239BB29CBF03EB050C58
:10429000BCF1220F61D88DF800108DF80100580094
:1042A0008DF80200281907EB44013AF810004FEA94
:1042B000102C81F803C00871601CC4B29C42F1D973
:1042C00002EB4300C4B2A11E384604F00DFD3819BC
:1042D000717800F8021C317800F8011C00F04CF8ED
:1042E0003BE098F8053098F804C00D2D03EB0C2343
:1042F0009BB29CBF05EB030CBCF10E0F2DD88DF8C3
:1043000000108DF8010007E05C000020121700206B
:104310000CED00E00400FA0558008DF802002819A1
:1043200007EB440139F810004FEA102C81F803C064
:104330000871601CC4B29C42F1D902EB4300C4B2C4
:10434000A11E384604F0D0FC3819717800F8021C20
:10435000317800F8011C00F00FF80020B288014607
:10436000002A05D908F80010401C80B28242F9D812
:10437000B1801AB0BDE8F08770B53C4EADF5C36DA5
:10438000B51F30788DF8F00301208DF8F1038DF81A
:10439000F203A8788DF8F3030421FCA804F0A4FC30
:1043A00068788DF8F40328788DF8F50330788DF867
:1043B000F60303208DF8F70344208DF8F80300205E
:1043C000FCAC36F8101004EB40020B0A401C537290
:1043D000C0B291722228F4D94721A01D04F084FCB8
:1043E00068788DF83D0428788DF83E0430788DF893
:1043F0003F0404208DF840041C208DF841041C4B20
:10440000002004EB400233F81010401C4FEA112C3E
:1044100082F852C0C0B282F853100E28F1D91F2181
:1044200004F1510004F060FC68788DF85E0428788F
:104430008DF85F0470240F4A0FA10DF2E45003F0D1
:104440006FFF224602A9FCA8FEF766FD04460DF2A6
:10445000E450FBF7FDFE82B202AB0DF2E451012005
:10446000009401F05FFE0DF5C36D70BD6200002089
:1044700006190020040000206D6F646275735F737D
:1044800074617475732F2573000000000F2884BFBA
:1044900000207047012101FA00F0034949880840D3
:1044A00018BF0120704700005C000020014931F86E
:1044B0001000704706190020014931F810007047BC
:1044C000620000200F2888BF7047012202FA00F026
:1044D0000129064A04BF5188084305D0002906BFB8
:1044E000518821EA00007047508070475C0000202E
:1044F000014A22F81010704706190020014A22F8DC
:1045000010107047620000202DE9F0470446002596
:10451000314E9CB00F460120AAB1012A1CBF1CB02D
:10452000BDE8F08770700120FCF789FE35703A46CF
:1045300021462A48FCF718FB29490880FFF7E2FCCE
:104540001CB0BDE8F08770700120FCF778FE357074
:10455000206802908DF80C5002A8FBF780FE1FFA2D
:1045600080FAA088ADF808008DF80A5002A8FBF781
:1045700076FE00F0FF09E088ADF808008DF80A50DB
:1045800002A8FBF76CFE00F0FF082089ADF80800D8
:104590008DF80A5002A8FBF762FEC7B26089ADF839
:1045A00008008DF80A5002A8FBF759FEC6B2A08990
:1045B000ADF808008DF80A5002A8FBF750FEC0B213
:1045C000CDE900603B4642464946504601F0D0FDE9
:1045D0001CB0BDE8F0870000C802002012170020C0
:1045E0006000002004494878002808BF7047012077
:1045F00000224A7070470000400000200020054A59
:1046000001461154401C80B2B0F57A7FF9D30248BC
:10461000C18270470C110020400000200149012098
:104620004870704740000020704738B535208DF83D
:10463000000000248DF801408DF8024001258DF81E
:104640000350684600F032F826208DF800008DF8FF
:1046500001408DF802408DF80350684600F026F8BE
:1046600027208DF800008DF801408DF802408DF86C
:104670000350684600F01AF834208DF8000002203C
:104680008DF801008DF802408DF80350684600F067
:104690000DF808208DF800008DF801408DF80250CB
:1046A0008DF80350684600F001F838BD70B5044637
:1046B000C0780F25002818BF012804D07D2223A12F
:1046C0002FA004F0A3FA6078102804D37E221FA143
:1046D0003A4804F09BFAA078102804D37F221BA14B
:1046E000374804F093FAE078012210B335480068A7
:1046F000637800F4E060C0F5E060000AC0F10401F6
:1047000003FA01F1A37825FA00F018400843217854
:10471000000101F1E02181F80004207800F01F0180
:1047200002FA01F14009800000F1E020C0F8001118
:1047300070BD207800F01F0102FA01F140098000ED
:1047400000F1E020C0F8801170BD00002E2E5C66E4
:1047500069726D776172655C6E3332673435785F8C
:104760007374645F7065726970685F64726976659E
:10477000725C7372635C6D6973632E63000000008A
:1047800049535F46554E4354494F4E414C5F535435
:10479000415445284E5649435F496E6974537472BB
:1047A0007563742D3E4E5649435F495251436861CB
:1047B0006E6E656C436D642900000000C8BB000884
:1047C00084BB00080CED00E010B50446B0F5E06FC6
:1047D00018BFB4F5C06F0CD0B4F5A06F1CBFB4F512
:1047E000806FB4F5407F04D06C2205A111A004F0C5
:1047F0000DFA1B4944F0FD7040F08060086010BD68
:104800002E2E5C6669726D776172655C6E333267FD
:104810003435785F7374645F7065726970685F6463
:1048200072697665725C7372635C6D6973632E6323
:104830000000000049535F4E5649435F5052494FB4
:10484000524954595F47524F5550284E5649435F7D
:104850005072696F7269747947726F7570290000C0
:104860000CED00E02DE9F0410B20FFF71FFE07469D
:104870000920FFF721FE304C0646E17939B30025C7
:1048800001293ED0022946D0032918BFBDE8F08196
:1048900047F008010B20FFF72BFE01210020FFF756
:1048A00011FE16F0040F0FD0002001F031FB0021A3
:1048B0000120FFF707FE03210A20FFF719FE002061
:1048C000FCF7FAFCFFF758FDE571BDE8F081052023
:1048D000FFF7ECFD00EB800045000520FFF7ECFD45
:1048E00000EB8000B5EB400F38BFBDE8F081012040
:1048F000E071BDE8F041114A4FF4FA610E2003F077
:10490000DDBCA078012806BFA5700220BDE8F081BB
:10491000E071BDE8F0810520FFF7C8FD00EB8000E5
:1049200046000520FFF7C8FD00EB8000B6EB400F06
:1049300028BF0320ECD2C7E7CC020020B9920008C0
:104940002DE9F0410B20FFF7B1FD07460920FFF7E5
:10495000B3FD2B4C0646217A39B30025012939D005
:1049600002293ED0032918BFBDE8F08147F040017D
:104970000B20FFF7BDFD01210020FFF7A3FD16F07E
:10498000100F0FD0002001F0C3FA00210120FFF723
:1049900099FD06210A20FFF7ABFD0020FCF78CFCF7
:1049A000FFF7EAFC2572BDE8F0810720FFF77EFDE6
:1049B00005460820FFF780FD854238BFBDE8F0813D
:1049C00001202072BDE8F0410E4A4FF4FA61102038
:1049D00003F074BC2079012804BF25712572BDE85D
:1049E000F0810720FFF762FD06460820FFF764FD0F
:1049F000864224BF03202072D4D3BDE8F08100009A
:104A0000CC020020A19200082DE9F0410B20FFF715
:104A10004DFD06460920FFF74FFD2B4C05466179F9
:104A200039B30027012939D0022941D0032918BF01
:104A3000BDE8F08146F002010B20FFF759FD01218E
:104A40000020FFF73FFD15F0010F0FD0002001F00F
:104A50005FFA00210120FFF735FD01210A20FFF751
:104A600047FD0020FCF728FCFFF786FC6771BDE8D6
:104A7000F0810420FFF71AFD05460320FFF71CFD17
:104A8000854238BFBDE8F08101206071BDE8F0418A
:104A90000E4A4FF4FA610C2003F010BC2078012874
:104AA00006BF27700220BDE8F0816071BDE8F0818B
:104AB0000420FFF7FBFC05460320FFF7FDFC8542C1
:104AC00028BF0320F1D2D1E7CC0200209592000844
:104AD00010B5040018BF012C04D0862203A111A038
:104AE00004F094F81648046210BD00002E2E5C6697
:104AF00069726D776172655C6E3332673435785FE9
:104B00007374645F7065726970685F6472697665FA
:104B1000725C7372635C6E3332673435785F7077C2
:104B2000722E630049535F46554E4354494F4E41E0
:104B30004C5F535441544528436D642900000000E4
:104B400000000E42014880787047000040000020BD
:104B500070B51D4C0025E07A10B1012813D010E08B
:104B60002079401C2071FFF749FD0B2117A003F0AD
:104B70005DFB64216570184A0F2003F09FFB012044
:104B8000E072002070BDFFF72DFD002808BF70BD4A
:104B9000124E306800F0CCF9014611483268FDF73A
:104BA00003FA10A10E48FBF737FB18B1E572257127
:104BB000012070BD20795A2898BFE572E1D925718E
:104BC000E572022070BD00004000002041542B43DC
:104BD000474154543F0D0A001D4600083C00002088
:104BE0000C1100202B43474154543A20310000005F
:104BF00070B51D4C0025A07A10B1012813D010E02B
:104C00002079401C2071FFF7F9FC0B2117A003F05D
:104C10000DFB64216570184A0F2003F04FFB012043
:104C2000A072002070BDFFF7DDFC002808BF70BD3A
:104C3000124E306800F07CF9014611483268FDF7E9
:104C4000B3F910A10E48FBF7E7FA18B1A572257168
:104C5000012070BD20795A2898BFA572E1D925712D
:104C6000A572022070BD00004000002041542B437B
:104C7000455245473F0D0A001D4600083C000020F4
:104C80000C1100202B43455245473A20302C31006F
:104C9000814810B5407A0A283AD2DFE800F00521B1
:104CA0003B4850617989B9CA7C4C206800F040F9D2
:104CB00001467B482268FDF777F9FFF79FFC042146
:104CC00078A003F0B3FA744C00204FF4FA616070DE
:104CD000764A0F2003F0F2FA01206072002010BD26
:104CE000FFF780FC002808BF10BD6C4C206800F066
:104CF0001FF901466A482268FDF756F96CA1684819
:104D0000FBF78AFA002800F0C2806349022048724B
:104D1000002010BD604C00204FF4FA616070634ABF
:104D20000F2003F0CBFA03206072002010BDFFF7C4
:104D300059FC0028ECD0584904204872E8E7FFF7F6
:104D40005DFC0A215BA003F071FA534C0020642142
:104D50006070564A0F2003F0B1FA05206072D7E761
:104D6000FFF740FC002808BF10BD4C4C206800F045
:104D7000DFF801464A482268FDF716F950A1484875
:104D8000FBF74AFA00287DD0434906204872BFE766
:104D9000FFF734FC0B214EA003F048FA3E4C0020F4
:104DA00064216070414A0F2003F088FA07203EE03A
:104DB000FFF718FC002808BF10BD384C206800F031
:104DC000B7F8014636482268FDF7EEF843A13448AB
:104DD000FBF722FA00285AD04249D0F80720C1F840
:104DE0009122D0F80B20C1F89522D0F80F20C1F8FD
:104DF0009922B0F81320A1F89D22407D81F89F02EE
:104E000001F52371002008752349082048727FE7C7
:104E1000FFF7F4FB0A2134A003F008FA1E4C00202F
:104E200064216070214A0F2003F048FA0920607263
:104E30006EE7FFF7D7FB002808BF10BD174C2068AE
:104E400000F076F8014616482268FDF7ADF829A172
:104E50001348FBF7E1F9A8B122498268C1F8A12201
:104E6000C268C1F8A5220269C1F8A9224269C1F845
:104E7000AD228069C1F8B10201F52371002081F8EB
:104E8000290000E003E004494872012010BD0249F6
:104E900000204872022010BD400000203C0000208D
:104EA0000C11002041540D0A000000001D460008AE
:104EB0004F4B000041542B4350494E3F0D0A000018
:104EC0002B4350494E3A20524541445900000000BE
:104ED00041542B4347534E3D310D0A002B4347535A
:104EE0004E3A20005C14002041542B49434349446E
:104EF0000D0A00002B49434349443A2000000000BA
:104F000070B5102004F090F904004FF0000508BFC0
:104F10002C4607D040F2DD50606004F085F9E56072
:104F2000A56020600148046070BD00003C000020C6
:104F30000146D1E90220801A44BF496808447047FD
:104F400010B504001CBF012C042C05D040F2033224
:104F50000AA118A003F05AFE1B48002180F8201077
:104F600080F82010012C08BF012103D0042C0CBFB5
:104F7000052110BD80F8201010BD00002E2E5C66AB
:104F800069726D776172655C6E3332673435785F54
:104F90007374645F7065726970685F647269766566
:104FA000725C7372635C6E3332673435785F726340
:104FB000632E630049535F5243435F4C534528526D
:104FC00043435F4C534529000010024010B50400D4
:104FD00018BFB4F5806F0DD0B4F5A06F1CBFB4F549
:104FE000C06FB4F5E06F05D040F2C31205A113A065
:104FF00003F00CFE1849486820F4E0602043486044
:1050000010BD00002E2E5C6669726D776172655C62
:105010006E3332673435785F7374645F70657269BC
:1050200070685F6472697665725C7372635C6E331C
:1050300032673435785F7263632E630049535F5281
:1050400043435F48434C4B5F444956285243435FB8
:1050500048434C4B290000000010024010B50446A4
:10506000B0F5807F1CBFB4F5007FB4F5407F05D05C
:1050700040F2333206A114A003F0C8FD1B48016AB8
:1050800021F440710162016A2143016210BD0000F8
:105090002E2E5C6669726D776172655C6E33326765
:1050A0003435785F7374645F7065726970685F64CB
:1050B00072697665725C7372635C6E333267343525
:1050C000785F7263632E630049535F5243435F52BC
:1050D0005443434C4B5F535243285243435F525413
:1050E00043434C4B536F75726365290000100240B7
:1050F00070B504460E480D46044200D12CB940F26A
:10510000FE320CA119A003F081FD214E002D04BF39
:10511000F069A04309D0012D05D040F2FF3205A16E
:105120001CA003F073FDF0692043F06170BD000026
:10513000003301412E2E5C6669726D776172655C89
:105140006E3332673435785F7374645F706572698B
:1051500070685F6472697665725C7372635C6E33EB
:1051600032673435785F7263632E630049535F5250
:1051700043435F415042315F5045524950482852A5
:1051800043435F41504231506572697068290000A5
:105190000010024049535F46554E4354494F4E411B
:1051A0004C5F535441544528436D6429000000006E
:1051B00070B504460E480D46044200D12CB940F2A9
:1051C000DF320CA119A003F021FD214E002D04BFF8
:1051D000B069A04309D0012D05D04FF4787205A124
:1051E0001CA003F013FDB0692043B06170BD000046
:1051F0000286E0FF2E2E5C6669726D776172655CD7
:105200006E3332673435785F7374645F70657269CA
:1052100070685F6472697665725C7372635C6E332A
:1052200032673435785F7263632E630049535F528F
:1052300043435F415042325F5045524950482852E3
:1052400043435F41504232506572697068290000E3
:105250000010024049535F46554E4354494F4E415A
:105260004C5F535441544528436D642900000000AD
:1052700010B5040018BF012C05D04FF4517203A1E2
:1052800010A003F0C3FC1648046010BD2E2E5C660F
:1052900069726D776172655C6E3332673435785F41
:1052A0007374645F7065726970685F647269766553
:1052B000725C7372635C6E3332673435785F72632D
:1052C000632E630049535F46554E4354494F4E4148
:1052D0004C5F535441544528436D6429000000003D
:1052E0003C044242324B30B45968324A11405A6849
:1052F00011F0006F02F480320CBF4FF0020C6FF41B
:10530000F77C0CEB9141002A04BF2B4A514306D095
:105310005A6812F4003F14BF274A284A51435A687A
:10532000DFF898C012F00C0218BF042A03D0082A34
:1053300008BF016001D0C0F800C05A684FF00F0CE0
:105340001F4D0CEA1212D0F800C0AA5C2CFA02F22F
:105350004260D3F804C0072404EA1C2C15F80CC0E2
:1053600022FA0CFCC0F808C0D3F804C004EADC2C14
:1053700015F80CC022FA0CFCC0F80CC0D3F82CC0F5
:1053800005F110040CF00F0C14F80CC0B2FBFCF289
:105390004261DA6A1F2303EA121202F00F0204F1DB
:1053A000100333F81220B1FBF2F1016130BC7047F9
:1053B0000010024000003C0800093D0000127A0085
:1053C0001A93000870B500250446212818BF312C17
:1053D00021D0392C18BF412C1DD0612C18BF732C43
:1053E00019D0742C18BF752C15D0772C18BF792CB8
:1053F00011D07A2C18BF7B2C0DD07C2C18BF7D2CA3
:1054000009D07E2C18BF7F2C05D040F2E3420CA1BE
:1054100019A003F0FBFB60091D49012808BF0868BB
:1054200003D002280CBF086A486A04F01F01012259
:1054300002FA01F1014218BF0125284670BD0000A3
:105440002E2E5C6669726D776172655C6E333267B1
:105450003435785F7374645F7065726970685F6417
:1054600072697665725C7372635C6E333267343571
:10547000785F7263632E630049535F5243435F4614
:105480004C4147285243435F464C414729000000A6
:105490000010024038B503F0EBFC4FF40060ADF8AB
:1054A000000010208DF803000120064C8DF802004A
:1054B00069462046FDF778F9E1142046FDF71EFB0A
:1054C00038BD00000008014002F06CBE00210A282F
:1054D00005D3491C0A38C0B2C9B20A28F9D2090753
:1054E00040EA11607047000070B50026674D0C4619
:1054F00000282AD0012805D04FF4E37264A172A0DD
:1055000003F084FB286810F0400F00F07F802078C3
:10551000010901EB810100F00F0000EB4100C0B276
:10552000401E0B2805D94FF4EE7259A16DA003F06F
:105530006DFBE078002818BF402800F0798040F229
:10554000DD1253A16EA000F071B8286810F0400F72
:1055500013D02078401E0B2805D94FF4E6724CA1D9
:105560006FA003F053FBE078002818BF40280ED04E
:1055700040F2CD1246A162A007E0E670207817281D
:1055800005D94FF4E97242A16FA003F03FFB6078A8
:105590003B2805D94FF4EA723DA175A003F036FB14
:1055A000A0783B2805D940F2D51239A17AA003F0A2
:1055B0002DFB2078FFF78AFF06046078FFF786FF4F
:1055C00046EA0026A078FFF781FFE178304340EA01
:1055D00001437B4CCA2020605320206000F04CF92E
:1055E00070B178487849184008607848016821F01F
:1055F00080010160286810F0200F08BF00F056FC01
:10560000FF202060BDE8704000F050BCE6702078BC
:10561000010901EB810100F00F0000EB4100C0B275
:10562000172805D94FF4F17219A169A003F0EEFA19
:105630006078010901EB810100F00F0000EB4100EF
:10564000C0B23B2805D94FF4F27211A16EA003F04D
:10565000DDFAA078010901EB810100F00F0000EBF9
:105660004100C0B23B2805D940F2E51208A174A060
:1056700003F0CCFAA0782178E27840EA0140617822
:10568000090241EA024140EA0103A2E7082800407A
:105690002E2E5C6669726D776172655C6E3332675F
:1056A0003435785F7374645F7065726970685F64C5
:1056B00072697665725C7372635C6E33326734351F
:1056C000785F7274632E630049535F5254435F46A0
:1056D0004F524D4154285254435F466F726D61746E
:1056E0002900000049535F5254435F3132484F55FF
:1056F0005228746D70726567697374657229000051
:1057000049535F5254435F483132285254435F54E7
:10571000696D655374727563742D3E48313229008A
:1057200049535F5254435F3132484F5552285254C7
:10573000435F54696D655374727563742D3E486F91
:10574000757273290000000049535F5254435F3261
:1057500034484F5552285254435F54696D65537411
:10576000727563742D3E486F7572732900000000D6
:1057700049535F5254435F4D494E55544553285247
:1057800054435F54696D655374727563742D3E4D57
:10579000696E75746573290049535F5254435F53B2
:1057A00045434F4E4453285254435F54696D6553EB
:1057B00074727563742D3E5365636F6E6473290054
:1057C000242800407F7F7F00002800400C280040F4
:1057D00049535F5254435F3234484F555228525414
:1057E000435F42636432546F427974652852544374
:1057F0005F54696D655374727563742D3E486F759F
:10580000727329290000000049535F5254435F4DD1
:10581000494E55544553285254435F4263643254B1
:105820006F42797465285254435F54696D655374AF
:10583000727563742D3E4D696E7574657329290008
:1058400049535F5254435F5345434F4E445328528C
:1058500054435F42636432546F42797465285254F2
:10586000435F54696D655374727563742D3E53655F
:10587000636F6E647329290081B00F490020009086
:10588000086810F0400F04BF8020086010D108683D
:10589000009A00F04000521C0092B2F5005F01D067
:1058A0000028F4D0086810F0400004BF01B0704731
:1058B000012001B0704700000C28004070B50C4674
:1058C000050018BF012D05D04FF4377218A126A08E
:1058D00003F09CF92B48006820F0C00121F07F41C3
:1058E0000B0CC1F30422E37001F03F006270A07062
:1058F000C1F342312170002D18BF70BD190901EBB1
:10590000810103F00F0303EB4101E170110901EB89
:10591000810102F00F0202EB41016170010901EB0C
:10592000810100F00F0000EB4100A07070BD00008D
:105930002E2E5C6669726D776172655C6E333267BC
:105940003435785F7374645F7065726970685F6422
:1059500072697665725C7372635C6E33326734357C
:10596000785F7274632E630049535F5254435F46FD
:105970004F524D4154285254435F466F726D6174CB
:10598000290000000428004070B50C46050018BF2F
:10599000012D05D040F23D2218A126A003F036F9D2
:1059A0002B4800682B494FF0400C0140C1F30542E1
:1059B000C1F30623227001F07F006370A0700CEA2F
:1059C0001141E170002D18BF70BD110901EB81017B
:1059D00002F00F0202EB41012170190901EB810174
:1059E00003F00F0202EB41016170010901EB81013B
:1059F00000F00F0000EB4100A07070BD2E2E5C6621
:105A000069726D776172655C6E3332673435785FC9
:105A10007374645F7065726970685F6472697665DB
:105A2000725C7372635C6E3332673435785F7274A4
:105A3000632E630049535F5254435F464F524D41BA
:105A400054285254435F466F726D61742900000000
:105A5000002800407F7F7F0070B505460026006863
:105A60003446402818BF002804D0C7221EA12CA00D
:105A700003F0CCF868687F2804D9C8221AA135A0A1
:105A800003F0C4F8A868B0F5004F04D3C92216A1EA
:105A90003EA003F0BBF84B4BCA201860532018609F
:105AA000FFF7EAFEB0B14848016821F0400101600B
:105AB00001682A68114301604448A96801600168CF
:105AC000AA8841EA02410160001F016821F08001BB
:105AD00001600126FF20186040F2FF20641C844210
:105AE000FCD3304670BD00002E2E5C6669726D7767
:105AF0006172655C6E3332673435785F7374645FEE
:105B00007065726970685F6472697665725C7372E1
:105B1000635C6E3332673435785F7274632E630072
:105B200049535F5254435F484F55525F464F524D61
:105B30004154285254435F496E69745374727563BB
:105B4000742D3E5254435F486F7572466F726D619B
:105B50007429000049535F5254435F5052454449F1
:105B6000565F4153594E4348285254435F496E692A
:105B7000745374727563742D3E5254435F4173794C
:105B80006E636850726564697629000049535F52FC
:105B900054435F5052454449565F53594E43482839
:105BA0005254435F496E69745374727563742D3E29
:105BB0005254435F53796E63685072656469762905
:105BC0000000000024280040082800401028004061
:105BD00070B50C46050000F05F80012D05D040F245
:105BE000722256A163A003F011F8E078010901EBDD
:105BF000810100F00F0000EB4100C0B2632805D91D
:105C00004FF420724DA162A003F000F86078010902
:105C100001EB810100F00F0000EB4100C0B2401E1B
:105C20000B2805D940F2822244A166A002F0EEFFC3
:105C3000A078010901EB810100F00F0000EB4100A9
:105C4000C0B2401E1E2805D94FF421723BA164A0AA
:105C500002F0DCFF2178012918BF02290ED00329A8
:105C600018BF04290AD005291CBF0629072905D019
:105C700040F2862231A161A002F0C8FF002D2FD092
:105C8000A078E178227840EA01406178090241EA8F
:105C9000423140EA010333E0607810F0100F03D086
:105CA00020F010000A306070E078632805D940F2D7
:105CB0007A2222A15BA002F0A9FF6078401E0B2887
:105CC00005D940F27B221DA15FA002F09FFFA078C2
:105CD000401E1E28BED94FF41F7218A163A0B7E75B
:105CE000E078FFF7F3FB05046078FFF7EFFB45EA88
:105CF0000025A078FFF7EAFB2178284340EA4133EA
:105D0000634CCA20206053202060FFF7B5FD78B1B6
:105D1000604823F0C00101605F48016821F0800104
:105D20000160001F006810F0200F08BF00F0BEF8EF
:105D3000FF202060BDE8704000F0B8B82E2E5C66F1
:105D400069726D776172655C6E3332673435785F86
:105D50007374645F7065726970685F647269766598
:105D6000725C7372635C6E3332673435785F727461
:105D7000632E630049535F5254435F464F524D4177
:105D800054285254435F466F726D617429000000BD
:105D900049535F5254435F59454152285254435F1F
:105DA00042636432546F42797465285254435F44AD
:105DB0006174655374727563742D3E5965617229FF
:105DC0002900000049535F5254435F4D4F4E5448E1
:105DD00028746D70726567697374657229000000BC
:105DE00049535F5254435F4441544528746D707267
:105DF00065676973746572290000000049535F523A
:105E000054435F5745454B444159285254435F44DE
:105E10006174655374727563742D3E5765656B4488
:105E20006179290049535F5254435F5945415228D3
:105E30005254435F446174655374727563742D3EAC
:105E4000596561722900000049535F5254435F4D08
:105E50004F4E5448285254435F44617465537472E2
:105E60007563742D3E4D6F6E7468290049535F52FF
:105E700054435F44415445285254435F4461746520
:105E80005374727563742D3E44617465290000007B
:105E900024280040042800400C2800400021016014
:105EA0007F214160FF2181607047000081B00020A8
:105EB0000F4B0090CA201860532018600D490868E5
:105EC00020F0200008600868009A00F02000521CB2
:105ED0000092B2F5004F01D00028F4D0086810F00D
:105EE000200018BF0120FF21196001B07047000099
:105EF000242800400C280040044901200870AFF21B
:105F000007024FF47A71042002F0D8B92C00002067
:105F100010B5164C10B101280ED01AE04FF4004114
:105F20002046FCF755FE4FF480412046FCF7E6FD85
:105F3000142002F0F5FE0CE04FF480412046FCF7FF
:105F400047FE4FF400412046FCF7D8FD142002F034
:105F5000E7FE4FF400412046FCF7D0FD2046BDE8A7
:105F600010404FF48041FCF7C9BD0000000C014017
:105F7000F8B54FF40040ADF8000010250E4E8DF836
:105F8000035003248DF8024069463046FCF70CFCB0
:105F9000E9023046FCF71CFEA902ADF800108DF8AE
:105FA00003508DF8024069463046FCF7FDFBA9021C
:105FB0003046FCF70DFEF8BD000C014010B5012184
:105FC00086B00807FFF794F80121C806FFF790F89C
:105FD0000120FEF77DFD0420FAF7FAFDA0F5A0618F
:105FE000053904BF06B010BD4FF48070FFF736F8D6
:105FF0000120FEF7A5FF4120FFF7E4F90028FAD0C1
:106000000120FFF735F97F200190FF200024029046
:1060100000946846FFF742FF6846FFF71DFD014602
:1060200011A002F06DF919208DF8130001208DF8F0
:1060300011008DF8120003208DF80D408DF810002E
:106040008DF80E408DF80C4004A90020FFF7C0FD2C
:1060500003A90020FFF748FA40F205510420FAF79F
:1060600041FE06B010BD0000525443B3F5CABCBB9C
:10607000AF25640D0A00000070B51D4C0025207B83
:1060800010B1012813D010E02079401C2071FEF7D8
:10609000B5FA1F2117A002F0C9F8642165701D4AE6
:1060A0000F2002F00BF901202073002070BDFEF7D5
:1060B00099FA002808BF70BD174E3068FEF738FF08
:1060C000014616483268FBF76FFF15A11348FAF72F
:1060D000A3F800281EBF2573012070BD20790A286F
:1060E00098BF2573E1D925712573022070BD00008A
:1060F0004000002041542B5149435347503D312C1F
:10610000312C22434D4E4554222C22222C22222C6B
:10611000310D0A001D4600083C0000200C11002033
:106120004F4B00002DE9F0410E4E069D8846F07061
:106130001F4614467282C8210B48FAF762F82246BD
:1061400041460948FAF744F82C46B5824FF47A7173
:106150000648FAF756F822463946BDE8F0410348AA
:10616000FAF736B8400000205C0C0020240D002017
:1061700070B582B0A0F5FA60C0B2DDE906458DF8D1
:1061800003008DF801101E468DF8022002F056FD26
:106190008DF804608DF800008DF805408DF80650EC
:1061A00069460020FFF714FD01A90020FFF79CF9C4
:1061B00002B070BD042808D010F1050F08BF704769
:1061C000CF2205A111A002F021BD4FF0E02001690E
:1061D00041F00401016170472E2E5C6669726D7793
:1061E0006172655C6E3332673435785F7374645FF7
:1061F0007065726970685F6472697665725C7372EB
:10620000635C6D6973632E630000000049535F5344
:1062100059535449434B5F434C4B5F534F55524383
:1062200045285379735469636B5F434C4B536F75C7
:106230007263652900000000704700004B4883B07E
:10624000016841F4700101604948016841F00101B1
:1062500001604268474911404160016821F4102102
:1062600021F080710160016821F4802101604168A2
:1062700021F47F0121F0006141600021C1620163CE
:106280004FF41F028260C26942F08052C2613A4AF2
:10629000D36843F00103D360C26922F08052C26127
:1062A000364A136843F09003136000918DF8041090
:1062B0000291016841F4803101600168C1F34041FD
:1062C0008DF804100299491C02919DF8041019B927
:1062D0000299B1F5004FF0D10168C1F340418DF84A
:1062E00004109DF8041000293BD0116821F007012B
:1062F0001160116841F0030111604168416041681B
:1063000041F400514160416841F4A061416041683D
:1063100021F47C1121F000614160416841F4803139
:1063200041F4003141F0026100914160016841F0A7
:1063300080710160016811F0007FFBD0416821F09D
:1063400003014160416841F002014160416801F090
:106350000C010829FAD10A494FF00060086003B027
:106360007047094907480860F5E7000088ED00E03C
:106370000010024000C0FFF8007000400020024002
:1063800008ED00E000127A00000000200349002020
:10639000087010210248FCF71BBC000028000020F8
:1063A000000C0140074910B5012008701021064873
:1063B000FCF7A4FBBDE81040044A4EF66021112012
:1063C00001F07CBF28000020000C01408D63000814
:1063D0002DE9F047DFF894900D4607461C46164617
:1063E0004FF02A084FF480714846FCF787FB40467F
:1063F00000F060FC4FF480714846FCF7E9FB380A76
:1064000000F058FCF8B200F055FC300A00F052FCE5
:10641000F0B200F04FFC2B264FF480714846FCF799
:106420006DFB304600F046FC4FF480714846FCF7A7
:10643000CFFB280A00F03EFCE8B200F03BFC200A4B
:1064400000F038FCE0B200F035FC2C244FF48071F1
:106450004846FCF753FB204600F02CFC4846BDE8BC
:10646000F0474FF48071FCF7B3BB0000000C014013
:106470002DE9F04F0026A2EB00085F1A85B03546E3
:1064800082468946B8F1000FC8BF012007DC0FBF64
:1064900000204FF0FF30C8F10008019000D10190BA
:1064A000002FC8BF012006DC0FBF00204FF0FF30D7
:1064B0007F42009000D10090B845CCBF44463C4696
:1064C0004FF0000B601C03900028DCBF05B0BDE856
:1064D000F08F0E98000A02901FFA8AF01FFA89F1D5
:1064E000DDF838C00B460246CDF810C0FFF770FF4C
:1064F000029800F0DFFBDDF810C00CF0FF0000F0A8
:10650000D9FB46443D44A64202DD0198361B824435
:10651000A54202DD00982D1B81440BF101001FFAFA
:1065200080FB03988345D7DB05B0BDE8F08F2DE9EC
:10653000F04781469846581E83B21746501E82B2D5
:106540000D464846089EFFF743FF454534BF4FEAD6
:10655000162ABDE8F0874C46B94509D2504600F0EE
:10656000A9FBF0B200F0A6FB601C84B2BC42F5D3DC
:10657000681C85B24545EED3BDE8F087F8B54FF409
:106580007C70ADF8000010208DF803000320F64E5B
:106590008DF8020069463046FCF706F90121092012
:1065A000FEF706FE0121F148FBF7AEFD71153046FE
:1065B000FCF7A4FA6423002246F2A811491EFDD17B
:1065C000521C9A42F8D34FF400713046FCF700FB9E
:1065D0006423002246F2A811491EFDD1521C9A42A2
:1065E000F8D3E3490120087010213046FCF786FA01
:1065F000E04A4EF66021112001F060FE6420002286
:1066000046F2A811491EFDD1521C8242F8D3002443
:1066100036254FF480713046FCF770FA284600F0BA
:1066200049FB4FF480713046FCF7D2FA602000F04D
:1066300041FB3A254FF480713046FCF75FFA28465B
:1066400000F038FB4FF480713046FCF7C1FA0520AA
:1066500000F030FBB2254FF480713046FCF74EFA63
:10666000284600F027FB4FF480713046FCF7B0FA63
:106670000C2000F01FFB0C2000F01CFB002000F0A1
:1066800019FB332000F016FB332000F013FBB72575
:106690004FF480713046FCF731FA284600F00AFBCF
:1066A0004FF480713046FCF793FA352000F002FB7E
:1066B000BB254FF480713046FCF720FA284600F0E5
:1066C000F9FA4FF480713046FCF782FA192000F095
:1066D000F1FAC0254FF480713046FCF70FFA2846D6
:1066E00000F0E8FA4FF480713046FCF771FA2C2084
:1066F00000F0E0FAC2254FF480713046FCF7FEF955
:10670000284600F0D7FA4FF480713046FCF760FA63
:10671000012000F0CFFAC3254FF480713046FCF71A
:10672000EDF9284600F0C6FA4FF480713046FCF7C8
:106730004FFA122000F0BEFAC4254FF480713046A3
:10674000FCF7DCF9284600F0B5FA4FF480713046CA
:10675000FCF73EFA202000F0ADFAC6254FF4807118
:106760003046FCF7CBF9284600F0A4FA4FF48071CC
:106770003046FCF72DFA0F2000F09CFAD0254FF49C
:1067800080713046FCF7BAF9284600F093FA4FF4CE
:1067900080713046FCF71CFAA42000F08BFAA1208F
:1067A00000F088FAE0254FF480713046FCF7A6F936
:1067B000284600F07FFA4FF480713046FCF708FA63
:1067C000D02000F077FA042000F074FA0D2000F0D9
:1067D00071FA112000F06EFA132000F06BFA2B20F2
:1067E00000F068FA3F2000F065FA542000F062FAE9
:1067F0004C2000F05FFA182000F05CFA0D2000F049
:1068000059FA0B2000F056FA1F2000F053FA23200B
:1068100000F050FAE1254FF480713046FCF76EF934
:10682000284600F047FA4FF480713046FCF7D0F963
:10683000D02000F03FFA042000F03CFA0C2000F0D9
:1068400039FA112000F036FA132000F033FA2C2028
:1068500000F030FA3F2000F02DFA442000F02AFA30
:10686000512000F027FA2F2000F024FA1F2000F01A
:1068700021FA1F2000F01EFA202000F01BFA23202E
:1068800000F018FA21254FF480713046FCF736F9F4
:10689000284600F00FFA4FF480713046FCF798F963
:1068A00011254FF480713046FCF728F9284600F096
:1068B00001FA4FF480713046FCF78AF929254FF42C
:1068C00080713046FCF71AF9284600F0F3F94FF4CE
:1068D00080713046FCF77CF92A254FF480713046F0
:1068E000FCF70CF9284600F0E5F94FF480713046CA
:1068F000FCF76EF9002000F0DDF9002000F0DAF975
:10690000002000F0D7F9EF2000F0D4F92B254FF448
:1069100080713046FCF7F2F8284600F0CBF94FF4CE
:1069200080713046FCF754F9002000F0C3F90020D4
:1069300000F0C0F9002000F0BDF9C52000F0BAF960
:106940002C254FF480713046FCF7D8F8284600F02B
:10695000B1F94FF480713046FCF73AF9601CC4B2CB
:10696000022CFFF455AEF8BD000C014000023000CF
:10697000280000208D6300082DE9FF4F85B00746F1
:10698000DDF84C800C468B4618F0070018BF01203C
:1069900000EBD80000FB08F04FF000090090002841
:1069A0009CBF09B0BDE8F08F2D4800EB4210049069
:1069B0002C4800EBC21003900898000A029012982D
:1069C000000A0190B8F1100F08BF049806D0B8F182
:1069D000200F0EBF039809B0BDE8F08F10F80950E2
:1069E000002615F0800F0FD023463A461946104670
:1069F000DDF820A0FFF7ECFC029800F05BF90AF04C
:106A0000FF0000F057F90EE023463A4619461046BB
:106A1000DDF848A0FFF7DCFC019800F04BF90AF024
:106A2000FF0000F047F94FF6FF7000EA4505601CD3
:106A300084B2A4EB0B00404503D1781C5C4687B2BE
:106A400003E0701C86B2082ECBD309F101001FFAB7
:106A500080F900988145B5D309B0BDE8F08F0000FA
:106A60009EBA00089EAF00082DE9FF4F89B0054689
:106A7000DDF85CA000264FEA5A0901909B4619F008
:106A8000070018BF012000EBD90000FB0AF00290BC
:106A9000A2F12000C4B20A980A995044401E83B261
:106AA00005EB0900401E82B22846FFF791FC0298D0
:106AB0004FF0000800289CBF0DB0BDE8F08F3A49A8
:106AC00004EB440001EB80010791384901EB04110C
:106AD0000691374901EB001005901698000A0490C2
:106AE0004FEA1B200090BAF10C0F04BF079810F872
:106AF00008700DD0BAF1100F08BF069806D0BAF191
:106B0000180F0EBF05980DB0BDE8F08F10F8087093
:106B10000024189800284FF0010000FA04F000EA61
:106B2000070019D060B10A992A460B461046FFF7B4
:106B30004FFC009800F0BEF80BF0FF0000F0BAF830
:106B4000681C85B20198281A48451FD10A98019DF2
:106B5000401C80B20A901DE028B1009800F0AAF80D
:106B60000BF0FF0006E016980390049800F0A2F8DE
:106B70000398C0B200F09EF8701CC6B2B6FBF9F0E4
:106B800009FB1060002808BF002603D0601CC4B2B7
:106B9000082CBED308F101001FFA80F80298804546
:106BA000A1D30DB0BDE8F08F6A930008DE9700080E
:106BB000CE9D00082DE9FF4F83B04FF00008DDE9BE
:106BC00011961D0082464FEA5607444612BFA5F1B2
:106BD000010B07B0BDE8F08F0A23281B401EC2B28C
:106BE0000121501EC0B203D35943401EC0B2FBD294
:106BF0000598B0FBF1F01B49A1FB0021C9084942EF
:106C000001EB810100EB4100B8F1000F06D15C45BA
:106C100004DA002818BF4FF0010814D00021CDF885
:106C200000903030CDE90161C2B204FB07A080B210
:106C3000109B0499FFF718FF601CC4B2AC42CBD381
:106C400007B0BDE8F08F0020CDF80090CDE90160DD
:106C500004FB07A080B22022109B0499FFF704FFD9
:106C6000EAE70000CDCCCCCC2DE9F04784B0064655
:106C7000DDE90D571078DDF83080994614468A46D4
:106C8000002804BF04B0BDE8F087CDF80080CDE94E
:106C9000015722784B4651463046FFF7E5FE06EB9A
:106CA000550086B214F8010F0028EED104B0BDE8FB
:106CB000F087000070B5134E054620213046FBF7E3
:106CC0001DFF002440213046FBF718FF15F0800F10
:106CD0004FF08001304602D0FBF77AFF01E0FBF76E
:106CE0000DFF40213046FBF773FF6806050E601C60
:106CF000C4B2082CE6D33046BDE870402021FBF733
:106D000067BF0000000C014004480178012918BF4A
:106D1000704700210170FAF70FBB000059000020F6
:106D2000044901200870AFF207024FF4FA710620FF
:106D300001F0C4BA5900002010B5084C01212046CA
:106D400000F038FA002808BF10BD0121204600F0ED
:106D500007F8BDE8104001F0BBBA00000010004089
:106D600070B50446A0F180400D46B0F5963018BFCE
:106D7000B4F1804F23D0A4F18040B0F580601CBFF7
:106D8000A4F18040B0F5006019D0A4F18040B0F5C6
:106D900040601CBFA4F18040B0F580500FD0A4F13A
:106DA0008040B0F5A0501CBFA4F18040B0F59A30EF
:106DB00005D040F6224209A116A001F027FF15F4E4
:106DC0007F4F00D12DB940F6234204A117A001F056
:106DD0001DFF2069A843206170BD00002E2E5C6657
:106DE00069726D776172655C6E3332673435785FD6
:106DF0007374645F7065726970685F6472697665E8
:106E0000725C7372635C6E3332673435785F7469B9
:106E10006D2E6300497354696D416C6C4D6F6475E0
:106E20006C652854494D7829000000004973546965
:106E30006D496E742854494D5F4954290000000083
:106E400070B50446A0F1804016460D46B0F5963068
:106E500018BFB4F1804F23D0A4F18040B0F580601A
:106E60001CBFA4F18040B0F5006019D0A4F18040AF
:106E7000B0F540601CBFA4F18040B0F580500FD049
:106E8000A4F18040B0F5A0501CBFA4F18040B0F543
:106E90009A3005D04FF47B720FA11DA001F0B6FE11
:106EA00015F47F4F00D12DB940F2ED320AA11EA09A
:106EB00001F0ACFE002E04BFA089A84309D0012E2A
:106EC00005D040F2EE3204A11CA001F09FFEA08983
:106ED0002843A08170BD00002E2E5C6669726D771C
:106EE0006172655C6E3332673435785F7374645FEA
:106EF0007065726970685F6472697665725C7372DE
:106F0000635C6E3332673435785F74696D2E63006D
:106F1000497354696D416C6C4D6F64756C65285490
:106F2000494D782900000000497354696D496E7419
:106F30002854494D5F4954290000000049535F46D9
:106F4000554E4354494F4E414C5F5354415445288C
:106F5000436D64290000000070B50446A0F1804034
:106F600015460E46B0F5963018BFB4F1804F23D0C9
:106F7000A4F18040B0F580601CBFA4F18040B0F562
:106F8000006019D0A4F18040B0F540601CBFA4F1AE
:106F90008040B0F580500FD0A4F18040B0F5A050F3
:106FA0001CBFA4F18040B0F59A3005D040F21952D0
:106FB00008A116A001F02AFE002D18BF012D05D052
:106FC00040F21A5203A117A001F020FE2685A582E7
:106FD00070BD00002E2E5C6669726D776172655C13
:106FE0006E3332673435785F7374645F70657269CD
:106FF00070685F6472697665725C7372635C6E332D
:1070000032673435785F74696D2E63004973546953
:107010006D416C6C4D6F64756C652854494D7829D1
:1070200000000000497354696D50736352656C6FC2
:1070300061644D6F64652854494D5F5053435265F8
:107040006C6F61644D6F646529000000F8B51A4EDD
:1070500041F63F70F0804FF4A060FDF7B7FF0121CB
:107060001020FEF745F836208DF8000003258DF836
:10707000015000248DF8024001208DF8030068467D
:10708000FDF714FB0D48042185800180C4804480F5
:107090000B4C0146204600F00FF90122F1882046F2
:1070A000FFF75AFF012211462046FFF7C9FE0121D2
:1070B000204600F007F8F8BD16000020E802002086
:1070C0000010004070B50446A0F180400D46B0F5B8
:1070D000963018BFB4F1804F23D0A4F18040B0F5B2
:1070E00080601CBFA4F18040B0F5006019D0A4F10D
:1070F0008040B0F540601CBFA4F18040B0F58050E6
:107100000FD0A4F18040B0F5A0501CBFA4F1804086
:10711000B0F59A3005D040F2AF320BA118A001F0C3
:1071200075FD002D04BF206820F001000AD0012D5C
:1071300005D04FF46C7204A117A001F067FD206820
:1071400040F00100206070BD2E2E5C6669726D7784
:107150006172655C6E3332673435785F7374645F77
:107160007065726970685F6472697665725C73726B
:10717000635C6E3332673435785F74696D2E6300FB
:10718000497354696D416C6C4D6F64756C6528541E
:10719000494D78290000000049535F46554E43543D
:1071A000494F4E414C5F535441544528436D642927
:1071B0000000000070B505460026A0F180400C4696
:1071C000B0F5963018BFB5F1804F23D0A5F18040BF
:1071D000B0F580601CBFA5F18040B0F5006019D00B
:1071E000A5F18040B0F540601CBFA5F18040B0F52E
:1071F00080500FD0A5F18040B0F5A0501CBFA5F184
:107200008040B0F59A3005D040F6FC3211A11FA0A5
:1072100001F0FCFC012C18BF022C11D0042C18BF6B
:10722000082C0DD0102C18BF202C09D0402C18BFD2
:10723000802C05D040F6FD3206A11AA001F0E6FC34
:107240002869A989204201EA04011CBF00290126FE
:10725000304670BD2E2E5C6669726D776172655C1A
:107260006E3332673435785F7374645F706572694A
:1072700070685F6472697665725C7372635C6E33AA
:1072800032673435785F74696D2E630049735469D1
:107290006D416C6C4D6F64756C652854494D78294F
:1072A00000000000497354696D476574496E742885
:1072B00054494D5F495429002DE9F05FDFF888A15A
:1072C000DFF888B1DFF88881DFF88891624F634E7C
:1072D0000D460446504518BFB4F1804F13D0BC4250
:1072E00018BFB4420FD04C4518BF5C450BD0A4F179
:1072F0008040B0F5A05018BF444504D0BD2258A12D
:1073000065A001F083FC6888002818BF102809D008
:1073100020281CBF4028602804D0BE2250A164A0B1
:1073200001F074FCE88800281CBFB0F5807FB0F540
:10733000007F04D0BF224AA169A001F067FC206849
:10734000544518BF444508D0B4F1804F18BFBC4223
:1073500003D0B44218BF4C4503D1698820F07000B7
:1073600008435C451CBFA4F18041B1F5A05103D096
:10737000E98820F4407008432060A888A085288808
:107380002085544512BF4445287A20860120A082DA
:107390002068544518BF444508D0B4F1804F18BF49
:1073A000BC4203D0B44218BF4C4509D1697A0029C8
:1073B00014BF40F4006020F40060B4F1804F04D0AA
:1073C000BC421CBFB4424C4510D1A97A002914BF5D
:1073D00040F4805020F48050E97A002914BF40F432
:1073E000005020F40050B4F1804F03D0BC4218BFCD
:1073F000B44206D1297B002914BF40F4804020F418
:107400008040544518BF444505D0B4F1804F1CBF9F
:10741000BC42B44206D1697B002914BF40F400404D
:1074200020F4004020606068B4F1804F18BFB4427F
:1074300006D1A97B002914BF40F4807020F480702D
:107440006060BDE8F09F0000002C0140001000408B
:1074500000340140000C00400004004000080040DF
:107460002E2E5C6669726D776172655C6E33326771
:107470003435785F7374645F7065726970685F64D7
:1074800072697665725C7372635C6E333267343531
:10749000785F74696D2E6300497354696D416C6C3B
:1074A0004D6F64756C652854494D782900000000C3
:1074B000497354696D436E744D6F64652854494D2A
:1074C0005F54696D6542617365496E697453747286
:1074D0007563742D3E436E744D6F64652900000022
:1074E000497354696D436C6B4469762854494D5F08
:1074F00054696D6542617365496E69745374727540
:1075000063742D3E436C6B44697629002DE9F04786
:1075100000252C460420FCF7B9FF012818BFBDE860
:10752000F0870D20FCF7C8FF002898BFBDE8F08762
:107530004FF00F08354F4FF0010A4FF00E0908EBDE
:107540004406F0B2FCF7B8FF3979B1EB102F1BD12C
:10755000F0B2FCF7B1FF7979C0B2884214D109EBDF
:107560004406F0B2FCF7A8FFF979491E0AFA01F1C6
:10757000084010F0FF0F07D0F0B2FCF79DFF10F0AD
:10758000800F0CBF02250125601CC4B20D20FCF742
:1075900093FFA042D3D8012D1CD0022D18BFBDE807
:1075A000F0870120FCF772FF012818BFBDE8F087C3
:1075B0000020FEF7ADFC0020F9F77EFE002101203F
:1075C000FCF780FF09210A20FCF792FFBDE8F04795
:1075D000FCF7D2BE0120FCF759FF002818BFBDE818
:1075E000F0870020FCF752FF002818BFBDE8F087A5
:1075F0000120FEF78DFC0120F9F75EFE012108460F
:10760000FCF760FFBDE8F047FCF7B6BE20000020A5
:1076100010B5054800F0ACFCC1B204480068BDE8F4
:107620001040FBF7FBBD0000004C00403C00002078
:1076300070B5114D40F22551284600F04BFA10B1BB
:107640000E4C207820B12846BDE8704000F090BC78
:10765000284600F08DFC6188094A88546088401CE7
:107660006080032000F020FEBDE870403221054A12
:10767000032000F023BE000000440040DA07002091
:10768000DE0700206982000870B5114D40F22551D7
:10769000284600F01FFA10B10E4C207820B1284681
:1076A000BDE8704000F064BC284600F061FC6188D1
:1076B000094A88546088401C6080052000F0F4FD71
:1076C000BDE870403221054A052000F0F7BD0000FA
:1076D00000480040880300208C03002079820008C5
:1076E0002DE9F047DFF8FC80DFF8FC90DFF8FCA024
:1076F00016460D460446404518BF4C451AD0544521
:107700001CBFA4F18040B0F5984013D0A4F1804094
:10771000B0F5A0401FBFA4F18040B0F5A830A4F19F
:107720008040B0F5AA3005D040F27F1230A13FA0D2
:1077300001F06CFA40F66A17282D1CBFA5F5E06031
:10774000B0F127001BD0A5F5C06026381CBFA5F5F9
:10775000A060B0F1250012D0A5F5806024381CBFD0
:10776000A5F50060B0F1460009D0BD4218BF602DFC
:1077700005D04FF4C0721EA133A001F047FA002ECD
:1077800018BF012E05D040F2811219A135A001F0D9
:107790003DFABD420AD144451CBF4C45544505D075
:1077A00040F2851212A136A001F030FA05F01F0157
:1077B0000122C5F3421002FA01F1012808BF04F1C9
:1077C0000C0005D002280CBF04F1100004F11400D5
:1077D000002E026814BF114322EA01010160BDE8D6
:1077E000F08700000038014000440040004800409D
:1077F0002E2E5C6669726D776172655C6E333267DE
:107800003435785F7374645F7065726970685F6443
:1078100072697665725C7372635C6E33326734359D
:10782000785F75736172742E6300000049535F5571
:10783000534152545F414C4C5F5045524950482887
:10784000555341525478290049535F55534152547E
:107850005F4346475F494E542855534152545F4950
:107860004E54290049535F46554E4354494F4E41AB
:107870004C5F535441544528436D64290000000077
:1078800049535F55534152545F3132335F50455233
:1078900049504828555341525478290070B5044640
:1078A000A0F180400D46B0F59C301CBFA4F1804093
:1078B000B0F588401DD0A4F18040B0F590401CBFC9
:1078C000A4F18040B0F5984013D0A4F18040B0F509
:1078D000A0401FBFA4F18040B0F5A830A4F18040C3
:1078E000B0F5AA3005D040F259120BA119A001F051
:1078F0008DF9002D04BFA08920F400500AD0012D7D
:1079000005D04FF4AD7204A119A001F07FF9A08950
:1079100040F40050A08170BD2E2E5C6669726D77B8
:107920006172655C6E3332673435785F7374645F9F
:107930007065726970685F6472697665725C737293
:10794000635C6E3332673435785F75736172742EA1
:107950006300000049535F55534152545F414C4C02
:107960005F50455249504828555341525478290098
:1079700049535F46554E4354494F4E414C5F535413
:1079800041544528436D6429000000002DE9F0476B
:10799000294F0026DFF8A480DFF8A4900C460546A6
:1079A000B84218BF45451AD04D451CBFA5F18040CF
:1079B000B0F5984013D0A5F18040B0F5A0401FBFAE
:1079C000A5F18040B0F5A830A5F18040B0F5AA300F
:1079D00005D040F219321BA129A001F017F9012CA2
:1079E00018BF802C20D0402C18BF202C1CD0102C6D
:1079F00018BFB4F5807F17D0B4F5007F09D0082CEC
:107A00001CBF042C022C0FD040F21A320DA123A06F
:107A100008E0BD421CBF45454D4505D040F21E3231
:107A200008A125A001F0F2F82888204218BF0126FD
:107A30003046BDE8F08700000038014000440040B7
:107A4000004800402E2E5C6669726D776172655C3D
:107A50006E3332673435785F7374645F7065726952
:107A600070685F6472697665725C7372635C6E33B2
:107A700032673435785F75736172742E630000006D
:107A800049535F55534152545F414C4C5F504552EE
:107A900049504828555341525478290049535F555D
:107AA000534152545F464C41472855534152545F0D
:107AB000464C41472900000049535F5553415254F9
:107AC0005F3132335F504552495048285553415237
:107AD000547829002DE9F047DFF8F4800026DFF81C
:107AE000F490DFF8F4A00C460546404518BF4D451C
:107AF0001AD055451CBFA5F18040B0F5984013D071
:107B0000A5F18040B0F5A0401FBFA5F18040B0F5C1
:107B1000A830A5F18040B0F5AA3005D040F26B3214
:107B20002EA13DA001F072F8282C34D0A4F5E0601D
:107B300040F66A1727381CBFA4F5C060B0F12600D4
:107B40001CD0A4F5A06025381CBFA4F58060B0F15E
:107B5000240013D0A4F50060463818BFBC420DD0F5
:107B6000B4F5587F1CBFB4F5187FB4F5B07F12D0C0
:107B70004FF45B7219A12FA001F048F8BC420AD162
:107B800045451CBF4D45554505D04FF45C7213A1CA
:107B90002FA001F03BF804F01F000122C4F34211B2
:107BA00002FA00F0012904BFA989084004D0022983
:107BB0000CBF298AA98A0840210A02FA01F12A8801
:107BC000114000281CBF002901263046BDE8F0877F
:107BD0000038014000440040004800402E2E5C6602
:107BE00069726D776172655C6E3332673435785FC8
:107BF0007374645F7065726970685F6472697665DA
:107C0000725C7372635C6E3332673435785F7573A0
:107C10006172742E6300000049535F555341525402
:107C20005F414C4C5F504552495048285553415292
:107C30005478290049535F55534152545F47455486
:107C40005F494E542855534152545F494E542900C0
:107C500049535F55534152545F3132335F5045525F
:107C60004950482855534152547829002DE9F0478E
:107C7000604EDFF88491DFF884A1614FDFF88481E2
:107C800086B00D460446B04218BF4C4513D054454B
:107C90001CBFA4F18040B0F598400CD0A4F1804006
:107CA000B0F5A0401CBFBC42444504D0C42256A13C
:107CB00064A000F0ABFF28686949401E884204D3E5
:107CC000C52251A167A000F0A1FFA888002818BF15
:107CD000B0F5805F04D0C6224BA16EA000F096FFE5
:107CE000E888002818BFB0F5805F0AD0B0F5005FC3
:107CF00018BFB0F5405F04D0C72243A172A000F0C6
:107D000085FF288900281CBFB0F5806FB0F5C06FD3
:107D100004D0C8223CA178A000F078FF688930F038
:107D20000C0100D120B9C92237A17EA000F06EFF5E
:107D3000A889002818D0B0F5807F1CBFB0F5007F5F
:107D4000B0F5407F06D0CA222FA1804800F05EFF28
:107D5000A88948B1B4421CBF4C45544504D0CE223A
:107D600029A17BA000F052FF208A4CF6FF71084049
:107D7000E98808432082A0894EF6F3110840A988BB
:107D80002A8911436A8910430843A081A08A4FF6CB
:107D9000FF410840A9890843A0826846FDF7A2FA7E
:107DA000B44218BFBC4203D0444518BF029800D16A
:107DB00003986E4A00EBC00101EB001029686FF0D8
:107DC000180C8900B0FBF1F0A2FB00314909090150
:107DD0000B0903FB0CF300EB8300322303EB0010D1
:107DE000A2FB0020C0F343100843208106B0BDE889
:107DF000F087000000380140004400400048004087
:107E000000500140005401402E2E5C6669726D776F
:107E10006172655C6E3332673435785F7374645FAA
:107E20007065726970685F6472697665725C73729E
:107E3000635C6E3332673435785F75736172742EAC
:107E40006300000049535F55534152545F414C4C0D
:107E50005F504552495048285553415254782900A3
:107E600020AA440049535F55534152545F42415543
:107E700044524154452855534152545F496E6974E8
:107E80005374727563742D3E4261756452617465FA
:107E90002900000049535F55534152545F574F52D8
:107EA000445F4C454E4754482855534152545F490E
:107EB0006E69745374727563742D3E576F72644C9F
:107EC000656E67746829000049535F5553415254E9
:107ED0005F53544F50424954532855534152545FB5
:107EE000496E69745374727563742D3E53746F7068
:107EF000426974732900000049535F55534152543D
:107F00005F5041524954592855534152545F496E6C
:107F100069745374727563742D3E5061726974791B
:107F20002900000049535F55534152545F4D4F445F
:107F3000452855534152545F496E697453747275A4
:107F400063742D3E4D6F64652900000018BC000865
:107F500049535F55534152545F3132335F5045525C
:107F60004950482855534152547829001F85EB51F8
:107F700010B50446A0F18040B0F59C301CBFA4F1C0
:107F80008040B0F588401DD0A4F18040B0F590400D
:107F90001CBFA4F18040B0F5984013D0A4F18040FC
:107FA000B0F5A0401FBFA4F18040B0F5A830A4F107
:107FB0008040B0F5AA3005D040F2512203A112A0B2
:107FC00000F024FEA088C0F3080010BD2E2E5C66D1
:107FD00069726D776172655C6E3332673435785FD4
:107FE0007374645F7065726970685F6472697665E6
:107FF000725C7372635C6E3332673435785F7573AD
:108000006172742E6300000049535F55534152540E
:108010005F414C4C5F50455249504828555341529E
:108020005478290070B50446A0F180400D46B0F5A3
:108030009C301CBFA4F18040B0F588401DD0A4F155
:108040008040B0F590401CBFA4F18040B0F598404E
:1080500013D0A4F18040B0F5A0401FBFA4F1804030
:10806000B0F5A830A4F18040B0F5AA3005D04FF4A7
:10807000107208A116A000F0C9FDB5F5007F05D368
:1080800040F2412203A119A000F0C0FDC5F3080091
:10809000A08070BD2E2E5C6669726D776172655C22
:1080A0006E3332673435785F7374645F70657269FC
:1080B00070685F6472697665725C7372635C6E335C
:1080C00032673435785F75736172742E6300000017
:1080D00049535F55534152545F414C4C5F50455298
:1080E00049504828555341525478290049535F5507
:1080F000534152545F444154412844617461290002
:108100002DE9F0410E0005464FF0000414BF094F61
:10811000BDE8F081295D3846FFF784FF80213846AD
:10812000FFF734FC0028F9D0601C84B2B442F1D3CC
:10813000BDE8F0810044004010B5184C00205821E3
:108140002278012A18BF10BDB4F802C0BCF1170F85
:1081500008BFACF1010211D12318401C1B79C0B239
:10816000194489B28242F7DCC8430D49C0B21CF8F9
:108170000110814204BF201DF8F742FE00206288F2
:108180000146002A06D92218401C11716288C0B22B
:108190008242F8D86180217010BD0000DA0700200B
:1081A000DD0700202DE9F0471D4E3078012818BF6B
:1081B000BDE8F0874FF40061DFF868904846FAF7B1
:1081C00007FD7588371D0024002D88BFDFF8588013
:1081D0000DD9395D4046FFF725FF80214046FFF766
:1081E000D5FB0028F9D0601C84B2AC42F1D36420E6
:1081F00000F096FD4FF400614846FAF77FFC00203E
:1082000072880146002A06D93218401C1171728802
:10821000C0B28242F8D871803170BDE8F0870000AA
:108220008803002000080140004800402DE9F0418B
:108230000E0005464FF0000414BF094FBDE8F08161
:10824000295D3846FFF7EEFE80213846FFF79EFB9A
:108250000028F9D0601C84B2B442F1D3BDE8F081AB
:10826000004C0040FEE70000024901200870032096
:1082700000F01AB8DA070020024901200870052032
:1082800000F012B88803002000200649024601EBE6
:10829000C00341F83020401CC0B25A601228F6D307
:1082A000FEF7D4BEF8020020034A002142F8301045
:1082B00002EBC00041607047F8020020034B43F816
:1082C000301003EBC000426070470000F80200204D
:1082D00070B50A4D002455F8340048B1411E05EB35
:1082E000C40045F83410406810B1002908BF804729
:1082F000601CC4B2122CEED370BD0000F802002046
:108300000FB4054B10B503A9044A029800F0E2F837
:1083100010BC5DF814FB0000518D0008D80200204D
:108320000FB4084B10B504A902AA039800F0D2F8C4
:10833000044602A9002000F064FC204610BC5DF851
:1083400014FB0000038C000800487047E402002082
:1083500002E008C8121F08C1002AFAD1704770470E
:10836000002001E001C1121F002AFBD1704700006C
:108370002DE9FF5FDDE90220010DDDF838B0024391
:1083800018D044F61050A1F2FF3141430D140F985C
:10839000012820D0A5EB0B00401C5FEA000A4FF03B
:1083A0000004474EDFF81C91A046504616D5CAF18E
:1083B000000728E00F98012443A2012808D00021DB
:1083C00000980F9BC0E90021C0E90243BDE8FF9F70
:1083D0006FEA0B01F4E7CBF10000DEE7074612E09D
:1083E000F80707D02246334640464946F7F744FF90
:1083F000804689462246334610461946F7F73CFF29
:1084000004460E467F10002FEAD1DDE90201BAF1E1
:10841000000F42464B4602DAF7F72EFF01E0F8F76D
:1084200067F904460E460022284BF8F7E9F903D80D
:108430004FF0FF30014607E00022254B2046314631
:10844000F8F7AFF8F8F7C3F9102409E0002C0ADBBD
:108450000A220023F7F7CFFF019B30321A55641E22
:1084600050EA0102F2D1641C019AC4F111031444D0
:108470000F9A012A03D0012208430DD10AE00843D4
:1084800004D000204FF0110B0F9080E7A3EB0B05F9
:108490006D1E0DE05B4504DD4FF0000205F10105A6
:1084A00004E003DA4FF00002A5F10105002AECD048
:1084B00000980F99C0E90231C0E9004586E7000045
:1084C000000024400000F03F300000000000F043B6
:1084D0000000E03F2DE9FF4F95B09B4689460646D8
:1084E00000250FE2252877D100242746F84A0121EC
:1084F000059400E0044316F8013F203B01FA03F025
:108500001042F7D130782A2811D06FF02F0330783D
:10851000A0F13002092A16D8059A44F0020402EBB1
:10852000820203EB42021044761C0590EFE759F8F3
:10853000042B0592002A03DA504244F400540590BB
:1085400044F00204761C30782E2816D116F8010F5C
:1085500044F004042A280DD06FF02F023078A0F1E7
:108560003003092B09D807EB870302EB4303C71835
:10857000761CF3E759F8047B761C30786C280FD012
:1085800006DC4C2817D068280DD06A2814D104E0E6
:10859000742810D07A280FD10DE044F400140AE0BA
:1085A00044F4801401E044F440147278824202D111
:1085B00004F58014761C761C307866280BD013DC0A
:1085C000582877D009DC002875D04528F6D04628F1
:1085D000F4D047281AD19DE118E0632835D06428EB
:1085E00079D0652812D195E1702873D008DC67280E
:1085F000F1D069286FD06E280DD06F2806D1B5E074
:1086000073282CD0752875D0782874D05A461799BD
:1086100090476D1C75E1C4F30250022809D003286D
:108620000DD0D9F8001004280DD00D6009F104090F
:1086300067E1D9F80010EA17C1E90052F6E7D9F866
:1086400000100D80F2E70D70F0E719F8041B8DF8AB
:10865000001000208DF80100EA46012003E059F8DF
:1086600004AB4FF0FF3061074FF0000102D40DE082
:1086700008F101018846B9420FDA8045F8DB1AF8A3
:1086800008100029F4D108E008F101018846814270
:10869000FADB1AF808100029F6D105985B46A0EB22
:1086A000080721463846179A00F094FA284400EB50
:1086B000080507E04DE029E10DE01AF8010B5A46E4
:1086C00017999047B8F10108F7D25B462146384622
:1086D000179A13E142E00A220092C4F302524FF0CB
:1086E000000A022A08D059F804CB032A4FEAEC7199
:1086F0000AD00DE029E02AE009F1070121F0070284
:10870000F2E802C1914609E00FFA8CFC4FEAEC71E5
:10871000042A03D14FFA8CFC4FEAEC71002907DAE6
:108720000A460021DCF1000C61EB02012D2202E07F
:10873000220504D52B228DF80420012203E0E20754
:1087400001D02022F7E7904659E00A2102E01022EA
:108750000DE010214FF0000A00910BE010224FF0C5
:10876000000A44F004040827009203E008224FF0B6
:10877000000A0092C4F30252022A05D059F804CB31
:108780000021032A08D009E009F1070121F00702BE
:10879000F2E802C1914605E01FFA8CFC042A01D1DF
:1087A0000CF0FF0C4FF00008220728D5702806D0E7
:1087B000009B83F0100353EA0A0305D00EE0402229
:1087C0008DF80420012208E05CEA010206D0302284
:1087D0008DF804208DF8050002229046009B83F05E
:1087E000080353EA0A030AD15CEA010201D16207D5
:1087F00005D530228DF804204FF001087F1E58283F
:1088000004D034A003900EA802900DE036A0F9E742
:1088100053466046009AF7F7EEFD84460398825C63
:108820000298401E029002705CEA0100F0D10298AA
:1088300006A9081A00F1200A600702D524F4803442
:1088400000E00127574502DDA7EB0A0000E0002009
:1088500000EB0A01009005984144401A0590E0039E
:1088600006D45B462146179A059800F0B3F90544F3
:10887000002706E001A85A46C05D179990476D1C75
:108880007F1C4745F6DBE0030CD55B462146179A73
:10889000059800F09FF9054404E030205A461799E6
:1088A00090476D1C0099481E00900029F5DC08E0F7
:1088B000029802995A460078491C029117999047EC
:1088C0006D1CBAF10001AAF1010AF1DC65E10000BA
:1088D0000928010030313233343536373839616296
:1088E000636465660000000030313233343536375A
:1088F00038394142434445460000000000F058F931
:108900000544761C307800287FF4ECAD19B0284679
:10891000BDE8F08F620700D4062709F1070222F0B4
:10892000070CFCE80223E14603F000485FEA080C6C
:1089300002D00FF2702C0DE05FEA045C02D50FF25A
:10894000682C07E05FEAC47C02D00FF2602C01E0E3
:10895000AFF2700C4FF0FF3823F00043CDF850C059
:1089600065280CD006DC452809D046281DD04728AC
:108970003DD13DE0662818D067287ED138E000213F
:10898000112F01DB112000E0781CCDE9000106A9C0
:108990000EA8FFF7EDFCDDE90F010E9A039100210F
:1089A000009207F1010A04914DE04FF0004000975A
:1089B000CDE9011006A90EA8FFF7DAFCDDE90F02E8
:1089C00003920E9B11990022DDF80CA000930492F3
:1089D00011B9791C00EB010AB7EB0A0004D4C0F10D
:1089E000FF3007F1010A0490AAEB0700019044E070
:1089F000012F00DA01270021112F01DD112000E0F5
:108A00003846CDE9000106A90EA8FFF7B1FCDDE963
:108A10000F010E9A0391002104910092BA4621079A
:108A20000CD40399514500DA8A46BAF1010F05DDED
:108A3000009AAAF10101515C302908D0B84202DA4B
:108A400010F1040F06DA0121CDE9011015E0AAF1B9
:108A50000101E9E7002805DC049901440491AAEB2F
:108A6000000102E0411C514500DD8A460499401A8C
:108A7000401C01904FF000400290200704D4019860
:108A8000504501DBCDF8048000208DF84F0002989E
:108A90000DF14F07B0F1004F25D02B200E9002981A
:108AA0004FF0020800280CDA404202902D200E9070
:108AB00007E00A210298F7F788FC3031029007F8A6
:108AC000011DB8F10001A8F10108F2DC02980028AC
:108AD000EFD1791E0E980870307800F0200040F039
:108AE000450007F8020D12A8C01B00F107081498F2
:108AF000007800B1012000EB0A01019801EBE07160
:108B000005984144401A401E0590E00306D45B4698
:108B10002146179A059800F05DF8054414980078EE
:108B200018B15A46179990476D1CE00324D55B464F
:108B30002146179A059800F04DF805441CE004986A
:108B4000002807DBDDE90301884203DD0098405C73
:108B5000179901E0179930205A469047049805F17B
:108B60000105401C04900198401E019004D12E2064
:108B70005A46179990476D1CBAF10001AAF1010AF3
:108B8000DDDC05E017F8010B5A46179990476D1C7C
:108B9000B8F10001A8F10108F4DC5B462146179A00
:108BA0000598ABE62D0000002B000000200000001F
:108BB0002DE9F041044600251E461746880404D4DA
:108BC00005E039462020B0476D1C641EF9D52846C3
:108BD000BDE8F0812DE9F041044600251E4690468F
:108BE000C80301D5302700E02027880404D505E01C
:108BF00041463846B0476D1C641EF9D52846BDE88D
:108C0000F0810A68531C0B601070704713460A46C7
:108C1000014602A0FFF774FBFEE700006173736575
:108C20007274696F6E206661696C65643A206025B4
:108C300073602061742025733A25640000F00F03EF
:108C4000000900EB800003EB4000C0B200F5FA63BE
:108C5000080901F00F0C00EB80000CEB400011093B
:108C600002F00F0CC0B201EB81010CEB4101421E7E
:108C7000C9B20C2A02D209B11F2901D900207047BC
:108C8000012818BF022803D10C305A1EC0B293B27B
:108C9000421C02EB420240F2676C12FB0CF201EB49
:108CA000400000EB52304AF2D731184401FB031167
:108CB00000EB9300A0EB91504FF4C871B3FBF1F1BE
:108CC0000844411C074B08460022C3FB01208210C8
:108CD000A2EBE070A0EBC000084410F0FF0008BF5A
:108CE0000720704793244992FF2330B41A46B1F10C
:108CF000010C24BF084C04F5807508D310F8011B43
:108D00005940635C53406A5CBCF1010CF6D20348E5
:108D10000270437030BC7047C80000205C00002027
:108D20000022002898BF704746F2A811491EFDD1C5
:108D3000521C8242F8D370470022002898BF704727
:108D40001921491EFDD1521C8242F9D370470000FF
:108D500070B5074D0446C1B22846FFF763F980217C
:108D60002846FEF713FE0028F9D0204670BD00000B
:108D7000005000400148407870470000C8020020C1
:108D800001480078704700002800002000B587B037
:108D90006846FCF7A7FA012140F2FD10FCF708FA3B
:108DA00001214FF46020FCF7A3F94FF44070FBF76A
:108DB0000BFD0420FDF7FEF90B4901980B4BA1FBBD
:108DC000001040090022401EB0F1807F08D24FF011
:108DD000E0214861F02083F8140D8A6107200861C2
:108DE00083F8142D07B000BD1F85EB510FE000E0A4
:108DF00030B585B00424ADF8104018208DF813006C
:108E00000320194D8DF8120004A92846F9F7CCFC6F
:108E10000821ADF8101001218DF812108DF81340C3
:108E200004A92846F9F7C0FC4FF416500090002022
:108E3000ADF80400ADF80600ADF80800ADF80C0080
:108E40000C200A4CADF80A0069462046FEF70EFFDA
:108E5000012240F225512046FEF742FC0121204626
:108E6000FEF71CFD05B030BD000801400044004085
:108E700010B586B04FF48060ADF8100018208DF862
:108E800013000320194C8DF8120004A92046F9F7AD
:108E90008BFCE114ADF8101001218DF812100421A3
:108EA0008DF8131004A92046F9F77EFC4FF41650F4
:108EB00000900020ADF80400ADF80600ADF8080001
:108EC000ADF80C000C200A4CADF80A0069462046AB
:108ED000FEF7CCFE012240F225512046FEF700FCB1
:108EE00001212046FEF7DAFC06B010BD000C01405F
:108EF0000048004010B586B04FF48060ADF8100017
:108F000018208DF813000320194C8DF8120004A9C5
:108F10002046F9F749FCE114ADF8101001218DF855
:108F2000121004218DF8131004A92046F9F73CFC17
:108F30004FF4E13000900020ADF80400ADF80600D9
:108F4000ADF80800ADF80C000C200A4CADF80A0092
:108F500069462046FEF78AFE012240F2255120464E
:108F6000FEF7BEFB01212046FEF798FC06B010BDBF
:108F700000100140004C004010B586B001213120A6
:108F8000FCF716F901210805FCF7B2F84FF4805000
:108F9000ADF8100018208DF8130003208DF8120092
:108FA00004A91648F9F700FC0420ADF810008DF86C
:108FB000130004A91248F9F7F7FB4FF4E1300090D1
:108FC0000020ADF80400ADF80600ADF80800ADF8DB
:108FD0000C0008200B4CADF80A0069462046FEF74D
:108FE00045FE012240F225512046FEF779FB012182
:108FF0002046FEF753FC208806B010BD001001404B
:10900000001401400050004026480178012918BF93
:10901000704710B500210170FFF7B2FE012803D0A0
:10902000BDE81040FDF7BEB90220FBF72FFA00287B
:1090300018BF10BD00210420FBF744FA00210420D2
:10904000F8F714FE0020F8F77FF80120FBF71EFA6E
:10905000012811D00120FCF75BFF0120F8F72CF963
:1090600001210846FBF72EFA01210846F8F7FEFD1C
:10907000BDE81040FBF780B90020FCF749FF002055
:10908000F8F71AF900210120FBF71CFA09210A2040
:10909000FBF72EFA00210120F8F7E8FDBDE81040AB
:1090A000FBF76AB958000020014901200870704799
:1090B0005800002070B584B00425214EADF8005052
:1090C00048248DF8034069463046F9F76DFB0221CC
:1090D0000120F8F787FF00208DF80C000C208DF898
:1090E0000D0001208DF80E00029502A8F8F7F2FCA1
:1090F0001020ADF80000134D8DF803406946284656
:10910000F9F752FB4020ADF800008DF803406946A6
:109110002846F9F749FB2020ADF800008DF8034000
:1091200069460948F9F740FB0220ADF800008DF8C8
:10913000034069463046F9F737FB04B070BD0000C4
:10914000000C01400008014000100140FFF75CBF27
:10915000F8B52020ADF800001025214E8DF8035001
:1091600001248DF8024069463046F9F71DFB2021A5
:109170003046F9F72DFD1B4A4FF4FA710120FFF735
:109180009DF88021ADF800108DF803508DF8024055
:1091900069463046F9F708FB80213046F9F718FD9B
:1091A000ADF80050104E8DF803508DF8024069461E
:1091B0003046F9F7F9FA10213046F9F709FDADF814
:1091C00000408DF803508DF80240084C6946204657
:1091D000F9F7EAFA01212046F9F7FAFCF8BD000098
:1091E000000801403D3A000800100140000C014019
:1091F0000149012048707047CC020020F7F72EFF8C
:10920000F8F7A2F9F9F720FEF9F77CFEF7F788FFE7
:10921000FCF75AF9FDF778FDFAF724FBF9F7B2FDF0
:10922000F9F74EFEF2E70000F0B50B30154D20F0D7
:1092300007010024144A0FE003688B420BD38B42D2
:1092400005D95E1A43184768C3E9006700E0436820
:10925000136002C004E0021D10680028ECD1204613
:10926000002802D1286808B10020F0BD064A07484E
:109270001060074A121A22F00702C0E900240120F8
:109280002860D7E7E0020020DC0200205C19002003
:10929000582900200149012008707047CC020020A5
:1092A0000149012008717047CC0200200149487033
:1092B000F7F7C5BFC8020020014901208870704738
:1092C000CC02002010B500218F20F7F7C6FB00214B
:1092D0009020F7F7C2FB00219120F7F7BEFB002199
:1092E0009220F7F7BAFBF8F71DFE00210420F7F7EC
:1092F000B4FB01210520F7F7B0FB00210620F7F7AA
:10930000ACFB01210720F7F7A8FB00210820F7F7A5
:10931000A4FBBDE81040F8F7D2BC00000000010239
:109320000304010203040607080901020406080AEF
:109330000C1020202020202020200100020004000A
:10934000060008000A000C00100020004000800009
:1093500000010001000100010001303132333435D9
:10936000363738394142434445460000000000008A
:1093700000000000000000000404040404000004D5
:10938000000014140A0000000000000000000000AB
:109390000A0A1F0A0A1F0A0A000000040E15050621
:1093A0000C14150E0400000012150D152E2C2A1297
:1093B00000000000040A0A361515291600000202F2
:1093C0000100000000000000000010080804040470
:1093D000040408081000020404080808080804042B
:1093E000020000000004150E0E150400000000002D
:1093F0000008083E0808000000000000000000000F
:1094000000000202010000000000003F0000000018
:10941000000000000000000000000002000000202A
:109420001010080804040202010000000E111111BE
:109430001111110E00000000040604040404040EBF
:10944000000000000E1111080402011F00000000BE
:109450000E11100C1010110E00000000080C0C0A68
:10946000091F081C000000001F01010F1110110E40
:10947000000000000C12010D1311110E000000007D
:109480001E10080804040404000000000E11110E50
:109490001111110E000000000E111119161009060D
:1094A00000000000000004000000000400000000B4
:1094B0000000000400000004040000001008040282
:1094C000020408100000000000003F003F00000000
:1094D0000000000002040810100804020000000050
:1094E0000E11110804040004000000001C22292DA4
:1094F0002D1D221C0000000004040C0A0A1E123359
:10950000000000000F12120E1212120F00000000D5
:109510001E1101010101110E000000000F121212B4
:109520001212120F000000001F120A0E0A02121F70
:10953000000000001F120A0E0A02020700000000CD
:109540001C1201013911120C000000003312121E0E
:1095500012121233000000001F0404040404041F4C
:10956000000000003E080808080808080907000075
:1095700037120A060A121237000000000702020220
:109580000202223F000000003B1B1B1B1515153576
:10959000000000003B1216161A1A121700000000F5
:1095A0000E1111111111110E000000000F12120EF8
:1095B00002020207000000000E1111111117190E0E
:1095C000180000000F12120E0A12123700000000DD
:1095D0001E1101060810110F000000001F150404E1
:1095E0000404040E00000000331212121212120CB6
:1095F000000000003312120A0A0C040400000000EC
:10960000151515150E0A0A0A000000001B0A0A04A7
:10961000040A0A1B000000001B0A0A0A0404040EC4
:10962000000000001F0908040402121F00001C04AF
:1096300004040404040404041C00000202040404DE
:109640000808081010000E0808080808080808088C
:109650000E00040A000000000000000000000000EE
:109660000000000000000000003F020400000000B5
:1096700000000000000000000000000C121C123C62
:10968000000000030202020E1212120E000000007F
:109690000000001C1202120C000000181010101C18
:1096A0001212123C000000000000000C121E021CEE
:1096B000000000182404041E0404041E000000001E
:1096C0000000003C120C021C221C00030202020ECD
:1096D0001212123700000004040000060404040EF5
:1096E000000000080800000C08080808080700032C
:1096F0000202021A0A060A13000000070404040406
:109700000404041F000000000000000F15151515CB
:10971000000000000000000F1212123700000000CD
:109720000000000C1212120C000000000000000FDC
:109730001212120E020700000000001C1212121C6E
:10974000103800000000001B0602020700000000A5
:109750000000001E020C101E000000000004041E89
:109760000404041C000000000000001B1212123C44
:10977000000000000000001B0A0A040400000000B2
:1097800000000015150E0A0A000000000000001B72
:109790000A040A1B000000000000003312120C082B
:1097A000040300000000001E0804041E0000180846
:1097B0000808080C0808080818000808080808081D
:1097C000080808080808060404040408040404043B
:1097D0000600160900000000000000000000000064
:1097E0000000000000000000000000000000000079
:1097F00000080808080808080000181800000048B9
:109800006C241200000000000000000000000000B6
:10981000002424247F1212127F1212120000000072
:10982000081C2A2A0A0C1828282A2A1C08080000C2
:109830000022251515152A58545454220000000002
:10984000000C1212120A76252911916E00000006F2
:1098500006040300000000000000000000000040BB
:109860002010100808080808081010204000000206
:10987000040808101010101010080804020000005E
:10988000000008086B1C1C6B0808000000000000AA
:109890000000080808087F08080808000000000009
:1098A00000000000000000000000060604030000A5
:1098B000000000000000FE000000000000000000AA
:1098C000000000000000000000000606000000008C
:1098D000804040202010100808040402020000000C
:1098E0000018244242424242424224180000000032
:1098F00000080E08080808080808083E00000000D4
:10990000003C4242422020100804427E0000000039
:10991000003C4242201820404042221C000000002F
:1099200000203028242422227E20207800000000FD
:10993000007E0202021A26404042221C0000000063
:1099400000382402021A2642424224180000000075
:10995000007E2222101008080808080800000000F5
:10996000003C4242422418244242423C0000000093
:1099700000182442424264584040241C0000000069
:109980000000000018180000000018180000000077
:1099900000000000000800000000000808040000AB
:1099A00000402010080402040810204000000000BD
:1099B000000000007F0000007F00000000000000A9
:1099C00000020408102040201008040200000000DB
:1099D000003C4242464020101000181800000000D1
:1099E000001C225A555555552D42221C00000000DE
:1099F000000808181414243C224242E7000000002A
:109A0000001F2222221E22424242221F000000008A
:109A1000007C4242010101010142221C00000000C1
:109A2000001F2242424242424242221F00000000E6
:109A3000003F4212121E12120242423F000000007A
:109A4000003F4212121E1212020202070000000022
:109A5000003C2222010101712122221C0000000091
:109A600000E7424242427E42424242E7000000009A
:109A7000003E0808080808080808083E0000000022
:109A8000007C10101010101010101010110F00009A
:109A9000007722120A0E0A1212222277000000001A
:109AA00000070202020202020202427F00000000DE
:109AB0000077363636362A2A2A2A2A6B000000001A
:109AC00000E346464A4A5252526262470000000092
:109AD000001C2241414141414141221C0000000043
:109AE000003F424242423E020202020700000000E2
:109AF000001C2241414141414D53321C6000000095
:109B0000003F4242423E1212222242C700000000A1
:109B1000007C4242020418204042423E0000000005
:109B2000007F4908080808080808081C0000000011
:109B300000E74242424242424242423C00000000B0
:109B400000E74242222424141418080800000000F0
:109B5000006B494949495555362222220000000030
:109B600000E7422424181818242442E700000000CB
:109B700000772222141408080808081C00000000BE
:109B8000007E2120101008040442423F00000078AB
:109B900008080808080808080808080878000000ED
:109BA0000202040408080810102020204040001E73
:109BB0001010101010101010101010101E0000388F
:109BC0004400000000000000000000000000000051
:109BD00000000000000000000000000000FF000680
:109BE000080000000000000000000000000000006D
:109BF00000000000003C4278444242FC00000000AB
:109C000000030202021A26424242261A0000000005
:109C10000000000000384402020244380000000046
:109C20000060404040784442424264D80000000056
:109C300000000000003C427E0202423C00000000A6
:109C400000F08808087E08080808083E00000000A8
:109C500000000000007C22221C023C42423C00002A
:109C600000030202023A4642424242E7000000007C
:109C7000000C0C00000E08080808083E0000000058
:109C8000003030000038202020202020221E00003C
:109C9000000302020272120A16122277000000006C
:109CA000000E0808080808080808083E0000000020
:109CB00000000000007F9292929292B70000000094
:109CC00000000000003B4642424242E70000000024
:109CD00000000000003C42424242423C00000000C2
:109CE00000000000001B26424242221E0207000024
:109CF00000000000007844424242447840E0000006
:109D00000000000000774C040404041F0000000061
:109D100000000000007C42023C40423E0000000087
:109D200000000008083E080808080830000000008D
:109D30000000000000634242424262DC000000007A
:109D40000000000000E7422424140808000000007E
:109D50000000000000EB4949555522220000000098
:109D600000000000007624181818246E000000007F
:109D70000000000000E7422424141808080700002F
:109D800000000000007E22100808447E000000C091
:109D9000202020202010202020202020C000101073
:109DA00010101010101010101010101010100006CD
:109DB00008080808081008080808080806000C32F7
:109DC000C2000000000000000000000000000000D1
:109DD0000000000000000000000000000000000083
:109DE0000000000000000000000000000000000073
:109DF0000000000000000000000000000000000063
:109E00000000000000006000600060006000600072
:109E100060006000400020002000200000000000E2
:109E20000000600060006000000000000000000012
:109E300000006006600630039801880044000000BE
:109E40000000000000000000000000000000000012
:109E50000000000000000000000000000000000002
:109E60000000000000001002100210021002FE07A5
:109E7000FE0708020801080108010801FE07FE07A5
:109E800004010401040104010000000000000000BE
:109E90000000000040004000F00158034C03CC03D8
:109EA0004C0058007000E000C001C00140034C03AA
:109EB0005C034C034801F00040004000000000003B
:109EC0000000000000000E010A01910091009100C5
:109ED000510051003A00AE03A0025004500448045F
:109EE00048044804840284030000000000000000CD
:109EF00000000000000038006C006C006C006C007A
:109F00006C002C0098071C011A0133013301630116
:109F1000E300C308C6093C07000000000000000081
:109F200000000C001C0010001000080004000000DD
:109F30000000000000000000000000000000000021
:109F40000000000000000000000000000000000011
:109F5000000000040002000180008000400040007A
:109F600020002000200020002000200020004000D1
:109F7000400080008000000100020004000000009A
:109F80000000020004000800100010002000200063
:109F900040004000400040004000400040002000E1
:109FA0002000100010000800040002000000000063
:109FB000000000000000000000004000C000400061
:109FC000460C4E0FD001F0015E0F460C40004000E1
:109FD0004000000000000000000000000000000041
:109FE00000000000000000000000000040004000F1
:109FF000400040004000FE0F400040004000400094
:10A000004000000000000000000000000000000010
:10A010000000000000000000000000000000000040
:10A020000000000000000000000000000000000030
:10A0300000000C001C0010001000080004000000CC
:10A040000000000000000000000000000000000010
:10A05000000000000000FE070000000000000000FB
:10A0600000000000000000000000000000000000F0
:10A0700000000000000000000000000000000000E0
:10A0800000000000000000000000000000000000D0
:10A0900000001C001C001C0000000000000000006C
:10A0A000000000040006000200030001000180001F
:10A0B00080004000400060002000200010001000E0
:10A0C000080008000C000400060002000000000068
:10A0D0000000000000000000F00098010C030C03D9
:10A0E0000606060606060606060606060606060610
:10A0F0000C030C039801F0000000000000000000B9
:10A10000000000000000000040007C0060006000D3
:10A11000600060006000600060006000600060003F
:10A12000600060006000FC03000000000000000010
:10A130000000000000000000F80084010203060394
:10A140000603000300018001C00060002000100031
:10A15000080204020602FE030000000000000000E6
:10A1600000000000000000007800C60086018601A3
:10A1700080018001C0007000800100010003000325
:10A18000060306038601F80000000000000000003E
:10A19000000000000000000080018001C001A0015B
:10A1A000A00190018801880184018201FE0F8001D5
:10A1B000800180018001E007000000000000000035
:10A1C0000000000000000000FC0304000400040084
:10A1D00004000400F4008C010403000300030603E0
:10A1E000060382018401F800000000000000000066
:10A1F0000000000000000000E00118030C030C0048
:10A2000004000600E60116030E060606060606060C
:10A2100004060C021803F00000000000000000001B
:10A220000000000000000000F8070C060402040112
:10A2300000010001800080004000400040006000FC
:10A24000600060006000600000000000000000008E
:10A250000000000000000000F8010C0306060606DE
:10A2600006060C021C03F000C8010C0306060606D5
:10A27000060606060C03F0010000000000000000C6
:10A280000000000000000000F0000C010C030602BA
:10A2900006060606060606078C0678060006000374
:10A2A00000030C018C017800000000000000000099
:10A2B000000000000000000000000000000000009E
:10A2C0000000E000E000E0000000000000000000EE
:10A2D0000000E000E000E0000000000000000000DE
:10A2E000000000000000000000000000000000006E
:10A2F000000060006000000000000000000000009E
:10A30000000000006000600040002000200000000D
:10A310000000000000000004000200018000400076
:10A320002000100008000400080010002000400079
:10A330008000000100020004000000000000000096
:10A34000000000000000000000000000000000000D
:10A350000000FE07000000000000FE0700000000F3
:10A3600000000000000000000000000000000000ED
:10A370000000000000000400080010002000400061
:10A380008000000100020004000200018000400083
:10A390002000100008000400000000000000000081
:10A3A0000000000000000000E0031806040C040C8C
:10A3B0000C0C0C0C00078001400040004000000025
:10A3C0000000E000E000E0000000000000000000ED
:10A3D000000000000000E00018030C02CC0564053A
:10A3E0006605A605B604B604B604B604B602E401D2
:10A3F0000C040C021803F000000000000000000034
:10A400000000000000000000600060005000D0006C
:10A4100090009000880088010801F80104030403FB
:10A420000402020202060F0F0000000000000000FC
:10A430000000000000000000FE008C030C030C0371
:10A440000C030C038C01FC000C030C020C060C0624
:10A450000C060C060C03FE010000000000000000CA
:10A460000000000000000000E00318030C060C04CC
:10A4700004040600060006000600060006000604A6
:10A480000C040C021803F0000000000000000000A3
:10A4900000000000000000007F008C010C030C0392
:10A4A0000C060C060C060C060C060C060C060C061C
:10A4B0000C030C038C017F00000000000000000072
:10A4C0000000000000000000FF030603060406046D
:10A4D000060086008600FE008600860086000600D4
:10A4E000060406040602FF0300000000000000004E
:10A4F0000000000000000000FF030603060406043D
:10A50000060086008600FE008600860086000600A3
:10A510000600060006001F0000000000000000000A
:10A520000000000000000000F00018010C020C0206
:10A5300004020600060006000600C60F0603060316
:10A540000C030C031803F0000000000000000000E2
:10A5500000000000000000000F0F060606060606B9
:10A56000060606060606FE07060606060606060692
:10A570000606060606060F0F000000000000000099
:10A580000000000000000000FC03600060006000AC
:10A5900060006000600060006000600060006000BB
:10A5A000600060006000FC0300000000000000008C
:10A5B0000000000000000000F807C000C000C0005C
:10A5C000C000C000C000C000C000C000C000C0008B
:10A5D000C000C000C000C000C60066003C00000013
:10A5E0000000000000000000CF038601C600460006
:10A5F0002600160036002E006E004600C6008600BB
:10A600008601060106038F0700000000000000001D
:10A6100000000000000000001F0006000600060009
:10A6200006000600060006000600060006000600FA
:10A63000060406040602FF030000000000000000FC
:10A6400000000000000000000707860386038E0359
:10A650008E034E034E034A035A035A033A0332034E
:10A6600032033203120387070000000000000000DD
:10A6700000000000000000008E0F0C021C021C02F3
:10A6800034023402640264024402C4028402840379
:10A690008403040304031F02000000000000000004
:10A6A0000000000000000000F00098010C030C0204
:10A6B000060606060606060606060606060606063A
:10A6C0000C020C039801F0000000000000000000E4
:10A6D0000000000000000000FF000603060606065A
:10A6E0000606060606068603FE00060006000600AD
:10A6F0000600060006001F00000000000000000029
:10A700000000000000000000F00098010C030C02A3
:10A710000606060606060606060606060606760669
:10A720004C02CC039801F0008007000300000000F9
:10A730000000000000000000FF01060306060606F8
:10A74000060606060603FE004600C60086008601D1
:10A750000603060306060F0E0000000000000000BE
:10A760000000000000000000F8020C0306020602D0
:10A7700006000E003C00F800E0038003000702061C
:10A78000020606060C03F0010000000000000000B5
:10A790000000000000000000FE076204610861087C
:10A7A00060006000600060006000600060006000A9
:10A7B000600060006000F801000000000000000080
:10A7C00000000000000000001E070C020C020C023A
:10A7D0000C020C020C020C020C020C020C020C0209
:10A7E0000C020C021801F000000000000000000044
:10A7F00000000000000000000F0706020401040131
:10A800000C010C018800880098009800500050004E
:10A810007000300020002000000000000000000058
:10A820000000000000000000F70E6204420446042D
:10A83000460464026402E402E4029C029C01980162
:10A8400098018801880088000000000000000000D6
:10A8500000000000000000009E070C010801180124
:10A860009000B0006000200060006000D000900008
:10A870008801080104038E070000000000000000AA
:10A8800000000000000000000F0F060404020C028C
:10A8900008011801B800B00070006000600060009E
:10A8A000600060006000F80100000000000000008F
:10A8B0000000000000000000FC070C02060302017B
:10A8C000800180004000400020002000100018009F
:10A8D00008040C040402FE03000000000000000055
:10A8E0000000E003200020002000200020002000C5
:10A8F0002000200020002000200020002000200058
:10A9000020002000200020002000E00300000000C4
:10A91000000000000000040004000800080010000F
:10A92000100010002000200040004000C000800007
:10A93000800000010001000200020002000400008B
:10A9400000007C004000400040004000400040000B
:10A9500040004000400040004000400040004000F7
:10A96000400040004000400040007C00000000002B
:10A9700060009000080100000000000000000000DE
:10A9800000000000000000000000000000000000C7
:10A9900000000000000000000000000000000000B7
:10A9A00000000000000000000000000000000000A7
:10A9B0000000000000000000000000000000000097
:10A9C000000000000000000000000000FF0F000079
:10A9D00000001800600000000000000000000000FF
:10A9E0000000000000000000000000000000000067
:10A9F0000000000000000000000000000000000057
:10AA00000000000000000000000000000000000046
:10AA10000000F0010C030C030003E0031C030E0311
:10AA2000060306038E0B7C0E0000000000000000F1
:10AA300000000000000008000E000C000C000C00DC
:10AA40000C00CC013C031C060C060C060C060C0684
:10AA50000C060C021C03E4010000000000000000D2
:10AA600000000000000000000000000000000000E6
:10AA70000000F0008C018C01860106000600060033
:10AA800006020C020C01F0000000000000000000B3
:10AA90000000000000000002C003000300030003E8
:10AAA000000378038C030C03060306030603060366
:10AAB000060304038C07780100000000000000007A
:10AAC0000000000000000000000000000000000086
:10AAD0000000E001180308020C060C06FC070C003D
:10AAE0000C0018041802E001000000000000000043
:10AAF0000000000000000000C003600630063000C7
:10AB00003000FE01300030003000300030003000F6
:10AB1000300030003000FC010000000000000000A8
:10AB20000000000000000000000000000000000025
:10AB30000000F007D8068C018C018C019801F80008
:10AB40000C00FC00CC03060306038E03F800000093
:10AB500000000000000008000E000C000C000C00BB
:10AB60000C00EC011C030C030C030C030C030C0382
:10AB70000C030C030C039E07000000000000000003
:10AB80000000000000000000600060000000000005
:10AB900040007C00600060006000600060006000B9
:10ABA000600060006000FC03000000000000000086
:10ABB0000000000000000000C001C0010000000013
:10ABC0000001F0018001800180018001800180018D
:10ABD00080018001800180018001CC007C000000A8
:10ABE00000000000000008000E000C000C000C002B
:10ABF0000C008C038C008C004C006C005C008C0002
:10AC00008C010C010C039E070000000000000000F6
:10AC100000000000000040007C0060006000600058
:10AC20006000600060006000600060006000600024
:10AC3000600060006000FC030000000000000000F5
:10AC40000000000000000000000000000000000004
:10AC500000003707EE0666066606660666066606A6
:10AC6000660666066606FF0F000000000000000092
:10AC700000000000000000000000000000000000D4
:10AC80000000EE011C030C030C030C030C030C036B
:10AC90000C030C030C039E070000000000000000E2
:10ACA00000000000000000000000000000000000A4
:10ACB0000000F00098010C030606060606060606CC
:10ACC00006060C030C03F00000000000000000006A
:10ACD0000000000000000000000000000000000074
:10ACE0000000EE011C030C060C060C060C060C06FC
:10ACF0000C060C031C03EC010C000C003E000000D1
:10AD00000000000000000000000000000000000043
:10AD1000000078028C030C030603060306030603F7
:10AD2000060304038C03780300030003C00700003C
:10AD30000000000000000000000000000000000013
:10AD400000009F0358063806180018001800180065
:10AD5000180018001800FF000000000000000000AC
:10AD600000000000000000000000000000000000E3
:10AD70000000F0031C030C020C023800F000C003BA
:10AD8000040304038C03FC01000000000000000029
:10AD90000000000000000000000020002000300043
:10ADA0003000FE0130003000300030003000300054
:10ADB000300030023002E00100000000000000001E
:10ADC0000000000000000000000000000000000083
:10ADD00008028E030C030C030C030C030C030C037E
:10ADE0000C030C039C077801000000000000000029
:10ADF0000000000000000000000000000000000053
:10AE000000001E070C020801080118019000B000A4
:10AE1000B0006000600020000000000000000000A2
:10AE20000000000000000000000000000000000022
:10AE30000000F70E6204460464026402EC029C0106
:10AE4000980198019801080000000000000000002F
:10AE500000000000000000000000000000000000F2
:10AE60000000BC0718011001B00060006000E000A5
:10AE70009000080108039E07000000000000000089
:10AE800000000000000000000000000000000000C2
:10AE900000009E0708010801080190009000B00022
:10AEA0006000600060002000200024001C00000002
:10AEB0000000000000000000000000000000000092
:10AEC0000000FC018401C400440060002000300048
:10AED000180208020C03FC01000000000000000042
:10AEE000000000038000800080008000800080005F
:10AEF0008000800040002000400080008000800032
:10AF0000800080008000800080000003000040007E
:10AF10004000400040004000400040004000400031
:10AF20004000400040004000400040004000400021
:10AF30004000400040004000400040004000000051
:10AF400000000C0010001000100010001000100095
:10AF50001000100020004000200010001000100021
:10AF6000100010001000100010000C000000000085
:10AF70001C002204C2048003000000000000000046
:10AF800000000000000000000000000000000000C1
:10AF900000000000000000000000000000000000B1
:10AFA00000000000000000000000000000000000A1
:10AFB000000001FFFF0000FFFF000082040000828C
:10AFC0000400008204000082040000820400008269
:10AFD0000400008204003FFFFFF81FFFFFFC108207
:10AFE000040C0082040C0082040C0082040C008219
:10AFF000040C0082040C0082040C0082040C01FF8B
:10B00000FE0C00FFFE0C0000000C0000001C000005
:10B0100001FC00000008000000000000000000002B
:10B020000000000000020000000400000018000002
:10B03000007000000FC80FFFFF080FFF8008080016
:10B0400000080801000808010008080100080801BC
:10B0500000080801000808010008080100080BFFAB
:10B06000FFF809FFFFF8098100080801000808013E
:10B070000008080110080801180808010E08080354
:10B0800007C8180303C83801000818000018080092
:10B090000018000000080000000000000000000090
:10B0A00000000000000000100200000C0200000F71
:10B0B000033C080707FC06001F800780700203039B
:10B0C0008004000C0004003000180200003002046C
:10B0D00007E00207FF80020E400002160000026433
:10B0E000000032C480021F847FFC1E8440000204E2
:10B0F000000002040000020400000224FFFC021C05
:10B100007FEC020E000406070004060000040200A3
:10B1100000FC0000001C000000080000000000000F
:10B1200000000000000001000180010001C00100DA
:10B13000018001000180010003000100030001FF04
:10B14000FE0001FFFE0201000404010004040100EE
:10B15000040803000818031008100110086000100C
:10B1600000C00010018000100F000010FC103FFF15
:10B17000E0101FF80008101000080010000C00106C
:10B18000000E0010000C001001FC001FFFF0003F3B
:10B19000E0000010000000000000000000000000BF
:10B1A0000000000000000000010002001100024049
:10B1B00039000260310002306100023C410002109F
:10B1C000810002010100020C3100021C3100023C2E
:10B1D00071000268B10033C9A1001F8B3FFE1E0E33
:10B1E0002FFC020C21000238A10002706100022035
:10B1F00079000204310002090100021881000230C6
:10B20000C1000260C100062071000200330000008E
:10B21000030000000100000000000000000000002A
:10B22000000000000000000000000000000200001C
:10B23000000400000008000002080FF84710089002
:10B24000E7300890C6600890CAE008914BC00891AA
:10B250004A48089252080896520C089C640E0FF453
:10B2600067FC089047F80890C40008908400089193
:10B2700084000891A480089014C008901C40089095
:10B280000C601FF80E30080007380000001C00009A
:10B2900000000000000000000000000000000000AE
:10B2A000000000040000000400000004000000048E
:10B2B000000020040000100400100C0FFFF80F0421
:10B2C000003807000060000000C000040180000496
:10B2D000020000040000000400000004000000045C
:10B2E000000000040000000400003FFFFFFE1FFFFD
:10B2F000FFFC100400000004000000040000000433
:10B3000000000004000000040000000C0000000C1D
:10B310000000000400000000000000000000000029
:10B32000000000000000000000000000000000001D
:10B33000000001FFFF0000FFFF0000820400008208
:10B3400004000082040000820400008204000082E5
:10B350000400008204003FFFFFF81FFFFFFC108283
:10B36000040C0082040C0082040C0082040C008295
:10B37000040C0082040C0082040C0082040C01FF07
:10B38000FE0C00FFFE0C0000000C0000001C000082
:10B3900001FC0000000800000000000000000000A8
:10B3A000000000000000004000000070000000EFFE
:10B3B000FFFE01A7FFFC03244200062442001C24D8
:10B3C000420818244208102442080044420C024457
:10B3D000420E01CFFFFC01E4000000F0000000007D
:10B3E0000000000000001FF87FF81FFE7FFC0846E9
:10B3F000020C0082020C0082040C01820C0C03027D
:10B40000180C0702380C0202300C0006100C003E2B
:10B4100001FC000400080000000000000000000023
:10B4200000000100000001038300010F0300017907
:10B43000020007C102003F010200193FFFFE111F79
:10B44000FFFE0111040001030400030504000109CB
:10B450000400001FFFFE0033FFFC0062220000D248
:10B46000220003A222040F13FFFE3C17FFFC181258
:10B470000000141000000330000001F1FFC800D0EC
:10B4800000080060000C0030000E003BFFFC001ABA
:10B49000000000100000001000000000000000008C
:10B4A000000000000000000000000000000000009C
:10B4B000000800011FFC01FF8FF801FF00080001D8
:10B4C0000008000100080001000800010008000158
:10B4D000000800010008000100083FFFFFF81FFFFF
:10B4E000FFF8100100080001000800010008000139
:10B4F000000800010008000100080001000803FF27
:10B50000800801FF9FFE01000FFE00000800000000
:10B51000000000000000000000000000000000002B
:10B5200000000000000000402000004030100040FB
:10B530006008004060080040400C0040C00E3FFF23
:10B54000FFFC1FFFFFF8004100000041000000C2A7
:10B55000000000C2000002400000020000000200E3
:10B5600000000200001002000008020000080200B3
:10B57000000E03FFFFFC03FFFFFC020000000200BF
:10B5800000000200000002000000060000000600AB
:10B5900000000200000000000000000000000000A9
:10B5A000000000000000000100020401000404018A
:10B5B000000404010008040100100401002004013B
:10B5C00000C00401038007FFFF0007FFF80004012B
:10B5D0000000040100000401000004010000040157
:10B5E000000004010000040100000401000007FF46
:10B5F000FFFE07FFFFFC040100000401000004013E
:10B6000000000C0100001C0100000C0300000403FA
:10B610000000000100000000000000000000000029
:10B620000000000000000000400200004002002076
:10B630004004002040040020400800204018002062
:10B64000401010204020182040600E2040C007A06D
:10B65000438003A0470000207C00003FF800003F2B
:10B66000C0000020600000E0580003A046003E201B
:10B6700043801C2040C01820406000204070002003
:10B680004038002040180060401C0060C00C0020C2
:10B69000C00C000040080000000000000000000096
:10B6A000000000000000000000000000000003FF98
:10B6B000FFFE03FFFFFC010000002000010018084E
:10B6C00001001E0802000E0804000008080000081F
:10B6D0001000040860800408C040040B8040040E81
:10B6E000007007FFFFE005FFFFC0048800000408AA
:10B6F00000000408000004080008041800080408FA
:10B70000000C0408000E07FFFFFE0FFFFFFC040003
:10B710000000000000000000000000000000000029
:10B7200000000001000000062000000C200000784E
:10B73000200003C820003F0FFFF01D0FFFF8110885
:10B74000203001082062010820C20318608201082D
:10B7500021040000000408000004043FFF08071F44
:10B76000FE0803D0001000100030001000E03FF38E
:10B77000FF801FF3FE001011008000500040009079
:10B780000040031000200E3FFE300C100038000077
:10B79000001C0000000E000000000000000000007F
:10B7A0000000000000000040200000403010004079
:10B7B0006008004060080040400C0040C00E3FFFA1
:10B7C000FFFC1FFFFFF0104180000041000000C19E
:10B7D000000000C200000042000000000000000065
:10B7E000000000FFFFFC00FFFFF800800040008029
:10B7F0000040008000400080004000800040008049
:10B8000000400080004000FFFFFC01FFFFF80080C7
:10B810000000000000000000000000000000000028
:10B8200000000000040001000800010010000100F9
:10B830003000010060000100C0000103FFFE0103B1
:10B84000FFFC010E0010011C00100170801003C0ED
:10B8500080100F0080103D0080101100801011003A
:10B86000801001008010017FFFF0013FFFF0010018
:10B870008010010080100100801001008010010084
:10B88000801001018010030180100300803001004E
:10B890000030000000100000000000000000000068
:10B8A0000000000000000200000002000000020092
:10B8B0003FFE02001FFE0201100003FF900002FF86
:10B8C0009000028310C0020310C0028511C002451F
:10B8D00012C022491CC0324938801A31F0801E3112
:10B8E000D0800A71548002D9128002CD1380020FD9
:10B8F0001180020111C8030110E802FF900802FF45
:10B90000900C0200100E02003FFC06001FF0060023
:10B910000000020000000000000000000000000025
:10B9200000000000000000040830000E0C3000345D
:10B930001E3000E43C200384EC201F0588601C07B7
:10B940000840080C08400038104400F0504400D073
:10B9500050840010408800108008001080100010F3
:10B960008030001080203FFFF060101FFFC00020DB
:10B9700087C0002083E0082107700C210E380621C3
:10B980001C1C07E1780C00E3300E0063101E00233E
:10B9900000FE0001000200000000000000000000A6
:10B9A0000000000000000000000800000008000087
:10B9B0000008000000080000000800000008000067
:10B9C0000008000000080000000800000008000057
:10B9D0000008000000083FFFFFF81FFFFFF81004F9
:10B9E0000008000400080004000800040008000427
:10B9F0000008000400080004000800040008000C0F
:10BA00000008000C000800040008000000180000F6
:10BA10000018000000080000000000000000000006
:10BA2000000000000002000C000C00100030007F3D
:10BA3000FFC001DFFC00071088003E108800121FC5
:10BA4000FFF8123FFFF002D0880003908804031033
:10BA50008806003FFFFC00100000000406000808F4
:10BA60001A00081072000833C20008E342000FC237
:10BA700042000E004200082FFFFE0827FFFC0814BA
:10BA8000420008184200083842001FF0C2000800B7
:10BA90004600000002000000000000000000080155
:10BAA00030022204227822042202A20263FE222211
:10BAB000222222222222222228023002000000001A
:10BAC0003FFC2108210821083FFC000008000880F5
:10BAD000086008020801FFFE0800080000000000DE
:10BAE00000000FF00820082008200820FFFF082091
:10BAF0000820082008200FF000000000000000408F
:10BB00004040404040404040414141414140404030
:10BB10004040404040404040404040404040400560
:10BB200002020202020202020202020202020220D7
:10BB300020202020202020202002020202020202D7
:10BB400090909090909010101010101010101010F5
:10BB50001010101010101010101002020202020239
:10BB60008888888888880808080808080808080855
:10BB7000080808080808080808080202020240002D
:10BB8000FFBA000849535F4E5649435F5355425F21
:10BB90005052494F52495459284E5649435F496EB5
:10BBA00069745374727563742D3E4E5649435F49F0
:10BBB00052514368616E6E656C5375625072696F65
:10BBC000726974792900000049535F4E5649435FFA
:10BBD000505245454D5054494F4E5F5052494F5277
:10BBE000495459284E5649435F496E6974537472DB
:10BBF0007563742D3E4E5649435F49525143686107
:10BC00006E6E656C507265656D7074696F6E5072A2
:10BC1000696F72697479290049535F5553415254D1
:10BC20005F48415244574152455F464C4F575F432E
:10BC30004F4E54524F4C2855534152545F496E69F0
:10BC4000745374727563742D3E48617264776172C7
:10BC500065466C6F77436F6E74726F6C29000000DD
:10BC60002E2E5C2E2E5C2E2E5C323032353132334D
:10BC7000302D2DB2BBB4F84C76676C5C4E33324736
:10BC800034353752454C375C6669726D7761726541
:10BC90005C6E3332673435785F7374645F706572DD
:10BCA0006970685F6472697665725C7372635C6EFA
:10BCB0003332673435785F657874692E630000002D
:10BCC000E0BC000800000020E80200005A0900085B
:10BCD00024BE0008E80200207066000060830008AF
:10BCE000111810E1F505313231303032323530394A
:10BCF0003230015232024A01036380252808C18193
:10BD00004001C0804104690C2908E918A91C091ADE
:10BD100030091638093660092E70092F6000FF00BF
:10BD2000C0C101C30302C2C60607C705C5C404CC0F
:10BD30000C0DCD0FCFCE0E0ACACB0BC90908C8D83F
:10BD40001819D91BDBDA1A1EDEDF1FDD1D1CDC14FF
:10BD5000D4D515D71716D6D21213D311D1D010F0CF
:10BD60003031F133F3F23236F6F737F53534F43C4F
:10BD7000FCFD3DFF3F3EFEFA3A3BFB39F9F838281F
:10BD8000E8E929EB2B2AEAEE2E2FEF2DEDEC2CE43F
:10BD90002425E527E7E62622E2E323E12120E0A0AF
:10BDA0006061A163A3A26266A6A767A56564A46C8F
:10BDB000ACAD6DAF6F6EAEAA6A6BAB69A9A86878BF
:10BDC000B8B979BB7B7ABABE7E7FBF7DBDBC7CB47F
:10BDD0007475B577B7B67672B2B373B17170B0508F
:10BDE0009091519353529296565797559594549CCF
:10BDF0005C5D9D5F9F9E5E5A9A9B5B99595898889F
:10BE00004849894B8B8A4A4E8E8F4F8D4D4C8C44BE
:10BE1000848545874746868242438341818002204C
:04BE200040000000DE
:040000050800019955
:00000001FF
