:020000040800F2
:10000000D8620020AD01000865330008DD2B000830
:10001000E9310008151000087D69000800000000A3
:10002000000000000000000000000000BF01000808
:100030001710000800000000C3010008D5480008A0
:10004000C7010008C7010008C7010008C701000870
:10005000C7010008C7010008C7010008C701000860
:1000600009180008C7010008C7010008C7010008F7
:10007000C7010008C7010008C7010008C701000840
:10008000C7010008C7010008C7010008C701000830
:10009000C7010008C7010008C7010008C701000820
:1000A000C7010008C7010008C7010008C701000810
:1000B000C7010008C7010008C7010008C701000800
:1000C000C7010008C7010008C7010008C7010008F0
:1000D000C7010008C7010008255D00087D5D000814
:1000E000C7010008C7010008C7010008C7010008D0
:1000F000C7010008C7010008C7010008C7010008C0
:10010000C7010008C7010008C7010008C7010008AF
:10011000AD5C0008CD5C0008D5530008C70100089D
:10012000C7010008C7010008C7010008C70100088F
:10013000C7010008C7010008C7010008C70100087F
:10014000C7010008C7010008C7010008C70100086F
:10015000C7010008C7010008C7010008C70100085F
:10016000C7010008C7010008C7010008C70100084F
:10017000C7010008C7010008C7010008C70100083F
:10018000C7010008C7010008C7010008C70100082F
:10019000C7010008C7010008DFF80CD000F0CEFA54
:1001A0000048004775780008D8620020064880475C
:1001B00006480047FEE7FEE7FEE7FEE7FEE7FEE74C
:1001C000FEE7FEE7FEE7FEE7D948000899010008D0
:1001D00030B505462A460B4612F8010B13F8014BC1
:1001E00008B1A042F8D01CB1002802D06D1CF1E784
:1001F000284630BD2DE9FE4F81EA030404F0004497
:1002000021F0004100944FF0000B23F0004350EA2E
:1002100001045ED052EA03045BD0C3F30A54C1F375
:100220000A552C44A4F2F3340194A0FB0254C1F308
:10023000130141F48011C3F3130343F4801301FB52
:10024000024400FB034E840A970A44EA815447EAB9
:100250008357A4FB076802958D0A05FB07854FEAC3
:10026000932C04FB0C542705029D4FEA065847EADD
:100270001637B5EB08056EEB070C870E920E47EAB2
:10028000811742EA8312A7FB0201B6EB0B0164EB74
:1002900000042B0D43EA0C335E1844EB1C50DA4685
:1002A0005146E7FB0201C5F313044FEA0B3343EA5F
:1002B00014534FEA0432019C43EA0603A4F10C04F0
:1002C0000294009CCDE900B400F0A3F803B0BDE8AF
:1002D000F08F00200146F9E70EB5C10F80EAE0700B
:1002E0000844CA07002140F233438DE80E000A4655
:1002F0000B4600F08EF803B000BD0EB540F233415E
:1003000002910021CDE900110A460B4600F081F868
:1003100003B000BDC1F30A5210B5C1F3130140F29E
:10032000FF3341F480119A4201DA002010BD40F2FF
:1003300033439A42A2F2334203DC524200F04AF8BD
:1003400010BD904010BD30B50B4601460020202264
:10035000012409E021FA02F59D4205D303FA02F5D2
:10036000491B04FA02F52844151EA2F10102F1DC32
:1003700030BD2DE9F05F0546002092469B46884639
:100380000646814640241BE0284641464746224611
:1003900000F020F853465A46C01A914110D3114636
:1003A0001846224600F0DCF92D1A67EB01084F468B
:1003B00022460120002100F0D3F917EB00094E413D
:1003C000201EA4F10104DFDC484631462A4643469C
:1003D000BDE8F09F202A04DB203A21FA02F0002138
:1003E000704721FA02F3D040C2F120029140084345
:1003F0001946704710B5141E73F1000408DA401C4A
:1004000041F1000192185B411A4301D120F0010033
:1004100010BD2DE9F04D92469B4611B1B1FA81F223
:1004200002E0B0FA80F22032904600F099F90446DA
:100430000F4640EA0A0041EA0B0153465A46084378
:1004400013D0114653EA010019D0C8F140025046BA
:10045000FFF7C0FF05460E4650465946424600F09B
:100460007FF9084305D0012004E020463946BDE865
:10047000F08D0020054346EAE0762C4337430A9886
:100480006305E40AA0EB08000022FD0A44EA475491
:100490000A3002D500200146E9E70105101969413B
:1004A000DDE9084500196941BDE8F04DA2E72DE9F5
:1004B000FE4F804681EA0300C00F0C46009021F0F9
:1004C000004123F00045B8EB0200A94105D24046A7
:1004D000214690461C460B46024623F0004010433E
:1004E00047D0270DC7F30A00C3F30A510290401A00
:1004F000019040286BDAC3F3130040F4801B00988E
:10050000924620B10023D2EB030A63EB0B0B019858
:100510005946C0F14002504600F022F906460D4609
:1005200050465946019A00F02AF910EB0800614143
:10053000002487EA115284EAE7731A4340D0009AF4
:1005400062B3019A012A4FEA075215DC001B61EBE6
:1005500002014FF0004202EA0752CDE90042001CBE
:1005600041F5801132462B46FFF753FF03B0BDE83B
:10057000F08F40462146F9E7001B61EB0201001CA9
:1005800041F5801300185B412018A2F5001747EBD6
:10059000030140EAD570B6196D4111E06D084FEACC
:1005A000360645EAC0754FEA0752001B61EB0201AF
:1005B000001C41F5801149084FEA300000195141F3
:1005C00032462B4603B0BDE8F04FFFF713BF00984B
:1005D000012240000023D0EB020263EBE07300989D
:1005E00021464FEAE074B8EB000061EB0401E9E753
:1005F00083F000435BE781F0004158E72DE9F04DBF
:1006000081EA030404F0004B21F0004514464FF04A
:10061000000A23F0004150EA050220D054EA01020A
:100620001DD0C5F30A570246C5F31303C1F31300E7
:10063000C1F30A5640F4801543F48013A7EB060873
:10064000101BD64608F2FD3873EB050002D308F103
:10065000010801E092185B41B8F1000F03DA0020B5
:100660000146BDE8F08D00204FF480110646844617
:100670000EE0171B73EB050705D3121B63EB050395
:1006800006434CEA010C49084FEA300092185B41DE
:1006900050EA0107EDD152EA030012D082EA0400C9
:1006A00083EA0501084305D0101BAB4106D20122A5
:1006B000002306E000224FF0004302E06FF0010249
:1006C00053101AEB06004CEB085110EB0A0041EBFB
:1006D0000B01BDE8F04DFFF78DBEC1F30A52C1F327
:1006E000130140F2FF3341F480119A4202DA0020F4
:1006F0000146704740F233439A42A2F2334202DC91
:100700005242FFF767BE00F02BB8000030B5041E60
:1007100071F1000404DB4FF00044404264EB01013E
:10072000141E73F1000405DB1C464FF000435242D7
:1007300063EB0403994208BF904230BD064C074D5D
:1007400006E0E06840F0010394E8070098471034A1
:10075000AC42F6D3FFF724FDECA100080CA2000880
:10076000202A04DB203A00FA02F100207047914071
:10077000C2F1200320FA03F3194390407047202A66
:1007800006DBCB17203A41FA02F043EAE07306E0B9
:1007900041FA02F3D040C2F12002914008431946C9
:1007A000704770B58C1810F8015B15F0070301D184
:1007B00010F8013B2A1106D110F8012B03E010F8C4
:1007C000016B01F8016B5B1EF9D12B0705D40023E7
:1007D000521E0DD401F8013BFAE710F8013BCB1A89
:1007E000921C03E013F8015B01F8015B521EF9D57E
:1007F000A142D8D3002070BDF8B54FF40050ADF839
:10080000000010250E4E8DF8035001248DF8024093
:100810006946304601F008FF2103ADF800108DF85D
:1008200003508DF802406946304601F0FDFE610339
:10083000304602F00DF92103304602F009F9F8BD07
:10084000000C014070B5C0F307110E2202EAD1027C
:1008500000F00F0001F00F0142F0A00440EA011582
:1008600002F036FB04F0FE0002F0F4FA02F07EFB28
:10087000284602F0EFFA02F079FB02F029FB44F07F
:10088000010002F0E7FA02F071FB002002F064FAC6
:10089000044602F047FB44F6206006F087FD204640
:1008A00070BD70B502460E46C0F307100E2101EA76
:1008B000D00102F00F0200F00F0041F0A00442EA64
:1008C000001502F005FB204602F0C4FA02F04EFBD0
:1008D000284602F0BFFA02F049FB304602F0BAFAAD
:1008E00002F044FB02F01EFBBDE8704044F62060BD
:1008F00006F05CBD38B5044600200090042C18BFFB
:10090000082C54D00C2C18BF102C50D0142C18BF0D
:10091000182C4CD01C2C18BF202C48D0242C18BFCD
:10092000282C44D0402C18BF442C40D0482C18BF51
:100930004C2C3CD0502C18BF542C38D0582C18BFFD
:100940005C2C34D0602C18BF642C30D0682C18BFBD
:100950006C2C2CD0702C18BF742C28D0782C18BF7D
:100960007C2C24D0802C18BF842C20D0882C18BF3D
:100970008C2C1CD0902C18BF942C18D0982C18BFFD
:100980009C2C14D0A02C18BFA42C10D0A82C18BFBD
:10099000AC2C0CD0B02C18BFB42C08D0B82C18BF7D
:1009A000BC2C04D0C62205A112A006F0BFFC04F1A5
:1009B000804000F5D8400090008838BD2E2E5C663F
:1009C00069726D776172655C6E3332673435785F5A
:1009D0007374645F7065726970685F64726976656C
:1009E000725C7372635C6E3332673435785F626B4E
:1009F000702E630049535F424B505F44415428427C
:100A00004B505F444154290038B5044600200D4640
:100A10000090042C18BF082C54D00C2C18BF102C9C
:100A200050D0142C18BF182C4CD01C2C18BF202CC4
:100A300048D0242C18BF282C44D0402C18BF442C5C
:100A400040D0482C18BF4C2C3CD0502C18BF542CF4
:100A500038D0582C18BF5C2C34D0602C18BF642CB4
:100A600030D0682C18BF6C2C2CD0702C18BF742C74
:100A700028D0782C18BF7C2C24D0802C18BF842C34
:100A800020D0882C18BF8C2C1CD0902C18BF942CF4
:100A900018D0982C18BF9C2C14D0A02C18BFA42CB4
:100AA00010D0A82C18BFAC2C0CD0B02C18BFB42C74
:100AB00008D0B82C18BFBC2C04D0B32205A113A0B9
:100AC00006F034FC04F1804000F5D8400090056049
:100AD00038BD00002E2E5C6669726D776172655CB0
:100AE0006E3332673435785F7374645F7065726932
:100AF00070685F6472697665725C7372635C6E3392
:100B000032673435785F626B702E630049535F4201
:100B10004B505F44415428424B505F44415429009C
:100B20002DE9F0415E4C8188A1808179A171B0F8F6
:100B300001102180C178A170B0F807102181417A9D
:100B4000A1724189A181017BA173B0F80D102182AE
:100B5000C17BA174018AA182817CA175B0F81310B8
:100B60002183407DA0766068FFF7C7FB9FED4E1B99
:100B700053EC112BFFF73EFBFFF7CCFB04F11C05F8
:100B800086B22E802068FFF7B8FB9FED491B53EC1F
:100B9000112BFFF72FFBFFF7BDFB07466860E068EE
:100BA000B0F5000F03DBC043401CC0F31600FFF795
:100BB00093FB9FED411B53EC112BFFF71BFBFFF742
:100BC000A9FB80B200EE100A28813F4BB8EE401A14
:100BD00000EE106AB8EE400AC1EE000A00EE107A8C
:100BE000B8EE400A80EE801A9FED350A61EE000AE9
:100BF0009FED340A60EE800AFCEEE00A10EE900AE7
:100C00002874206959680844586019469A68C96868
:100C1000904203D3821A1144D96006E06FF07F4CF2
:100C2000ACEB020202441144D9600022C3E9012066
:100C30000D291CD300EE901A9FED241AE968F8EEF6
:100C4000600A60EE810A20EE800ABCEEC00A10EE57
:100C5000100A0844E860010C0820DA6002F076FB14
:100C6000A88981B2092002F071FB01F0D3F829882C
:100C7000042002F06BFB16496868A1FB0010C0F36A
:100C8000CF01052002F062FB2989072002F05EFBFC
:100C9000297CBDE8F041062002F058BB00000000AE
:100CA00064100020000000009FE74A621B81103F93
:100CB000CD2D44350B4E903F56B7DD7835487A3F01
:100CC0000000C84200007A442C000020EDF8433AAE
:100CD000CDCCCCCC08B507A00068009006480178C0
:100CE000012918BF08BD002101700221684605F0E6
:100CF00081FD08BD58AA00002C000020084808B556
:100D00000068009007480178012905D10021017091
:100D10000221684605F06EFDBDE8084005F086BD7D
:100D2000F40C00082C00002038B50220ADF80000BB
:100D300010208DF803000120104C8DF80200694648
:100D4000204601F071FC0221204601F017FE02212D
:100D5000204601F07DFE4FF4FA7006F01BFB0221E5
:100D6000204601F00BFE40F6B83006F013FB044AB3
:100D700040F6B831042005F035FE38BD00080140CA
:100D8000F146000838B50820ADF8000010208DF8B5
:100D900003000120054C8DF802006946204601F051
:100DA00043FC0821204601F053FE38BD000C0140F1
:100DB00070B5534800780A2828BF70BDDFE800F0FE
:100DC00005166E3838382439519408214D4801F001
:100DD000D5FD4B480121002201704270BDE87040F2
:100DE0004FF4FA61484A0F2005F0FCBD444C60788E
:100DF000002808BF70BD002060700F2005F0E8FDDE
:100E000005F08EFD062024E005F08AFD07213FA0B5
:100E100005F098FD3A4C07204FF47A7120700020BD
:100E20006070394A0F2005F0DDFDA078401CA070ED
:100E300070BD334C6078002808BF70BD0025657018
:100E40000F2005F0C5FD33A13348FFF7C1F910B1FC
:100E50000820207070BDA0780A2818BF0620F8D19D
:100E600032E005F05DFD08212CA005F06BFD10219E
:100E70002D4805F067FD02212CA005F063FD204CF4
:100E800000204FF47A7160701F4A0F2005F0AAFD10
:100E900002202070A078401CA07070BD184C6078B3
:100EA000002808BF70BD002565700F2005F090FD7B
:100EB00018A11948FFF78CF918B103202070A5700C
:100EC00070BDA0780A28C3D1A57009202070082120
:100ED0000C4801F0BDFD6570BDE870404FF47A71BB
:100EE000094A0F2005F07EBD054D6878002808BF2F
:100EF00070BD00246C700F2005F06AFD2C7070BD71
:100F0000BD020020000C0140310F000841542E2E7C
:100F10002E0D0A004F4B00007003002041542B4E51
:100F2000414D453D00000000040000200D0A000076
:100F30000149012048707047BD02002038B506F015
:100F40005FFA05F035FD0124ADF8004010258DF85D
:100F500003508DF802406946214801F065FB214AA3
:100F60001E21022005F03EFD02F08AFC06F03EFB49
:100F700006F078FA06F0F8FA02F0F5F903F01AFC38
:100F8000FFF7D2FE06F020FC2003ADF800008DF83C
:100F90000350154D8DF802406946284601F044FB88
:100FA0002103284601F0EAFCADF8004004218DF849
:100FB00003106946284601F037FB03F02DFE03F0CD
:100FC000D3FB02F01FFFFFF717FC00F049FE06F00D
:100FD000ADFB04F0F3F9BDE83840FFF7D3BE0000E5
:100FE00000100140A117000800080140084910B591
:100FF0000120487002F038F8FFF780FE06F0E2FBAF
:1010000004F0D2FD00F022FFBDE81040FFF7D0BE93
:1010100016000020FEE7704770B584B000254CF242
:10102000186428B301281CBF04B070BD1026CDE998
:1010300000464FF61F0300220C21E820029503F022
:10104000E9FFCDE900464FF61F0301220C21F820ED
:10105000029503F0DFFFCDE900464FF61F030222A1
:101060000C214FF48470029503F0D4FF04B070BDDE
:101070001820CDE90040002303A20C210295E820AE
:1010800004F040F904B070BD2020202000000000D2
:1010900070B5002484B020254CF21866E8B1012810
:1010A0001CBF04B070BD012001F0D2FF0096CDE955
:1010B00001544FF478431422C021E02003F0AAFF2A
:1010C0000096CDE901544FF478430F22C0214FF42C
:1010D000807003F09FFF04B070BD002001F0B8FFE6
:1010E0000096CDE901544FF4FC631522C021E020A5
:1010F00003F090FF0096CDE901544FF4FC630F22FA
:10110000C0214FF4807003F085FF04B070BD70B54E
:10111000002484B020254CF21866E0B101281CBFE1
:1011200004B070BD012001F0CDFF0096CDE901545F
:101130004FF4FC630B22C021582003F06BFF009694
:10114000CDE901544FF4FC630C22C021782003F058
:1011500061FF04B070BD002001F0B4FF0096CDE93E
:1011600001544FF478430D22C021582003F052FF60
:101170000096CDE901544FF478430E22C021782027
:1011800003F048FF04B070BDF0B5754A18252DED89
:10119000028B87B05078734F401CC0B20024724954
:1011A00050704CF21866072880F0D480DFE800F019
:1011B000D204273845535B00CDE9004602953A88B2
:1011C00004230821002004F043F8CDE900460295ED
:1011D000BA78022308213C2004F03AF8CDE9004611
:1011E0000295FA7802230821602004F031F8CDE955
:1011F0000046029501230821FA79CC2025E0CDE9AB
:10120000004602953A7902230821842004F020F850
:10121000CDE900460295022308217A79A82014E03E
:10122000CDE9004602950A8804234021582004F0A5
:101230000FF807B0BDEC028BF0BDCDE9004602957A
:101240008888052382B260210BE004F001F807B022
:10125000BDEC028BF0BDCDE9004602950A8906235C
:1012600080215820F1E7C868002866D03F49A1FBDB
:10127000002149096FF01802514310EB81019FEDE5
:101280003C8B24D03C49A1FB0021C908494201EB19
:10129000810110EB410135D0FFF72FF853EC182BEB
:1012A000FEF7A8FF41EC100B34A153EC102B03A860
:1012B00005F0CAFB0096CDE90154002303AAA02142
:1012C000642004F01FF807B0BDEC028BF0BDFFF7FF
:1012D00014F853EC182BFEF78DFF41EC100B29A1ED
:1012E00053EC102B03A805F0AFFB0096CDE9015499
:1012F000002303AAA021642004F004F807B0BDEC89
:10130000028BF0BDFEF7F9FF53EC182BFEF772FFCE
:1013100041EC100B1DA153EC102B03A805F094FB1E
:101320000096CDE90154002303AAA021642003F014
:10133000E9FF07B0BDEC028BF0BD0096CDE901548A
:10134000002314A2A021642003F0DCFF07B0BDEC51
:10135000028BF0BD547007B0BDEC028BF0BD0000F5
:101360004100002020000020801000201F85EB514C
:10137000FCA9F1D24D62503FCDCCCCCC252E3366AA
:1013800000000000252E316600000000252E326688
:1013900000000000300000002DE9F0412DED028B2F
:1013A00086B04CF218640021F0234FF4A072084676
:1013B000009403F00AFC4FF47840302300904FF47F
:1013C000A0721946002003F0A1FB0025DE4FCDE9F5
:1013D0000054182602963A8804230821284603F070
:1013E00037FFCDE900460023D8A20821302002951E
:1013F00003F088FFCDE900540296BA780223082151
:101400003C2003F025FFCDE900460023CFA20821B0
:101410005420029503F076FFCDE900540296FA7845
:1014200002230821602003F013FFCDE90054029647
:101430003A7902230821842003F00AFFCDE900460F
:101440000023C3A208219C20029503F05BFFCDE995
:10145000005402967A7902230821A82003F0F8FEAE
:10146000CDE900540296FA7901230821CC2003F03B
:10147000EFFE042001F038FFFFF7CEFDCDE9004676
:101480000023B4A208214FF49170029503F03AFFB3
:1014900020270023CDE900471A464021184602952F
:1014A00003F0B8FDCDE900470023012240212020B0
:1014B000029503F0AFFDCDE9004640210023A4A230
:1014C0000846029503F01EFFDFF88C82CDE9005438
:1014D0000296B8F8002004234021582003F0B8FEFB
:1014E000CDE9004600239DA24021A020029503F0F3
:1014F00009FFCDE900474FF4784312224021E02054
:10150000029503F087FDCDE9004740214FF4784371
:1015100013228800029503F07DFD0023CDE90047EA
:101520001A4660211846029503F074FDCDE9004784
:101530000023022260212020029503F06BFDCDE9FB
:101540000046002382A260214020029503F0DAFECB
:10155000CDE900540296B8F80400052382B2602158
:10156000582003F075FECDE9004600237CA26021DF
:10157000AC20029503F0C6FECDE90047002303220C
:1015800080211846029503F045FDCDE90047002370
:10159000042280212020029503F03CFDCDE9004685
:1015A00000236BA280214020029503F0ABFECDE921
:1015B00000540296B8F8082006238021582003F032
:1015C00047FECDE90046002366A28021D020029587
:1015D00003F098FECDE9004700230722A02118461A
:1015E000029503F017FDCDE9004700230822A02152
:1015F0002020029503F00EFDCDE90046002354A201
:10160000A0214020029503F07DFED8F80C000028B0
:101610005CD05549A1FB00214909F243514310EB2D
:1016200081019FED538B21D05349A1FB0021C908B3
:10163000494201EB810110EB41012FD0FEF75DFE25
:1016400053EC182BFEF7D6FD41EC100B4BA153ECDD
:10165000102B03A805F0F8F9CDE90046002303AAF2
:10166000A0216420029503F04DFE38E0FEF745FE10
:1016700053EC182BFEF7BEFD41EC100B41A153ECCF
:10168000102B03A805F0E0F9CDE90046002303AADA
:10169000A0216420029503F035FE20E0FEF72DFE28
:1016A00053EC182BFEF7A6FD41EC100B37A153ECC1
:1016B000102B03A805F0C8F9CDE90046002303AAC2
:1016C000A0216420029503F01DFE08E0CDE900464C
:1016D000002330A2A0216420029503F013FECDE97F
:1016E000004600232CA2A0214FF48070029503F045
:1016F00009FECDE9004700230922C02118460295C2
:1017000003F088FCCDE9004700230A22C0212020F5
:10171000029503F07FFCCDE9004600230CA2C02116
:101720004020029503F0EEFD012001F0DDFDFFF702
:10173000EEFC022001F0D8FDFFF7AAFC06B0BDECDC
:10174000028BBDE8F0810000200000202F00000087
:101750003A000000344700008010002056000000CE
:101760006D410000570000001F85EB510000000094
:10177000FCA9F1D24D62503FCDCCCCCC252E3366A6
:1017800000000000252E316600000000252E326684
:1017900000000000300000004B572F480000000000
:1017A00010B5174CE07868B12179164800294FF040
:1017B000010102D001F04CF901E001F0DFF82079DD
:1017C000C043207120890021B0F57A7F28BF218194
:1017D0000CD2401C0004000C208107D0A0F5407200
:1017E000E73A02BF60780028E17000E06170AFF274
:1017F0004F021E21BDE81040022005F0F3B80000A2
:10180000160000200010014010B5042000F044F83C
:10181000002808BF10BD05F083FFBDE8104004207C
:10182000AFF3008010B50446800D00D12CB940F212
:10183000011203A111A005F079FD1648046010BD46
:101840002E2E5C6669726D776172655C6E333267ED
:101850003435785F7374645F7065726970685F6453
:1018600072697665725C7372635C6E3332673435AD
:10187000785F657874692E630000000049535F4506
:101880005854495F4C494E4528455854495F4C6966
:101890006E6529001404014070B500250446012836
:1018A00018BF022C3AD0042C18BF082C36D0102CAC
:1018B00018BF202C32D0402C18BF802C2ED0B4F56D
:1018C000807F18BFB4F5007F28D0B4F5806F18BFB3
:1018D000B4F5006F22D0B4F5805F18BFB4F5005F97
:1018E0001CD0B4F5804F18BFB4F5004F16D0B4F536
:1018F000803F18BFB4F5003F10D0B4F5802F18BF5B
:10190000B4F5002F0AD0B4F5801F18BFB4F5001F3E
:1019100004D0EB2207A116A005F008FD1B480068C3
:101920001B492040096821421CBF00280125284688
:1019300070BD00002E2E5C6669726D776172655C09
:101940006E3332673435785F7374645F70657269C3
:1019500070685F6472697665725C7372635C6E3323
:1019600032673435785F657874692E630000000053
:1019700049535F4745545F455854495F4C494E456C
:1019800028455854495F4C696E65290000040140A0
:101990001404014010B504460079002818BF04283B
:1019A00004D073222FA13EA005F0C0FC6079082866
:1019B0001CBF0C28102804D074222AA143A005F0D3
:1019C000B5FC2068810D00D120B9752225A14BA05E
:1019D00005F0ACFCA079002818BF012804D07622BD
:1019E00020A151A005F0A2FCA1795C48002930D0CB
:1019F0000168226891430160001D016822689143DB
:101A00000160207900F1804000F582300168226891
:101A100011430160524908682268904308600A1D1A
:101A200010682368984310606079102808D000F18E
:101A3000804000F58230016822681143016010BDCA
:101A4000086823681843086010682168084310601C
:101A500010BD207900F1804000F5823001682268D5
:101A60009143EBE72E2E5C6669726D776172655C5F
:101A70006E3332673435785F7374645F7065726992
:101A800070685F6472697665725C7372635C6E33F2
:101A900032673435785F657874692E630000000022
:101AA00049535F455854495F4D4F44452845585464
:101AB000495F496E69745374727563742D3E45585D
:101AC00054495F4D6F6465290000000049535F452C
:101AD0005854495F5452494747455228455854493C
:101AE0005F496E69745374727563742D3E45585422
:101AF000495F5472696767657229000049535F4501
:101B00005854495F4C494E4528455854495F496EE1
:101B100069745374727563742D3E455854495F4C13
:101B2000696E65290000000049535F46554E4354D5
:101B3000494F4E414C5F53544154452845585449F0
:101B40005F496E69745374727563742D3E455854C1
:101B5000495F4C696E65436D6429000000040140D3
:101B600008040140001DFEF79CBE10B5002117209F
:101B7000FEF797FE01211820FEF793FE00211920A1
:101B8000FEF78FFE00211A20FEF78BFE25211B2079
:101B9000FEF787FE80211C20FEF783FE01211D2019
:101BA000FEF77FFE0E211E20FEF77BFE00211F2088
:101BB000FEF777FEB4212020FEF773FE1F212120BF
:101BC000FEF76FFE40212220FEF76BFE002123204E
:101BD000FEF767FE1E212420FEF763FE002125206C
:101BE000FEF75FFE50212620FEF75BFE44212720F2
:101BF000FEF757FEC0212820FEF753FE00212920C2
:101C0000FEF74FFE3F212A20FEF74BFE0021312038
:101C1000FEF747FE02213220FEF743FE002133206B
:101C2000FEF73FFEFF213420FEF73BFE002135206A
:101C3000FEF737FE00213620FEF733FE0021372065
:101C4000FEF72FFE7F213820FEF72BFE17213920CB
:101C5000FEF727FE3B21BDE810403A20FEF721BEEB
:101C6000F8B500246D462046FEF7ECFD2855601CB3
:101C7000C4B2042CF7D39DF8000018251726A1281C
:101C800004BF9DF80100582807D19DF8020059288B
:101C900004BF9DF80300A22841D0A1210020FEF737
:101CA00000FE58210120FEF7FCFD59210220FEF71D
:101CB000F8FDA2210320FEF7F4FD00218F20FEF79E
:101CC000F0FD00219020FEF7ECFD00219120FEF7B1
:101CD000E8FD00219220FEF7E4FD00F079F80021F4
:101CE0000420FEF7DEFD01210520FEF7DAFD0021CC
:101CF0000620FEF7D6FD01210720FEF7D2FD0021C8
:101D00000820FEF7CEFDFFF730FF00F061F8002459
:101D1000201DFEF797FD012833D088B33AE000F08C
:101D200057F80024201DFEF78DFD012801D028B1B1
:101D300008E00121204601F0F3FA03E000212046EB
:101D400001F0EEFA601CC4B2052CEBD3012001F0C7
:101D5000CBFA02F0D9FC002405EB4400FEF772FD3B
:101D6000074606EB4400FEF76DFD07EB002081B24D
:101D7000204601F0F1FA601CC4B2212CECD3F8BD6E
:101D800004E00121204601F0CBFA03E000212046C7
:101D900001F0C6FA601CC4B2052CB9D3012001F0D1
:101DA000A3FA02F0B1FC002405EB4400FEF74AFD63
:101DB000074606EB4400FEF745FD07EB002081B225
:101DC000204601F0C9FA601CC4B2212CECD3F8BD46
:101DD00010B58F20FEF736FD04069020FEF732FD89
:101DE00004EB00449120FEF72DFD04EB002492202B
:101DF000FEF728FD2044064C010CE060082001F0AD
:101E0000A5FAA089BDE8104081B2092001F09EBA70
:101E10008010002010B50C4CE068010E8F20FEF7FA
:101E200040FDE068C0F307419020FEF73AFDA0892D
:101E3000C0F307219120FEF734FD217BBDE810405F
:101E40009220FEF72EBD00008010002010B501F09A
:101E500079FC01F05BF901F0A3FBBDE8104001F053
:101E60000DBC000070B50C46050018BF012D0ED04A
:101E7000022D18BF032D0AD0042D1CBF052D062DE1
:101E800005D040F247321FA12DA005F04FFA002CDB
:101E900018BF012C21D0022C18BF032C1DD0042CFC
:101EA00018BF052C19D0062C18BF072C15D0082CEC
:101EB00018BF092C11D00A2C18BF0B2C0DD00C2CDC
:101EC00018BF0D2C09D00E2C18BF0F2C05D04FF4C5
:101ED00052720CA124A005F029FAA007010F0F20CF
:101EE00000FA01F224F0030000F1804000F5803098
:101EF000836823EA02028260826805FA01F11143D5
:101F0000816070BD2E2E5C6669726D776172655C52
:101F10006E3332673435785F7374645F70657269ED
:101F200070685F6472697665725C7372635C6E334D
:101F300032673435785F6770696F2E630000000088
:101F400049535F4750494F5F455854495F504F527E
:101F5000545F534F5552434528506F7274536F75F9
:101F6000726365290000000049535F4750494F5F85
:101F700050494E5F534F555243452850696E536F39
:101F8000757263652900000070B50D46044601288E
:101F900018BF022C00F0E081042C18BF082C00F0C0
:101FA000DB81A4F5A01010381CBFA4F5A010B0F17F
:101FB000300000F0D181A4F5B01040381CBFA4F56A
:101FC000B010B0F1C00000F0C781A4F5C010B0F5AA
:101FD00080701CBFA4F5C010B0F5007000F0BC818B
:101FE000A4F5C010B0F540701CBFA4F5C010B0F54A
:101FF000023000F0B181A4F5C010B0F5033018BF75
:10200000B4F5805F00F0A881B4F5E91F18BFB4F5FE
:10201000EA1F00F0A181B4F5EB1F18BFB4F5004F23
:1020200000F09A816FF40010C4421CBFA4F50010A8
:10203000B0F1020000F09081A4F50010001F1CBF59
:10204000A4F50010B0F1080000F08681A4F500109E
:1020500010381CBFA4F54010B0F5807000F07C81F2
:10206000A4F54010B0F500701CBFA4F54010B0F509
:10207000806000F07181FB4884421CBF6FF080409B
:10208000C44200F06981F84884421CBFF74884428A
:1020900000F06281F64884421CBFF648844200F09A
:1020A0005B81F54884421CBFF448844200F05481AF
:1020B000F34884421CBFF348844200F04D81F2484B
:1020C00084421CBFF148844200F04681F0488442BB
:1020D0001CBFF048844200F03F81A4F18040B0F57D
:1020E000F2101CBFA4F18040B0F5F41000F0348170
:1020F000A4F18040B0F5F6101CBFE748844200F020
:102100002B81E64884421CBFE548844200F02481CC
:10211000A4F18040B0F190701CBFE248844200F00E
:102120001B81E14884421CBFA4F18040B0F184606F
:1021300000F01281DD4884421CBFDD48844200F07B
:102140000B81DC4884421CBFDB48844200F00481E0
:10215000DA4884421CBFDA48844200F0FD80D94846
:1021600084421CBFD848844200F0F680D74884429D
:102170001CBFD748844200F0EF80D64884421CBF81
:10218000D548844200F0E880D44884421CBFD4483B
:10219000844200F0E180A4F18040B0F579101CBFCA
:1021A000A4F18040B0F57B107ED0CE4884421CBFA5
:1021B000CD48844278D0CD4884421CBFCC4884426C
:1021C00072D0CC4884421CBFCB4884426CD0CB48F0
:1021D00084421CBFCA48844266D0CA4884421CBF9D
:1021E000C948844260D0C94884421CBFC848844260
:1021F0005AD0C84884421CBFC748844254D0C748FC
:1022000084421CBFA4F10050B0F580504CD0A4F122
:102210000050B0F580401CBFA4F10050B0F5004064
:1022200042D0BF4884421CBFBE4884423CD0BE4816
:1022300084421CBFBD48844236D0BD4884421CBF86
:10224000BC48844230D0BC4884421CBFBB48844256
:102250002AD0BB4884421CBFBA4884427CD0A4F533
:10226000001080381CBFA4F5B010B0F1800073D00E
:10227000A4F1815080381CBFA4F18150B0F140001E
:102280006AD0A4F1815020381CBFA4F18150B0F174
:10229000100061D0A4F1815008381CBFA4F1815016
:1022A000B0F1040058D000E056E0A4F18150801E47
:1022B0001CBF6FF08150C4424ED0A4F18050B0F5E5
:1022C00000401CBFA4F18050B0F5804044D0A4F180
:1022D0008050B0F5005018BFB4F1102F3CD0A4F1DD
:1022E0008050B0F500601CBFA4F18050B0F5806054
:1022F00032D0A4F18050B0F500701CBFA4F1805022
:10230000B0F5807028D0A4F1805080381CBFA4F1B3
:102310008050B0F140001FD0A4F1805020381CBF85
:10232000A4F18050B0F1100016D0A4F1805008380C
:102330001CBFA4F18050B0F104000DD0A4F1805076
:10234000801E1CBF6FF08050C44205D040F27A223C
:102350007DA18CA004F0EAFF002D18BF012D05D04F
:1023600040F27B2278A18DA004F0E0FF924A14F0A5
:10237000004F18BFD0691ED090491FFA84FC04EAB0
:102380000106C4F340510B01A1B29940B6F5401FBC
:1023900021D014F4801F24D014F4001F4FF0030345
:1023A000C4F3034603FA06F318BF1B04984314F062
:1023B000E04F52D11EE114F0804F18BF106ADBD1FC
:1023C00014F0005F18BF506AD6D114F0805F14BFBC
:1023D000906A5068D0E7536820F0706023F0706313
:1023E000FAE014F0807F25D014F0040F1AD014F016
:1023F000007F20EA01000ED035B1536843F001039D
:1024000043F070635360F8E0516821F0010141F03E
:1024100070615160F2E0536823F0010343F0706390
:102420005360E9E04CF0040C0CFA03F39843002DE0
:10243000EAD0E2E714F0806F11D014F0080F0FD04B
:1024400014F0007F20EA01000BD03DB1536843F047
:10245000080343F070635360CFE0CDE0B0E0C5E027
:10246000BCE0B4E00004008002001140060011400E
:10247000200014403000144040001640C0001640B8
:10248000000218400003184000041A40000C1A40D3
:1024900000101C4000301C40010030400200304061
:1024A0000300304004002041040020430800204481
:1024B00008002046100034402000344030003440F2
:1024C0004000364080003640C000364000023840B0
:1024D0000003384000043A40000C3A4000103C40F1
:1024E00000303C40010010200200102003001020AA
:1024F00004001220080012200C00122010001420EA
:102500003000142040001620C000162000011820C2
:10251000000218200003182000041A20000C1A20C2
:10252000010020200200202004002020080020209C
:102530001000342030003420400020208000202073
:1025400000012020000220202E2E5C6669726D772B
:102550006172655C6E3332673435785F7374645FC3
:102560007065726970685F6472697665725C7372B7
:10257000635C6E3332673435785F6770696F2E63E2
:102580000000000049535F4750494F5F52454D419D
:102590005028526D7050696E2900000049535F4603
:1025A000554E4354494F4E414C5F53544154452876
:1025B000436D6429000000000000014000003070FD
:1025C000516821F0080141F07061516016E05368D4
:1025D00023F0080343F0706353600DE04CF0080CE7
:1025E0000CFA03F39843002DEAD02FE7884314F048
:1025F000E04F01D140F0706005B1084314F0004F86
:102600001CBFD06170BD14F0804F1CBF106270BD44
:1026100014F0005F1CBF506270BD14F0805F14BFE7
:102620009062506070BD00002DE9F0410446002624
:10263000A0F180400D46B0F584301CBFA4F180406D
:10264000B0F586301CD0A4F18040B0F588301CBFB6
:10265000A4F18040B0F58A3012D0A4F18040B0F5EA
:102660008C301FBFA4F18040B0F58E30A4F18040C3
:10267000B0F5903004D0BE223FA14EA004F056FE2B
:10268000E878002818BF042810D0282818BF482848
:102690000CD0142818BF102808D01C2818BF1828E0
:1026A00004D0BF2234A14AA004F040FE288820B9FB
:1026B000C02231A151A004F039FEE87800F00F07E4
:1026C00010F0100F0FD0A878002818BF022808D0EB
:1026D000012818BF032804D0C72227A150A004F066
:1026E00025FEA878074328784FF00F0C10F0FF0F55
:1026F0004FF0010318BF216819D02A8803FA06F0A9
:10270000024082420FD1B2000CFA02F821EA08011D
:1027100007FA02F21143EA78282A08BF606102D062
:10272000482A08BF2061761C082EE6D3216028883D
:10273000FF2886BF62680020BDE8F08100F1080133
:102740002E8803FA01F10E408E420FD186000CFA5A
:1027500006F822EA080207FA06F63243EE78282E37
:1027600008BF6161EE78482E08BF2161401C08282F
:10277000E4D36260BDE8F0812E2E5C6669726D77ED
:102780006172655C6E3332673435785F7374645F91
:102790007065726970685F6472697665725C737285
:1027A000635C6E3332673435785F6770696F2E63B0
:1027B0000000000049535F4750494F5F414C4C5F58
:1027C000504552495048284750494F782900000049
:1027D00049535F4750494F5F4D4F44452847504943
:1027E0004F5F496E69745374727563742D3E475020
:1027F000494F5F4D6F6465290000000049535F47F2
:1028000050494F5F50494E284750494F5F496E69C4
:10281000745374727563742D3E50696E2900000004
:1028200049535F4750494F5F5350454544284750EF
:10283000494F5F496E69745374727563742D3E47D6
:1028400050494F5F537065656429000070B50546B7
:102850000026A0F180400C46B0F584301CBFA5F1E5
:102860008040B0F586301DD0A5F18040B0F58830AD
:102870001CBFA5F18040B0F58A3013D0A5F180408F
:10288000B0F58C301FBFA5F18040B0F58E30A5F1BA
:102890008040B0F5903005D040F229121BA12AA04B
:1028A00004F044FD012C18BF022C28D0042C18BFC2
:1028B000082C24D0102C18BF202C20D0402C18BF5E
:1028C000802C1CD0B4F5807F18BFB4F5007F16D0E3
:1028D000B4F5806F18BFB4F5006F10D0B4F5805F09
:1028E00018BFB4F5005F0AD0B4F5804F18BF052CAF
:1028F00005D04FF4957205A11AA004F017FDA86841
:10290000204218BF0126304670BD00002E2E5C66A6
:1029100069726D776172655C6E3332673435785FEA
:102920007374645F7065726970685F6472697665FC
:10293000725C7372635C6E3332673435785F6770D4
:10294000696F2E630000000049535F4750494F5F95
:10295000414C4C5F504552495048284750494F78A8
:102960002900000049535F4745545F4750494F5F76
:1029700050494E2850696E290000000070B5044689
:10298000A0F180400D46B0F584301CBFA4F180401A
:10299000B0F586301DD0A4F18040B0F588301CBF62
:1029A000A4F18040B0F58A3013D0A4F18040B0F596
:1029B0008C301FBFA4F18040B0F58E30A4F1804070
:1029C000B0F5903005D04FF4C57206A114A004F004
:1029D000ADFC2DB940F28B1202A118A004F0A6FCA8
:1029E000656170BD2E2E5C6669726D776172655C83
:1029F0006E3332673435785F7374645F7065726903
:102A000070685F6472697665725C7372635C6E3362
:102A100032673435785F6770696F2E63000000009D
:102A200049535F4750494F5F414C4C5F50455249B5
:102A30005048284750494F782900000049535F47C4
:102A400050494F5F50494E2850696E2900000000E0
:102A500070B50446A0F180400D46B0F584301CBF2F
:102A6000A4F18040B0F586301DD0A4F18040B0F5CF
:102A700088301CBFA4F18040B0F58A3013D0A4F197
:102A80008040B0F58C301FBFA4F18040B0F58E308F
:102A9000A4F18040B0F5903005D040F2731206A149
:102AA00014A004F043FC2DB94FF4BA7202A118A08F
:102AB00004F03CFC256170BD2E2E5C6669726D775A
:102AC0006172655C6E3332673435785F7374645F4E
:102AD0007065726970685F6472697665725C737242
:102AE000635C6E3332673435785F6770696F2E636D
:102AF0000000000049535F4750494F5F414C4C5F15
:102B0000504552495048284750494F782900000005
:102B100049535F4750494F5F50494E2850696E29CD
:102B20000000000010B582B06946002001F0E4FB0F
:102B300001A9002001F07AFBDFF898C09DF80000A1
:102B40008CF804009DF801008CF805009DF8020047
:102B50008CF806009DF805108CF802109DF80630E0
:102B60008CF803309DF80720012902F5FA60ACF8D3
:102B7000000018BF022904D101F10C00C1B202F219
:102B8000CF704A1C02EB420240F2676412FB04F26F
:102B900003EB410100EB523211444AF2D73202FBFF
:102BA000002201EB9001A1EB92514FF4C872B0FBEF
:102BB000F2F00144084B08460022C3FB01208210BA
:102BC000A2EBE070A0EBC0000844401C8CF80700AA
:102BD00002B010BD200000209324499201A003F010
:102BE00023FFFBE7766F6964204861726446617574
:102BF0006C745F48616E646C657228766F696429D5
:102C00000D0A000030B5124C8DB0A078002804BF2A
:102C10000DB030BD0025A5700E4A0FA1684603F027
:102C200013FF2078401CC0B2207003283CBF0DB0B9
:102C300030BD2570BFF34F8F0B4801680B4A01F47C
:102C4000E06111430160BFF34F8F00BFFDE700005B
:102C5000B0020020040000206D6F646275735F692C
:102C60006E666F2F257300000CED00E00400FA057E
:102C7000044901208870AFF2070203490A2003F0DB
:102C8000B1BE0000B0020020989F0400024A034930
:102C90000A2003F0A7BE0000712C0008989F0400D2
:102CA00070B50D4CE078012818BF70BD0025E570A7
:102CB00000F09CFA2078032838BF70BD2570BFF360
:102CC0004F8F06480168064A01F4E0611143016034
:102CD000BFF34F8F00BFFDE7B00200200CED00E016
:102CE0000400FA0504490120C870AFF20702034945
:102CF0000B2003F077BE0000B0020020C0D401001A
:102D0000024A03490B2003F06DBE0000E52C0008C9
:102D1000C0D4010030B40023002A88BFDFF834C0DB
:102D200011D9C45C01EB43050CEB1414247801F8B1
:102D30001340C45C5B1C04F00F049BB21CF80440FD
:102D40006C709A42EDD84FF6FF7030BC00EA42003A
:102D5000704700006C7900082DE9F84380464FF475
:102D60008057ADF800700420394E8DF80300002420
:102D700069463046FFF758FC00254FF400513046B5
:102D8000FFF7FCFD022004F011FB4FF40051304628
:102D9000FFF75EFE6006040E4FF480513046FFF7E9
:102DA00055FD00281CBF601CC4B2012004F0FEFACF
:102DB000681CC5B2082DE0D310254FF00109B8F109
:102DC000000F4FF40051304620D0FFF7D7FDADF88B
:102DD00000708DF803508DF8029069463046FFF779
:102DE00023FC29023046FFF7C9FD022004F0DEFA79
:102DF00069023046FFF72CFE022004F0D7FA690280
:102E00003046FFF7BBFD2046BDE8F883FFF7B6FD6F
:102E1000ADF800708DF803508DF802906946304689
:102E2000FFF702FC4FF480513046FFF711FE0220FD
:102E300004F0BCFA4FF400513046FFF709FE0220BF
:102E400004F0B4FA4FF400513046FFF797FDDAE78B
:102E5000000C0140F8B505464FF48050ADF8000075
:102E600010208DF803000120184E8DF802006946ED
:102E70003046FFF7D9FB71143046FFF77FFD002481
:102E800015F0800F4FF48051304602D0FFF7E0FD7F
:102E900001E0FFF773FD6806050E022004F086FAD4
:102EA0004FF400513046FFF7D3FD022004F07EFAC4
:102EB0004FF400513046FFF761FD022004F076FA2E
:102EC000601CC4B2082CDBD3F8BD0000000C01402C
:102ED00038B54FF48050ADF8000010208DF8030095
:102EE00001200F4C8DF8020069462046FFF79CFB3D
:102EF000A1142046FFF7ACFD61142046FFF7A8FDA2
:102F0000022004F053FAA1142046FFF737FD0220F7
:102F100004F04CFA61142046BDE83840FFF72EBD9E
:102F2000000C014038B54FF48050ADF8000010207F
:102F30008DF8030001200C4C8DF8020069462046F4
:102F4000FFF772FBA1142046FFF718FD611420461D
:102F5000FFF77EFD022004F029FAA1142046BDE807
:102F60003840FFF775BD0000000C0140F8B54FF484
:102F70008056ADF800600420264D8DF80300002433
:102F800069462846FFF750FBA9142846FFF760FD65
:102F9000012004F00BFA69142846FFF759FD0120BF
:102FA00004F004FAA9142846FFF750FC50B3601C43
:102FB000C4B2FA2C1FD9ADF8006010208DF80300C0
:102FC00001208DF8020069462846FFF72DFB4FF4DB
:102FD00080512846FFF7D2FC4FF400512846FFF7F6
:102FE00037FD022004F0E2F94FF480512846FFF744
:102FF0002FFD0120F8BD4FF480512846FFF726FC35
:103000000028D4D14FF400512846FFF7B7FC002028
:10301000F8BD0000000C014010B4C268D0F804C034
:10302000531C93FBFCF40CFB1433D0F808C063452D
:1030300004BF10BC704703689954C1684268491CBA
:1030400091FBF2F302FB1311C16010BC704700004A
:10305000010004484FF0100101D0FFF78FBCFFF7CB
:10306000F7BC000000100140144A10B51078144C51
:1030700001280CD1002010709178491CC9B29170C0
:1030800001290FD0907020212046FFF777FC04F033
:10309000ABF900284FF0800120460AD0BDE810406F
:1030A000FFF76CBCFFF73EFD20212046FFF7D0FC68
:1030B000EDE7BDE81040FFF7CBBC00001600002094
:1030C00000080140010004484FF0010101D0FFF762
:1030D00055BCFFF7BDBC0000000C014004490120B5
:1030E0000870AFF207024FF47A7103F07BBC000066
:1030F0001600002010B501210348FFF7A7FB0028A8
:103100000CBF0120002010BD000801402DE9F04156
:103110000B2000F0F9F80746092000F0FBF80646FE
:10312000012000F0E1F82E4C002520B9A5710D20FA
:1031300003F04EFC6570A179A9B1012928D00229BC
:1031400018BFBDE8F08147F004010B2000F0FEF845
:103150000121002000F0E4F816F0020F3CD0FFF748
:10316000C9FF48B338E0042000F0CEF8054604203B
:1031700000F0D0F8854288BFBDE8F0810120A07141
:10318000BDE8F041174A40F6B8310D2003F02ABCE3
:103190006078012818BFBDE8F0816570042000F058
:1031A000B3F80646042000F0B5F886429EBF022020
:1031B000A071BDE8F0810FE0002001F0A5FA002128
:1031C000012000F0ADF802210A2000F0BFF8002035
:1031D000FDF79DFF00F00AF8A571BDE8F081000041
:1031E000B402002069780008FEE7000070B5364E92
:1031F000ADF5C36DB51F30788DF8000001208DF856
:1032000001008DF80200A8788DF8030004216846BB
:1032100004F0A4F868788DF8040028788DF805008B
:1032200030788DF8060003208DF8070044208DF8D3
:10323000080000206C4636F8101004EB40020B0A20
:10324000401C5372C0B291722228F4D94721A01DAC
:1032500004F084F868788DF84D0028788DF84E00D9
:1032600030788DF84F0004208DF850001C208DF828
:103270005100164B002004EB400233F81010401CA4
:103280004FEA112C82F852C0C0B282F853100E28B7
:10329000F1D91F2104F1510004F060F868788DF82D
:1032A0006E0028788DF86F007024094A09A10DF589
:1032B000BC6003F0C9FB22467EA96846FFF72AFDE1
:1032C0000DF5C36D70BD00004A000020881200207B
:1032D000040000206D6F646275735F7374617475B0
:1032E000732F2573000000000F2884BF0020704753
:1032F000012101FA00F003494988084018BF012064
:103300007047000044000020014931F81000704768
:1033100088120020014931F8100070474A0000204F
:103320000F2888BF7047012202FA00F00129064ADF
:1033300004BF5188084305D0002906BF518821EAFF
:10334000000070475080704744000020014A22F876
:103350001010704788120020014A22F810107047A0
:103360004A000020704738B535208DF80000002451
:103370008DF801408DF8024001258DF80350684614
:1033800000F032F826208DF800008DF801408DF80D
:1033900002408DF80350684600F026F827208DF88B
:1033A00000008DF801408DF802408DF8035068460A
:1033B00000F01AF834208DF8000002208DF801008A
:1033C0008DF802408DF80350684600F00DF8082093
:1033D0008DF800008DF801408DF802508DF80350F3
:1033E000684600F001F838BD70B50446C0780F2576
:1033F000002818BF012804D07D2223A12FA003F0AC
:1034000095FF6078102804D37E221FA13A4803F06C
:103410008DFFA078102804D37F221BA1374803F02A
:1034200085FFE078012210B335480068637800F426
:10343000E060C0F5E060000AC0F1040103FA01F1A8
:10344000A37825FA00F0184008432178000101F123
:10345000E02181F80004207800F01F0102FA01F158
:103460004009800000F1E020C0F8001170BD207814
:1034700000F01F0102FA01F14009800000F1E02094
:10348000C0F8801170BD00002E2E5C6669726D77E9
:103490006172655C6E3332673435785F7374645F74
:1034A0007065726970685F6472697665725C737268
:1034B000635C6D6973632E630000000049535F46CF
:1034C000554E4354494F4E414C5F53544154452847
:1034D0004E5649435F496E69745374727563742D17
:1034E0003E4E5649435F4952514368616E6E656C6A
:1034F000436D64290000000054A1000810A10008D9
:103500000CED00E010B50446B0F5E06F18BFB4F55F
:10351000C06F0CD0B4F5A06F1CBFB4F5806FB4F5CC
:10352000407F04D06C2205A111A003F0FFFE1B49CF
:1035300044F0FD7040F08060086010BD2E2E5C6687
:1035400069726D776172655C6E3332673435785FAE
:103550007374645F7065726970685F6472697665C0
:10356000725C7372635C6D6973632E6300000000AC
:1035700049535F4E5649435F5052494F524954593F
:103580005F47524F5550284E5649435F5072696FFE
:103590007269747947726F75702900000CED00E054
:1035A0002DE9F0410B20FFF7AFFE07460920FFF79A
:1035B000B1FE304C0646E17939B3002501293ED0F1
:1035C000022946D0032918BFBDE8F08147F0080161
:1035D0000B20FFF7BBFE01210020FFF7A1FE16F034
:1035E000040F0FD0002001F08FF800210120FFF719
:1035F00097FE03210A20FFF7A9FE0020FDF787FDB3
:10360000FFF7F4FDE571BDE8F0810520FFF77CFED2
:1036100000EB800045000520FFF77CFE00EB8000FA
:10362000B5EB400F38BFBDE8F0810120E071BDE887
:10363000F041114A4FF4FA610E2003F0D3B9A0789B
:10364000012806BFA5700220BDE8F081E071BDE849
:10365000F0810520FFF758FE00EB800046000520B2
:10366000FFF758FE00EB8000B6EB400F28BF0320A9
:10367000ECD2C7E7B4020020217900082DE9F0411F
:103680000B20FFF741FE07460920FFF743FE2B4CB6
:103690000646217A39B30025012939D002293ED0C6
:1036A000032918BFBDE8F08147F040010B20FFF768
:1036B0004DFE01210020FFF733FE16F0100F0FD052
:1036C000002001F021F800210120FFF729FE06214A
:1036D0000A20FFF73BFE0020FDF719FDFFF786FDEE
:1036E0002572BDE8F0810720FFF70EFE0546082091
:1036F000FFF710FE854238BFBDE8F081012020723F
:10370000BDE8F0410E4A4FF4FA61102003F06AB9A7
:103710002079012804BF25712572BDE8F0810720BA
:10372000FFF7F2FD06460820FFF7F4FD864224BFAE
:1037300003202072D4D3BDE8F0810000B402002041
:10374000157900082DE9F0410B20FFF7DDFD064655
:103750000920FFF7DFFD2B4C0546617939B30027BF
:10376000012939D0022941D0032918BFBDE8F081D1
:1037700046F002010B20FFF7E9FD01210020FFF7D1
:10378000CFFD15F0010F0FD0002000F0BDFF00218C
:103790000120FFF7C5FD01210A20FFF7D7FD00201A
:1037A000FDF7B5FCFFF722FD6771BDE8F08104204D
:1037B000FFF7AAFD05460320FFF7ACFD854238BFA1
:1037C000BDE8F08101206071BDE8F0410E4A4FF480
:1037D000FA610C2003F006B92078012806BF277093
:1037E0000220BDE8F0816071BDE8F0810420FFF7A0
:1037F0008BFD05460320FFF78DFD854228BF032082
:10380000F1D2D1E7B40200200979000810B5040014
:1038100018BF012C04D0862203A111A003F086FD5D
:103820001648046210BD00002E2E5C6669726D772A
:103830006172655C6E3332673435785F7374645FD0
:103840007065726970685F6472697665725C7372C4
:10385000635C6E3332673435785F7077722E630045
:1038600049535F46554E4354494F4E414C5F535464
:1038700041544528436D64290000000000000E42B9
:1038800070B5102004F00AF804004FF0000508BFDE
:103890002C4607D040F2DD50606003F0FFFFE5608A
:1038A000A56020600148046070BD00003C0000205D
:1038B00010B504001CBF012C042C05D040F20332CB
:1038C0000AA118A003F032FD1B48002180F8201047
:1038D00080F82010012C08BF012103D0042C0CBF5C
:1038E000052110BD80F8201010BD00002E2E5C6652
:1038F00069726D776172655C6E3332673435785FFB
:103900007374645F7065726970685F64726976650C
:10391000725C7372635C6E3332673435785F7263E6
:10392000632E630049535F5243435F4C5345285213
:1039300043435F4C534529000010024010B504007A
:1039400018BFB4F5806F0DD0B4F5A06F1CBFB4F5EF
:10395000C06FB4F5E06F05D040F2C31205A113A00B
:1039600003F0E4FC1849486820F4E0602043486014
:1039700010BD00002E2E5C6669726D776172655C09
:103980006E3332673435785F7374645F7065726963
:1039900070685F6472697665725C7372635C6E33C3
:1039A00032673435785F7263632E630049535F5228
:1039B00043435F48434C4B5F444956285243435F5F
:1039C00048434C4B290000000010024010B504464B
:1039D000B0F5807F1CBFB4F5007FB4F5407F05D003
:1039E00040F2333206A114A003F0A0FC1B48016A88
:1039F00021F440710162016A2143016210BD00009F
:103A00002E2E5C6669726D776172655C6E3332670B
:103A10003435785F7374645F7065726970685F6471
:103A200072697665725C7372635C6E3332673435CB
:103A3000785F7263632E630049535F5243435F5262
:103A40005443434C4B5F535243285243435F5254B9
:103A500043434C4B536F757263652900001002405D
:103A600070B504460E480D46044200D12CB940F210
:103A7000FE320CA119A003F059FC214E002D04BF09
:103A8000F069A04309D0012D05D040F2FF3205A115
:103A90001CA003F04BFCF0692043F06170BD0000F6
:103AA000003301412E2E5C6669726D776172655C30
:103AB0006E3332673435785F7374645F7065726932
:103AC00070685F6472697665725C7372635C6E3392
:103AD00032673435785F7263632E630049535F52F7
:103AE00043435F415042315F50455249504828524C
:103AF00043435F415042315065726970682900004C
:103B00000010024049535F46554E4354494F4E41C1
:103B10004C5F535441544528436D64290000000014
:103B200070B504460E480D46044200D12CB940F24F
:103B3000DF320CA119A003F0F9FB214E002D04BFC8
:103B4000B069A04309D0012D05D04FF4787205A1CA
:103B50001CA003F0EBFBB0692043B06170BD000016
:103B60000286E0FF2E2E5C6669726D776172655C7D
:103B70006E3332673435785F7374645F7065726971
:103B800070685F6472697665725C7372635C6E33D1
:103B900032673435785F7263632E630049535F5236
:103BA00043435F415042325F50455249504828528A
:103BB00043435F415042325065726970682900008A
:103BC0000010024049535F46554E4354494F4E4101
:103BD0004C5F535441544528436D64290000000054
:103BE00010B5040018BF012C05D04FF4517203A189
:103BF00010A003F09BFB1648046010BD2E2E5C66DF
:103C000069726D776172655C6E3332673435785FE7
:103C10007374645F7065726970685F6472697665F9
:103C2000725C7372635C6E3332673435785F7263D3
:103C3000632E630049535F46554E4354494F4E41EE
:103C40004C5F535441544528436D642900000000E3
:103C50003C044242324B30B45968324A11405A68EF
:103C600011F0006F02F480320CBF4FF0020C6FF4C1
:103C7000F77C0CEB9141002A04BF2B4A514306D03C
:103C80005A6812F4003F14BF274A284A51435A6821
:103C9000DFF898C012F00C0218BF042A03D0082ADB
:103CA00008BF016001D0C0F800C05A684FF00F0C87
:103CB0001F4D0CEA1212D0F800C0AA5C2CFA02F2D6
:103CC0004260D3F804C0072404EA1C2C15F80CC089
:103CD00022FA0CFCC0F808C0D3F804C004EADC2CBB
:103CE00015F80CC022FA0CFCC0F80CC0D3F82CC09C
:103CF00005F110040CF00F0C14F80CC0B2FBFCF230
:103D00004261DA6A1F2303EA121202F00F0204F181
:103D1000100333F81220B1FBF2F1016130BC70479F
:103D20000010024000003C0800093D0000127A002B
:103D30002C79000870B500250446212818BF312CC5
:103D400021D0392C18BF412C1DD0612C18BF732CE9
:103D500019D0742C18BF752C15D0772C18BF792C5E
:103D600011D07A2C18BF7B2C0DD07C2C18BF7D2C49
:103D700009D07E2C18BF7F2C05D040F2E3420CA165
:103D800019A003F0D3FA60091D49012808BF08688B
:103D900003D002280CBF086A486A04F01F01012200
:103DA00002FA01F1014218BF0125284670BD00004A
:103DB0002E2E5C6669726D776172655C6E33326758
:103DC0003435785F7374645F7065726970685F64BE
:103DD00072697665725C7372635C6E333267343518
:103DE000785F7263632E630049535F5243435F46BB
:103DF0004C4147285243435F464C4147290000004D
:103E00000010024038B503F06DFB4FF40060ADF8D0
:103E1000000010208DF803000120064C8DF80200F0
:103E200069462046FEF700FCE1142046FEF7A6FD99
:103E300038BD00000008014002F02EBD00210A2814
:103E400005D3491C0A38C0B2C9B20A28F9D20907F9
:103E500040EA11607047000070B50026674D0C46BF
:103E600000282AD0012805D04FF4E37264A172A083
:103E700003F05CFA286810F0400F00F07F80207893
:103E8000010901EB810100F00F0000EB4100C0B21D
:103E9000401E0B2805D94FF4EE7259A16DA003F016
:103EA00045FAE078002818BF402800F0798040F2F9
:103EB000DD1253A16EA000F071B8286810F0400F19
:103EC00013D02078401E0B2805D94FF4E6724CA180
:103ED0006FA003F02BFAE078002818BF40280ED01E
:103EE00040F2CD1246A162A007E0E67020781728C4
:103EF00005D94FF4E97242A16FA003F017FA607878
:103F00003B2805D94FF4EA723DA175A003F00EFAE3
:103F1000A0783B2805D940F2D51239A17AA003F048
:103F200005FA2078FFF78AFF06046078FFF786FF1E
:103F300046EA0026A078FFF781FFE178304340EAA7
:103F400001437B4CCA2020605320206000F04CF9D4
:103F500070B178487849184008607848016821F0C5
:103F600080010160286810F0200F08BF00F09AFB64
:103F7000FF202060BDE8704000F094BBE670207820
:103F8000010901EB810100F00F0000EB4100C0B21C
:103F9000172805D94FF4F17219A169A003F0C6F9E9
:103FA0006078010901EB810100F00F0000EB410096
:103FB000C0B23B2805D94FF4F27211A16EA003F0F4
:103FC000B5F9A078010901EB810100F00F0000EBC9
:103FD0004100C0B23B2805D940F2E51208A174A007
:103FE00003F0A4F9A0782178E27840EA01406178F2
:103FF000090241EA024140EA0103A2E70828004021
:104000002E2E5C6669726D776172655C6E33326705
:104010003435785F7374645F7065726970685F646B
:1040200072697665725C7372635C6E3332673435C5
:10403000785F7274632E630049535F5254435F4646
:104040004F524D4154285254435F466F726D617414
:104050002900000049535F5254435F3132484F55A5
:104060005228746D707265676973746572290000F7
:1040700049535F5254435F483132285254435F548E
:10408000696D655374727563742D3E483132290031
:1040900049535F5254435F3132484F55522852546E
:1040A000435F54696D655374727563742D3E486F38
:1040B000757273290000000049535F5254435F3208
:1040C00034484F5552285254435F54696D655374B8
:1040D000727563742D3E486F75727329000000007D
:1040E00049535F5254435F4D494E555445532852EE
:1040F00054435F54696D655374727563742D3E4DFE
:10410000696E75746573290049535F5254435F5358
:1041100045434F4E4453285254435F54696D655391
:1041200074727563742D3E5365636F6E64732900FA
:10413000242800407F7F7F00002800400C2800409A
:1041400049535F5254435F3234484F5552285254BA
:10415000435F42636432546F42797465285254431A
:104160005F54696D655374727563742D3E486F7545
:10417000727329290000000049535F5254435F4D78
:10418000494E55544553285254435F426364325458
:104190006F42797465285254435F54696D65537456
:1041A000727563742D3E4D696E75746573292900AF
:1041B00049535F5254435F5345434F4E4453285233
:1041C00054435F42636432546F4279746528525499
:1041D000435F54696D655374727563742D3E536506
:1041E000636F6E647329290081B00F49002000902D
:1041F000086810F0400F04BF8020086010D10868E4
:10420000009A00F04000521C0092B2F5005F01D00D
:104210000028F4D0086810F0400004BF01B07047D7
:10422000012001B0704700000C28004070B50C461A
:10423000050018BF012D05D04FF4377218A126A034
:1042400003F074F82B48006820F0C00121F07F4192
:104250000B0CC1F30422E37001F03F006270A07008
:10426000C1F342312170002D18BF70BD190901EB57
:10427000810103F00F0303EB4101E170110901EB30
:10428000810102F00F0202EB41016170010901EBB3
:10429000810100F00F0000EB4100A07070BD000034
:1042A0002E2E5C6669726D776172655C6E33326763
:1042B0003435785F7374645F7065726970685F64C9
:1042C00072697665725C7372635C6E333267343523
:1042D000785F7274632E630049535F5254435F46A4
:1042E0004F524D4154285254435F466F726D617472
:1042F000290000000428004070B50C46050018BFD6
:10430000012D05D040F23D2218A126A003F00EF8A1
:104310002B4800682B494FF0400C0140C1F3054287
:10432000C1F30623227001F07F006370A0700CEAD5
:104330001141E170002D18BF70BD110901EB810121
:1043400002F00F0202EB41012170190901EB81011A
:1043500003F00F0202EB41016170010901EB8101E1
:1043600000F00F0000EB4100A07070BD2E2E5C66C7
:1043700069726D776172655C6E3332673435785F70
:104380007374645F7065726970685F647269766582
:10439000725C7372635C6E3332673435785F72744B
:1043A000632E630049535F5254435F464F524D4161
:1043B00054285254435F466F726D617429000000A7
:1043C000002800407F7F7F0070B50C46050000F09C
:1043D0005F80012D05D040F2722256A163A002F049
:1043E000A5FFE078010901EB810100F00F0000EB6F
:1043F0004100C0B2632805D94FF420724DA162A0DC
:1044000002F094FF6078010901EB810100F00F00D8
:1044100000EB4100C0B2401E0B2805D940F28222B9
:1044200044A166A002F082FFA078010901EB81019E
:1044300000F00F0000EB4100C0B2401E1E2805D95D
:104440004FF421723BA164A002F070FF2178012992
:1044500018BF02290ED0032918BF04290AD0052944
:104460001CBF0629072905D040F2862231A161A090
:1044700002F05CFF002D2FD0A078E178227840EA8E
:1044800001406178090241EA423140EA010333E028
:10449000607810F0100F03D020F010000A30607028
:1044A000E078632805D940F27A2222A15BA002F0CD
:1044B0003DFF6078401E0B2805D940F27B221DA1EC
:1044C0005FA002F033FFA078401E1E28BED94FF433
:1044D0001F7218A163A0B7E7E078FFF7AFFC0504EF
:1044E0006078FFF7ABFC45EA0025A078FFF7A6FC53
:1044F0002178284340EA4133634CCA20206053208E
:104500002060FFF771FE78B1604823F0C0010160C0
:104510005F48016821F080010160001F006810F011
:10452000200F08BF00F0BEF8FF202060BDE87040FB
:1045300000F0B8B82E2E5C6669726D776172655CAA
:104540006E3332673435785F7374645F7065726997
:1045500070685F6472697665725C7372635C6E33F7
:1045600032673435785F7274632E630049535F524B
:1045700054435F464F524D4154285254435F466F57
:10458000726D61742900000049535F5254435F59B2
:10459000454152285254435F42636432546F42791A
:1045A0007465285254435F44617465537472756333
:1045B000742D3E59656172292900000049535F52EC
:1045C00054435F4D4F4E544828746D70726567694F
:1045D000737465722900000049535F5254435F446D
:1045E00041544528746D70726567697374657229EA
:1045F0000000000049535F5254435F5745454B4408
:104600004159285254435F44617465537472756311
:10461000742D3E5765656B446179290049535F529B
:1046200054435F59454152285254435F4461746575
:104630005374727563742D3E5965617229000000D0
:1046400049535F5254435F4D4F4E54482852544390
:104650005F446174655374727563742D3E4D6F6E63
:104660007468290049535F5254435F4441544528BC
:104670005254435F446174655374727563742D3E84
:10468000446174652900000024280040042800408B
:104690000C280040002101607F214160FF218160E2
:1046A0007047000081B000200F4B0090CA201860B6
:1046B000532018600D49086820F020000860086841
:1046C000009A00F02000521C0092B2F5004F01D079
:1046D0000028F4D0086810F0200018BF0120FF2146
:1046E000196001B070470000242800400C280040E9
:1046F000044901200870AFF207024FF47A710420D8
:1047000002F070B92C00002010B5164C10B1012831
:104710000ED01AE04FF400412046FEF799F94FF40D
:1047200080412046FEF72AF9142002F033FE0CE007
:104730004FF480412046FEF78BF94FF400412046AC
:10474000FEF71CF9142002F025FE4FF4004120462C
:10475000FEF714F92046BDE810404FF48041FEF703
:104760000DB90000000C0140F8B54FF40040ADF861
:10477000000010250E4E8DF8035003248DF80240E2
:1047800069463046FDF750FFE9023046FEF760F912
:10479000A902ADF800108DF803508DF8024069466B
:1047A0003046FDF741FFA9023046FEF751F9F8BD4A
:1047B000000C014010B5012186B00807FFF750F941
:1047C0000121C806FFF74CF90120FFF71FF804206C
:1047D000FCF790F8A0F5A061053904BF06B010BD44
:1047E0004FF48070FFF7F2F80120FFF761F84120E5
:1047F000FFF7A0FA0028FAD00120FFF7F1F97F2097
:104800000290FF2000240390019401A8FFF742FFCB
:1048100019208DF8030001208DF801008DF80200A9
:1048200003208DF811408DF800008DF812408DF8AE
:10483000104069460020FFF7C7FD04A90020FFF7DC
:104840000BFB40F205510420FCF7DEF806B010BD6A
:10485000042808D010F1050F08BF7047CF2205A12A
:1048600011A002F063BD4FF0E020016941F00401A6
:10487000016170472E2E5C6669726D776172655CAE
:104880006E3332673435785F7374645F7065726954
:1048900070685F6472697665725C7372635C6D697F
:1048A00073632E630000000049535F53595354490A
:1048B000434B5F434C4B5F534F555243452853790D
:1048C000735469636B5F434C4B536F757263652917
:1048D00000000000704700004B4883B0016841F4BD
:1048E000700101604948016841F0010101604268BE
:1048F000474911404160016821F4102121F0807185
:104900000160016821F480210160416821F47F0188
:1049100021F0006141600021C16201634FF41F0278
:104920008260C26942F08052C2613A4AD36843F061
:104930000103D360C26922F08052C261364A136813
:1049400043F09003136000918DF804100291016808
:1049500041F4803101600168C1F340418DF80410D9
:104960000299491C02919DF8041019B90299B1F5F8
:10497000004FF0D10168C1F340418DF804109DF85B
:10498000041000293BD0116821F007011160116863
:1049900041F00301116041684160416841F40051F8
:1049A0004160416841F4A0614160416821F47C119B
:1049B00021F000614160416841F4803141F40031EF
:1049C00041F0026100914160016841F08071016035
:1049D000016811F0007FFBD0416821F003014160C4
:1049E000416841F002014160416801F00C01082971
:1049F000FAD10A494FF00060086003B070470949D6
:104A000007480860F5E7000088ED00E0001002406C
:104A100000C0FFF8007000400020024008ED00E0F8
:104A200000127A00000000200349002008701021C5
:104A30000248FEF70DB8000028000020000C0140DD
:104A4000074910B50120087010210648FDF796FFB0
:104A5000BDE81040044A4EF66021112001F0C2BFAB
:104A600028000020000C0140294A00082DE9F047E9
:104A7000DFF894900D4607461C4616464FF02A086C
:104A80004FF480714846FDF779FF404600F060FC26
:104A90004FF480714846FDF7DBFF380A00F058FC00
:104AA000F8B200F055FC300A00F052FCF0B200F011
:104AB0004FFC2B264FF480714846FDF75FFF3046D0
:104AC00000F046FC4FF480714846FDF7C1FF280A0C
:104AD00000F03EFCE8B200F03BFC200A00F038FC9D
:104AE000E0B200F035FC2C244FF480714846FDF70D
:104AF00045FF204600F02CFC4846BDE8F0474FF447
:104B00008071FDF7A5BF0000000C01402DE9F04FBA
:104B10000026A2EB00085F1A85B03546824689461A
:104B2000B8F1000FC8BF012007DC0FBF00204FF015
:104B3000FF30C8F10008019000D10190002FC8BFDC
:104B4000012006DC0FBF00204FF0FF307F420090B5
:104B500000D10090B845CCBF44463C464FF0000B16
:104B6000601C03900028DCBF05B0BDE8F08F0E98F4
:104B7000000A02901FFA8AF01FFA89F1DDF838C0A6
:104B80000B460246CDF810C0FFF770FF029800F008
:104B9000DFFBDDF810C00CF0FF0000F0D9FB46444D
:104BA0003D44A64202DD0198361B8244A54202DD47
:104BB00000982D1B81440BF101001FFA80FB039824
:104BC0008345D7DB05B0BDE8F08F2DE9F04781467E
:104BD0009846581E83B21746501E82B20D4648466C
:104BE000089EFFF743FF454534BF4FEA162ABDE84C
:104BF000F0874C46B94509D2504600F0A9FBF0B207
:104C000000F0A6FB601C84B2BC42F5D3681C85B2E0
:104C10004545EED3BDE8F087F8B54FF47C70ADF8AC
:104C2000000010208DF803000320F64E8DF80200DE
:104C300069463046FDF7F8FC01210920FEF770FFB8
:104C40000121F148FDF7A0F971153046FDF796FEF8
:104C50006423002246F2A811491EFDD1521C9A423B
:104C6000F8D34FF400713046FDF7F2FE64230022C2
:104C700046F2A811491EFDD1521C9A42F8D3E349CD
:104C80000120087010213046FDF778FEE04A4EF60C
:104C90006021112001F0A6FE6420002246F2A81136
:104CA000491EFDD1521C8242F8D3002436254FF410
:104CB00080713046FDF762FE284600F049FB4FF454
:104CC00080713046FDF7C4FE602000F041FB3A25BC
:104CD0004FF480713046FDF751FE284600F038FB56
:104CE0004FF480713046FDF7B3FE052000F030FB35
:104CF000B2254FF480713046FDF740FE284600F0A3
:104D000027FB4FF480713046FDF7A2FE0C2000F027
:104D10001FFB0C2000F01CFB002000F019FB3320CF
:104D200000F016FB332000F013FBB7254FF4807121
:104D30003046FDF723FE284600F00AFB4FF4807151
:104D40003046FDF785FE352000F002FBBB254FF411
:104D500080713046FDF712FE284600F0F9FA4FF454
:104D600080713046FDF774FE192000F0F1FAC0257D
:104D70004FF480713046FDF701FE284600F0E8FA56
:104D80004FF480713046FDF763FE2C2000F0E0FA0E
:104D9000C2254FF480713046FDF7F0FD284600F043
:104DA000D7FA4FF480713046FDF752FE012000F033
:104DB000CFFAC3254FF480713046FDF7DFFD28465A
:104DC00000F0C6FA4FF480713046FDF741FE122024
:104DD00000F0BEFAC4254FF480713046FDF7CEFDD9
:104DE000284600F0B5FA4FF480713046FDF730FEEA
:104DF000202000F0ADFAC6254FF480713046FDF753
:104E0000BDFD284600F0A4FA4FF480713046FDF74E
:104E10001FFE0F2000F09CFAD0254FF48071304621
:104E2000FDF7ACFD284600F093FA4FF48071304650
:104E3000FDF70EFEA42000F08BFAA12000F088FA06
:104E4000E0254FF480713046FDF798FD284600F0CC
:104E50007FFA4FF480713046FDF7FAFDD02000F064
:104E600077FA042000F074FA0D2000F071FA112096
:104E700000F06EFA132000F06BFA2B2000F068FAB5
:104E80003F2000F065FA542000F062FA4C2000F058
:104E90005FFA182000F05CFA0D2000F059FA0B20A0
:104EA00000F056FA1F2000F053FA232000F050FAC9
:104EB000E1254FF480713046FDF760FD284600F093
:104EC00047FA4FF480713046FDF7C2FDD02000F064
:104ED0003FFA042000F03CFA0C2000F039FA1120CF
:104EE00000F036FA132000F033FA2C2000F030FAEC
:104EF0003F2000F02DFA442000F02AFA512000F063
:104F000027FA2F2000F024FA1F2000F021FA1F209A
:104F100000F01EFA202000F01BFA232000F018FAFF
:104F200021254FF480713046FDF728FD284600F01A
:104F30000FFA4FF480713046FDF78AFD11254FF4CA
:104F400080713046FDF71AFD284600F001FA4FF453
:104F500080713046FDF77CFD29254FF48071304685
:104F6000FDF70CFD284600F0F3F94FF48071304650
:104F7000FDF76EFD2A254FF480713046FDF7FEFCEB
:104F8000284600F0E5F94FF480713046FDF760FDEA
:104F9000002000F0DDF9002000F0DAF9002000F038
:104FA000D7F9EF2000F0D4F92B254FF4807130466B
:104FB000FDF7E4FC284600F0CBF94FF48071304651
:104FC000FDF746FD002000F0C3F9002000F0C0F915
:104FD000002000F0BDF9C52000F0BAF92C254FF4EF
:104FE00080713046FDF7CAFC284600F0B1F94FF455
:104FF00080713046FDF72CFD601CC4B2022CFFF41A
:1050000055AEF8BD000C0140000230002800002021
:10501000294A00082DE9FF4F85B00746DDF84C808E
:105020000C468B4618F0070018BF012000EBD80093
:1050300000FB08F04FF00009009000289CBF09B069
:10504000BDE8F08F2D4800EB421004902C4800EB97
:10505000C21003900898000A02901298000A01906A
:10506000B8F1100F08BF049806D0B8F1200F0EBF9A
:10507000039809B0BDE8F08F10F80950002615F02C
:10508000800F0FD023463A4619461046DDF820A07F
:10509000FFF7ECFC029800F05BF90AF0FF0000F06B
:1050A00057F90EE023463A4619461046DDF848A067
:1050B000FFF7DCFC019800F04BF90AF0FF0000F06C
:1050C00047F94FF6FF7000EA4505601C84B2A4EB77
:1050D0000B00404503D1781C5C4687B203E0701C8E
:1050E00086B2082ECBD309F101001FFA80F900988F
:1050F0008145B5D309B0BDE8F08F0000B0A000082D
:10510000B09500082DE9FF4F89B00546DDF85CA099
:1051100000264FEA5A0901909B4619F0070018BF74
:10512000012000EBD90000FB0AF00290A2F1200060
:10513000C4B20A980A995044401E83B205EB090094
:10514000401E82B22846FFF791FC02984FF00008FB
:1051500000289CBF0DB0BDE8F08F3A4904EB440035
:1051600001EB80010791384901EB041106913749A1
:1051700001EB001005901698000A04904FEA1B20DE
:105180000090BAF10C0F04BF079810F808700DD00A
:10519000BAF1100F08BF069806D0BAF1180F0EBF6B
:1051A00005980DB0BDE8F08F10F80870002418982D
:1051B00000284FF0010000FA04F000EA070019D0BF
:1051C00060B10A992A460B461046FFF74FFC00983B
:1051D00000F0BEF80BF0FF0000F0BAF8681C85B2D2
:1051E0000198281A48451FD10A98019D401C80B299
:1051F0000A901DE028B1009800F0AAF80BF0FF001B
:1052000006E016980390049800F0A2F80398C0B244
:1052100000F09EF8701CC6B2B6FBF9F009FB1060F6
:10522000002808BF002603D0601CC4B2082CBED3DF
:1052300008F101001FFA80F802988045A1D30DB053
:10524000BDE8F08F7C790008F07D0008E08300085D
:105250002DE9FF4F83B04FF00008DDE911961D00E6
:1052600082464FEA5607444612BFA5F1010B07B02C
:10527000BDE8F08F0A23281B401EC2B20121501E38
:10528000C0B203D35943401EC0B2FBD20598B0FB55
:10529000F1F01B49A1FB0021C908494201EB810142
:1052A00000EB4100B8F1000F06D15C4504DA00289C
:1052B00018BF4FF0010814D00021CDF80090303015
:1052C000CDE90161C2B204FB07A080B2109B049932
:1052D000FFF718FF601CC4B2AC42CBD307B0BDE8E7
:1052E000F08F0020CDF80090CDE9016004FB07A00D
:1052F00080B22022109B0499FFF704FFEAE7000028
:10530000CDCCCCCC2DE9F04784B00646DDE90D5775
:105310001078DDF83080994614468A46002804BF8C
:1053200004B0BDE8F087CDF80080CDE901572278C0
:105330004B4651463046FFF7E5FE06EB550086B278
:1053400014F8010F0028EED104B0BDE8F08700008A
:1053500070B5134E054620213046FDF70FFB0024A3
:1053600040213046FDF70AFB15F0800F4FF0800119
:10537000304602D0FDF76CFB01E0FDF7FFFA40215B
:105380003046FDF765FB6806050E601CC4B2082CAC
:10539000E6D33046BDE870402021FDF759BB000040
:1053A000000C014004480178012918BF7047002112
:1053B0000170FBF7E9BE0000410000200449012014
:1053C0000870AFF207024FF4FA71062001F00ABB31
:1053D0004100002010B5084C0121204600F038FAA9
:1053E000002808BF10BD0121204600F007F8BDE8E5
:1053F000104001F001BB00000010004070B50446F1
:10540000A0F180400D46B0F5963018BFB4F1804F42
:1054100023D0A4F18040B0F580601CBFA4F180408F
:10542000B0F5006019D0A4F18040B0F540601CBF19
:10543000A4F18040B0F580500FD0A4F18040B0F5C9
:10544000A0501CBFA4F18040B0F59A3005D040F6C2
:10545000224209A116A001F069FF15F47F4F00D187
:105460002DB940F6234204A117A001F05FFF206987
:10547000A843206170BD00002E2E5C6669726D77B6
:105480006172655C6E3332673435785F7374645F64
:105490007065726970685F6472697665725C737258
:1054A000635C6E3332673435785F74696D2E6300E8
:1054B000497354696D416C6C4D6F64756C6528540B
:1054C000494D782900000000497354696D496E7494
:1054D0002854494D5F4954290000000070B5044626
:1054E000A0F1804016460D46B0F5963018BFB4F1D5
:1054F000804F23D0A4F18040B0F580601CBFA4F1A0
:105500008040B0F5006019D0A4F18040B0F5406053
:105510001CBFA4F18040B0F580500FD0A4F18040B2
:10552000B0F5A0501CBFA4F18040B0F59A3005D072
:105530004FF47B720FA11DA001F0F8FE15F47F4F10
:1055400000D12DB940F2ED320AA11EA001F0EEFE0D
:10555000002E04BFA089A84309D0012E05D040F237
:10556000EE3204A11CA001F0E1FEA0892843A08135
:1055700070BD00002E2E5C6669726D776172655C8D
:105580006E3332673435785F7374645F7065726947
:1055900070685F6472697665725C7372635C6E33A7
:1055A00032673435785F74696D2E630049735469CE
:1055B0006D416C6C4D6F64756C652854494D78294C
:1055C00000000000497354696D496E742854494DB8
:1055D0005F4954290000000049535F46554E43542B
:1055E000494F4E414C5F535441544528436D642903
:1055F0000000000070B50446A0F1804015460E463C
:10560000B0F5963018BFB4F1804F23D0A4F180409C
:10561000B0F580601CBFA4F18040B0F5006019D0E7
:10562000A4F18040B0F540601CBFA4F18040B0F50B
:1056300080500FD0A4F18040B0F5A0501CBFA4F161
:105640008040B0F59A3005D040F2195208A116A05A
:1056500001F06CFE002D18BF012D05D040F21A524A
:1056600003A117A001F062FE2685A58270BD00008F
:105670002E2E5C6669726D776172655C6E3332677F
:105680003435785F7374645F7065726970685F64E5
:1056900072697665725C7372635C6E33326734353F
:1056A000785F74696D2E6300497354696D416C6C49
:1056B0004D6F64756C652854494D782900000000D1
:1056C000497354696D50736352656C6F61644D6FBB
:1056D00064652854494D5F50534352656C6F616453
:1056E0004D6F646529000000F8B51A4E41F63F7011
:1056F000F0804FF4A060FEF721F901211020FEF7A1
:10570000AFF936208DF8000003258DF801500024F4
:105710008DF8024001208DF803006846FDF764FE15
:105720000D48042185800180C48044800B4C0146D3
:10573000204600F00FF90122F1882046FFF75AFFBA
:10574000012211462046FFF7C9FE0121204600F044
:1057500007F8F8BD16000020CC0200200010004021
:1057600070B50446A0F180400D46B0F5963018BFE4
:10577000B4F1804F23D0A4F18040B0F580601CBF0D
:10578000A4F18040B0F5006019D0A4F18040B0F5DC
:1057900040601CBFA4F18040B0F580500FD0A4F150
:1057A0008040B0F5A0501CBFA4F18040B0F59A3005
:1057B00005D040F2AF320BA118A001F0B7FD002DCB
:1057C00004BF206820F001000AD0012D05D04FF45D
:1057D0006C7204A117A001F0A9FD206840F001003F
:1057E000206070BD2E2E5C6669726D776172655C9B
:1057F0006E3332673435785F7374645F70657269D5
:1058000070685F6472697665725C7372635C6E3334
:1058100032673435785F74696D2E6300497354695B
:105820006D416C6C4D6F64756C652854494D7829D9
:105830000000000049535F46554E4354494F4E41C6
:105840004C5F535441544528436D642900000000C7
:1058500070B505460026A0F180400C46B0F59630A4
:1058600018BFB5F1804F23D0A5F18040B0F580601E
:105870001CBFA5F18040B0F5006019D0A5F18040B3
:10588000B0F540601CBFA5F18040B0F580500FD04E
:10589000A5F18040B0F5A0501CBFA5F18040B0F547
:1058A0009A3005D040F6FC3211A11FA001F03EFD58
:1058B000012C18BF022C11D0042C18BF082C0DD0BD
:1058C000102C18BF202C09D0402C18BF802C05D0DC
:1058D00040F6FD3206A11AA001F028FD2869A98929
:1058E000204201EA04011CBF00290126304670BD98
:1058F0002E2E5C6669726D776172655C6E333267FD
:105900003435785F7374645F7065726970685F6462
:1059100072697665725C7372635C6E3332673435BC
:10592000785F74696D2E6300497354696D416C6CC6
:105930004D6F64756C652854494D7829000000004E
:10594000497354696D476574496E742854494D5FB5
:10595000495429002DE9F05FDFF888A1DFF888B10C
:10596000DFF88881DFF88891624F634E0D46044668
:10597000504518BFB4F1804F13D0BC4218BFB44299
:105980000FD04C4518BF5C450BD0A4F18040B0F55A
:10599000A05018BF444504D0BD2258A165A001F015
:1059A000C5FC6888002818BF102809D020281CBF13
:1059B0004028602804D0BE2250A164A001F0B6FCAB
:1059C000E88800281CBFB0F5807FB0F5007F04D0C8
:1059D000BF224AA169A001F0A9FC2068544518BF64
:1059E000444508D0B4F1804F18BFBC4203D0B44244
:1059F00018BF4C4503D1698820F0700008435C450E
:105A00001CBFA4F18041B1F5A05103D0E98820F476
:105A1000407008432060A888A085288820855445C8
:105A200012BF4445287A20860120A0822068544570
:105A300018BF444508D0B4F1804F18BFBC4203D012
:105A4000B44218BF4C4509D1697A002914BF40F40B
:105A5000006020F40060B4F1804F04D0BC421CBF51
:105A6000B4424C4510D1A97A002914BF40F48050AB
:105A700020F48050E97A002914BF40F4005020F44B
:105A80000050B4F1804F03D0BC4218BFB44206D1DD
:105A9000297B002914BF40F4804020F48040544505
:105AA00018BF444505D0B4F1804F1CBFBC42B4427E
:105AB00006D1697B002914BF40F4004020F4004067
:105AC00020606068B4F1804F18BFB44206D1A97B52
:105AD000002914BF40F4807020F480706060BDE83D
:105AE000F09F0000002C01400010004000340140F5
:105AF000000C004000040040000800402E2E5C66B0
:105B000069726D776172655C6E3332673435785FC8
:105B10007374645F7065726970685F6472697665DA
:105B2000725C7372635C6E3332673435785F7469AC
:105B30006D2E6300497354696D416C6C4D6F6475D3
:105B40006C652854494D7829000000004973546958
:105B50006D436E744D6F64652854494D5F54696D93
:105B60006542617365496E69745374727563742D0F
:105B70003E436E744D6F646529000000497354699B
:105B80006D436C6B4469762854494D5F54696D656B
:105B900042617365496E69745374727563742D3E06
:105BA000436C6B44697629002DE9F04700252C46AB
:105BB0000420FDF799FB012818BFBDE8F0870D20F0
:105BC000FDF7A8FB002898BFBDE8F0874FF00F084D
:105BD000354F4FF0010A4FF00E0908EB4406F0B2C2
:105BE000FDF798FB3979B1EB102F1BD1F0B2FDF71F
:105BF00091FB7979C0B2884214D109EB4406F0B226
:105C0000FDF788FBF979491E0AFA01F1084010F006
:105C1000FF0F07D0F0B2FDF77DFB10F0800F0CBF37
:105C200002250125601CC4B20D20FDF773FBA042C4
:105C3000D3D8012D1CD0022D18BFBDE8F08701205C
:105C4000FDF752FB012818BFBDE8F0870020FEF7E2
:105C50005BFD0020FBF75BFA00210120FDF760FBF4
:105C600009210A20FDF772FBBDE8F047FDF7BEBA37
:105C70000120FDF739FB002818BFBDE8F0870020A0
:105C8000FDF732FB002818BFBDE8F0870120FEF7C2
:105C90003BFD0120FBF73BFA01210846FDF740FBE5
:105CA000BDE8F047FDF7A2BA2000002010B5054876
:105CB00000F0D8FCC1B204480068BDE81040FDF710
:105CC000ABB90000004C00403C00002070B5114D05
:105CD00040F22551284600F077FA10B10E4C20789A
:105CE00020B12846BDE8704000F0BCBC284600F05A
:105CF000B9FC6188094A88546088401C608007208C
:105D000000F066FEBDE870403221054A072000F031
:105D100069BE0000005000406C03002070030020AA
:105D2000A169000870B5114D40F22551284600F0D8
:105D30004BFA10B10E4C207820B12846BDE87040D7
:105D400000F090BC284600F08DFC6188094A885418
:105D50006088401C6080032000F03AFEBDE870407F
:105D60003221054A032000F03DBE000000440040FF
:105D7000BE070020C20700208169000870B5114DE0
:105D800040F22551284600F01FFA10B10E4C207841
:105D900020B12846BDE8704000F064BC284600F001
:105DA00061FC6188094A88546088401C6080052035
:105DB00000F00EFEBDE870403221054A052000F0DB
:105DC00011BE000000480040100C0020140C002000
:105DD000916900082DE9F047DFF8FC80DFF8FC90BE
:105DE000DFF8FCA016460D460446404518BF4C455A
:105DF0001AD054451CBFA4F18040B0F5984013D090
:105E0000A4F18040B0F5A0401FBFA4F18040B0F5E0
:105E1000A830A4F18040B0F5AA3005D040F27F123E
:105E200030A13FA001F082FA40F66A17282D1CBF6E
:105E3000A5F5E060B0F127001BD0A5F5C0602638BD
:105E40001CBFA5F5A060B0F1250012D0A5F58060BB
:105E500024381CBFA5F50060B0F1460009D0BD4252
:105E600018BF602D05D04FF4C0721EA133A001F001
:105E70005DFA002E18BF012E05D040F2811219A143
:105E800035A001F053FABD420AD144451CBF4C4530
:105E9000544505D040F2851212A136A001F046FA11
:105EA00005F01F010122C5F3421002FA01F1012899
:105EB00008BF04F10C0005D002280CBF04F110004B
:105EC00004F11400002E026814BF114322EA0101FC
:105ED0000160BDE8F0870000003801400044004048
:105EE000004800402E2E5C6669726D776172655CB9
:105EF0006E3332673435785F7374645F70657269CE
:105F000070685F6472697665725C7372635C6E332D
:105F100032673435785F75736172742E63000000E8
:105F200049535F55534152545F414C4C5F50455269
:105F300049504828555341525478290049535F55D8
:105F4000534152545F4346475F494E54285553418D
:105F500052545F494E54290049535F46554E4354AD
:105F6000494F4E414C5F535441544528436D642979
:105F70000000000049535F55534152545F313233A2
:105F80005F50455249504828555341525478290092
:105F900070B50446A0F180400D46B0F59C301CBFA2
:105FA000A4F18040B0F588401DD0A4F18040B0F548
:105FB00090401CBFA4F18040B0F5984013D0A4F1EC
:105FC0008040B0F5A0401FBFA4F18040B0F5A830DC
:105FD000A4F18040B0F5AA3005D040F259120BA1CF
:105FE00019A001F0A3F9002D04BFA08920F40050EE
:105FF0000AD0012D05D04FF4AD7204A119A001F013
:1060000095F9A08940F40050A08170BD2E2E5C66E9
:1060100069726D776172655C6E3332673435785FB3
:106020007374645F7065726970685F6472697665C5
:10603000725C7372635C6E3332673435785F75738C
:106040006172742E6300000049535F5553415254EE
:106050005F414C4C5F50455249504828555341527E
:106060005478290049535F46554E4354494F4E4199
:106070004C5F535441544528436D6429000000008F
:106080002DE9F047294F0026DFF8A480DFF8A4901F
:106090000C460546B84218BF45451AD04D451CBFB1
:1060A000A5F18040B0F5984013D0A5F18040B0F53F
:1060B000A0401FBFA5F18040B0F5A830A5F18040F9
:1060C000B0F5AA3005D040F219321BA129A001F089
:1060D0002DF9012C18BF802C20D0402C18BF202C6B
:1060E0001CD0102C18BFB4F5807F17D0B4F5007FFA
:1060F00009D0082C1CBF042C022C0FD040F21A32FD
:106100000DA123A008E0BD421CBF45454D4505D06B
:1061100040F21E3208A125A001F008F9288820428B
:1061200018BF01263046BDE8F08700000038014066
:1061300000440040004800402E2E5C6669726D7776
:106140006172655C6E3332673435785F7374645F97
:106150007065726970685F6472697665725C73728B
:10616000635C6E3332673435785F75736172742E99
:106170006300000049535F55534152545F414C4CFA
:106180005F50455249504828555341525478290090
:1061900049535F55534152545F464C41472855532C
:1061A0004152545F464C41472900000049535F5516
:1061B000534152545F3132335F5045524950482861
:1061C00055534152547829002DE9F047DFF8F48007
:1061D0000026DFF8F490DFF8F4A00C4605464045B1
:1061E00018BF4D451AD055451CBFA5F18040B0F5EC
:1061F000984013D0A5F18040B0F5A0401FBFA5F195
:106200008040B0F5A830A5F18040B0F5AA3005D0A7
:1062100040F26B322EA13DA001F088F8282C34D03A
:10622000A4F5E06040F66A1727381CBFA4F5C060EB
:10623000B0F126001CD0A4F5A06025381CBFA4F541
:106240008060B0F1240013D0A4F50060463818BF78
:10625000BC420DD0B4F5587F1CBFB4F5187FB4F51F
:10626000B07F12D04FF45B7219A12FA001F05EF83D
:10627000BC420AD145451CBF4D45554505D04FF49C
:106280005C7213A12FA001F051F804F01F0001224D
:10629000C4F3421102FA00F0012904BFA9890840A1
:1062A00004D002290CBF298AA98A0840210A02FACF
:1062B00001F12A88114000281CBF00290126304620
:1062C000BDE8F0870038014000440040004800402D
:1062D0002E2E5C6669726D776172655C6E33326713
:1062E0003435785F7374645F7065726970685F6479
:1062F00072697665725C7372635C6E3332673435D3
:10630000785F75736172742E6300000049535F55A6
:10631000534152545F414C4C5F50455249504828BC
:10632000555341525478290049535F5553415254B3
:106330005F4745545F494E542855534152545F4975
:106340004E54290049535F55534152545F31323303
:106350005F504552495048285553415254782900BE
:106360002DE9F047604EDFF88491DFF884A1614F9A
:10637000DFF8848186B00D460446B04218BF4C4514
:1063800013D054451CBFA4F18040B0F598400CD008
:10639000A4F18040B0F5A0401CBFBC42444504D0ED
:1063A000C42256A164A000F0C1FF28686949401EBC
:1063B000884204D3C52251A167A000F0B7FFA88886
:1063C000002818BFB0F5805F04D0C6224BA16EA094
:1063D00000F0ACFFE888002818BFB0F5805F0AD055
:1063E000B0F5005F18BFB0F5405F04D0C72243A1ED
:1063F00072A000F09BFF288900281CBFB0F5806FB9
:10640000B0F5C06F04D0C8223CA178A000F08EFF88
:10641000688930F00C0100D120B9C92237A17EA0D3
:1064200000F084FFA889002818D0B0F5807F1CBF39
:10643000B0F5007FB0F5407F06D0CA222FA180487A
:1064400000F074FFA88948B1B4421CBF4C455445C4
:1064500004D0CE2229A17BA000F068FF208A4CF650
:10646000FF710840E98808432082A0894EF6F311A5
:106470000840A9882A8911436A8910430843A081EA
:10648000A08A4FF6FF410840A9890843A0826846C8
:10649000FDF7E0FBB44218BFBC4203D0444518BF2F
:1064A000029800D103986E4A00EBC00101EB001086
:1064B00029686FF0180C8900B0FBF1F0A2FB0031E5
:1064C000490909010B0903FB0CF300EB830032239C
:1064D00003EB0010A2FB0020C0F34310084320810F
:1064E00006B0BDE8F08700000038014000440040DD
:1064F0000048004000500140005401402E2E5C66D0
:1065000069726D776172655C6E3332673435785FBE
:106510007374645F7065726970685F6472697665D0
:10652000725C7372635C6E3332673435785F757397
:106530006172742E6300000049535F5553415254F9
:106540005F414C4C5F504552495048285553415289
:106550005478290020AA440049535F5553415254AE
:106560005F42415544524154452855534152545F6E
:10657000496E69745374727563742D3E426175641B
:10658000526174652900000049535F5553415254CC
:106590005F574F52445F4C454E475448285553412E
:1065A00052545F496E69745374727563742D3E570B
:1065B0006F72644C656E67746829000049535F55BB
:1065C000534152545F53544F5042495453285553EA
:1065D0004152545F496E69745374727563742D3EF1
:1065E00053746F70426974732900000049535F55FA
:1065F000534152545F5041524954592855534152C6
:10660000545F496E69745374727563742D3E5061A2
:10661000726974792900000049535F5553415254FF
:106620005F4D4F44452855534152545F496E69743C
:106630005374727563742D3E4D6F646529000000BC
:10664000A4A1000849535F55534152545F3132337E
:106650005F504552495048285553415254782900BB
:106660001F85EB5110B50446A0F18040B0F59C3079
:106670001CBFA4F18040B0F588401DD0A4F180403B
:10668000B0F590401CBFA4F18040B0F5984013D005
:10669000A4F18040B0F5A0401FBFA4F18040B0F548
:1066A000A830A4F18040B0F5AA3005D040F25122C4
:1066B00003A112A000F03AFEA088C0F3080010BDAC
:1066C0002E2E5C6669726D776172655C6E3332671F
:1066D0003435785F7374645F7065726970685F6485
:1066E00072697665725C7372635C6E3332673435DF
:1066F000785F75736172742E6300000049535F55B3
:10670000534152545F414C4C5F50455249504828C8
:10671000555341525478290070B50446A0F1804089
:106720000D46B0F59C301CBFA4F18040B0F5884008
:106730001DD0A4F18040B0F590401CBFA4F1804072
:10674000B0F5984013D0A4F18040B0F5A0401FBF31
:10675000A4F18040B0F5A830A4F18040B0F5AA3093
:1067600005D04FF4107208A116A000F0DFFDB5F5BA
:10677000007F05D340F2412203A119A000F0D6FD0D
:10678000C5F30800A08070BD2E2E5C6669726D771F
:106790006172655C6E3332673435785F7374645F41
:1067A0007065726970685F6472697665725C737235
:1067B000635C6E3332673435785F75736172742E43
:1067C0006300000049535F55534152545F414C4CA4
:1067D0005F5045524950482855534152547829003A
:1067E00049535F55534152545F44415441284461D9
:1067F000746129002DE9F0410E0005464FF00004B8
:1068000014BF094FBDE8F081295D3846FFF784FFCA
:1068100080213846FFF734FC0028F9D0601C84B290
:10682000B442F1D3BDE8F0810044004010B5184CEB
:10683000002058212278012A18BF10BDB4F802C0E8
:10684000BCF1170F08BFACF1010211D12318401C95
:106850001B79C0B2194489B28242F7DCC8430D49A2
:10686000C0B21CF80110814204BF201DFAF758F98C
:10687000002062880146002A06D92218401C1171A6
:106880006288C0B28242F8D86180217010BD0000D9
:10689000BE070020C10700202DE9F0471D4E3078CB
:1068A000012818BFBDE8F0874FF40061DFF8689059
:1068B0004846FCF7CDF87588371D0024002D88BFA9
:1068C000DFF858800DD9395D4046FFF725FF80215C
:1068D0004046FFF7D5FB0028F9D0601C84B2AC42DB
:1068E000F1D3642000F056FD4FF400614846FCF7F8
:1068F00045F8002072880146002A06D93218401C4B
:1069000011717288C0B28242F8D871803170BDE8CE
:10691000F0870000100C00200008014000480040F3
:106920000749002002464B88002B06D90B18401C53
:106930001A714B88C0B28342F8D84A800A707047F7
:106940006C0300202DE9F0410E0005464FF00004D5
:1069500014BF094FBDE8F081295D3846FFF7DCFE22
:1069600080213846FFF78CFB0028F9D0601C84B2E8
:10697000B442F1D3BDE8F08100500040FEE70000D2
:10698000024901200870032000F022B8BE07002051
:10699000024901200870052000F01AB8100C0020F0
:1069A000024901200870072000F012B86C03002093
:1069B00000200649024601EBC00341F83020401C8C
:1069C000C0B25A601228F6D3FEF78EBEDC02002059
:1069D000034A002142F8301002EBC00041607047CA
:1069E000DC020020034B43F8301003EBC000426090
:1069F00070470000DC02002070B50A4D002455F8F5
:106A0000340048B1411E05EBC40045F8341040681D
:106A100010B1002908BF8047601CC4B2122CEED30D
:106A200070BD0000DC0200200FB4054B10B503A9B7
:106A3000044A029800F0DEF810BC5DF814FB000078
:106A4000C5730008C00200200FB4084B10B504A99C
:106A500002AA039800F0CEF8044602A9002000F034
:106A600060FC204610BC5DF814FB00002373000896
:106A700002E008C8121F08C1002AFAD17047704707
:106A8000002001E001C1121F002AFBD17047000065
:106A90002DE9FF5FDDE90220010DDDF838B002438A
:106AA00018D044F61050A1F2FF3141430D140F9855
:106AB000012820D0A5EB0B00401C5FEA000A4FF034
:106AC0000004474EDFF81C91A046504616D5CAF187
:106AD000000728E00F98012443A2012808D00021D4
:106AE00000980F9BC0E90021C0E90243BDE8FF9F69
:106AF0006FEA0B01F4E7CBF10000DEE7074612E096
:106B0000F80707D02246334640464946F9F772FB5C
:106B1000804689462246334610461946F9F76AFBF5
:106B200004460E467F10002FEAD1DDE90201BAF1DA
:106B3000000F42464B4602DAF9F75CFB01E0F9F739
:106B40005DFD04460E460022284BF9F7DFFD03D811
:106B50004FF0FF30014607E00022254B204631462A
:106B6000F9F7A5FCF9F7B9FD102409E0002C0ADBC0
:106B70000A220023F9F7FDFB019B30321A55641EEF
:106B800050EA0102F2D1641C019AC4F111031444C9
:106B90000F9A012A03D0012208430DD10AE00843CD
:106BA00004D000204FF0110B0F9080E7A3EB0B05F2
:106BB0006D1E0DE05B4504DD4FF0000205F101059F
:106BC00004E003DA4FF00002A5F10105002AECD041
:106BD00000980F99C0E90231C0E9004586E700003E
:106BE000000024400000F03F300000000000F043AF
:106BF0000000E03F2DE9FF4F95B09B4689460646D1
:106C000000250FE2252877D100242746F84A0121E4
:106C1000059400E0044316F8013F203B01FA03F01D
:106C20001042F7D130782A2811D06FF02F03307836
:106C3000A0F13002092A16D8059A44F0020402EBAA
:106C4000820203EB42021044761C0590EFE759F8EC
:106C5000042B0592002A03DA504244F400540590B4
:106C600044F00204761C30782E2816D116F8010F55
:106C700044F004042A280DD06FF02F023078A0F1E0
:106C80003003092B09D807EB870302EB4303C7182E
:106C9000761CF3E759F8047B761C30786C280FD00B
:106CA00006DC4C2817D068280DD06A2814D104E0DF
:106CB000742810D07A280FD10DE044F400140AE0B3
:106CC00044F4801401E044F440147278824202D10A
:106CD00004F58014761C761C307866280BD013DC03
:106CE000582877D009DC002875D04528F6D04628EA
:106CF000F4D047281AD19DE118E0632835D06428E4
:106D000079D0652812D195E1702873D008DC672806
:106D1000F1D069286FD06E280DD06F2806D1B5E06C
:106D200073282CD0752875D0782874D05A461799B6
:106D300090476D1C75E1C4F30250022809D0032866
:106D40000DD0D9F8001004280DD00D6009F1040908
:106D500067E1D9F80010EA17C1E90052F6E7D9F85F
:106D600000100D80F2E70D70F0E719F8041B8DF8A4
:106D7000001000208DF80100EA46012003E059F8D8
:106D800004AB4FF0FF3061074FF0000102D40DE07B
:106D900008F101018846B9420FDA8045F8DB1AF89C
:106DA00008100029F4D108E008F101018846814269
:106DB000FADB1AF808100029F6D105985B46A0EB1B
:106DC000080721463846179A00F094FA284400EB49
:106DD000080507E04DE029E10DE01AF8010B5A46DD
:106DE00017999047B8F10108F7D25B46214638461B
:106DF000179A13E142E00A220092C4F302524FF0C4
:106E0000000A022A08D059F804CB032A4FEAEC7191
:106E10000AD00DE029E02AE009F1070121F007027C
:106E2000F2E802C1914609E00FFA8CFC4FEAEC71DE
:106E3000042A03D14FFA8CFC4FEAEC71002907DADF
:106E40000A460021DCF1000C61EB02012D2202E078
:106E5000220504D52B228DF80420012203E0E2074D
:106E600001D02022F7E7904659E00A2102E01022E3
:106E70000DE010214FF0000A00910BE010224FF0BE
:106E8000000A44F004040827009203E008224FF0AF
:106E9000000A0092C4F30252022A05D059F804CB2A
:106EA0000021032A08D009E009F1070121F00702B7
:106EB000F2E802C1914605E01FFA8CFC042A01D1D8
:106EC0000CF0FF0C4FF00008220728D5702806D0E0
:106ED000009B83F0100353EA0A0305D00EE0402222
:106EE0008DF80420012208E05CEA010206D030227D
:106EF0008DF804208DF8050002229046009B83F057
:106F0000080353EA0A030AD15CEA010201D16207CD
:106F100005D530228DF804204FF001087F1E582837
:106F200004D034A003900EA802900DE036A0F9E73B
:106F300053466046009AF9F71CFA84460398825C2F
:106F40000298401E029002705CEA0100F0D10298A3
:106F500006A9081A00F1200A600702D524F480343B
:106F600000E00127574502DDA7EB0A0000E0002002
:106F700000EB0A01009005984144401A0590E00397
:106F800006D45B462146179A059800F0B3F90544EC
:106F9000002706E001A85A46C05D179990476D1C6E
:106FA0007F1C4745F6DBE0030CD55B462146179A6C
:106FB000059800F09FF9054404E030205A461799DF
:106FC00090476D1C0099481E00900029F5DC08E0F0
:106FD000029802995A460078491C029117999047E5
:106FE0006D1CBAF10001AAF1010AF1DC65E10000B3
:106FF000092801003031323334353637383961628F
:107000006364656600000000303132333435363752
:1070100038394142434445460000000000F058F929
:107020000544761C307800287FF4ECAD19B0284672
:10703000BDE8F08F620700D4062709F1070222F0AD
:10704000070CFCE80223E14603F000485FEA080C65
:1070500002D00FF2702C0DE05FEA045C02D50FF253
:10706000682C07E05FEAC47C02D00FF2602C01E0DC
:10707000AFF2700C4FF0FF3823F00043CDF850C052
:1070800065280CD006DC452809D046281DD04728A5
:107090003DD13DE0662818D067287ED138E0002138
:1070A000112F01DB112000E0781CCDE9000106A9B9
:1070B0000EA8FFF7EDFCDDE90F010E9A0391002108
:1070C000009207F1010A04914DE04FF00040009753
:1070D000CDE9011006A90EA8FFF7DAFCDDE90F02E1
:1070E00003920E9B11990022DDF80CA000930492EC
:1070F00011B9791C00EB010AB7EB0A0004D4C0F106
:10710000FF3007F1010A0490AAEB0700019044E068
:10711000012F00DA01270021112F01DD112000E0ED
:107120003846CDE9000106A90EA8FFF7B1FCDDE95C
:107130000F010E9A0391002104910092BA46210793
:107140000CD40399514500DA8A46BAF1010F05DDE6
:10715000009AAAF10101515C302908D0B84202DA44
:1071600010F1040F06DA0121CDE9011015E0AAF1B2
:107170000101E9E7002805DC049901440491AAEB28
:10718000000102E0411C514500DD8A460499401A85
:10719000401C01904FF000400290200704D4019859
:1071A000504501DBCDF8048000208DF84F00029897
:1071B0000DF14F07B0F1004F25D02B200E90029813
:1071C0004FF0020800280CDA404202902D200E9069
:1071D00007E00A210298F9F7B6F83031029007F873
:1071E000011DB8F10001A8F10108F2DC02980028A5
:1071F000EFD1791E0E980870307800F0200040F032
:10720000450007F8020D12A8C01B00F107081498EA
:10721000007800B1012000EB0A01019801EBE07158
:1072200005984144401A401E0590E00306D45B4691
:107230002146179A059800F05DF8054414980078E7
:1072400018B15A46179990476D1CE00324D55B4648
:107250002146179A059800F04DF805441CE0049863
:10726000002807DBDDE90301884203DD0098405C6C
:10727000179901E0179930205A469047049805F174
:107280000105401C04900198401E019004D12E205D
:107290005A46179990476D1CBAF10001AAF1010AEC
:1072A000DDDC05E017F8010B5A46179990476D1C75
:1072B000B8F10001A8F10108F4DC5B462146179AF9
:1072C0000598ABE62D0000002B0000002000000018
:1072D0002DE9F041044600251E461746880404D4D3
:1072E00005E039462020B0476D1C641EF9D52846BC
:1072F000BDE8F0812DE9F041044600251E46904688
:10730000C80301D5302700E02027880404D505E014
:1073100041463846B0476D1C641EF9D52846BDE885
:10732000F0810A68531C0B601070704713460A46C0
:10733000014602A0FFF778FBFEE70000617373656A
:107340007274696F6E206661696C65643A206025AD
:1073500073602061742025733A256400FF2330B4E4
:107360001A46B1F1010C24BF084C04F5807508D30E
:1073700010F8011B5940635C53406A5CBCF1010C7E
:10738000F6D203480270437030BC7047B000002052
:10739000440000200022002898BF704746F2A81140
:1073A000491EFDD1521C8242F8D3704700220028AA
:1073B00098BF70471921491EFDD1521C8242F9D352
:1073C0007047000070B5074D0446C1B22846FFF76C
:1073D000A3F980212846FEF753FE0028F9D0204665
:1073E00070BD000000500040014840787047000028
:1073F000B0020020014800787047000028000020FB
:1074000000B587B06846FCF725FC012140F2FD106D
:10741000FCF786FB01214FF46020FCF721FB4FF4C1
:107420004070FCF76FF80420FDF712FA0B49019841
:107430000B4BA1FB001040090022401EB0F1807FE1
:1074400008D24FF0E0214861F02083F8140D8A61E2
:107450000720086183F8142D07B000BD1F85EB518C
:107460000FE000E030B585B00424ADF810401820DE
:107470008DF813000320194D8DF8120004A9284639
:10748000FBF7D2F80821ADF8101001218DF8121089
:107490008DF8134004A92846FBF7C6F84FF41650A0
:1074A00000900020ADF80400ADF80600ADF808002B
:1074B000ADF80C000C200A4CADF80A0069462046D5
:1074C000FEF74EFF012240F225512046FEF782FCD6
:1074D00001212046FEF75CFD05B030BD00080140EB
:1074E0000044004010B586B04FF48060ADF8100045
:1074F00018208DF813000320194C8DF8120004A9F0
:107500002046FBF791F8E114ADF8101001218DF839
:10751000121004218DF8131004A92046FBF784F8FB
:107520004FF4165000900020ADF80400ADF80600AE
:10753000ADF80800ADF80C000C200A4CADF80A00BC
:1075400069462046FEF70CFF012240F225512046F5
:10755000FEF740FC01212046FEF71AFD06B010BDE3
:10756000000C01400048004010B586B04FF4806028
:10757000ADF8100018208DF813000320194C8DF879
:10758000120004A92046FBF74FF8E114ADF81010E3
:1075900001218DF8121004218DF8131004A9204642
:1075A000FBF742F84FF4E13000900020ADF8040002
:1075B000ADF80600ADF80800ADF80C000C200A4C40
:1075C000ADF80A0069462046FEF7CAFE012240F2E5
:1075D00025512046FEF7FEFB01212046FEF7D8FC90
:1075E00006B010BD00100140004C004010B586B040
:1075F00001213120FCF794FA01210805FCF730FA4B
:107600004FF48050ADF8100018208DF813000320BF
:107610008DF8120004A91748FBF706F80420ADF80E
:10762000100001218DF812108DF8130004A91248E2
:10763000FAF7FAFF4FF4E13000900020ADF80400B3
:10764000ADF80600ADF80800ADF80C000C200B4CAE
:10765000ADF80A0069462046FEF782FE012240F29C
:1076600025512046FEF7B6FB01212046FEF790FC8F
:1076700006B010BD00100140001401400050004051
:1076800026480178012918BF704710B50021017004
:10769000FFF7B0FE012803D0BDE81040FDF7D0B9D8
:1076A0000220FBF721FE002818BF10BD0021042096
:1076B000FBF736FE00210420FAF754FA0020F9F710
:1076C000ABFC0120FBF710FE012811D00120FDF7D3
:1076D0001BF80120F9F71BFD01210846FBF720FEEE
:1076E00001210846FAF73EFABDE81040FBF77EBDDF
:1076F0000020FDF709F80020F9F709FD002101201D
:10770000FBF70EFE09210A20FBF720FE00210120D5
:10771000FAF728FABDE81040FBF768BD40000020EA
:1077200001490120087070474000002070B584B006
:107730000425214EADF8005048248DF803406946D9
:107740003046FAF771FF02210120FAF78BFB002087
:107750008DF80C000C208DF80D0001208DF80E0026
:10776000029502A8FAF716F91020ADF80000134DA3
:107770008DF8034069462846FAF756FF4020ADF8D9
:1077800000008DF8034069462846FAF74DFF202097
:10779000ADF800008DF8034069460948FAF744FF48
:1077A0000220ADF800008DF8034069463046FAF734
:1077B0003BFF04B070BD0000000C01400008014018
:1077C00000100140FFF75CBFF8B52020ADF80000C5
:1077D0001025214E8DF8035001248DF80240694692
:1077E0003046FAF721FF20213046FBF731F91B4ADA
:1077F0004FF4FA710120FFF7F5F88021ADF8001081
:107800008DF803508DF8024069463046FAF70CFFB8
:1078100080213046FBF71CF9ADF80050104E8DF872
:1078200003508DF8024069463046FAF7FDFE1021FC
:107830003046FBF70DF9ADF800408DF803508DF898
:107840000240084C69462046FAF7EEFE0121204628
:10785000FBF7FEF8F8BD000000080140DD3000082D
:1078600000100140000C01400149012048707047A0
:10787000B4020020F9F762FBF9F78EFDFBF706FA78
:10788000FBF73EFAF9F7B2FBFCF7D6FAFDF78AFDF3
:10789000FBF7B8F9FBF704FAF4E70000F0B50B309A
:1078A000154D20F007010024144A0FE003688B42B5
:1078B0000BD38B4205D95E1A43184768C3E90067AA
:1078C00000E04368136002C004E0021D1068002855
:1078D000ECD12046002802D1286808B10020F0BD74
:1078E000064A07481060074A121A22F00702C0E948
:1078F000002401202860D7E7C8020020C40200202D
:10790000DC120020D82200200149012008707047B5
:10791000B40200200149012008717047B402002020
:107920000149012088707047B40200200000000067
:107930000102030401020304060708090102040608
:10794000080A0C1020202020202020200100020006
:107950000400060008000A000C001000200040008F
:1079600080000001000100010001000130313233CC
:10797000343536373839414243444546000000002B
:1079800000000000000000000000040404040400E3
:107990000004000014140A000000000000000000B1
:1079A00000000A0A1F0A0A1F0A0A000000040E1536
:1079B00005060C14150E0400000012150D152E2CD2
:1079C0002A1200000000040A0A36151529160000C4
:1079D000020201000000000000000000100808047E
:1079E0000404040408081000020404080808080835
:1079F0000404020000000004150E0E15040000002F
:107A000000000008083E0808000000000000000018
:107A1000000000000202010000000000003F000022
:107A20000000000000000000000000000002000054
:107A300000201010080804040202010000000E11CA
:107A400011111111110E00000000040604040404B9
:107A5000040E000000000E1111080402011F0000B6
:107A600000000E11100C1010110E00000000080C88
:107A70000C0A091F081C000000001F01010F111053
:107A8000110E000000000C12010D1311110E000068
:107A900000001E10080804040404000000000E1179
:107AA000110E1111110E000000000E111119161007
:107AB00009060000000000000400000000040000AF
:107AC0000000000000040000000404000000100892
:107AD0000402020408100000000000003F003F0004
:107AE000000000000000020408101008040200005A
:107AF00000000E11110804040004000000001C2204
:107B0000292D2D1D221C0000000004040C0A0A1E51
:107B10001233000000000F12120E1212120F00009A
:107B200000001E1101010101110E000000000F12E2
:107B300012121212120F000000001F120A0E0A0287
:107B4000121F000000001F120A0E0A0202070000A6
:107B500000001C1201013911120C00000000331248
:107B6000121E12121233000000001F040404040449
:107B7000041F000000003E0808080808080809075C
:107B8000000037120A060A1212370000000007022E
:107B900002020202223F000000003B1B1B1B1515C6
:107BA0001535000000003B1216161A1A12170000B5
:107BB00000000E1111111111110E000000000F1222
:107BC000120E02020207000000000E11111111171F
:107BD000190E180000000F12120E0A1212370000C0
:107BE00000001E1101060810110F000000001F15F3
:107BF00004040404040E00000000331212121212D6
:107C0000120C000000003312120A0A0C04040000D7
:107C10000000151515150E0A0A0A000000001B0ABF
:107C20000A04040A0A1B000000001B0A0A0A0404D2
:107C3000040E000000001F0908040402121F0000C7
:107C40001C0404040404040404041C0000020204D0
:107C500004040808081010000E080808080808089E
:107C600008080E00040A00000000000000000000E8
:107C700000000000000000000000003F02040000BF
:107C8000000000000000000000000000000C121CBA
:107C9000123C000000030202020E1212120E00003B
:107CA00000000000001C1202120C0000001810104E
:107CB000101C1212123C000000000000000C121EEA
:107CC000021C000000182404041E0404041E00000A
:107CD00000000000003C120C021C221C00030202E7
:107CE000020E121212370000000404000006040401
:107CF000040E000000080800000C08080808080727
:107D000000030202021A0A060A1300000007040414
:107D100004040404041F000000000000000F1515F7
:107D20001515000000000000000F121212370000AD
:107D300000000000000C1212120C000000000000F5
:107D4000000F1212120E020700000000001C121297
:107D5000121C103800000000001B06020207000081
:107D600000000000001E020C101E000000000004B5
:107D7000041E0404041C000000000000001B12127A
:107D8000123C000000000000001B0A0A040400006E
:107D9000000000000015150E0A0A00000000000097
:107DA000001B0A040A1B000000000000003312122E
:107DB0000C08040300000000001E0804041E00005C
:107DC00018080808080C0808080818000808080817
:107DD000080808080808080806040404040804043D
:107DE0000404060016090000000000000000000066
:107DF0000000000000000000000000000000000083
:107E0000000000080808080808080000181800000A
:107E100000486C2412000000000000000000000078
:107E20000000002424247F1212127F12121200007C
:107E30000000081C2A2A0A0C1828282A2A1C0808CC
:107E400000000022251515152A585454542200000C
:107E50000000000C1212120A76252911916E000002
:107E600000060604030000000000000000000000FF
:107E700000402010100808080808081010204000D2
:107E80000002040808101010101010080804020066
:107E90000000000008086B1C1C6B080800000000B4
:107EA00000000000080808087F0808080800000013
:107EB00000000000000000000000000006060403AF
:107EC0000000000000000000FE00000000000000B4
:107ED0000000000000000000000000000606000096
:107EE0000000804040202010100808040402020016
:107EF000000000182442424242424242241800003C
:107F0000000000080E08080808080808083E0000DD
:107F10000000003C4242422020100804427E000043
:107F20000000003C4242201820404042221C000039
:107F3000000000203028242422227E202078000007
:107F40000000007E0202021A26404042221C00006D
:107F5000000000382402021A26424242241800007F
:107F60000000007E222210100808080808080000FF
:107F70000000003C4242422418244242423C00009D
:107F8000000000182442424264584040241C000073
:107F90000000000000001818000000001818000081
:107FA00000000000000000080000000000080804B5
:107FB00000000040201008040204081020400000C7
:107FC0000000000000007F0000007F0000000000B3
:107FD00000000002040810204020100804020000E5
:107FE0000000003C424246402010100018180000DB
:107FF0000000001C225A555555552D42221C0000E8
:108000000000000808181414243C224242E7000033
:108010000000001F2222221E22424242221F000094
:108020000000007C4242010101010142221C0000CB
:108030000000001F2242424242424242221F0000F0
:108040000000003F4212121E12120242423F000084
:108050000000003F4212121E12120202020700002C
:108060000000003C2222010101712122221C00009B
:10807000000000E7424242427E42424242E70000A4
:108080000000003E0808080808080808083E00002C
:108090000000007C10101010101010101010110FA4
:1080A0000000007722120A0E0A1212222277000024
:1080B000000000070202020202020202427F0000E8
:1080C00000000077363636362A2A2A2A2A6B000024
:1080D000000000E346464A4A52525262624700009C
:1080E0000000001C2241414141414141221C00004D
:1080F0000000003F424242423E02020202070000EC
:108100000000001C2241414141414D53321C60009E
:108110000000003F4242423E1212222242C70000AB
:108120000000007C4242020418204042423E00000F
:108130000000007F4908080808080808081C00001B
:10814000000000E74242424242424242423C0000BA
:10815000000000E7424222242414141808080000FA
:108160000000006B4949494955553622222200003A
:10817000000000E7422424181818242442E70000D5
:10818000000000772222141408080808081C0000C8
:108190000000007E2120101008040442423F00002D
:1081A000007808080808080808080808080878007F
:1081B000000002020404080808101020202040409B
:1081C000001E1010101010101010101010101E00B3
:1081D0000038440000000000000000000000000023
:1081E000000000000000000000000000000000FF90
:1081F0000006080000000000000000000000000071
:10820000000000000000003C4278444242FC0000B4
:10821000000000030202021A26424242261A00000F
:108220000000000000000038440202024438000050
:1082300000000060404040784442424264D8000060
:10824000000000000000003C427E0202423C0000B0
:10825000000000F08808087E08080808083E0000B2
:10826000000000000000007C22221C023C42423C34
:10827000000000030202023A4642424242E7000086
:108280000000000C0C00000E08080808083E000062
:108290000000003030000038202020202020221E46
:1082A0000000000302020272120A16122277000076
:1082B0000000000E0808080808080808083E00002A
:1082C000000000000000007F9292929292B700009E
:1082D000000000000000003B4642424242E700002E
:1082E000000000000000003C42424242423C0000CC
:1082F000000000000000001B26424242221E02072E
:10830000000000000000007844424242447840E00F
:1083100000000000000000774C040404041F00006B
:10832000000000000000007C42023C40423E000091
:10833000000000000008083E080808080830000097
:1083400000000000000000634242424262DC000084
:1083500000000000000000E7422424140808000088
:1083600000000000000000EB4949555522220000A2
:10837000000000000000007624181818246E000089
:1083800000000000000000E7422424141808080739
:10839000000000000000007E22100808447E00005B
:1083A00000C0202020202010202020202020C000DD
:1083B00010101010101010101010101010101010BD
:1083C0000006080808080810080808080808060039
:1083D0000C32C2000000000000000000000000009D
:1083E000000000000000000000000000000000008D
:1083F000000000000000000000000000000000007D
:10840000000000000000000000000000000000006C
:1084100000000000000000006000600060006000DC
:10842000600060006000400020002000200000008C
:10843000000000006000600060000000000000001C
:1084400000000000600660063003980188004400C8
:10845000000000000000000000000000000000001C
:10846000000000000000000000000000000000000C
:1084700000000000000000001002100210021002B4
:10848000FE07FE0708020801080108010801FE07AF
:10849000FE070401040104010401000000000000C3
:1084A00000000000000040004000F00158034C03B1
:1084B000CC034C0058007000E000C001C001400334
:1084C0004C035C034C034801F000400040000000F6
:1084D00000000000000000000E010A019100910060
:1084E0009100510051003A00AE03A0025004500424
:1084F000480448044804840284030000000000008B
:10850000000000000000000038006C006C006C00EF
:108510006C006C002C0098071C011A013301330118
:108520006301E300C308C6093C0700000000000027
:10853000000000000C001C001000100008000400E7
:10854000000000000000000000000000000000002B
:10855000000000000000000000000000000000001B
:1085600000000000000400020001800080004000C4
:1085700040002000200020002000200020002000DB
:108580004000400080008000000100020004000064
:10859000000000000200040008001000100020008D
:1085A00020004000400040004000400040004000EB
:1085B000200020001000100008000400020000004D
:1085C0000000000000000000000000004000C000AB
:1085D0004000460C4E0FD001F0015E0F460C4000EB
:1085E000400040000000000000000000000000000B
:1085F000000000000000000000000000000040003B
:108600004000400040004000FE0F4000400040009D
:1086100040004000000000000000000000000000DA
:10862000000000000000000000000000000000004A
:10863000000000000000000000000000000000003A
:10864000000000000C001C001000100008000400D6
:10865000000000000000000000000000000000001A
:108660000000000000000000FE0700000000000005
:1086700000000000000000000000000000000000FA
:1086800000000000000000000000000000000000EA
:1086900000000000000000000000000000000000DA
:1086A000000000001C001C001C0000000000000076
:1086B00000000000000400060002000300010001A9
:1086C000800080004000400060002000200010007A
:1086D0001000080008000C00040006000200000062
:1086E00000000000000000000000F00098010C03F2
:1086F0000C03060606060606060606060606060617
:1087000006060C030C039801F000000000000000B6
:108710000000000000000000000040007C0060003D
:108720006000600060006000600060006000600049
:108730006000600060006000FC03000000000000BA
:1087400000000000000000000000F80084010203A7
:1087500006030603000300018001C0006000200042
:108760001000080204020602FE03000000000000E0
:10877000000000000000000000007800C600860134
:10878000860180018001C0007000800100010003AB
:108790000003060306038601F80000000000000045
:1087A0000000000000000000000080018001C00106
:1087B000A001A00190018801880184018201FE0FBF
:1087C0008001800180018001E007000000000000BE
:1087D00000000000000000000000FC030400040092
:1087E000040004000400F4008C01040300030003EF
:1087F0000603060382018401F80000000000000067
:1088000000000000000000000000E00118030C035D
:108810000C0004000600E60116030E060606060616
:10882000060604060C021803F00000000000000019
:1088300000000000000000000000F8070C06040221
:108840000401000100018000800040004000400061
:108850006000600060006000600000000000000038
:1088600000000000000000000000F8010C030606F4
:10887000060606060C021C03F000C8010C030606DF
:108880000606060606060C03F001000000000000C4
:1088900000000000000000000000F0000C010C03CC
:1088A000060206060606060606078C067806000679
:1088B000000300030C018C017800000000000000A0
:1088C00000000000000000000000000000000000A8
:1088D00000000000E000E000E000000000000000F8
:1088E00000000000E000E000E000000000000000E8
:1088F0000000000000000000000000000000000078
:1089000000000000600060000000000000000000A7
:108910000000000000006000600040002000200017
:1089200000000000000000000004000200018000C0
:108930004000200010000800040008001000200083
:108940004000800000010002000400000000000060
:108950000000000000000000000000000000000017
:1089600000000000FE07000000000000FE070000FD
:1089700000000000000000000000000000000000F7
:1089800000000000000000000400080010002000AB
:10899000400080000001000200040002000180008D
:1089A000400020001000080004000000000000004B
:1089B00000000000000000000000E0031806040CA6
:1089C000040C0C0C0C0C000780014000400040001F
:1089D00000000000E000E000E000000000000000F7
:1089E0000000000000000000E00018030C02CC05AD
:1089F00064056605A605B604B604B604B604B60258
:108A0000E4010C040C021803F00000000000000058
:108A10000000000000000000000060006000500046
:108A2000D00090009000880088010801F80104033C
:108A300004030402020202060F0F000000000000FF
:108A400000000000000000000000FE008C030C038A
:108A50000C030C030C038C01FC000C030C020C0631
:108A60000C060C060C060C03FE01000000000000C2
:108A700000000000000000000000E00318030C06E6
:108A80000C040404060006000600060006000600AA
:108A900006040C040C021803F000000000000000A3
:108AA000000000000000000000007F008C010C03AB
:108AB0000C030C060C060C060C060C060C060C0629
:108AC0000C060C030C038C017F000000000000006A
:108AD00000000000000000000000FF030603060481
:108AE0000604060086008600FE00860086008600DA
:108AF0000600060406040602FF0300000000000052
:108B000000000000000000000000FF030603060450
:108B10000604060086008600FE00860086008600A9
:108B200006000600060006001F000000000000000E
:108B300000000000000000000000F00018010C021E
:108B40000C0204020600060006000600C60F06031B
:108B500006030C030C031803F000000000000000E3
:108B6000000000000000000000000F0F06060606CF
:108B70000606060606060606FE070606060606069C
:108B800006060606060606060F0F00000000000097
:108B900000000000000000000000FC036000600016
:108BA00060006000600060006000600060006000C5
:108BB0006000600060006000FC0300000000000036
:108BC00000000000000000000000F807C000C00026
:108BD000C000C000C000C000C000C000C000C00095
:108BE000C000C000C000C000C000C60066003C005D
:108BF00000000000000000000000CF038601C60056
:108C000046002600160036002E006E004600C60004
:108C100086008601060106038F07000000000000A1
:108C2000000000000000000000001F000600060019
:108C30000600060006000600060006000600060004
:108C40000600060406040602FF0300000000000000
:108C500000000000000000000000070786038603F4
:108C60008E038E034E034E034A035A035A033A03FC
:108C700032033203320312038707000000000000B2
:108C8000000000000000000000008E0F0C021C021B
:108C90001C0234023402640264024402C4028402EC
:108CA00084038403040304031F0200000000000087
:108CB00000000000000000000000F00098010C031C
:108CC0000C02060606060606060606060606060642
:108CD00006060C020C039801F000000000000000E2
:108CE00000000000000000000000FF000603060670
:108CF00006060606060606068603FE0006000600B1
:108D000006000600060006001F000000000000002C
:108D100000000000000000000000F00098010C03BB
:108D20000C020606060606060606060606060606E1
:108D300076064C02CC039801F00080070003000087
:108D400000000000000000000000FF01060306060E
:108D50000606060606060603FE004600C600860056
:108D600086010603060306060F0E00000000000041
:108D700000000000000000000000F8020C030602E2
:108D8000060206000E003C00F800E0038003000726
:108D90000206020606060C03F001000000000000B7
:108DA00000000000000000000000FE0762046108EF
:108DB00061086000600060006000600060006000AA
:108DC0006000600060006000F8010000000000002A
:108DD000000000000000000000001E070C020C0252
:108DE0000C020C020C020C020C020C020C020C0213
:108DF0000C020C020C021801F00000000000000040
:108E0000000000000000000000000F07060204013F
:108E100004010C010C0188008800980098005000A3
:108E20005000700030002000200000000000000012
:108E300000000000000000000000F70E6204420481
:108E40004604460464026402E402E4029C029C01BB
:108E50009801980188018800880000000000000047
:108E6000000000000000000000009E070C01080147
:108E700018019000B0006000200060006000D00089
:108E800090008801080104038E0700000000000024
:108E9000000000000000000000000F0F06040402A4
:108EA0000C0208011801B800B000700060006000FA
:108EB0006000600060006000F80100000000000039
:108EC00000000000000000000000FC070C02060388
:108ED00002018001800040004000200020001000BE
:108EE000180008040C040402FE0300000000000047
:108EF00000000000E00320002000200020002000EF
:108F00002000200020002000200020002000200061
:108F1000200020002000200020002000E0030000AE
:108F20000000000000000000040004000800080029
:108F30001000100010002000200040004000C00081
:108F40008000800000010001000200020002000415
:108F5000000000007C004000400040004000400055
:108F60004000400040004000400040004000400001
:108F70004000400040004000400040007C000000F5
:108F800000006000900008010000000000000000E8
:108F900000000000000000000000000000000000D1
:108FA00000000000000000000000000000000000C1
:108FB00000000000000000000000000000000000B1
:108FC00000000000000000000000000000000000A1
:108FD0000000000000000000000000000000FF0F83
:108FE0000000000018006000000000000000000009
:108FF0000000000000000000000000000000000071
:109000000000000000000000000000000000000060
:109010000000000000000000000000000000000050
:1090200000000000F0010C030C030003E0031C032C
:109030000E03060306038E0B7C0E000000000000EA
:10904000000000000000000008000E000C000C00F2
:109050000C000C00CC013C031C060C060C060C0694
:109060000C060C060C021C03E401000000000000CA
:1090700000000000000000000000000000000000F0
:1090800000000000F0008C018C0186010600060043
:10909000060006020C020C01F000000000000000B7
:1090A00000000000000000000002C00300030003F5
:1090B0000003000378038C030C0306030603060376
:1090C0000603060304038C0778010000000000007B
:1090D0000000000000000000000000000000000090
:1090E00000000000E001180308020C060C06FC0753
:1090F0000C000C0018041802E00100000000000041
:1091000000000000000000000000C0036006300600
:1091100030003000FE013000300030003000300000
:109120003000300030003000FC0100000000000082
:10913000000000000000000000000000000000002F
:1091400000000000F007D8068C018C018C0198010A
:10915000F8000C00FC00CC03060306038E03F800A5
:10916000000000000000000008000E000C000C00D1
:109170000C000C00EC011C030C030C030C030C038F
:109180000C030C030C030C039E07000000000000FE
:10919000000000000000000000006000600000000F
:1091A000000040007C006000600060006000600023
:1091B0006000600060006000FC0300000000000030
:1091C00000000000000000000000C001C00100001D
:1091D00000000001F0018001800180018001800118
:1091E000800180018001800180018001CC007C0031
:1091F000000000000000000008000E000C000C0041
:109200000C000C008C038C008C004C006C005C008B
:109210008C008C010C010C039E0700000000000074
:10922000000000000000000040007C0060006000C2
:10923000600060006000600060006000600060002E
:109240006000600060006000FC030000000000009F
:10925000000000000000000000000000000000000E
:10926000000000003707EE0666066606660666061C
:109270006606660666066606FF0F00000000000030
:1092800000000000000000000000000000000000DE
:1092900000000000EE011C030C030C030C030C0384
:1092A0000C030C030C030C039E07000000000000DD
:1092B00000000000000000000000000000000000AE
:1092C00000000000F00098010C03060606060606E2
:1092D000060606060C030C03F00000000000000068
:1092E000000000000000000000000000000000007E
:1092F00000000000EE011C030C060C060C060C0618
:109300000C060C060C031C03EC010C000C003E00C8
:10931000000000000000000000000000000000004D
:109320000000000078028C030C030603060306030A
:109330000603060304038C03780300030003C0073D
:10934000000000000000000000000000000000001D
:10935000000000009F035806380618001800180087
:109360001800180018001800FF000000000000009E
:1093700000000000000000000000000000000000ED
:1093800000000000F0031C030C020C023800F00087
:10939000C003040304038C03FC0100000000000070
:1093A000000000000000000000000000200020007D
:1093B00030003000FE01300030003000300030005E
:1093C0003000300030023002E001000000000000F8
:1093D000000000000000000000000000000000008D
:1093E000000008028E030C030C030C030C030C0397
:1093F0000C030C030C039C07780100000000000024
:10940000000000000000000000000000000000005C
:10941000000000001E070C0208010801180190005E
:10942000B000B000600060002000000000000000FC
:10943000000000000000000000000000000000002C
:1094400000000000F70E6204460464026402EC02AD
:109450009C0198019801980108000000000000009C
:1094600000000000000000000000000000000000FC
:1094700000000000BC0718011001B000600060008F
:10948000E0009000080108039E07000000000000B3
:1094900000000000000000000000000000000000CC
:1094A000000000009E0708010801080190009000DC
:1094B000B0006000600060002000200024001C005C
:1094C000000000000000000000000000000000009C
:1094D00000000000FC018401C40044006000200082
:1094E0003000180208020C03FC010000000000001C
:1094F00000000000000380008000800080008000E9
:10950000800080008000400020004000800080003B
:109510008000800080008000800080000003000048
:10952000400040004000400040004000400040003B
:10953000400040004000400040004000400040002B
:10954000400040004000400040004000400040001B
:10955000000000000C0010001000100010001000AF
:10956000100010001000200040002000100010002B
:109570001000100010001000100010000C0000007F
:1095800000001C002204C204800300000000000050
:1095900000000000000000000000000000000000CB
:1095A00000000000000000000000000000000000BB
:1095B00000000000000000000000000000000000AB
:1095C0000000000001FFFF0000FFFF000082040018
:1095D0000082040000820400008204000082040073
:1095E00000820400008204003FFFFFF81FFFFFFC21
:1095F0001082040C0082040C0082040C0082040C13
:109600000082040C0082040C0082040C0082040C12
:1096100001FFFE0C00FFFE0C0000000C0000001C0F
:10962000000001FC00000008000000000000000035
:10963000000000000000000200000004000000180C
:109640000000007000000FC80FFFFF080FFF800828
:1096500008000008080100080801000808010008C7
:1096600008010008080100080801000808010008B6
:109670000BFFFFF809FFFFF8098100080801000847
:1096800008010008080110080801180808010E0860
:10969000080307C8180303C8380100081800001899
:1096A0000800001800000008000000000000000092
:1096B000000000000000000000100200000C02008A
:1096C000000F033C080707FC06001F80078070029C
:1096D00003038004000C0004003000180200003076
:1096E000020407E00207FF80020E4000021600009D
:1096F0000264000032C480021F847FFC1E8440008C
:109700000204000002040000020400000224FFFC26
:10971000021C7FEC020E0004060700040600000491
:10972000020000FC0000001C000000080000000017
:10973000000000000000000001000180010001C0E5
:10974000010001800100018001000300010003000D
:1097500001FFFE0001FFFE020100040401000404F9
:109760000100040803000818031008100110086025
:10977000001000C00010018000100F000010FC104D
:109780003FFFE0101FF80008101000080010000C48
:109790000010000E0010000C001001FC001FFFF074
:1097A000003FE0000010000000000000000000008A
:1097B0000000000000000000000001000200110095
:1097C000024039000260310002306100023C410079
:1097D0000210810002010100020C3100021C310064
:1097E000023C71000268B10033C9A1001F8B3FFE2B
:1097F0001E0E2FFC020C21000238A1000270610035
:1098000002207900020431000209010002188100DF
:109810000230C1000260C100062071000200330066
:109820000000030000000100000000000000000034
:109830000000000000000000000000000000000226
:109840000000000400000008000002080FF84710A4
:109850000890E7300890C6600890CAE008914BC0B5
:1098600008914A48089252080896520C089C640EC7
:109870000FF467FC089047F80890C4000890840033
:10988000089184000891A480089014C008901C409E
:1098900008900C601FF80E30080007380000001C0C
:1098A00000000000000000000000000000000000B8
:1098B000000000000004000000040000000400009C
:1098C0000004000020040000100400100C0FFFF83A
:1098D0000F04003807000060000000C00004018091
:1098E0000004020000040000000400000004000066
:1098F0000004000000040000000400003FFFFFFE21
:109900001FFFFFFC10040000000400000004000022
:10991000000400000004000000040000000C00002F
:10992000000C000000040000000000000000000027
:109930000000000000000000000000000000000027
:109940000000000001FFFF0000FFFF000082040094
:1099500000820400008204000082040000820400EF
:1099600000820400008204003FFFFFF81FFFFFFC9D
:109970001082040C0082040C0082040C0082040C8F
:109980000082040C0082040C0082040C0082040C8F
:1099900001FFFE0C00FFFE0C0000000C0000001C8C
:1099A000000001FC000000080000000000000000B2
:1099B00000000000000000000040000000700000F7
:1099C00000EFFFFE01A7FFFC032442000624420033
:1099D0001C24420818244208102442080044420C67
:1099E0000244420E01CFFFFC01E4000000F0000041
:1099F00000000000000000001FF87FF81FFE7FFC41
:109A00000846020C0082020C0082040C01820C0C3D
:109A10000302180C0702380C0202300C0006100C6E
:109A2000003E01FC000400080000000000000000EF
:109A3000000000000100000001038300010F03008B
:109A40000179020007C102003F010200193FFFFE39
:109A5000111FFFFE011104000103040003050400AF
:109A600001090400001FFFFE0033FFFC006222001A
:109A700000D2220003A222040F13FFFE3C17FFFCBA
:109A800018120000141000000330000001F1FFC89C
:109A900000D000080060000C0030000E003BFFFC0E
:109AA000001A00000010000000100000000000007C
:109AB00000000000000000000000000000000000A6
:109AC0000000000800011FFC01FF8FF801FF0008E3
:109AD0000001000800010008000100080001000862
:109AE0000001000800010008000100083FFFFFF826
:109AF0001FFFFFF810010008000100080001000826
:109B00000001000800010008000100080001000831
:109B100003FF800801FF9FFE01000FFE0000080008
:109B20000000000000000000000000000000000035
:109B30000000000000000000004020000040301045
:109B400000406008004060080040400C0040C00E2B
:109B50003FFFFFFC1FFFFFF8004100000041000035
:109B600000C2000000C2000002400000020000002D
:109B700002000000020000100200000802000008BD
:109B80000200000E03FFFFFC03FFFFFC02000000C9
:109B900002000000020000000200000006000000B9
:109BA00006000000020000000000000000000000AD
:109BB0000000000000000000000100020401000499
:109BC0000401000404010008040100100401002045
:109BD000040100C00401038007FFFF0007FFF80035
:109BE0000401000004010000040100000401000061
:109BF0000401000004010000040100000401000051
:109C000007FFFFFE07FFFFFC040100000401000046
:109C1000040100000C0100001C0100000C03000006
:109C2000040300000001000000000000000000002C
:109C300000000000000000000000400200004002A0
:109C4000002040040020400400204008002040186C
:109C50000020401010204020182040600E2040C0FE
:109C600007A0438003A0470000207C00003FF800CD
:109C7000003FC0000020600000E0580003A0460044
:109C80003E2043801C2040C01820406000204070CF
:109C900000204038002040180060401C0060C00CCC
:109CA0000020C00C00004008000000000000000080
:109CB00000000000000000000000000000000000A4
:109CC00003FFFFFE03FFFFFC010000002000010076
:109CD000180801001E0802000E0804000008080011
:109CE00000081000040860800408C040040B804095
:109CF000040E007007FFFFE005FFFFC004880000AE
:109D00000408000004080000040800080418000803
:109D10000408000C0408000E07FFFFFE0FFFFFFC05
:109D2000040000000000000000000000000000002F
:109D3000000000000001000000062000000C2000D0
:109D40000078200003C820003F0FFFF01D0FFFF830
:109D50001108203001082062010820C20318608227
:109D6000010821040000000408000004043FFF086B
:109D7000071FFE0803D0001000100030001000E0A4
:109D80003FF3FF801FF3FE001011008000500040E1
:109D900000900040031000200E3FFE300C100038F1
:109DA0000000001C0000000E000000000000000089
:109DB00000000000000000000040200000403010C3
:109DC00000406008004060080040400C0040C00EA9
:109DD0003FFFFFFC1FFFFFF010418000004100002B
:109DE00000C1000000C200000042000000000000AE
:109DF0000000000000FFFFFC00FFFFF800800040B3
:109E00000080004000800040008000400080004052
:109E1000008000400080004000FFFFFC01FFFFF8D1
:109E200000800000000000000000000000000000B2
:109E30000000000000000400010008000100100004
:109E400001003000010060000100C0000103FFFEBE
:109E50000103FFFC010E0010011C001001708010B6
:109E600003C080100F0080103D0080101100801092
:109E70001100801001008010017FFFF0013FFFF012
:109E8000010080100100801001008010010080108E
:109E90000100801001018010030180100300803058
:109EA0000100003000000010000000000000000071
:109EB000000000000000000002000000020000009E
:109EC00002003FFE02001FFE0201100003FF90008F
:109ED00002FF9000028310C0020310C0028511C06F
:109EE000024512C022491CC0324938801A31F08024
:109EF0001E31D0800A71548002D9128002CD1380A5
:109F0000020F1180020111C8030110E802FF90083E
:109F100002FF900C0200100E02003FFC06001FF032
:109F20000600000002000000000000000000000029
:109F3000000000000000000000040830000E0C309B
:109F400000341E3000E43C200384EC201F058860B0
:109F50001C070840080C08400038104400F050442A
:109F600000D050840010408800108008001080103D
:109F700000108030001080203FFFF060101FFFC0F5
:109F8000002087C0002083E0082107700C210E38D4
:109F900006211C1C07E1780C00E3300E0063101E44
:109FA000002300FE0001000200000000000000008D
:109FB0000000000000000000000000080000000891
:109FC0000000000800000008000000080000000871
:109FD0000000000800000008000000080000000861
:109FE00000000008000000083FFFFFF81FFFFFF817
:109FF0001004000800040008000400080004000821
:10A000000004000800040008000400080004000820
:10A01000000C0008000C00080004000800000018F4
:10A020000000001800000008000000000000000010
:10A030000000000000000002000C000C00100030C6
:10A04000007FFFC001DFFC00071088003E10880081
:10A05000121FFFF8123FFFF002D08800039088041F
:10A0600003108806003FFFFC0010000000040600FB
:10A0700008081A00081072000833C20008E3420002
:10A080000FC242000E004200082FFFFE0827FFFC0F
:10A090000814420008184200083842001FF0C200AD
:10A0A0000800460000000200000000000000000060
:10A0B000080130022204227822042202A20263FE56
:10A0C00022222222222222222222280230020000E0
:10A0D00000003FFC2108210821083FFC0000080087
:10A0E0000880086008020801FFFE08000800000060
:10A0F000000000000FF00820082008200820FFFFC3
:10A1000008200820082008200FF0000000000000B0
:10A1100049535F4E5649435F5355425F5052494F32
:10A1200052495459284E5649435F496E69745374D5
:10A13000727563742D3E4E5649435F4952514368D0
:10A14000616E6E656C5375625072696F7269747975
:10A150002900000049535F4E5649435F5052454520
:10A160004D5054494F4E5F5052494F52495459280F
:10A170004E5649435F496E69745374727563742D0A
:10A180003E4E5649435F4952514368616E6E656C5D
:10A19000507265656D7074696F6E5072696F726927
:10A1A0007479290049535F55534152545F484152D5
:10A1B00044574152455F464C4F575F434F4E5452B0
:10A1C0004F4C2855534152545F496E697453747211
:10A1D0007563742D3E4861726477617265466C6F79
:10A1E00077436F6E74726F6C290000000CA2000838
:10A1F00000000020CC020000A20700084CA30008C9
:10A20000CC0200200C600000806A000811180EE1EA
:10A21000F5053134313030313236303102190A51DE
:10A22000023201036380252808C1814001C08041BA
:10A2300004690C2908E918A91C091A3009163809FB
:10A240003660092E70092F6000FF00C0C101C303F2
:10A2500002C2C60607C705C5C404CC0C0DCD0FCF7E
:10A26000CE0E0ACACB0BC90908C8D81819D91BDBEE
:10A27000DA1A1EDEDF1FDD1D1CDC14D4D515D7173E
:10A2800016D6D21213D311D1D010F03031F133F3EE
:10A29000F23236F6F737F53534F43CFCFD3DFF3F3E
:10A2A0003EFEFA3A3BFB39F9F83828E8E929EB2B6E
:10A2B0002AEAEE2E2FEF2DEDEC2CE42425E527E7FE
:10A2C000E62622E2E323E12120E0A06061A163A36E
:10A2D000A26266A6A767A56564A46CACAD6DAF6FFE
:10A2E0006EAEAA6A6BAB69A9A86878B8B979BB7B6E
:10A2F0007ABABE7E7FBF7DBDBC7CB47475B577B7BE
:10A30000B67672B2B373B17170B0509091519353ED
:10A31000529296565797559594549C5C5D9D5F9FBD
:10A320009E5E5A9A9B5B99595898884849894B8BED
:10A330008A4A4E8E8F4F8D4D4C8C4484854587477D
:0CA34000468682424383418180021C401B
:040000050800019955
:00000001FF
