:020000040800F2
:1000000068690020AD010008BD4600086D2E00089B
:10001000993F000875110008ED82000800000000FB
:10002000000000000000000000000000BF01000808
:100030007711000800000000C3010008C162000839
:10004000C7010008C7010008C7010008C701000870
:10005000C7010008C7010008C7010008C701000860
:10006000E9190008C7010008C7010008C701000816
:10007000C7010008C7010008C7010008C701000840
:10008000C7010008C7010008C7010008C701000830
:10009000C7010008C7010008C7010008C701000820
:1000A000C7010008C7010008C7010008C701000810
:1000B000C7010008C7010008C7010008C701000800
:1000C000C7010008C7010008C7010008C7010008F0
:1000D000C7010008C7010008B976000811770008B9
:1000E000C7010008C7010008C7010008C7010008D0
:1000F000C7010008C7010008C7010008C7010008C0
:10010000C7010008C7010008C7010008C7010008AF
:1001100099760008C7010008C16D0008C7010008F2
:10012000C7010008C7010008C7010008C70100088F
:10013000C7010008C7010008C7010008C70100087F
:10014000C7010008C7010008C7010008C70100086F
:10015000C7010008C7010008C7010008C70100085F
:10016000C7010008C7010008C7010008C70100084F
:10017000C7010008C7010008C7010008C70100083F
:10018000C7010008C7010008C7010008C70100082F
:10019000C7010008C7010008DFF80CD000F05CFBC5
:1001A00000480047D592000868690020064880474B
:1001B00006480047FEE7FEE7FEE7FEE7FEE7FEE74C
:1001C000FEE7FEE7FEE7FEE7C562000899010008CA
:1001D0000649074A0868504343F239021044086050
:1001E000400870470149086070470000E80200209D
:1001F0006D4EC64140EA01039B0703D009E008C9E0
:10020000121F08C0042AFAD203E011F8013B00F8DB
:10021000013B521EF9D27047D2B201E000F8012B27
:10022000491EFBD270470022F6E710B513460A4676
:1002300004461946FFF7F0FF204610BD421E12F893
:10024000013F002BFBD111F8013B02F8013B002BD1
:10025000F9D1704730B505462A460B4612F8010B16
:1002600013F8014B08B1A042F8D01CB1002802D00D
:100270006D1CF1E7284630BD421C10F8011B002917
:10028000FBD1801A704770B5064608F0A1F80468E3
:1002900005460A220021304600F002F92C6070BDAC
:1002A0002DE9FE4F81EA030404F0004421F00041EF
:1002B00000944FF0000B23F0004350EA01045ED09D
:1002C00052EA03045BD0C3F30A54C1F30A552C4429
:1002D000A4F2F3340194A0FB0254C1F3130141F4DE
:1002E0008011C3F3130343F4801301FB024400FBAA
:1002F000034E840A970A44EA815447EA8357A4FBD1
:10030000076802958D0A05FB07854FEA932C04FBCD
:100310000C542705029D4FEA065847EA1637B5EBFD
:1003200008056EEB070C870E920E47EA811742EA2A
:100330008312A7FB0201B6EB0B0164EB00042B0D4B
:1003400043EA0C335E1844EB1C50DA465146E7FB97
:100350000201C5F313044FEA0B3343EA14534FEA87
:100360000432019C43EA0603A4F10C040294009CAD
:10037000CDE900B400F0DBF803B0BDE8F08F002059
:100380000146F9E70EB5C10F80EAE0700844CA07DC
:10039000002140F233438DE80E000A460B4600F080
:1003A000C6F803B000BD0EB540F233410291002102
:1003B000CDE900110A460B4600F0B9F803B000BDC4
:1003C000C1F30A5210B5C1F3130140F2FF3341F4F7
:1003D00080119A4201DA002010BD40F233439A4264
:1003E000A2F2334203DC524200F04AF810BD9040C2
:1003F00010BD30B50B46014600202022012409E043
:1004000021FA02F59D4205D303FA02F5491B04FACD
:1004100002F52844151EA2F10102F1DC30BD2DE9E0
:10042000F05F0546002092469B4688460646814678
:1004300040241BE0284641464746224600F020F86B
:1004400053465A46C01A914110D3114618462246C7
:1004500000F014FA2D1A67EB01084F4622460120DE
:10046000002100F00BFA17EB00094E41201EA4F109
:100470000104DFDC484631462A464346BDE8F09F8A
:10048000202A04DB203A21FA02F00021704721FAE9
:1004900002F3D040C2F12002914008431946704750
:1004A0002DE9F04791460F4680460446002614F891
:1004B000015B2DB100F004FA0068405DC007F6D181
:1004C0002B2D02D02D2D18D0641E4A4639462046C9
:1004D00000F0FAF927B13968A14201D1C7F80080CC
:1004E00071054FF002040BD54042002803DD07F0F0
:1004F0006FFF0460A007BDE8F08746F48066E4E77C
:100500000028F8DA07F064FF04606FF00040F2E7BB
:1005100010B5141E73F1000408DA401C41F100010B
:1005200092185B411A4301D120F0010010BD2DE962
:10053000F04D92469B4611B1B1FA81F202E0B0FA59
:1005400080F22032904600F099F904460F4640EAC6
:100550000A0041EA0B0153465A46084313D011469C
:1005600053EA010019D0C8F140025046FFF788FF56
:1005700005460E4650465946424600F07FF908436C
:1005800005D0012004E020463946BDE8F08D00206A
:10059000054346EAE0762C4337430A986305E40AAC
:1005A000A0EB08000022FD0A44EA47540A3002D5B5
:1005B00000200146E9E7010510196941DDE9084518
:1005C00000196941BDE8F04DA2E72DE9FE4F8046D4
:1005D00081EA0300C00F0C46009021F0004123F097
:1005E0000045B8EB0200A94105D24046214690469D
:1005F0001C460B46024623F00040104347D0270D0F
:10060000C7F30A00C3F30A510290401A0190402830
:100610006BDAC3F3130040F4801B0098924620B1BC
:100620000023D2EB030A63EB0B0B01985946C0F190
:100630004002504600F022F906460D465046594603
:10064000019A00F02AF910EB08006141002487EAC2
:10065000115284EAE7731A4340D0009A62B3019AB8
:10066000012A4FEA075215DC001B61EB02014FF033
:10067000004202EA0752CDE90042001C41F5801118
:1006800032462B46FFF753FF03B0BDE8F08F4046DC
:100690002146F9E7001B61EB0201001C41F58013C4
:1006A00000185B412018A2F5001747EB030140EA50
:1006B000D570B6196D4111E06D084FEA360645EA6E
:1006C000C0754FEA0752001B61EB0201001C41F5A7
:1006D000801149084FEA30000019514132462B463B
:1006E00003B0BDE8F04FFFF713BF009801224000B0
:1006F0000023D0EB020263EBE073009821464FEA3F
:10070000E074B8EB000061EB0401E9E783F000431B
:100710005BE781F0004158E72DE9F04D81EA0304E1
:1007200004F0004B21F0004514464FF0000A23F07E
:10073000004150EA050220D054EA01021DD0C5F361
:100740000A570246C5F31303C1F31300C1F30A5657
:1007500040F4801543F48013A7EB0608101BD6461F
:1007600008F2FD3873EB050002D308F1010801E03F
:1007700092185B41B8F1000F03DA00200146BDE892
:10078000F08D00204FF48011064684460EE0171BC2
:1007900073EB050705D3121B63EB050306434CEA15
:1007A000010C49084FEA300092185B4150EA0107FA
:1007B000EDD152EA030012D082EA040083EA050177
:1007C000084305D0101BAB4106D20122002306E0EE
:1007D00000224FF0004302E06FF0010253101AEBC9
:1007E00006004CEB085110EB0A0041EB0B01BDE891
:1007F000F04DFFF78DBEC1F30A52C1F3130140F271
:10080000FF3341F480119A4202DA0020014670471A
:1008100040F233439A42A2F2334202DC5242FFF7E3
:100820002FBE00F02BB8000030B5041E71F100049B
:1008300004DB4FF00044404264EB0101141E73F1ED
:10084000000405DB1C464FF00043524263EB0403F7
:10085000994208BF904230BD064C074D06E0E06863
:1008600040F0010394E8070098471034AC42F6D3F7
:10087000FFF796FC68BD000888BD0008202A04DB4D
:10088000203A00FA02F1002070479140C2F12003A3
:1008900020FA03F3194390407047202A06DBCB1758
:1008A000203A41FA02F043EAE07306E041FA02F32B
:1008B000D040C2F120029140084319467047000021
:1008C0000048704744BC00082DE9F05F824600787C
:1008D000002715468B460AF10104B946302801D09D
:1008E0009DB113E014F8010B0127782803D0582894
:1008F00001D045B10AE00DB1102D07D10027102518
:1009000014F8010B02E0082500E00A250026B04695
:100910000EE005FB080005FB06F1012701EB104680
:100920001FFA80F8B6F5803F00D3B94614F8010BE2
:10093000294600F018F80028EBDABBF1000F05D0CB
:100940000FB1641E00E05446CBF80040B9F1000F2F
:1009500006D007F03DFD02210160C81EBDE8F09FF2
:1009600048EA0640FAE73A2800D2303820F0200260
:10097000412A01D3A2F13700884201D34FF0FF3062
:10098000704770B58C1810F8015B15F0070301D1A2
:1009900010F8013B2A1106D110F8012B03E010F8E2
:1009A000016B01F8016B5B1EF9D12B0705D4002305
:1009B000521E0DD401F8013BFAE710F8013BCB1AA7
:1009C000921C03E013F8015B01F8015B521EF9D59C
:1009D000A142D8D3002070BDF8B54FF40050ADF857
:1009E000000010250E4E8DF8035001248DF80240B2
:1009F0006946304601F060FF2103ADF800108DF824
:100A000003508DF802406946304601F055FF6103FE
:100A1000304602F065F92103304602F061F9F8BD75
:100A2000000C014070B5C0F307110E2202EAD1029A
:100A300000F00F0001F00F0142F0A00440EA0115A0
:100A400002F028FC04F0FE0002F0E6FB02F070FC6D
:100A5000284602F0E1FB02F06BFC02F01BFC44F0C4
:100A6000010002F0D9FB02F063FC002002F056FB0B
:100A7000044602F039FC44F6206008F0A1F9204653
:100A800070BD70B502460E46C0F307100E2101EA94
:100A9000D00102F00F0200F00F0041F0A00442EA82
:100AA000001502F0F7FB204602F0B6FB02F040FC16
:100AB000284602F0B1FB02F03BFC304602F0ACFBF2
:100AC00002F036FC02F010FCBDE8704044F62060F5
:100AD00008F076B970B51D4C0025E07A10B10128F8
:100AE00013D010E02079401C207103F0D1FD0C21BF
:100AF00017A007F0DFFB64216570194A0F2007F08B
:100B000021FC0120E072002070BD03F0B5FD00283B
:100B100008BF70BD134E306804F04EFA014612480B
:100B2000326801F0C9FA11A10F48FFF793FB0028C2
:100B30001EBFE572012070BD20790A2898BFE572BA
:100B4000E1D92571E572022070BD0000540000203B
:100B500041542B51494143543D310D0A00000000DE
:100B6000B146000850000020201100204F4B00002B
:100B70000146064A09780020135C994208BF704775
:100B8000401CC0B20A28F7D3704700001E9400082A
:100B90002DE9F0014FF0000C002A88BF154C24D934
:100BA00011F81C60002314F80380464504BF1D079C
:100BB0002D0E5B1CDBB2102BF5D301EB4C06002392
:100BC000767814F80380464508BF03F00F075B1CD6
:100BD000DBB2102BF5D345EA070300F80C300CF11B
:100BE00001031FFA83FC9445DAD3BDE8F0015008F5
:100BF000704700001E94000838B50446002000909D
:100C0000042C18BF082C54D00C2C18BF102C50D01A
:100C1000142C18BF182C4CD01C2C18BF202C48D0DA
:100C2000242C18BF282C44D0402C18BF442C40D072
:100C3000482C18BF4C2C3CD0502C18BF542C38D00A
:100C4000582C18BF5C2C34D0602C18BF642C30D0CA
:100C5000682C18BF6C2C2CD0702C18BF742C28D08A
:100C6000782C18BF7C2C24D0802C18BF842C20D04A
:100C7000882C18BF8C2C1CD0902C18BF942C18D00A
:100C8000982C18BF9C2C14D0A02C18BFA42C10D0CA
:100C9000A82C18BFAC2C0CD0B02C18BFB42C08D08A
:100CA000B82C18BFBC2C04D0C62205A112A007F096
:100CB000F1FF04F1804000F5D8400090008838BD75
:100CC0002E2E5C6669726D776172655C6E33326779
:100CD0003435785F7374645F7065726970685F64DF
:100CE00072697665725C7372635C6E333267343539
:100CF000785F626B702E630049535F424B505F44D4
:100D0000415428424B505F444154290038B50446B1
:100D100000200D460090042C18BF082C54D00C2C39
:100D200018BF102C50D0142C18BF182C4CD01C2CD1
:100D300018BF202C48D0242C18BF282C44D0402C7D
:100D400018BF442C40D0482C18BF4C2C3CD0502C01
:100D500018BF542C38D0582C18BF5C2C34D0602CC1
:100D600018BF642C30D0682C18BF6C2C2CD0702C81
:100D700018BF742C28D0782C18BF7C2C24D0802C41
:100D800018BF842C20D0882C18BF8C2C1CD0902C01
:100D900018BF942C18D0982C18BF9C2C14D0A02CC1
:100DA00018BFA42C10D0A82C18BFAC2C0CD0B02C81
:100DB00018BFB42C08D0B82C18BFBC2C04D0B32258
:100DC00005A113A007F066FF04F1804000F5D840AC
:100DD0000090056038BD00002E2E5C6669726D774C
:100DE0006172655C6E3332673435785F7374645F4B
:100DF0007065726970685F6472697665725C73723F
:100E0000635C6E3332673435785F626B702E6300DB
:100E100049535F424B505F44415428424B505F441A
:100E200041542900000000002DE9F0415E4C81880A
:100E3000A1808179A171B0F801102180C178A170E1
:100E4000B0F807102181417AA1724189A181017B0B
:100E5000A173B0F80D102182C17BA174018AA18217
:100E6000817CA175B0F813102183407DA076606865
:100E7000FFF799FA9FED4E1B53EC112BFFF710FA79
:100E8000FFF79EFA04F11C0586B22E802068FFF75A
:100E90008AFA9FED491B53EC112BFFF701FAFFF77C
:100EA0008FFA07466860E068B0F5000F03DBC043C7
:100EB000401CC0F31600FFF765FA9FED411B53EC91
:100EC000112BFFF7EDF9FFF77BFA80B200EE100A65
:100ED00028813F4BB8EE401A00EE106AB8EE400A87
:100EE000C1EE000A00EE107AB8EE400A80EE801AD9
:100EF0009FED350A61EE000A9FED340A60EE800A2C
:100F0000FCEEE00A10EE900A287420695968084443
:100F1000586019469A68C968904203D3821A1144EE
:100F2000D96006E06FF07F4CACEB02020244114442
:100F3000D9600022C3E901200D291CD300EE901ACC
:100F40009FED241AE968F8EE600A60EE810A20EE4F
:100F5000800ABCEEC00A10EE100A0844E860010CDA
:100F60000820DA6003F00CFBA88981B2092003F0A5
:100F700007FB01F065F82988042003F001FB1649FE
:100F80006868A1FB0010C0F3CF01052003F0F8FA58
:100F90002989072003F0F4FA297CBDE8F0410620F6
:100FA00003F0EEBA00000000400C0020000000003A
:100FB0009FE74A621B81103FCD2D44350B4E903F79
:100FC00056B7DD7835487A3F0000C84200007A44C1
:100FD00040000020EDF8433ACDCCCCCC08B507A0BA
:100FE0000068009006480178012918BF08BD00215B
:100FF00001700221684607F0C7F808BD58AA000032
:1010000040000020084808B50068009007480178B3
:10101000012905D1002101700221684607F0B4F8CA
:10102000BDE8084007F0CCB8FC0F000840000020E5
:1010300038B50220ADF8000010208DF80300012023
:10104000104C8DF802006946204601F035FC022163
:10105000204601F0DBFD0221204601F041FE4FF465
:10106000FA7007F0A1FE0221204601F0CFFD40F604
:10107000B83007F099FE044A40F6B831042007F072
:1010800061F938BD00080140815F000838B507F0FC
:10109000E9FE07F03DF90124ADF8004010258DF878
:1010A00003508DF802406946224801F005FC224AAF
:1010B0001E21022007F046F903F066FF07F0C8FF83
:1010C00007F002FF07F082FF03F0F9FA04F0BAFF1D
:1010D000FFF7AEFF08F0A8F82003ADF800008DF888
:1010E0000350164D8DF802406946284601F0E4FB96
:1010F0002103284601F08AFDADF8004004218DF857
:1011000003106946284601F0D7FB05F07BFA04F08E
:1011100073FF04F003FAFFF75FFC00F0B7FE02F084
:10112000EBFB08F033F805F03FFEBDE8384004A0C3
:1011300007F02AB900100140811900080008014099
:1011400048656C6C6F20576F726C64210D0A00004B
:10115000074910B50120487002F090FCFFF752FFDC
:1011600008F060F806F016FABDE8104000F099BFEC
:101170002A000020FEE7704770B584B000254CF2CD
:10118000186428B301281CBF04B070BD1026CDE937
:1011900000464FF61F0300220C21E820029505F0BF
:1011A0002FFCCDE900464FF61F0301220C21F82049
:1011B000029505F025FCCDE900464FF61F030222FB
:1011C0000C214FF48470029505F01AFC04B070BD38
:1011D0001820CDE90040002303A20C210295E8204D
:1011E00005F086FD04B070BD202020200000000026
:1011F00070B5002484B020254CF21866E8B10128AF
:101200001CBF04B070BD012002F020FC0096CDE9A7
:1012100001544FF478431422C021E02005F0F0FB84
:101220000096CDE901544FF478430F22C0214FF4CA
:10123000807005F0E5FB04B070BD002002F006FCF4
:101240000096CDE901544FF4FC631522C021E02043
:1012500005F0D6FB0096CDE901544FF4FC630F2254
:10126000C0214FF4807005F0CBFB04B070BD70B5A9
:10127000002484B020254CF21866E0B101281CBF80
:1012800004B070BD012002F0EDFB0096CDE90154E1
:101290004FF4FC6311224021E02005F0B1FB0096E1
:1012A000CDE9015440214FF4FC631322880005F07E
:1012B000A7FB04B070BD002002F0D4FB0096CDE97E
:1012C00001544FF4784312224021E02005F098FBAE
:1012D0000096CDE9015440214FF478431322880051
:1012E00005F08EFB04B070BD70B5002484B02025DD
:1012F0004CF21866E0B101281CBF04B070BD01209B
:1013000002F0EAFB0096CDE901544FF4FC630B2296
:10131000C021582005F074FB0096CDE901544FF42C
:10132000FC630C22C021782005F06AFB04B070BD7C
:10133000002002F0D1FB0096CDE901544FF4784330
:101340000D22C021582005F05BFB0096CDE9015429
:101350004FF478430E22C021782005F051FB04B0F1
:1013600070BD000000000000F0B5754A18252DED95
:10137000028B87B05078734F401CC0B20024724972
:1013800050704CF21866072880F0D480DFE800F037
:10139000D204273845535B00CDE9004602953A88D0
:1013A00004230821002005F049FCCDE90046029500
:1013B000BA78022308213C2005F040FCCDE9004624
:1013C0000295FA7802230821602005F037FCCDE968
:1013D0000046029501230821FA79CC2025E0CDE9C9
:1013E000004602953A7902230821842005F026FC64
:1013F000CDE900460295022308217A79A82014E05D
:10140000CDE9004602950A8804234021582005F0C2
:1014100015FC07B0BDEC028BF0BDCDE9004602958E
:101420008888052382B260210BE005F007FC07B035
:10143000BDEC028BF0BDCDE9004602950A8906237A
:1014400080215820F1E7C868002866D03F49A1FBF9
:10145000002149096FF01802514310EB81019FED03
:101460003C8B24D03C49A1FB0021C908494201EB37
:10147000810110EB410135D0FEF795FF53EC182B9D
:10148000FEF70EFF41EC100B34A153EC102B03A818
:1014900006F08AFF0096CDE90154002303AAA0219B
:1014A000642005F025FC07B0BDEC028BF0BDFEF713
:1014B0007AFF53EC182BFEF7F3FE41EC100B29A139
:1014C00053EC102B03A806F06FFF0096CDE90154F2
:1014D000002303AAA021642005F00AFC07B0BDEC9C
:1014E000028BF0BDFEF75FFF53EC182BFEF7D8FE22
:1014F00041EC100B1DA153EC102B03A806F054FF78
:101500000096CDE90154002303AAA021642005F030
:10151000EFFB07B0BDEC028BF0BD0096CDE90154A6
:10152000002314A2A021642005F0E2FB07B0BDEC6B
:10153000028BF0BD547007B0BDEC028BF0BD000013
:101540006B000020340000205C0C00201F85EB5154
:10155000FCA9F1D24D62503FCDCCCCCC252E3366C8
:1015600000000000252E316600000000252E3266A6
:1015700000000000300000002DE9F0412DED028B4D
:1015800086B04CF218640021F0234FF4A072084694
:10159000009405F010F84FF47840302300904FF499
:1015A000A0721946002004F0A7FF0025DE4FCDE908
:1015B0000054182602963A8804230821284605F08C
:1015C0003DFBCDE900460023D8A20821302002953A
:1015D00005F08EFBCDE900540296BA78022308216B
:1015E0003C2005F02BFBCDE900460023CFA20821CB
:1015F0005420029505F07CFBCDE900540296FA7860
:1016000002230821602005F019FBCDE90054029661
:101610003A7902230821842005F010FBCDE9004629
:101620000023C3A208219C20029505F061FBCDE9AF
:10163000005402967A7902230821A82005F0FEFAC8
:10164000CDE900540296FA7901230821CC2005F057
:10165000F5FA042002F062FFFFF78EFDCDE90046A7
:101660000023B4A208214FF49170029505F040FBCD
:1016700020270023CDE900471A464021184602954D
:1016800005F0BEF9CDE900470023012240212020CA
:10169000029505F0B5F9CDE9004640210023A4A24A
:1016A0000846029505F024FBDFF88C82CDE9005452
:1016B0000296B8F8002004234021582005F0BEFA15
:1016C000CDE9004600239DA24021A020029505F00F
:1016D0000FFBCDE900474FF4784312224021E02070
:1016E000029505F08DF9CDE9004740214FF478438C
:1016F00013228800029505F083F90023CDE9004705
:101700001A4660211846029505F07AF9CDE900479E
:101710000023022260212020029505F071F9CDE915
:101720000046002382A260214020029505F0E0FAE5
:10173000CDE900540296B8F80400052382B2602176
:10174000582005F07BFACDE9004600237CA26021F9
:10175000AC20029505F0CCFACDE900470023032226
:1017600080211846029505F04BF9CDE9004700238A
:10177000042280212020029505F042F9CDE900469F
:1017800000236BA280214020029505F0B1FACDE93B
:1017900000540296B8F8082006238021582005F04E
:1017A0004DFACDE90046002366A28021D0200295A3
:1017B00005F09EFACDE9004700230722A021184634
:1017C000029505F01DF9CDE9004700230822A0216C
:1017D0002020029505F014F9CDE90046002354A21B
:1017E000A0214020029505F083FAD8F80C000028CB
:1017F0005CD05549A1FB00214909F243514310EB4C
:1018000081019FED538B21D05349A1FB0021C908D1
:10181000494201EB810110EB41012FD0FEF7C3FDDE
:1018200053EC182BFEF73CFD41EC100B4BA153EC95
:10183000102B03A806F0B8FDCDE90046002303AA4B
:10184000A0216420029505F053FA38E0FEF7ABFDC5
:1018500053EC182BFEF724FD41EC100B41A153EC87
:10186000102B03A806F0A0FDCDE90046002303AA33
:10187000A0216420029505F03BFA20E0FEF793FDDD
:1018800053EC182BFEF70CFD41EC100B37A153EC79
:10189000102B03A806F088FDCDE90046002303AA1B
:1018A000A0216420029505F023FA08E0CDE9004666
:1018B000002330A2A0216420029505F019FACDE999
:1018C000004600232CA2A0214FF48070029505F061
:1018D0000FFACDE9004700230922C02118460295DE
:1018E00005F08EF8CDE9004700230A22C021202010
:1018F000029505F085F8CDE9004600230CA2C02131
:101900004020029505F0F4F9012002F007FEFFF7F0
:10191000EBFC022002F002FEFFF76AFC06B0BDEC11
:10192000028BBDE8F0810000340000202F00000091
:101930003A000000344700005C0C00205600000014
:101940006D410000570000001F85EB5100000000B2
:10195000FCA9F1D24D62503FCDCCCCCC252E3366C4
:1019600000000000252E316600000000252E3266A2
:1019700000000000300000004B572F48000000001E
:1019800010B5174CE07868B12179164800294FF05E
:10199000010102D001F0A4F901E001F037F920794A
:1019A000C043207120890021B0F57A7F28BF2181B2
:1019B0000CD2401C0004000C208107D0A0F540721E
:1019C000E73A02BF60780028E17000E06170AFF292
:1019D0004F021E21BDE81040022006F0B3BC0000FB
:1019E0002A0000200010014010B5042000F044F847
:1019F000002808BF10BD07F0C3FBBDE8104004205D
:101A0000AFF3008010B50446800D00D12CB940F230
:101A1000011203A111A007F03DF91648046010BDA2
:101A20002E2E5C6669726D776172655C6E3332670B
:101A30003435785F7374645F7065726970685F6471
:101A400072697665725C7372635C6E3332673435CB
:101A5000785F657874692E630000000049535F4524
:101A60005854495F4C494E4528455854495F4C6984
:101A70006E6529001404014070B500250446012854
:101A800018BF022C3AD0042C18BF082C36D0102CCA
:101A900018BF202C32D0402C18BF802C2ED0B4F58B
:101AA000807F18BFB4F5007F28D0B4F5806F18BFD1
:101AB000B4F5006F22D0B4F5805F18BFB4F5005FB5
:101AC0001CD0B4F5804F18BFB4F5004F16D0B4F554
:101AD000803F18BFB4F5003F10D0B4F5802F18BF79
:101AE000B4F5002F0AD0B4F5801F18BFB4F5001F5D
:101AF00004D0EB2207A116A007F0CCF81B48006821
:101B00001B492040096821421CBF002801252846A6
:101B100070BD00002E2E5C6669726D776172655C27
:101B20006E3332673435785F7374645F70657269E1
:101B300070685F6472697665725C7372635C6E3341
:101B400032673435785F657874692E630000000071
:101B500049535F4745545F455854495F4C494E458A
:101B600028455854495F4C696E65290000040140BE
:101B70001404014010B504460079002818BF042859
:101B800004D073222FA13EA007F084F860790828C2
:101B90001CBF0C28102804D074222AA143A007F0EF
:101BA00079F82068810D00D120B9752225A14BA0BC
:101BB00007F070F8A079002818BF012804D0762219
:101BC00020A151A007F066F8A1795C48002930D027
:101BD0000168226891430160001D016822689143F9
:101BE0000160207900F1804000F5823001682268B0
:101BF00011430160524908682268904308600A1D39
:101C000010682368984310606079102808D000F1AC
:101C1000804000F58230016822681143016010BDE8
:101C2000086823681843086010682168084310603A
:101C300010BD207900F1804000F5823001682268F3
:101C40009143EBE72E2E5C6669726D776172655C7D
:101C50006E3332673435785F7374645F70657269B0
:101C600070685F6472697665725C7372635C6E3310
:101C700032673435785F657874692E630000000040
:101C800049535F455854495F4D4F44452845585482
:101C9000495F496E69745374727563742D3E45587B
:101CA00054495F4D6F6465290000000049535F454A
:101CB0005854495F5452494747455228455854495A
:101CC0005F496E69745374727563742D3E45585440
:101CD000495F5472696767657229000049535F451F
:101CE0005854495F4C494E4528455854495F496E00
:101CF00069745374727563742D3E455854495F4C32
:101D0000696E65290000000049535F46554E4354F3
:101D1000494F4E414C5F535441544528455854490E
:101D20005F496E69745374727563742D3E455854DF
:101D3000495F4C696E65436D6429000000040140F1
:101D400008040140001DFEF79CBE2DE9F0475FEA44
:101D5000010807464FF000041ABF4FF017094FF073
:101D6000180ABDE8F087E519E8B202F0EDFB010AB8
:101D70003E1909EB4600FEF784FEE8B202F0E4FBF0
:101D8000C1B20AEB4600FEF77CFE601CC4B2A0455F
:101D9000E9D8BDE8F08710B500211720FEF771FEE5
:101DA00001211820FEF76DFE00211920FEF769FEC3
:101DB00000211A20FEF765FE25211B20FEF761FE9B
:101DC00080211C20FEF75DFE01211D20FEF759FE3B
:101DD0000E211E20FEF755FE00211F20FEF751FEAA
:101DE000B4212020FEF74DFE1F212120FEF749FEE1
:101DF00040212220FEF745FE00212320FEF741FE70
:101E00001E212420FEF73DFE00212520FEF739FE8D
:101E100050212620FEF735FE44212720FEF731FE13
:101E2000C0212820FEF72DFE00212920FEF729FEE3
:101E30003F212A20FEF725FE00213120FEF721FE5A
:101E400002213220FEF71DFE00213320FEF719FE8D
:101E5000FF213420FEF715FE00213520FEF711FE8C
:101E600000213620FEF70DFE00213720FEF709FE87
:101E70007F213820FEF705FE17213920FEF701FEED
:101E80003B21BDE810403A20FEF7FBBDF8B5002429
:101E90006D462046FEF7C6FD2855601CC4B2042CD2
:101EA000F7D39DF8000018251726A12804BF9DF838
:101EB0000100582807D19DF80200592804BF9DF859
:101EC0000300A22841D0A1210020FEF7DAFD58210D
:101ED0000120FEF7D6FD59210220FEF7D2FDA221F6
:101EE0000320FEF7CEFD00218F20FEF7CAFD002162
:101EF0009020FEF7C6FD00219120FEF7C2FD0021D3
:101F00009220FEF7BEFD00F079F800210420FEF7D4
:101F1000B8FD01210520FEF7B4FD00210620FEF7E3
:101F2000B0FD01210720FEF7ACFD00210820FEF7DF
:101F3000A8FDFFF730FF00F061F80024201DFEF738
:101F400071FD012833D088B33AE000F057F800243F
:101F5000201DFEF767FD012801D028B108E001210E
:101F6000204602F0F7FA03E00021204602F0F2FAE0
:101F7000601CC4B2052CEBD3012002F0CFFA04F0B0
:101F80000BF8002405EB4400FEF74CFD074606EB7A
:101F90004400FEF747FD07EB002081B2204602F027
:101FA000F5FA601CC4B2212CECD3F8BD04E0012189
:101FB000204602F0CFFA03E00021204602F0CAFAE0
:101FC000601CC4B2052CB9D3012002F0A7FA03F0BB
:101FD000E3FF002405EB4400FEF724FD074606EB73
:101FE0004400FEF71FFD07EB002081B2204602F0FF
:101FF000CDFA601CC4B2212CECD3F8BD10B58F20F3
:10200000FEF710FD04069020FEF70CFD04EB0044E3
:102010009120FEF707FD04EB00249220FEF702FD5D
:102020002044064C010CE060082002F0A9FAA089C7
:10203000BDE8104081B2092002F0A2BA5C0C002079
:1020400010B50C4CE068010E8F20FEF71AFDE06819
:10205000C0F307419020FEF714FDA089C0F30721CB
:102060009120FEF70EFD217BBDE810409220FEF787
:1020700008BD00005C0C002010B500218F20FEF789
:1020800000FD00219020FEF7FCFC00219120FEF7CE
:10209000F8FC00219220FEF7F4FCBDE81040FFF7A9
:1020A000ADBF10B502F0FAFC01F03AFD02F024FCDD
:1020B000BDE8104002F08EBC0023002998BF704795
:1020C000F0B40026D2E902C4644508BF34460BD000
:1020D0001468556814F80C400CF1010C9CFBF5F7E2
:1020E00005FB17CCC2F808C0C4545B1C8B42E9D373
:1020F000F0BC704770B50C46050018BF012D0ED01E
:10210000022D18BF032D0AD0042D1CBF052D062D4E
:1021100005D040F247321FA12DA006F0BBFD002CD8
:1021200018BF012C21D0022C18BF032C1DD0042C69
:1021300018BF052C19D0062C18BF072C15D0082C59
:1021400018BF092C11D00A2C18BF0B2C0DD00C2C49
:1021500018BF0D2C09D00E2C18BF0F2C05D04FF432
:1021600052720CA124A006F095FDA007010F0F20CC
:1021700000FA01F224F0030000F1804000F5803005
:10218000836823EA02028260826805FA01F1114342
:10219000816070BD2E2E5C6669726D776172655CC0
:1021A0006E3332673435785F7374645F706572695B
:1021B00070685F6472697665725C7372635C6E33BB
:1021C00032673435785F6770696F2E6300000000F6
:1021D00049535F4750494F5F455854495F504F52EC
:1021E000545F534F5552434528506F7274536F7567
:1021F000726365290000000049535F4750494F5FF3
:1022000050494E5F534F555243452850696E536FA6
:10221000757263652900000070B50D4604460128FB
:1022200018BF022C00F0E081042C18BF082C00F02D
:10223000DB81A4F5A01010381CBFA4F5A010B0F1EC
:10224000300000F0D181A4F5B01040381CBFA4F5D7
:10225000B010B0F1C00000F0C781A4F5C010B0F517
:1022600080701CBFA4F5C010B0F5007000F0BC81F8
:10227000A4F5C010B0F540701CBFA4F5C010B0F5B7
:10228000023000F0B181A4F5C010B0F5033018BFE2
:10229000B4F5805F00F0A881B4F5E91F18BFB4F56C
:1022A000EA1F00F0A181B4F5EB1F18BFB4F5004F91
:1022B00000F09A816FF40010C4421CBFA4F5001016
:1022C000B0F1020000F09081A4F50010001F1CBFC7
:1022D000A4F50010B0F1080000F08681A4F500100C
:1022E00010381CBFA4F54010B0F5807000F07C8160
:1022F000A4F54010B0F500701CBFA4F54010B0F577
:10230000806000F07181FB4884421CBF6FF0804008
:10231000C44200F06981F84884421CBFF7488442F7
:1023200000F06281F64884421CBFF648844200F007
:102330005B81F54884421CBFF448844200F054811C
:10234000F34884421CBFF348844200F04D81F248B8
:1023500084421CBFF148844200F04681F048844228
:102360001CBFF048844200F03F81A4F18040B0F5EA
:10237000F2101CBFA4F18040B0F5F41000F03481DD
:10238000A4F18040B0F5F6101CBFE748844200F08D
:102390002B81E64884421CBFE548844200F024813A
:1023A000A4F18040B0F190701CBFE248844200F07C
:1023B0001B81E14884421CBFA4F18040B0F18460DD
:1023C00000F01281DD4884421CBFDD48844200F0E9
:1023D0000B81DC4884421CBFDB48844200F004814E
:1023E000DA4884421CBFDA48844200F0FD80D948B4
:1023F00084421CBFD848844200F0F680D74884420B
:102400001CBFD748844200F0EF80D64884421CBFEE
:10241000D548844200F0E880D44884421CBFD448A8
:10242000844200F0E180A4F18040B0F579101CBF37
:10243000A4F18040B0F57B107ED0CE4884421CBF12
:10244000CD48844278D0CD4884421CBFCC488442D9
:1024500072D0CC4884421CBFCB4884426CD0CB485D
:1024600084421CBFCA48844266D0CA4884421CBF0A
:10247000C948844260D0C94884421CBFC8488442CD
:102480005AD0C84884421CBFC748844254D0C74869
:1024900084421CBFA4F10050B0F580504CD0A4F190
:1024A0000050B0F580401CBFA4F10050B0F50040D2
:1024B00042D0BF4884421CBFBE4884423CD0BE4884
:1024C00084421CBFBD48844236D0BD4884421CBFF4
:1024D000BC48844230D0BC4884421CBFBB488442C4
:1024E0002AD0BB4884421CBFBA4884427CD0A4F5A1
:1024F000001080381CBFA4F5B010B0F1800073D07C
:10250000A4F1815080381CBFA4F18150B0F140008B
:102510006AD0A4F1815020381CBFA4F18150B0F1E1
:10252000100061D0A4F1815008381CBFA4F1815083
:10253000B0F1040058D000E056E0A4F18150801EB4
:102540001CBF6FF08150C4424ED0A4F18050B0F552
:1025500000401CBFA4F18050B0F5804044D0A4F1ED
:102560008050B0F5005018BFB4F1102F3CD0A4F14A
:102570008050B0F500601CBFA4F18050B0F58060C1
:1025800032D0A4F18050B0F500701CBFA4F180508F
:10259000B0F5807028D0A4F1805080381CBFA4F121
:1025A0008050B0F140001FD0A4F1805020381CBFF3
:1025B000A4F18050B0F1100016D0A4F1805008387A
:1025C0001CBFA4F18050B0F104000DD0A4F18050E4
:1025D000801E1CBF6FF08050C44205D040F27A22AA
:1025E0007DA18CA006F056FB002D18BF012D05D053
:1025F00040F27B2278A18DA006F04CFB924A14F0A9
:10260000004F18BFD0691ED090491FFA84FC04EA1D
:102610000106C4F340510B01A1B29940B6F5401F29
:1026200021D014F4801F24D014F4001F4FF00303B2
:10263000C4F3034603FA06F318BF1B04984314F0CF
:10264000E04F52D11EE114F0804F18BF106ADBD169
:1026500014F0005F18BF506AD6D114F0805F14BF29
:10266000906A5068D0E7536820F0706023F0706380
:10267000FAE014F0807F25D014F0040F1AD014F083
:10268000007F20EA01000ED035B1536843F001030A
:1026900043F070635360F8E0516821F0010141F0AC
:1026A00070615160F2E0536823F0010343F07063FE
:1026B0005360E9E04CF0040C0CFA03F39843002D4E
:1026C000EAD0E2E714F0806F11D014F0080F0FD0B9
:1026D00014F0007F20EA01000BD03DB1536843F0B5
:1026E000080343F070635360CFE0CDE0B0E0C5E095
:1026F000BCE0B4E00004008002001140060011407C
:10270000200014403000144040001640C000164025
:10271000000218400003184000041A40000C1A4040
:1027200000101C4000301C400100304002003040CE
:1027300003003040040020410400204308002044EE
:10274000080020461000344020003440300034405F
:102750004000364080003640C0003640000238401D
:102760000003384000043A40000C3A4000103C405E
:1027700000303C4001001020020010200300102017
:1027800004001220080012200C0012201000142057
:102790003000142040001620C00016200001182030
:1027A000000218200003182000041A20000C1A2030
:1027B000010020200200202004002020080020200A
:1027C00010003420300034204000202080002020E1
:1027D00000012020000220202E2E5C6669726D7799
:1027E0006172655C6E3332673435785F7374645F31
:1027F0007065726970685F6472697665725C737225
:10280000635C6E3332673435785F6770696F2E634F
:102810000000000049535F4750494F5F52454D410A
:102820005028526D7050696E2900000049535F4670
:10283000554E4354494F4E414C5F535441544528E3
:10284000436D64290000000000000140000030706A
:10285000516821F0080141F07061516016E0536841
:1028600023F0080343F0706353600DE04CF0080C54
:102870000CFA03F39843002DEAD02FE7884314F0B5
:10288000E04F01D140F0706005B1084314F0004FF3
:102890001CBFD06170BD14F0804F1CBF106270BDB2
:1028A00014F0005F1CBF506270BD14F0805F14BF55
:1028B0009062506070BD00002DE9F0410446002692
:1028C000A0F180400D46B0F584301CBFA4F18040DB
:1028D000B0F586301CD0A4F18040B0F588301CBF24
:1028E000A4F18040B0F58A3012D0A4F18040B0F558
:1028F0008C301FBFA4F18040B0F58E30A4F1804031
:10290000B0F5903004D0BE223FA14EA006F0C2F92F
:10291000E878002818BF042810D0282818BF4828B5
:102920000CD0142818BF102808D01C2818BF18284D
:1029300004D0BF2234A14AA006F0ACF9288820B9FF
:10294000C02231A151A006F0A5F9E87800F00F07E8
:1029500010F0100F0FD0A878002818BF022808D058
:10296000012818BF032804D0C72227A150A006F0D1
:1029700091F9A878074328784FF00F0C10F0FF0F5B
:102980004FF0010318BF216819D02A8803FA06F016
:10299000024082420FD1B2000CFA02F821EA08018B
:1029A00007FA02F21143EA78282A08BF606102D0D0
:1029B000482A08BF2061761C082EE6D321602888AB
:1029C000FF2886BF62680020BDE8F08100F10801A1
:1029D0002E8803FA01F10E408E420FD186000CFAC8
:1029E00006F822EA080207FA06F63243EE78282EA5
:1029F00008BF6161EE78482E08BF2161401C08289D
:102A0000E4D36260BDE8F0812E2E5C6669726D775A
:102A10006172655C6E3332673435785F7374645FFE
:102A20007065726970685F6472697665725C7372F2
:102A3000635C6E3332673435785F6770696F2E631D
:102A40000000000049535F4750494F5F414C4C5FC5
:102A5000504552495048284750494F7829000000B6
:102A600049535F4750494F5F4D4F444528475049B0
:102A70004F5F496E69745374727563742D3E47508D
:102A8000494F5F4D6F6465290000000049535F475F
:102A900050494F5F50494E284750494F5F496E6932
:102AA000745374727563742D3E50696E2900000072
:102AB00049535F4750494F5F53504545442847505D
:102AC000494F5F496E69745374727563742D3E4744
:102AD00050494F5F537065656429000070B5054625
:102AE0000026A0F180400C46B0F584301CBFA5F153
:102AF0008040B0F586301DD0A5F18040B0F588301B
:102B00001CBFA5F18040B0F58A3013D0A5F18040FC
:102B1000B0F58C301FBFA5F18040B0F58E30A5F127
:102B20008040B0F5903005D040F229121BA12AA0B8
:102B300006F0B0F8012C18BF022C28D0042C18BFC6
:102B4000082C24D0102C18BF202C20D0402C18BFCB
:102B5000802C1CD0B4F5807F18BFB4F5007F16D050
:102B6000B4F5806F18BFB4F5006F10D0B4F5805F76
:102B700018BFB4F5005F0AD0B4F5804F18BF052C1C
:102B800005D04FF4957205A11AA006F083F8A86845
:102B9000204218BF0126304670BD00002E2E5C6614
:102BA00069726D776172655C6E3332673435785F58
:102BB0007374645F7065726970685F64726976656A
:102BC000725C7372635C6E3332673435785F677042
:102BD000696F2E630000000049535F4750494F5F03
:102BE000414C4C5F504552495048284750494F7816
:102BF0002900000049535F4745545F4750494F5FE4
:102C000050494E2850696E290000000070B50446F6
:102C1000A0F180400D46B0F584301CBFA4F1804087
:102C2000B0F586301DD0A4F18040B0F588301CBFCF
:102C3000A4F18040B0F58A3013D0A4F18040B0F503
:102C40008C301FBFA4F18040B0F58E30A4F18040DD
:102C5000B0F5903005D04FF4C57206A114A006F06F
:102C600019F82DB940F28B1202A118A006F012F843
:102C7000656170BD2E2E5C6669726D776172655CF0
:102C80006E3332673435785F7374645F7065726970
:102C900070685F6472697665725C7372635C6E33D0
:102CA00032673435785F6770696F2E63000000000B
:102CB00049535F4750494F5F414C4C5F5045524923
:102CC0005048284750494F782900000049535F4732
:102CD00050494F5F50494E2850696E29000000004E
:102CE00070B50446A0F180400D46B0F584301CBF9D
:102CF000A4F18040B0F586301DD0A4F18040B0F53D
:102D000088301CBFA4F18040B0F58A3013D0A4F104
:102D10008040B0F58C301FBFA4F18040B0F58E30FC
:102D2000A4F18040B0F5903005D040F2731206A1B6
:102D300014A005F0AFFF2DB94FF4BA7202A118A08C
:102D400005F0A8FF256170BD2E2E5C6669726D7757
:102D50006172655C6E3332673435785F7374645FBB
:102D60007065726970685F6472697665725C7372AF
:102D7000635C6E3332673435785F6770696F2E63DA
:102D80000000000049535F4750494F5F414C4C5F82
:102D9000504552495048284750494F782900000073
:102DA00049535F4750494F5F50494E2850696E293B
:102DB0000000000010B582B06946002002F028FE35
:102DC00001A9002002F0BEFDDFF898C09DF80000C8
:102DD0008CF804009DF801008CF805009DF80200B5
:102DE0008CF806009DF805108CF802109DF806304E
:102DF0008CF803309DF80720012902F5FA60ACF841
:102E0000000018BF022904D101F10C00C1B202F286
:102E1000CF704A1C02EB420240F2676412FB04F2DC
:102E200003EB410100EB523211444AF2D73202FB6C
:102E3000002201EB9001A1EB92514FF4C872B0FB5C
:102E4000F2F00144084B08460022C3FB0120821027
:102E5000A2EBE070A0EBC0000844401C8CF8070017
:102E600002B010BD340000209324499201A005F067
:102E70008BFAFBE7766F696420486172644661757E
:102E80006C745F48616E646C657228766F69642942
:102E90000D0A000070B50F4CA078002808BF70BD67
:102EA0000025A57000F030F82078401CC0B22070DA
:102EB0000A2838BF70BD2570BFF34F8F06480168E0
:102EC000064A01F4E06111430160BFF34F8F00BF78
:102ED000FDE70000DA0200200CED00E00400FA0536
:102EE000044901208870AFF2070242F210710A20F3
:102EF00005F028BADA020020024A42F210710A20D4
:102F000005F020BAE12E000830B59BB00025464AF6
:102F100046A10EA805F048FA4FF47A7006F0ECF9D5
:102F2000040004BF1BB030BD0020207042A1204629
:102F3000FDF784F941A242A101A805F035FA01A9E3
:102F40002046FDF77BF93DA240A101A805F02CFA2F
:102F500001A92046FDF772F92A463FA101A805F014
:102F600023FA01A92046FDF769F92A463DA101A8E7
:102F700005F01AFA01A92046FDF760F92A463CA19E
:102F800001A805F011FA01A92046FDF757F92A46D4
:102F90003AA101A805F008FA01A92046FDF74EF96B
:102FA0002A4639A101A805F0FFF901A92046FDF73D
:102FB00045F92A4637A101A805F0F6F901A92046EE
:102FC000FDF73CF92A4637A101A805F0EDF901A962
:102FD0002046FDF733F92A4636A101A805F0E4F9A9
:102FE00001A92046FDF72AF92A4636A101A805F0D5
:102FF000DBF901A92046FDF721F936A12046FDF7AE
:103000001DF92046FDF738F985B20EA8FDF734F911
:1030100082B223460EA90120009503F0C7F820468E
:1030200005F0ECFE1BB030BD040000207374617429
:1030300075732F25730000005B7B00006F666600D0
:10304000224F6E223A22257322000000224C6F6329
:103050006B223A22257322002256223A222573221D
:10306000000000002243223A2225732200000000C3
:103070002250223A222573220000000022506622AC
:103080003A222573220000002245223A222573228B
:1030900000000000224F76657256223A22257322E4
:1030A0000000000022556E64657256223A22257394
:1030B00022000000224F76657243223A22257322B5
:1030C00000000000224F76657250223A22257322BA
:1030D000000000007D5D000030B40023002A88BF9E
:1030E000DFF834C011D9C45C01EB43050CEB1414B8
:1030F000247801F81340C45C5B1C04F00F049BB2FD
:103100001CF804406C709A42EDD84FF6FF7030BC4A
:1031100000EA4200704700001E9400082DE9F843C1
:1031200080464FF48057ADF800700420394E8DF87A
:103130000300002469463046FFF7BEFB00254FF42C
:1031400000513046FFF762FD022005F039FE4FF4D2
:1031500000513046FFF7C4FD6006040E4FF4805165
:103160003046FFF7BBFC00281CBF601CC4B2012026
:1031700005F026FE681CC5B2082DE0D310254FF0DF
:103180000109B8F1000F4FF40051304620D0FFF78D
:103190003DFDADF800708DF803508DF80290694642
:1031A0003046FFF789FB29023046FFF72FFD02204A
:1031B00005F006FE69023046FFF792FD022005F099
:1031C000FFFD69023046FFF721FD2046BDE8F88388
:1031D000FFF71CFDADF800708DF803508DF80290DC
:1031E00069463046FFF768FB4FF480513046FFF7E1
:1031F00077FD022005F0E4FD4FF400513046FFF763
:103200006FFD022005F0DCFD4FF400513046FFF762
:10321000FDFCDAE7000C0140F8B505464FF480509C
:10322000ADF8000010208DF803000120184E8DF835
:10323000020069463046FFF73FFB71143046FFF746
:10324000E5FC002415F0800F4FF48051304602D089
:10325000FFF746FD01E0FFF7D9FC6806050E0220E6
:1032600005F0AEFD4FF400513046FFF739FD022066
:1032700005F0A6FD4FF400513046FFF7C7FC0220D1
:1032800005F09EFD601CC4B2082CDBD3F8BD000025
:10329000000C014038B54FF48050ADF8000010200C
:1032A0008DF8030001200F4C8DF80200694620467E
:1032B000FFF702FBA1142046FFF712FD6114204620
:1032C000FFF70EFD022005F07BFDA1142046FFF75D
:1032D0009DFC022005F074FD61142046BDE83840D5
:1032E000FFF794BC000C014038B54FF48050ADF8A6
:1032F000000010208DF8030001200C4C8DF8020016
:1033000069462046FFF7D8FAA1142046FFF77EFC55
:1033100061142046FFF7E4FC022005F051FDA114E2
:103320002046BDE83840FFF7DBBC0000000C014040
:10333000F8B54FF48056ADF800600420264D8DF8A6
:103340000300002469462846FFF7B6FAA914284668
:10335000FFF7C6FC012005F033FD69142846FFF78E
:10336000BFFC012005F02CFDA9142846FFF7B6FB91
:1033700050B3601CC4B2FA2C1FD9ADF80060102005
:103380008DF8030001208DF8020069462846FFF7FA
:1033900093FA4FF480512846FFF738FC4FF4005160
:1033A0002846FFF79DFC022005F00AFD4FF48051EE
:1033B0002846FFF795FC0120F8BD4FF480512846C0
:1033C000FFF78CFB0028D4D14FF400512846FFF7BB
:1033D0001DFC0020F8BD0000000C014010B4C268C4
:1033E000D0F804C0531C93FBFCF40CFB1433D0F84E
:1033F00008C0634504BF10BC704703689954C16896
:103400004268491C91FBF2F302FB1311C16010BC2E
:10341000704700002DE9F0412D4E0025307B10B1A2
:10342000012812D04CE07079401C707101F030F925
:103430000A2128A004F03EFFC8217570284A0F20F9
:1034400004F080FF012030733AE001F015F9002804
:1034500008BFBDE8F081234C206801F0ADFD0146B6
:1034600021482268FEF728FE20A11F48FCF7F2FE43
:1034700010B320A11C48FCF7EDFEC8B1441C7571C7
:10348000801CFDF775FB2046FDF772FB271D3846B3
:10349000E41CFDF76DFB2046FDF76AFB3846FDF79F
:1034A00067FB2046FDF764FB35730120BDE8F08122
:1034B00070790A2803D106E070790A2803D03573A1
:1034C0000020BDE8F081757135730220BDE8F08100
:1034D0005400002041542B43434C4B3F0D0A000045
:1034E000B146000850000020201100202B43434C1F
:1034F0004B3A00002C0000002DE9F047B44E0024A8
:10350000DFF8D092B07BADF5C56D25464FF00108D0
:103510002746092880F05481DFE800F005121A2CB4
:103520008E96ACFCFB00F078012807BFF7700420F2
:1035300086F80E800DF5C56D18BFBDE8F08794E0E4
:1035400064217770A44A0F2004F0FCFE02208CE076
:1035500001F092F800286ED001F09AF811219FA096
:1035600004F0A8FE642177709B4A0F2004F0EAFE65
:1035700003207AE001F080F8002877D0D9F8000025
:1035800001F01AFD01469A48D9F80020FEF794FD93
:1035900098A19748FCF75EFE002800F0118198A1E1
:1035A0009348FCF757FE1030044601782C2903D0CD
:1035B00010F8011F2C29FBD1001BA0F10108C82124
:1035C0006846FCF730FE424621466846FCF712FE8C
:1035D00004EB08008EA1FCF73DFE002800F0F0800F
:1035E000841C81780DF5C1602C2907D014F8011BCB
:1035F0004155691C8DB221782C29F7D14755FCF72C
:1036000042FE0546C8216846FCF70DFE2A46611CAD
:103610006846FCF7EFFD1A2D07D0A9B201226846D3
:1036200000F0BAFFB77300F0CBB81A210022684649
:1036300000F0B2FFF6E719E064217770664A0F20C8
:1036400004F080FE052010E001F016F800280DD0EF
:1036500001F01EF808216FA004F02CFE64217770A1
:103660005D4A0F2004F06EFE0620B0730DF5C56DA7
:10367000BDE8F08701F000F8002804BF0DF5C56D26
:10368000BDE8F087D9F8000001F096FC01465848E3
:10369000D9F80020FEF710FD61A15548FCF7DAFDCE
:1036A00028B310F8061F2C2904D010F8011F641C41
:1036B0002C29FAD1DFF870817125A0EB040A08F5F6
:1036C0002379012C02D0022C12D02EE05046FDF7B7
:1036D0004FFAA5EB4000C2B254A10DF2DC5004F049
:1036E00063FE9DF8DC0588F88C0289F801701CE007
:1036F0000AF10100FDF73CFA04465046FDF738FA9E
:1037000000EB800004EB4000A5EB4000C2B247A1F3
:1037100001E041E00CE00DF2DC5004F045FEBDF8A4
:10372000DC05A8F88C0289F802700720B0739DE7C9
:103730000E213FA004F0BEFD318A414804F0BAFDDD
:10374000022133A004F0B6FD06213EA004F0B2FD34
:10375000728A36A10DF5BC6004F026FE0DF5BC6042
:10376000FCF78AFD81B20DF5BC6004F0A3FD0221D7
:1037700032A004F09FFD718A344804F09BFD0321C0
:1037800033A004F097FDF770C8217770124A0F201C
:1037900004F0D8FD082068E700F06EFF00283FF431
:1037A00065AFD9F8000001F007FC01461048D9F8D0
:1037B0000020FEF781FC27A10D48FCF74BFD08B166
:1037C000B77353E786F80080B770B7734EE7000011
:1037D0005400002050000020B146000841542B4DF9
:1037E000515454524541443D302C310D0A000000E3
:1037F000201100202B4D515454524541443A0000B1
:103800002B4D515454524541443A20302C302C0019
:10381000222C000041542B4353510D0A000000009C
:103820002B4353513A2000007014002025640000FF
:1038300041542B4D5154545055423D302C220000E0
:10384000700C0020302C302C302C0000380D002063
:10385000220D0A004F4B00002DE9F041214C224F70
:103860000025A07920B101281FD0022831D02DE0F9
:103870001E4EA570306801F09FFB01461C4832685F
:10388000FEF71AFC00F004FF4FF400413846FFF742
:1038900027FA4FF4FA716570164A0F2004F052FDB2
:1038A0000120A0710020BDE8F08100F0E5FE68B1C4
:1038B0004FF400413846FFF7A9F941F288316570AD
:1038C0000C4A0F2004F03EFD0220A0710020BDE84C
:1038D000F08100F0D1FE00281CBFA5710120BDE8D9
:1038E000F08100005400002000080140500000203A
:1038F00020110020B146000838B54FF40040ADF863
:10390000000010208DF803000120064C8DF8020005
:1039100069462046FEF7D0FF4FF400412046FFF7EE
:10392000DFF938BD00080140474810B5C07B0B28BF
:1039300028BF10BDDFE800F0061826344654620F99
:103940006C0F7C00FFF788FF002808BF10BD01281E
:1039500002D0022804D010BD3B490120C87310BD1D
:1039600039490020C87310BD01F0D6F9002808BFFE
:1039700010BD012802D00228F2D010BD3248022129
:10398000C17310BD01F078F9002808BF10BD0128EF
:1039900002D00228E4D010BD2B490320C87310BD0B
:1039A00001F01AF9002808BF10BD012806D002282E
:1039B00018BF10BD00212448C17310BD2249042046
:1039C000C87310BDFFF726FD002808BF10BD0128F1
:1039D00002D00228C4D010BD1B490820C87310BDF6
:1039E00002F08EFB002808BF10BD012802D002287B
:1039F000B6D010BD14490620C87310BDFDF76AF893
:103A0000002808BF10BD0128E6D00228A8D010BDAC
:103A100000F0F4F8002808BF10BD012802D00228E9
:103A20009ED010BD08480A21C1730121817010BDCC
:103A300005480178012902D100210170C173BDE858
:103A40001040FFF759BD0000540000200100044859
:103A50004FF0100101D0FFF7D9B8FFF741B90000CE
:103A600000100140010004484FF0800101D0FFF731
:103A7000CDB8FFF735B9000000080140144A10B571
:103A80001078144C01280CD1002010709178491C3A
:103A9000C9B2917001290FD0907020212046FFF704
:103AA000B5F805F0D3F900284FF0800120460AD080
:103AB000BDE81040FFF7AAB8FFF77CF920212046A7
:103AC000FFF70EF9EDE7BDE81040FFF709B9000078
:103AD0002A00002000080140010004484FF00101C5
:103AE00001D0FFF793B8FFF7FBB80000000C0140CE
:103AF000044901200870AFF207024FF47A7104F014
:103B000021BC00002A00002010B501210348FEF767
:103B1000E5FF00280CBF0120002010BD0008014077
:103B20002DE9F0410B2000F009FD0746092000F0C7
:103B30000BFD0646012000F0F1FC2E4C002520B9BB
:103B4000A5710D2004F0F4FB6570A179A9B10129DC
:103B500028D0022918BFBDE8F08147F004010B20EE
:103B600000F00EFD0121002000F0F4FC16F0020F21
:103B70003CD0FFF7C9FF48B338E0042000F0DEFC7A
:103B80000546042000F0E0FC854288BFBDE8F081D6
:103B90000120A071BDE8F041174A40F6B8310D2070
:103BA00004F0D0BB6078012818BFBDE8F0816570D3
:103BB000042000F0C3FC0646042000F0C5FC864249
:103BC0009EBF0220A071BDE8F0810FE0002002F04E
:103BD000E3F90021012000F0BDFC02210A2000F0E1
:103BE000CFFC0020FDF780FB00F012FCA571BDE8C2
:103BF000F0810000DD020020C992000810B5AC4839
:103C000096B0407B0A2832D2DFE800F00518344530
:103C10005FA8C1E3FDFC00F03BFD1921A5A004F065
:103C200049FBA34C002064216070A94A0F2004F0D6
:103C300089FB0120607316B0002010BD00F01CFD50
:103C4000002804BF16B010BDA24C206801F0B4F9E2
:103C50000146A1482268FEF72FFAA0A19E48FCF772
:103C6000F9FA002800F01D8191490220487316B02E
:103C7000002010BD00F00CFD1D2199A004F01AFBDE
:103C80008B4C002064216070914A0F2004F05AFB95
:103C9000032000F09CB800F0EFFC002804BF16B031
:103CA00010BD8C4C206801F087F901468A482268D3
:103CB000FEF702FA89A18848FCF7CCFA002800F048
:103CC000F0807B4904204873D1E700F0E1FC0F212C
:103CD0008BA004F0EFFAC621B820CDE90001EA2359
:103CE00031228BA102A804F05FFB02A8FCF7C4FA02
:103CF00081B202A804F0DEFA42F6483288A102A896
:103D000004F052FB02A8FCF7B7FA81B202A804F053
:103D1000D1FA022183A004F0CDFAFCF759FA024649
:103D20007FA10CA804F040FB0CA8FCF7A5FA81B217
:103D30000CA804F0BFFA02217BA004F0BBFA4321D7
:103D40007A4804F0B7FA5A4C00204FF4FA616070D8
:103D50005F4A0F2004F0F6FA052038E000F08CFCF2
:103D6000002804BF16B010BD5A4C206801F024F999
:103D7000014659482268FEF79FF96DA15648FCF7A5
:103D800069FA00287ED04A49062048736FE700F0A0
:103D90007FFC16216CA004F08DFA714A71A102A873
:103DA00004F002FB02A8FCF767FA81B202A804F053
:103DB00081FA05216CA004F07DFA3D4C002041F20F
:103DC00088316070424A0F2004F0BCFA072060730B
:103DD0004DE700F051FC002804BF16B010BD3D4C6B
:103DE000206801F0E9F801463B482268FEF764F9D3
:103DF0003AA13948FCF72EFA04465DA13648FCF793
:103E000029FA01E029E007E0002C18BF002848D07B
:103E10002749082048732AE700F03AFC1B2157A0E5
:103E200004F048FA4E4A4FA102A804F0BDFA02A8D5
:103E3000FCF722FA81B202A804F03CFA05214AA05C
:103E400004F038FA1A4C002041F288316070204AA0
:103E50000F2004F077FA0920B9E700F00DFC0028E4
:103E600004BF16B010BD1B4C206801F0A5F8014638
:103E700019482268FEF720F918A11748FCF7EAF95B
:103E8000044600E00DE03AA11348FCF7E3F9002CEA
:103E900018BF002805D006490020487316B001203D
:103EA00010BD03490020487316B0022010BD000069
:103EB0005400002041542B4D5154544346473D2259
:103EC000636163686564222C302C310D0A000000A8
:103ED000B146000850000020201100204F4B000088
:103EE00041542B4D5154544346473D226B656570F8
:103EF000616C697665222C302C36300D0A0000008A
:103F000041542B4D515454434F4E4E3D302C2200C2
:103F100025642E25642E25642E2564222C000000A5
:103F2000256400002C220000222C000024BD000883
:103F30002B4D5154545552433A2022636F6E6E22DA
:103F40002C302C300000000041542B4D5154545360
:103F500055423D302C22636F6E74726F6C2F0000DF
:103F60000400002025730000222C300D0A00000000
:103F70002B4D5154545355423A20300041542B4D4F
:103F80005154545355423D302C22737461747573EF
:103F90005F7265706C792F00FEE700002DE9F04735
:103FA000FF4E0024DFF8FC83B0889AB02746022831
:103FB000C0F01F82811E404604F0DAFEB0883278DD
:103FC000404410F8011C914240F0138210F8020C9A
:103FD0007178884240F00D8298F8032098F80230FA
:103FE00006F1060A02EB032295B298F80010BAF81F
:103FF000002098F801008A4240F0FB8108F5FA7928
:10400000052854D00BDC6F46012810D00522032868
:1040100000F07F81042800F0B08100F0EAB90628A2
:1040200000F00A81102800F0308100F0E2B9042D80
:1040300000F2DF8198F8052098F8043002EB0322A3
:1040400092B25319052B00F2D4818DF800108DF82F
:104050000100D11D01200F2905D312F0070F14BF55
:1040600000EBD200D0088DF8020010F0FF0F1CBF4B
:104070007088E8400AD0E10020FA01F13A19D170C5
:10408000611CCCB29DF80210A142F4D89DF8020048
:10409000401DC4B2A11E384604F06AFE381971787A
:1040A00000F8021C317800F8011C00F063B998F8A0
:1040B000052098F80430072D02EB032294B200F299
:1040C00098818DF800108DF80100280A8DF8020003
:1040D000200A8DF804008DF803508DF80540062164
:1040E000684604F045FE70788DF8060030788DF84B
:1040F0000700082D28D2DFE805F0041751276D27A7
:10410000737EB4F57F4F40F0358105F03DF9BFF384
:104110004F8FA5480168A54A01F4E0611143016091
:10412000BFF34F8F00BFFDE7022000F0F7F9002832
:1041300040F02081032000F0F1F9012840F01A81BD
:10414000B4F57F4F05D0BCB1002F40F0528100F094
:1041500011B9002000F0E2F9002840F00B810121A4
:10416000084600F0F7F901210846FDF7EBFD0120B4
:1041700001F012FF01200EE00021012000F0EAF919
:1041800000210120FDF7DEFD0A20A9F8140000201F
:1041900001F002FF0020FDF7A7F8EBE0B4F57F4F38
:1041A00001D04CB110E00121022000F0D3F901212F
:1041B0000220FDF7C7FD07E00021022000F0CAF948
:1041C00000210220FDF7BEFD022000F0A7F9FDF757
:1041D0000FF8CFE0B4F57F4F08BFFDF74DFFC9E002
:1041E000B4F57F4F7DD10021084600F0B3F90020DF
:1041F000A9F81600BEE0B4F57F4F01D074B1B9E064
:104200000121042000F0A6F901210420FDF79AFD08
:10421000042000F083F9FCF7AFFFABE0002104209D
:1042200000F098F900210420FDF78CFD042000F037
:1042300075F9FCF7A1FF9DE098F8052098F8043087
:10424000212D02EB032294B262D88DF800108DF874
:104250000100280A8DF80200200A8DF80400EFB250
:104260008DF803708DF805400621684604F080FD46
:1042700070788DF8060030788DF8070000F0C8F8E7
:104280002AF815400121384640E098F8052098F8B2
:104290000430212D02EB032292B29CBFAB18222BDB
:1042A00036D8002A0ED908EB440393F808C0DB790E
:1042B0000CEB032304EB050C2AF81C30631CDCB266
:1042C000A242F0D88DF800108DF80100280A8DF870
:1042D0000200ECB2100A8DF803408DF80400D5B24C
:1042E00000E047E08DF8055098F806008DF80600CC
:1042F0000721684604F03CFD70788DF8070030789F
:104300008DF8080000F084F829462046FDF71DFDD1
:104310006FE098F8053098F804C0212D03EB0C23CA
:104320009BB29CBF03EB050CBCF1220F61D88DF84A
:1043300000108DF8010058008DF80200281907EBD5
:1043400044013AF810004FEA102C81F803C00871BC
:10435000601CC4B29C42F1D902EB4300C4B2A11E5E
:10436000384604F005FD3819717800F8021C3178E0
:1043700000F8011C00F04CF83BE098F8053098F884
:1043800004C00D2D03EB0C239BB29CBF05EB030C6B
:10439000BCF10E0F2DD88DF800108DF8010007E04C
:1043A0006E000020261700200CED00E00400FA0546
:1043B00058008DF80200281907EB440139F8100065
:1043C0004FEA102C81F803C00871601CC4B29C42F3
:1043D000F1D902EB4300C4B2A11E384604F0C8FC78
:1043E0003819717800F8021C317800F8011C00F0CF
:1043F0000FF80020B2880146002A05D908F80010FD
:10440000401C80B28242F9D8B1801AB0BDE8F08772
:1044100070B53C4EADF5C36DB51F30788DF8F00327
:1044200001208DF8F1038DF8F203A8788DF8F303DD
:104430000421FCA804F09CFC68788DF8F40328782B
:104440008DF8F50330788DF8F60303208DF8F70327
:1044500044208DF8F8030020FCAC36F8101004EB73
:1044600040020B0A401C5372C0B291722228F4D948
:104470004721A01D04F07CFC68788DF83D04287865
:104480008DF83E0430788DF83F0404208DF8400408
:104490001C208DF841041C4B002004EB400233F833
:1044A0001010401C4FEA112C82F852C0C0B282F8A2
:1044B00053100E28F1D91F2104F1510004F058FCCB
:1044C00068788DF85E0428788DF85F0470240F4AB0
:1044D0000FA10DF2E45003F067FF224602A9FCA8E9
:1044E000FEF7FAFD04460DF2E450FBF7C5FE82B27A
:1044F00002AB0DF2E4510120009401F057FE0DF5DE
:10450000C36D70BD740000201A1900200400002043
:104510007374617475732F25730000000F2884BFB6
:1045200000207047012101FA00F003494988084042
:1045300018BF0120704700006E000020014931F8CB
:10454000100070471A190020014931F81000704717
:10455000740000200F2888BF7047012202FA00F083
:104560000129064A04BF5188084305D0002906BF27
:10457000518821EA00007047508070476E0000208B
:10458000014A22F8101070471A190020014A22F837
:1045900010107047740000202DE9F04704460025F4
:1045A000324E9CB00F460120AAB1012A1CBF1CB09C
:1045B000BDE8F08770700120FCF759FE35703A466F
:1045C00021462B48FCF7E4FA2A490880FFF7E6FC6D
:1045D0001CB0BDE8F08770700120FCF748FE357014
:1045E000206802908DF80C5002A8FBF74CFE1FFAD1
:1045F00080FAB4F80500ADF808008DF80A5002A85A
:10460000FBF741FE00F0FF092089ADF808008DF8A6
:104610000A5002A8FBF737FE00F0FF08B4F80B00C1
:10462000ADF808008DF80A5002A8FBF72CFEC7B2BF
:10463000E089ADF808008DF80A5002A8FBF723FEC8
:10464000C6B2B4F81100ADF808008DF80A5002A8FF
:10465000FBF719FEC0B2CDE900603B464246494631
:10466000504601F0C9FD1CB0BDE8F087DA02002019
:10467000261700207200002004494878002808BF4F
:104680007047012000224A7070470000540000204B
:104690000020054A01461154401C80B2B0F57A7FD3
:1046A000F9D3024881827047201100205400002075
:1046B000014901204870704754000020704738B508
:1046C00035208DF8000000248DF801408DF802405F
:1046D00001258DF80350684600F032F826208DF849
:1046E00000008DF801408DF802408DF803506846B7
:1046F00000F026F827208DF800008DF801408DF895
:1047000002408DF80350684600F01AF834208DF806
:10471000000002208DF801008DF802408DF8035052
:10472000684600F00DF808208DF800008DF8014073
:104730008DF802508DF80350684600F001F838BD3E
:1047400070B50446C0780F25002818BF012804D092
:104750007D2223A12FA004F09DFA6078102804D3B5
:104760007E221FA13A4804F095FAA078102804D3BD
:104770007F221BA1374804F08DFAE078012210B3A4
:1047800035480068637800F4E060C0F5E060000A36
:10479000C0F1040103FA01F1A37825FA00F01840F2
:1047A00008432178000101F1E02181F8000420781C
:1047B00000F01F0102FA01F14009800000F1E02041
:1047C000C0F8001170BD207800F01F0102FA01F15D
:1047D0004009800000F1E020C0F8801170BD0000A9
:1047E0002E2E5C6669726D776172655C6E3332671E
:1047F0003435785F7374645F7065726970685F6484
:1048000072697665725C7372635C6D6973632E6343
:104810000000000049535F46554E4354494F4E41F6
:104820004C5F5354415445284E5649435F496E6985
:10483000745374727563742D3E4E5649435F4952EA
:10484000514368616E6E656C436D64290000000021
:104850008CBC000848BC00080CED00E010B5044614
:10486000B0F5E06F18BFB4F5C06F0CD0B4F5A06F11
:104870001CBFB4F5806FB4F5407F04D06C2205A155
:1048800011A004F007FA1B4944F0FD7040F080606D
:10489000086010BD2E2E5C6669726D776172655C72
:1048A0006E3332673435785F7374645F7065726934
:1048B00070685F6472697665725C7372635C6D695F
:1048C00073632E630000000049535F4E5649435FF7
:1048D0005052494F524954595F47524F5550284EF4
:1048E0005649435F5072696F7269747947726F7588
:1048F000702900000CED00E02DE9F0410B20FFF7DE
:104900001DFE07460920FFF71FFE304C0646E179E1
:1049100039B3002501293ED0022946D0032918BF0A
:10492000BDE8F08147F008010B20FFF729FE0121C7
:104930000020FFF70FFE16F0040F0FD0002001F04B
:104940002BFB00210120FFF705FE03210A20FFF7C2
:1049500017FE0020FCF7C8FCFFF75AFDE571BDE823
:10496000F0810520FFF7EAFD00EB800045000520FF
:10497000FFF7EAFD00EB8000B5EB400F38BFBDE864
:10498000F0810120E071BDE8F041114A4FF4FA6175
:104990000E2003F0D7BCA078012806BFA570022026
:1049A000BDE8F081E071BDE8F0810520FFF7C6FDAC
:1049B00000EB800046000520FFF7C6FD00EB8000FD
:1049C000B6EB400F28BF0320ECD2C7E7DD02002082
:1049D0007D9300082DE9F0410B20FFF7AFFD07465E
:1049E0000920FFF7B1FD2B4C0646217A39B300258B
:1049F000012939D002293ED0032918BFBDE8F08132
:104A000047F040010B20FFF7BBFD01210020FFF71D
:104A1000A1FD16F0100F0FD0002001F0BDFA00210B
:104A20000120FFF797FD06210A20FFF7A9FD0020CE
:104A3000FCF75AFCFFF7ECFC2572BDE8F08107207B
:104A4000FFF77CFD05460820FFF77EFD854238BF55
:104A5000BDE8F08101202072BDE8F0410E4A4FF41C
:104A6000FA61102003F06EBC2079012804BF257183
:104A70002572BDE8F0810720FFF760FD064608209B
:104A8000FFF762FD864224BF03202072D4D3BDE825
:104A9000F0810000DD020020719300082DE9F04153
:104AA0000B20FFF74BFD06460920FFF74DFD2B4C71
:104AB0000546617939B30027012939D0022941D04F
:104AC000032918BFBDE8F08146F002010B20FFF773
:104AD00057FD01210020FFF73DFD15F0010F0FD01C
:104AE000002001F059FA00210120FFF733FD0121D8
:104AF0000A20FFF745FD0020FCF7F6FBFFF788FCD6
:104B00006771BDE8F0810420FFF718FD054603201A
:104B1000FFF71AFD854238BFBDE8F08101206071C2
:104B2000BDE8F0410E4A4FF4FA610C2003F00ABCD4
:104B30002078012806BF27700220BDE8F08160714F
:104B4000BDE8F0810420FFF7F9FC05460320FFF7DC
:104B5000FBFC854228BF0320F1D2D1E7DD02002013
:104B60006593000810B5040018BF012C04D08622FC
:104B700003A111A004F08EF81648046210BD0000D5
:104B80002E2E5C6669726D776172655C6E3332677A
:104B90003435785F7374645F7065726970685F64E0
:104BA00072697665725C7372635C6E33326734353A
:104BB000785F7077722E630049535F46554E4354B9
:104BC000494F4E414C5F535441544528436D64292D
:104BD0000000000000000E4270B51D4C0025607AF8
:104BE00010B1012813D010E02079401C2071FFF78C
:104BF0004FFD0B2117A003F05DFB64216570184A7F
:104C00000F2003F09FFB01206072002070BDFFF7B2
:104C100033FD002808BF70BD124E306800F0CCF99B
:104C2000014611483268FDF747FA10A10E48FBF71C
:104C300011FB18B165722571012070BD20795A28C9
:104C400098BF6572E1D925716572022070BD0000C0
:104C50005400002041542B43474154543F0D0A0057
:104C6000B146000850000020201100202B4347418E
:104C700054543A203100000070B51D4C0025207AB4
:104C800010B1012813D010E02079401C2071FFF7EB
:104C9000FFFC0B2117A003F00DFB64216570184A7F
:104CA0000F2003F04FFB01202072002070BDFFF7A2
:104CB000E3FC002808BF70BD124E306800F07CF99C
:104CC000014611483268FDF7F7F910A10E48FBF7CD
:104CD000C1FA18B125722571012070BD20795A28BA
:104CE00098BF2572E1D925712572022070BD0000A0
:104CF0005400002041542B43455245473F0D0A00C4
:104D0000B146000850000020201100202B434552DE
:104D100045473A20302C3100814810B5C0790A2827
:104D20003AD2DFE800F005213B4850617989B9CAE1
:104D30007C4C206800F040F901467B482268FDF772
:104D4000BBF9FFF7A5FC042178A003F0B3FA744C7B
:104D500000204FF4FA616070764A0F2003F0F2FAF7
:104D60000120E071002010BDFFF786FC002808BF7D
:104D700010BD6C4C206800F01FF901466A4822689B
:104D8000FDF79AF96CA16848FBF764FA002800F077
:104D9000C28063490220C871002010BD604C002011
:104DA0004FF4FA616070634A0F2003F0CBFA0320DE
:104DB000E071002010BDFFF75FFC0028ECD05849DF
:104DC0000420C871E8E7FFF763FC0A215BA003F049
:104DD00071FA534C002064216070564A0F2003F092
:104DE000B1FA0520E071D7E7FFF746FC002808BFBD
:104DF00010BD4C4C206800F0DFF801464A4822689C
:104E0000FDF75AF950A14848FBF724FA00287DD055
:104E100043490620C871BFE7FFF73AFC0B214EA0BB
:104E200003F048FA3E4C002064216070414A0F2094
:104E300003F088FA07203EE0FFF71EFC002808BFB9
:104E400010BD384C206800F0B7F80146364822689B
:104E5000FDF732F943A13448FBF7FCF900285AD09A
:104E60004249D0F80720C1F89122D0F80B20C1F8B0
:104E70009522D0F80F20C1F89922B0F81320A1F89C
:104E80009D22407D81F89F0201F523710020087565
:104E900023490820C8717FE7FFF7FAFB0A2134A0F5
:104EA00003F008FA1E4C002064216070214A0F2094
:104EB00003F048FA0920E0716EE7FFF7DDFB0028F8
:104EC00008BF10BD174C206800F076F80146164860
:104ED0002268FDF7F1F829A11348FBF7BBF9A8B147
:104EE00022498268C1F8A122C268C1F8A5220269DC
:104EF000C1F8A9224269C1F8AD228069C1F8B102A6
:104F000001F52371002081F8290000E003E0044945
:104F1000C871012010BD02490020C871022010BDD7
:104F200054000020500000202011002041540D0AA0
:104F300000000000B14600084F4B000041542B43D5
:104F400050494E3F0D0A00002B4350494E3A205223
:104F5000454144590000000041542B4347534E3D06
:104F6000310D0A002B4347534E3A200070140020A5
:104F700041542B49434349440D0A00002B49434304
:104F800049443A200000000070B5102004F0B4F944
:104F900004004FF0000508BF2C4607D040F2DD505A
:104FA000606004F0A9F9E560A56020600148046034
:104FB00070BD0000500000200146D1E90220801A97
:104FC00044BF49680844704710B504001CBF012C59
:104FD000042C05D040F203320AA118A003F05AFEB7
:104FE0001B48002180F8201080F82010012C08BFF9
:104FF000012103D0042C0CBF052110BD80F8201026
:1050000010BD00002E2E5C6669726D776172655C62
:105010006E3332673435785F7374645F70657269BC
:1050200070685F6472697665725C7372635C6E331C
:1050300032673435785F7263632E630049535F5281
:1050400043435F4C5345285243435F4C534529002B
:105050000010024010B5040018BFB4F5806F0DD0E9
:10506000B4F5A06F1CBFB4F5C06FB4F5E06F05D008
:1050700040F2C31205A113A003F00CFE18494868C2
:1050800020F4E0602043486010BD00002E2E5C66D6
:1050900069726D776172655C6E3332673435785F43
:1050A0007374645F7065726970685F647269766555
:1050B000725C7372635C6E3332673435785F72632F
:1050C000632E630049535F5243435F48434C4B5F39
:1050D000444956285243435F48434C4B2900000043
:1050E0000010024010B50446B0F5807F1CBFB4F537
:1050F000007FB4F5407F05D040F2333206A114A002
:1051000003F0C8FD1B48016A21F440710162016A85
:105110002143016210BD00002E2E5C6669726D771E
:105120006172655C6E3332673435785F7374645FC7
:105130007065726970685F6472697665725C7372BB
:10514000635C6E3332673435785F7263632E63005D
:1051500049535F5243435F525443434C4B5F535256
:1051600043285243435F525443434C4B536F757231
:10517000636529000010024070B504460E480D46D4
:10518000044200D12CB940F2FE320CA119A003F068
:1051900081FD214E002D04BFF069A04309D0012DEF
:1051A00005D040F2FF3205A11CA003F073FDF069A9
:1051B0002043F06170BD0000003301412E2E5C667B
:1051C00069726D776172655C6E3332673435785F12
:1051D0007374645F7065726970685F647269766524
:1051E000725C7372635C6E3332673435785F7263FE
:1051F000632E630049535F5243435F415042315F26
:10520000504552495048285243435F415042315023
:1052100065726970682900000010024049535F46BA
:10522000554E4354494F4E414C5F535441544528C9
:10523000436D64290000000070B504460E480D4619
:10524000044200D12CB940F2DF320CA119A003F0C6
:1052500021FD214E002D04BFB069A04309D0012DCE
:1052600005D04FF4787205A11CA003F013FDB069BE
:105270002043B06170BD00000286E0FF2E2E5C6608
:1052800069726D776172655C6E3332673435785F51
:105290007374645F7065726970685F647269766563
:1052A000725C7372635C6E3332673435785F72633D
:1052B000632E630049535F5243435F415042325F64
:1052C000504552495048285243435F415042325062
:1052D00065726970682900000010024049535F46FA
:1052E000554E4354494F4E414C5F53544154452809
:1052F000436D64290000000010B5040018BF012CA4
:1053000005D04FF4517203A110A003F0C3FC16485E
:10531000046010BD2E2E5C6669726D776172655CEB
:105320006E3332673435785F7374645F70657269A9
:1053300070685F6472697665725C7372635C6E3309
:1053400032673435785F7263632E630049535F467A
:10535000554E4354494F4E414C5F53544154452898
:10536000436D6429000000003C044242324B30B4DB
:105370005968324A11405A6811F0006F02F48032C5
:105380000CBF4FF0020C6FF4F77C0CEB9141002A3C
:1053900004BF2B4A514306D05A6812F4003F14BF91
:1053A000274A284A51435A68DFF898C012F00C0285
:1053B00018BF042A03D0082A08BF016001D0C0F832
:1053C00000C05A684FF00F0C1F4D0CEA1212D0F8B3
:1053D00000C0AA5C2CFA02F24260D3F804C0072491
:1053E00004EA1C2C15F80CC022FA0CFCC0F808C00A
:1053F000D3F804C004EADC2C15F80CC022FA0CFC2B
:10540000C0F80CC0D3F82CC005F110040CF00F0C40
:1054100014F80CC0B2FBFCF24261DA6A1F2303EA03
:10542000121202F00F0204F1100333F81220B1FB44
:10543000F2F1016130BC70470010024000003C08EE
:1054400000093D0000127A00DE93000870B50025C7
:105450000446212818BF312C21D0392C18BF412CEB
:105460001DD0612C18BF732C19D0742C18BF752C4B
:1054700015D0772C18BF792C11D07A2C18BF7B2C23
:105480000DD07C2C18BF7D2C09D07E2C18BF7F2C12
:1054900005D040F2E3420CA119A003F0FBFB600928
:1054A0001D49012808BF086803D002280CBF086AFC
:1054B000486A04F01F01012202FA01F1014218BFFB
:1054C0000125284670BD00002E2E5C6669726D773E
:1054D0006172655C6E3332673435785F7374645F14
:1054E0007065726970685F6472697665725C737208
:1054F000635C6E3332673435785F7263632E6300AA
:1055000049535F5243435F464C4147285243435FF0
:10551000464C4147290000000010024038B503F016
:1055200013FD4FF40060ADF8000010208DF803006B
:105530000120064C8DF8020069462046FDF7BCF9B3
:10554000E1142046FDF762FB38BD00000008014071
:1055500002F06CBE00210A2805D3491C0A38C0B2EB
:10556000C9B20A28F9D2090740EA11607047000061
:1055700070B50026674D0C4600282AD0012805D0BA
:105580004FF4E37264A172A003F084FB286810F06A
:10559000400F00F07F802078010901EB810100F0CD
:1055A0000F0000EB4100C0B2401E0B2805D94FF49C
:1055B000EE7259A16DA003F06DFBE078002818BFD2
:1055C000402800F0798040F2DD1253A16EA000F077
:1055D00071B8286810F0400F13D02078401E0B28B7
:1055E00005D94FF4E6724CA16FA003F053FBE078AD
:1055F000002818BF40280ED040F2CD1246A162A06C
:1056000007E0E6702078172805D94FF4E97242A127
:105610006FA003F03FFB60783B2805D94FF4EA7296
:105620003DA175A003F036FBA0783B2805D940F2D8
:10563000D51239A17AA003F02DFB2078FFF78AFF5D
:1056400006046078FFF786FF46EA0026A078FFF799
:1056500081FFE178304340EA01437B4CCA2020605F
:105660005320206000F04CF970B178487849184018
:1056700008607848016821F080010160286810F016
:10568000200F08BF00F056FCFF202060BDE87040EE
:1056900000F050BCE6702078010901EB810100F0B8
:1056A0000F0000EB4100C0B2172805D94FF4F1728A
:1056B00019A169A003F0EEFA6078010901EB8101FC
:1056C00000F00F0000EB4100C0B23B2805D94FF4B9
:1056D000F27211A16EA003F0DDFAA078010901EBCE
:1056E000810100F00F0000EB4100C0B23B2805D95A
:1056F00040F2E51208A174A003F0CCFAA07821785A
:10570000E27840EA01406178090241EA024140EA58
:105710000103A2E7082800402E2E5C6669726D77AF
:105720006172655C6E3332673435785F7374645FC1
:105730007065726970685F6472697665725C7372B5
:10574000635C6E3332673435785F7274632E630046
:1057500049535F5254435F464F524D41542852546F
:10576000435F466F726D61742900000049535F52B8
:1057700054435F3132484F555228746D70726567DB
:10578000697374657229000049535F5254435F483E
:105790003132285254435F54696D65537472756396
:1057A000742D3E483132290049535F5254435F31D2
:1057B00032484F5552285254435F54696D655374B3
:1057C000727563742D3E486F757273290000000076
:1057D00049535F5254435F3234484F555228525414
:1057E000435F54696D655374727563742D3E486FE1
:1057F000757273290000000049535F5254435F4D96
:10580000494E55544553285254435F54696D65536E
:1058100074727563742D3E4D696E757465732900DD
:1058200049535F5254435F5345434F4E44532852AC
:1058300054435F54696D655374727563742D3E53A0
:1058400065636F6E64732900242800407F7F7F00AA
:10585000002800400C28004049535F5254435F32F7
:1058600034484F5552285254435F42636432546F58
:1058700042797465285254435F54696D655374725C
:105880007563742D3E486F757273292900000000FE
:1058900049535F5254435F4D494E55544553285226
:1058A00054435F42636432546F42797465285254A2
:1058B000435F54696D655374727563742D3E4D6911
:1058C0006E7574657329290049535F5254435F53C1
:1058D00045434F4E4453285254435F42636432540D
:1058E0006F42797465285254435F54696D655374EF
:1058F000727563742D3E5365636F6E64732929005E
:1059000081B00F4900200090086810F0400F04BFDC
:105910008020086010D10868009A00F04000521CF6
:105920000092B2F5005F01D00028F4D0086810F0B2
:10593000400004BF01B07047012001B07047000073
:105940000C28004070B50C46050018BF012D05D08D
:105950004FF4377218A126A003F09CF92B48006879
:1059600020F0C00121F07F410B0CC1F30422E37051
:1059700001F03F006270A070C1F342312170002D30
:1059800018BF70BD190901EB810103F00F0303EB90
:105990004101E170110901EB810102F00F0202EBFC
:1059A00041016170010901EB810100F00F0000EB82
:1059B0004100A07070BD00002E2E5C6669726D778C
:1059C0006172655C6E3332673435785F7374645F1F
:1059D0007065726970685F6472697665725C737213
:1059E000635C6E3332673435785F7274632E6300A4
:1059F00049535F5254435F464F524D4154285254CD
:105A0000435F466F726D61742900000004280040F6
:105A100070B50C46050018BF012D05D040F23D229F
:105A200018A126A003F036F92B4800682B494FF047
:105A3000400C0140C1F30542C1F30623227001F07E
:105A40007F006370A0700CEA1141E170002D18BF57
:105A500070BD110901EB810102F00F0202EB41015F
:105A60002170190901EB810103F00F0202EB4101E2
:105A70006170010901EB810100F00F0000EB4100B2
:105A8000A07070BD2E2E5C6669726D776172655C68
:105A90006E3332673435785F7374645F7065726932
:105AA00070685F6472697665725C7372635C6E3392
:105AB00032673435785F7274632E630049535F52E6
:105AC00054435F464F524D4154285254435F466FF2
:105AD000726D617429000000002800407F7F7F0004
:105AE00070B50546002600683446402818BF0028D7
:105AF00004D0C7221EA12CA003F0CCF868687F2830
:105B000004D9C8221AA135A003F0C4F8A868B0F5DA
:105B1000004F04D3C92216A13EA003F0BBF84B4BA3
:105B2000CA20186053201860FFF7EAFEB0B1484859
:105B3000016821F04001016001682A681143016099
:105B40004448A96801600168AA8841EA02410160ED
:105B5000001F016821F0800101600126FF2018600C
:105B600040F2FF20641C8442FCD3304670BD00002C
:105B70002E2E5C6669726D776172655C6E3332677A
:105B80003435785F7374645F7065726970685F64E0
:105B900072697665725C7372635C6E33326734353A
:105BA000785F7274632E630049535F5254435F48B9
:105BB0004F55525F464F524D4154285254435F490E
:105BC0006E69745374727563742D3E5254435F480A
:105BD0006F7572466F726D617429000049535F5290
:105BE00054435F5052454449565F4153594E4348D0
:105BF000285254435F496E69745374727563742DEF
:105C00003E5254435F4173796E63685072656469B4
:105C10007629000049535F5254435F50524544492E
:105C2000565F53594E4348285254435F496E697436
:105C30005374727563742D3E5254435F53796E638F
:105C400068507265646976290000000024280040CD
:105C5000082800401028004070B50C46050000F0F0
:105C60005F80012D05D040F2722256A163A003F09F
:105C700011F8E078010901EB810100F00F0000EB61
:105C80004100C0B2632805D94FF420724DA162A033
:105C900003F000F86078010901EB810100F00F00CA
:105CA00000EB4100C0B2401E0B2805D940F2822211
:105CB00044A166A002F0EEFFA078010901EB81018A
:105CC00000F00F0000EB4100C0B2401E1E2805D9B5
:105CD0004FF421723BA164A002F0DCFF217801297E
:105CE00018BF02290ED0032918BF04290AD005299C
:105CF0001CBF0629072905D040F2862231A161A0E8
:105D000002F0C8FF002D2FD0A078E178227840EA79
:105D100001406178090241EA423140EA010333E07F
:105D2000607810F0100F03D020F010000A3060707F
:105D3000E078632805D940F27A2222A15BA002F024
:105D4000A9FF6078401E0B2805D940F27B221DA1D7
:105D50005FA002F09FFFA078401E1E28BED94FF41E
:105D60001F7218A163A0B7E7E078FFF7F3FB050403
:105D70006078FFF7EFFB45EA0025A078FFF7EAFB24
:105D80002178284340EA4133634CCA2020605320E5
:105D90002060FFF7B5FD78B1604823F0C0010160D5
:105DA0005F48016821F080010160001F006810F069
:105DB000200F08BF00F0BEF8FF202060BDE8704053
:105DC00000F0B8B82E2E5C6669726D776172655C02
:105DD0006E3332673435785F7374645F70657269EF
:105DE00070685F6472697665725C7372635C6E334F
:105DF00032673435785F7274632E630049535F52A3
:105E000054435F464F524D4154285254435F466FAE
:105E1000726D61742900000049535F5254435F5909
:105E2000454152285254435F42636432546F427971
:105E30007465285254435F4461746553747275638A
:105E4000742D3E59656172292900000049535F5243
:105E500054435F4D4F4E544828746D7072656769A6
:105E6000737465722900000049535F5254435F44C4
:105E700041544528746D7072656769737465722941
:105E80000000000049535F5254435F5745454B445F
:105E90004159285254435F44617465537472756369
:105EA000742D3E5765656B446179290049535F52F3
:105EB00054435F59454152285254435F44617465CD
:105EC0005374727563742D3E596561722900000028
:105ED00049535F5254435F4D4F4E544828525443E8
:105EE0005F446174655374727563742D3E4D6F6EBB
:105EF0007468290049535F5254435F444154452814
:105F00005254435F446174655374727563742D3EDB
:105F100044617465290000002428004004280040E2
:105F20000C280040002101607F214160FF21816039
:105F30007047000081B000200F4B0090CA2018600D
:105F4000532018600D49086820F020000860086898
:105F5000009A00F02000521C0092B2F5004F01D0D0
:105F60000028F4D0086810F0200018BF0120FF219D
:105F7000196001B070470000242800400C28004040
:105F8000044901200870AFF207024FF47A7104202F
:105F900002F0D8B94000002010B5164C10B101280D
:105FA0000ED01AE04FF400412046FCF799FE4FF462
:105FB00080412046FCF72AFE142002F0F5FE0CE09A
:105FC0004FF480412046FCF78BFE4FF40041204601
:105FD000FCF71CFE142002F0E7FE4FF400412046BF
:105FE000FCF714FE2046BDE810404FF48041FCF75A
:105FF0000DBE0000000C0140F8B54FF40040ADF8B4
:10600000000010250E4E8DF8035003248DF8024039
:1060100069463046FCF750FCE9023046FCF760FE6A
:10602000A902ADF800108DF803508DF802406946C2
:106030003046FCF741FCA9023046FCF751FEF8BDA2
:10604000000C014010B5012186B00807FFF794F855
:106050000121C806FFF790F80120FEF783FD042018
:10606000FAF7CAFDA0F5A061053904BF06B010BD5E
:106070004FF48070FFF736F80120FEF7A5FF4120AE
:10608000FFF7E4F90028FAD00120FFF735F97F2067
:106090000190FF200024029000946846FFF742FF21
:1060A0006846FFF71DFD014611A002F06DF91920A9
:1060B0008DF8130001208DF811008DF812000320D7
:1060C0008DF80D408DF810008DF80E408DF80C40C5
:1060D00004A90020FFF7C0FD03A90020FFF748FA3C
:1060E00040F205510420FAF711FE06B010BD000081
:1060F000525443B3F5CABCBBAF25640D0A0000007F
:1061000070B51D4C0025A07A10B1012813D010E005
:106110002079401C2071FEF7BBFA1F2117A002F066
:10612000C9F8642165701D4A0F2002F00BF90120A7
:10613000A072002070BDFEF79FFA002808BF70BD56
:10614000174E3068FEF738FF014616483268FBF7F5
:10615000B3FF15A11348FAF77DF800281EBFA572FA
:10616000012070BD20790A2898BFA572E1D9257158
:10617000A572022070BD00005400002041542B5134
:1061800049435347503D312C312C22434D4E455409
:10619000222C22222C22222C310D0A00B14600088A
:1061A00050000020201100204F4B00002DE9F0414D
:1061B0000E4E069D8846F0701F4614463282C82156
:1061C0000B48FAF730F8224641460948FAF712F828
:1061D0002C4675824FF47A710648FAF724F8224665
:1061E0003946BDE8F0410348FAF704B854000020EE
:1061F000700C0020380D002070B582B0A0F5FA6058
:10620000C0B2DDE906458DF803008DF801101E4689
:106210008DF8022002F056FD8DF804608DF8000024
:106220008DF805408DF8065069460020FFF714FDF3
:1062300001A90020FFF79CF902B070BD042808D026
:1062400010F1050F08BF7047CF2205A111A002F081
:1062500021BD4FF0E020016941F004010161704768
:106260002E2E5C6669726D776172655C6E33326783
:106270003435785F7374645F7065726970685F64E9
:1062800072697665725C7372635C6D6973632E63A9
:106290000000000049535F5359535449434B5F4337
:1062A0004C4B5F534F5552434528537973546963A0
:1062B0006B5F434C4B536F757263652900000000A0
:1062C000704700004B4883B0016841F470010160E1
:1062D0004948016841F001010160426847491140A5
:1062E0004160016821F4102121F080710160016892
:1062F00021F480210160416821F47F0121F00061D7
:1063000041600021C16201634FF41F028260C269D3
:1063100042F08052C2613A4AD36843F00103D3602D
:10632000C26922F08052C261364A136843F090037A
:10633000136000918DF804100291016841F48031DE
:1063400001600168C1F340418DF804100299491CB5
:1063500002919DF8041019B90299B1F5004FF0D1DE
:106360000168C1F340418DF804109DF80410002924
:106370003BD0116821F007011160116841F0030161
:10638000116041684160416841F4005141604168D9
:1063900041F4A0614160416821F47C1121F0006169
:1063A0004160416841F4803141F4003141F00261C3
:1063B00000914160016841F080710160016811F055
:1063C000007FFBD0416821F003014160416841F04A
:1063D00002014160416801F00C010829FAD10A4923
:1063E0004FF00060086003B0704709490748086033
:1063F000F5E7000088ED00E00010024000C0FFF863
:10640000007000400020024008ED00E000127A0019
:106410000000002003490020087010210248FCF70A
:106420005FBC00003C000020000C0140074910B593
:106430000120087010210648FCF7E8FBBDE8104079
:10644000044A4EF66021112001F07CBF3C00002080
:10645000000C0140156400082DE9F047DFF8949026
:106460000D4607461C4616464FF02A084FF4807129
:106470004846FCF7CBFB404600F060FC4FF48071CF
:106480004846FCF72DFC380A00F058FCF8B200F042
:1064900055FC300A00F052FCF0B200F04FFC2B2605
:1064A0004FF480714846FCF7B1FB304600F046FCE3
:1064B0004FF480714846FCF713FC280A00F03EFCBC
:1064C000E8B200F03BFC200A00F038FCE0B200F03B
:1064D00035FC2C244FF480714846FCF797FB20468E
:1064E00000F02CFC4846BDE8F0474FF48071FCF703
:1064F000F7BB0000000C01402DE9F04F0026A2EB95
:1065000000085F1A85B0354682468946B8F1000F0B
:10651000C8BF012007DC0FBF00204FF0FF30C8F1DB
:106520000008019000D10190002FC8BF012006DCB7
:106530000FBF00204FF0FF307F42009000D100904D
:10654000B845CCBF44463C464FF0000B601C03905E
:106550000028DCBF05B0BDE8F08F0E98000A02905D
:106560001FFA8AF01FFA89F1DDF838C00B4602469F
:10657000CDF810C0FFF770FF029800F0DFFBDDF8E8
:1065800010C00CF0FF0000F0D9FB46443D44A64289
:1065900002DD0198361B8244A54202DD00982D1BC6
:1065A00081440BF101001FFA80FB03988345D7DB80
:1065B00005B0BDE8F08F2DE9F04781469846581E9A
:1065C00083B21746501E82B20D464846089EFFF71A
:1065D00043FF454534BF4FEA162ABDE8F0874C46D5
:1065E000B94509D2504600F0A9FBF0B200F0A6FB75
:1065F000601C84B2BC42F5D3681C85B24545EED31D
:10660000BDE8F087F8B54FF47C70ADF800001020BD
:106610008DF803000320F64E8DF8020069463046DF
:10662000FCF74AF901210920FEF706FE0121F14895
:10663000FBF7F2FD71153046FCF7E8FA64230022FF
:1066400046F2A811491EFDD1521C9A42F8D34FF4CC
:1066500000713046FCF744FB6423002246F2A81187
:10666000491EFDD1521C9A42F8D3E349012008701B
:1066700010213046FCF7CAFAE04A4EF6602111209C
:1066800001F060FE6420002246F2A811491EFDD1EF
:10669000521C8242F8D3002436254FF480713046D4
:1066A000FCF7B4FA284600F049FB4FF480713046FD
:1066B000FCF716FB602000F041FB3A254FF4807197
:1066C0003046FCF7A3FA284600F038FB4FF48071FF
:1066D0003046FCF705FB052000F030FBB2254FF4F7
:1066E00080713046FCF792FA284600F027FB4FF401
:1066F00080713046FCF7F4FA0C2000F01FFB0C20F0
:1067000000F01CFB002000F019FB332000F016FB0A
:10671000332000F013FBB7254FF480713046FCF7AF
:1067200075FA284600F00AFB4FF480713046FCF7FA
:10673000D7FA352000F002FBBB254FF480713046BC
:10674000FCF764FA284600F0F9FA4FF480713046FD
:10675000FCF7C6FA192000F0F1FAC0254FF4807159
:106760003046FCF753FA284600F0E8FA4FF48071FF
:106770003046FCF7B5FA2C2000F0E0FAC2254FF4C1
:1067800080713046FCF742FA284600F0D7FA4FF401
:1067900080713046FCF7A4FA012000F0CFFAC3253F
:1067A0004FF480713046FCF731FA284600F0C6FA03
:1067B0004FF480713046FCF793FA122000F0BEFAD5
:1067C000C4254FF480713046FCF720FA284600F0CB
:1067D000B5FA4FF480713046FCF782FA202000F0C1
:1067E000ADFAC6254FF480713046FCF70FFA284603
:1067F00000F0A4FA4FF480713046FCF771FA0F20D4
:1068000000F09CFAD0254FF480713046FCF7FEF979
:10681000284600F093FA4FF480713046FCF760FA96
:10682000A42000F08BFAA12000F088FAE0254FF4B4
:1068300080713046FCF7EAF9284600F07FFA4FF401
:1068400080713046FCF74CFAD02000F077FA042033
:1068500000F074FA0D2000F071FA112000F06EFAC9
:10686000132000F06BFA2B2000F068FA3F2000F0B4
:1068700065FA542000F062FA4C2000F05FFA18200C
:1068800000F05CFA0D2000F059FA0B2000F056FAE7
:106890001F2000F053FA232000F050FAE1254FF4B6
:1068A00080713046FCF7B2F9284600F047FA4FF401
:1068B00080713046FCF714FAD02000F03FFA042033
:1068C00000F03CFA0C2000F039FA112000F036FA02
:1068D000132000F033FA2C2000F030FA3F2000F0B3
:1068E0002DFA442000F02AFA512000F027FA2F2038
:1068F00000F024FA1F2000F021FA1F2000F01EFAF9
:10690000202000F01BFA232000F018FA21254FF474
:1069100080713046FCF77AF9284600F00FFA4FF400
:1069200080713046FCF7DCF911254FF48071304658
:10693000FCF76CF9284600F001FA4FF480713046FC
:10694000FCF7CEF929254FF480713046FCF75EF94B
:10695000284600F0F3F94FF480713046FCF7C0F997
:106960002A254FF480713046FCF750F9284600F094
:10697000E5F94FF480713046FCF7B2F9002000F0E1
:10698000DDF9002000F0DAF9002000F0D7F9EF205F
:1069900000F0D4F92B254FF480713046FCF736F91E
:1069A000284600F0CBF94FF480713046FCF798F997
:1069B000002000F0C3F9002000F0C0F9002000F032
:1069C000BDF9C52000F0BAF92C254FF4807130468E
:1069D000FCF71CF9284600F0B1F94FF480713046FD
:1069E000FCF77EF9601CC4B2022CFFF455AEF8BD72
:1069F000000C0140000230003C000020156400083B
:106A00002DE9FF4F85B00746DDF84C800C468B46DC
:106A100018F0070018BF012000EBD80000FB08F0B9
:106A20004FF00009009000289CBF09B0BDE8F08F2E
:106A30002D4800EB421004902C4800EBC21003904C
:106A40000898000A02901298000A0190B8F1100FFD
:106A500008BF049806D0B8F1200F0EBF039809B004
:106A6000BDE8F08F10F80950002615F0800F0FD008
:106A700023463A4619461046DDF820A0FFF7ECFC05
:106A8000029800F05BF90AF0FF0000F057F90EE001
:106A900023463A4619461046DDF848A0FFF7DCFCCD
:106AA000019800F04BF90AF0FF0000F047F94FF6AB
:106AB000FF7000EA4505601C84B2A4EB0B00404562
:106AC00003D1781C5C4687B203E0701C86B2082EA6
:106AD000CBD309F101001FFA80F900988145B5D3A5
:106AE00009B0BDE8F08F000062BB000862B000088A
:106AF0002DE9FF4F89B00546DDF85CA000264FEA7E
:106B00005A0901909B4619F0070018BF012000EBBD
:106B1000D90000FB0AF00290A2F12000C4B20A984A
:106B20000A995044401E83B205EB0900401E82B210
:106B30002846FFF791FC02984FF0000800289CBF00
:106B40000DB0BDE8F08F3A4904EB440001EB800141
:106B50000791384901EB04110691374901EB001008
:106B600005901698000A04904FEA1B200090BAF195
:106B70000C0F04BF079810F808700DD0BAF1100F71
:106B800008BF069806D0BAF1180F0EBF05980DB0D1
:106B9000BDE8F08F10F808700024189800284FF016
:106BA000010000FA04F000EA070019D060B10A9968
:106BB0002A460B461046FFF74FFC009800F0BEF83F
:106BC0000BF0FF0000F0BAF8681C85B20198281A93
:106BD00048451FD10A98019D401C80B20A901DE0D3
:106BE00028B1009800F0AAF80BF0FF0006E0169814
:106BF0000390049800F0A2F80398C0B200F09EF849
:106C0000701CC6B2B6FBF9F009FB1060002808BF83
:106C1000002603D0601CC4B2082CBED308F10100CA
:106C20001FFA80F802988045A1D30DB0BDE8F08F1F
:106C30002E940008A2980008929E00082DE9FF4FAC
:106C400083B04FF00008DDE911961D0082464FEA3F
:106C50005607444612BFA5F1010B07B0BDE8F08FFF
:106C60000A23281B401EC2B20121501EC0B203D30A
:106C70005943401EC0B2FBD20598B0FBF1F01B494E
:106C8000A1FB0021C908494201EB810100EB410051
:106C9000B8F1000F06D15C4504DA002818BF4FF0A8
:106CA000010814D00021CDF800903030CDE9016109
:106CB000C2B204FB07A080B2109B0499FFF718FF33
:106CC000601CC4B2AC42CBD307B0BDE8F08F00204B
:106CD000CDF80090CDE9016004FB07A080B220222E
:106CE000109B0499FFF704FFEAE70000CDCCCCCC61
:106CF0002DE9F04784B00646DDE90D571078DDF840
:106D00003080994614468A46002804BF04B0BDE886
:106D1000F087CDF80080CDE9015722784B465146E7
:106D20003046FFF7E5FE06EB550086B214F8010F7A
:106D30000028EED104B0BDE8F087000070B5134E16
:106D4000054620213046FBF761FF002440213046F4
:106D5000FBF75CFF15F0800F4FF08001304602D04A
:106D6000FBF7BEFF01E0FBF751FF40213046FBF788
:106D7000B7FF6806050E601CC4B2082CE6D3304687
:106D8000BDE870402021FBF7ABBF0000000C0140C4
:106D900004480178012918BF704700210170FAF7F3
:106DA000E3BA00006B000020044901200870AFF234
:106DB00007024FF4FA71062001F0C4BA6B000020FC
:106DC00010B5084C0121204600F038FA002808BF11
:106DD00010BD0121204600F007F8BDE8104001F089
:106DE000BBBA00000010004070B50446A0F180401E
:106DF0000D46B0F5963018BFB4F1804F23D0A4F102
:106E00008040B0F580601CBFA4F18040B0F5006008
:106E100019D0A4F18040B0F540601CBFA4F18040BF
:106E2000B0F580500FD0A4F18040B0F5A0501CBF49
:106E3000A4F18040B0F59A3005D040F6224209A175
:106E400016A001F027FF15F47F4F00D12DB940F6B1
:106E5000234204A117A001F01DFF2069A84320616F
:106E600070BD00002E2E5C6669726D776172655C84
:106E70006E3332673435785F7374645F706572693E
:106E800070685F6472697665725C7372635C6E339E
:106E900032673435785F74696D2E630049735469C5
:106EA0006D416C6C4D6F64756C652854494D782943
:106EB00000000000497354696D496E742854494DAF
:106EC0005F4954290000000070B50446A0F18040DD
:106ED00016460D46B0F5963018BFB4F1804F23D05A
:106EE000A4F18040B0F580601CBFA4F18040B0F5F3
:106EF000006019D0A4F18040B0F540601CBFA4F13F
:106F00008040B0F580500FD0A4F18040B0F5A05083
:106F10001CBFA4F18040B0F59A3005D04FF47B72CD
:106F20000FA11DA001F0B6FE15F47F4F00D12DB9C1
:106F300040F2ED320AA11EA001F0ACFE002E04BF0B
:106F4000A089A84309D0012E05D040F2EE3204A159
:106F50001CA001F09FFEA0892843A08170BD000005
:106F60002E2E5C6669726D776172655C6E33326776
:106F70003435785F7374645F7065726970685F64DC
:106F800072697665725C7372635C6E333267343536
:106F9000785F74696D2E6300497354696D416C6C40
:106FA0004D6F64756C652854494D782900000000C8
:106FB000497354696D496E742854494D5F49542989
:106FC0000000000049535F46554E4354494F4E411F
:106FD0004C5F535441544528436D64290000000020
:106FE00070B50446A0F1804015460E46B0F59630C7
:106FF00018BFB4F1804F23D0A4F18040B0F5806079
:107000001CBFA4F18040B0F5006019D0A4F180400D
:10701000B0F540601CBFA4F18040B0F580500FD0A7
:10702000A4F18040B0F5A0501CBFA4F18040B0F5A1
:107030009A3005D040F2195208A116A001F02AFE9C
:10704000002D18BF012D05D040F21A5203A117A040
:1070500001F020FE2685A58270BD00002E2E5C6604
:1070600069726D776172655C6E3332673435785F53
:107070007374645F7065726970685F647269766565
:10708000725C7372635C6E3332673435785F746937
:107090006D2E6300497354696D416C6C4D6F64755E
:1070A0006C652854494D78290000000049735469E3
:1070B0006D50736352656C6F61644D6F64652854E5
:1070C000494D5F50534352656C6F61644D6F646509
:1070D00029000000F8B51A4E41F63F70F0804FF4D9
:1070E000A060FDF7B7FF01211020FEF745F836201C
:1070F0008DF8000003258DF8015000248DF8024022
:1071000001208DF803006846FDF71AFB0D480421A5
:1071100085800180C48044800B4C0146204600F0ED
:107120000FF90122F1882046FFF75AFF012211468C
:107130002046FFF7C9FE0121204600F007F8F8BD00
:107140002A000020FC0200200010004070B5044618
:10715000A0F180400D46B0F5963018BFB4F1804FD5
:1071600023D0A4F18040B0F580601CBFA4F1804022
:10717000B0F5006019D0A4F18040B0F540601CBFAC
:10718000A4F18040B0F580500FD0A4F18040B0F55C
:10719000A0501CBFA4F18040B0F59A3005D040F259
:1071A000AF320BA118A001F075FD002D04BF2068BF
:1071B00020F001000AD0012D05D04FF46C7204A11B
:1071C00017A001F067FD206840F00100206070BD4D
:1071D0002E2E5C6669726D776172655C6E33326704
:1071E0003435785F7374645F7065726970685F646A
:1071F00072697665725C7372635C6E3332673435C4
:10720000785F74696D2E6300497354696D416C6CCD
:107210004D6F64756C652854494D78290000000055
:1072200049535F46554E4354494F4E414C5F53546A
:1072300041544528436D64290000000070B505469F
:107240000026A0F180400C46B0F5963018BFB5F18D
:10725000804F23D0A5F18040B0F580601CBFA5F120
:107260008040B0F5006019D0A5F18040B0F54060D5
:107270001CBFA5F18040B0F580500FD0A5F1804033
:10728000B0F5A0501CBFA5F18040B0F59A3005D0F4
:1072900040F6FC3211A11FA001F0FCFC012C18BF2C
:1072A000022C11D0042C18BF082C0DD0102C18BFA4
:1072B000202C09D0402C18BF802C05D040F6FD3280
:1072C00006A11AA001F0E6FC2869A989204201EA7A
:1072D00004011CBF00290126304670BD2E2E5C66BD
:1072E00069726D776172655C6E3332673435785FD1
:1072F0007374645F7065726970685F6472697665E3
:10730000725C7372635C6E3332673435785F7469B4
:107310006D2E6300497354696D416C6C4D6F6475DB
:107320006C652854494D7829000000004973546960
:107330006D476574496E742854494D5F495429005E
:107340002DE9F05FDFF888A1DFF888B1DFF88881E8
:10735000DFF88891624F634E0D460446504518BFD2
:10736000B4F1804F13D0BC4218BFB4420FD04C458B
:1073700018BF5C450BD0A4F18040B0F5A05018BFF9
:10738000444504D0BD2258A165A001F083FC688863
:10739000002818BF102809D020281CBF40286028CA
:1073A00004D0BE2250A164A001F074FCE88800283B
:1073B0001CBFB0F5807FB0F5007F04D0BF224AA18A
:1073C00069A001F067FC2068544518BF444508D007
:1073D000B4F1804F18BFBC4203D0B44218BF4C4533
:1073E00003D1698820F0700008435C451CBFA4F1FC
:1073F0008041B1F5A05103D0E98820F440700843E2
:107400002060A888A08528882085544512BF44455F
:10741000287A20860120A0822068544518BF444560
:1074200008D0B4F1804F18BFBC4203D0B44218BF9B
:107430004C4509D1697A002914BF40F4006020F45A
:107440000060B4F1804F04D0BC421CBFB4424C4534
:1074500010D1A97A002914BF40F4805020F4805044
:10746000E97A002914BF40F4005020F40050B4F130
:10747000804F03D0BC4218BFB44206D1297B0029FB
:1074800014BF40F4804020F48040544518BF444568
:1074900005D0B4F1804F1CBFBC42B44206D1697B19
:1074A000002914BF40F4004020F4004020606068D0
:1074B000B4F1804F18BFB44206D1A97B002914BF94
:1074C00040F4807020F480706060BDE8F09F0000A0
:1074D000002C01400010004000340140000C00402E
:1074E00000040040000800402E2E5C6669726D7733
:1074F0006172655C6E3332673435785F7374645FD4
:107500007065726970685F6472697665725C7372C7
:10751000635C6E3332673435785F74696D2E630057
:10752000497354696D416C6C4D6F64756C6528547A
:10753000494D782900000000497354696D436E7409
:107540004D6F64652854494D5F54696D65426173A0
:1075500065496E69745374727563742D3E436E741D
:107560004D6F646529000000497354696D436C6B6D
:107570004469762854494D5F54696D65426173656D
:10758000496E69745374727563742D3E436C6B4419
:10759000697629002DE9F04700252C460420FCF7E8
:1075A000BDFF012818BFBDE8F0870D20FCF7CCFF18
:1075B000002898BFBDE8F0874FF00F08354F4FF017
:1075C000010A4FF00E0908EB4406F0B2FCF7BCFFCD
:1075D0003979B1EB102F1BD1F0B2FCF7B5FF7979F7
:1075E000C0B2884214D109EB4406F0B2FCF7ACFFFC
:1075F000F979491E0AFA01F1084010F0FF0F07D08F
:10760000F0B2FCF7A1FF10F0800F0CBF022501259E
:10761000601CC4B20D20FCF797FFA042D3D8012D07
:107620001CD0022D18BFBDE8F0870120FCF776FFC3
:10763000012818BFBDE8F0870020FEF7ADFC002050
:10764000F9F752FE00210120FCF784FF09210A20EE
:10765000FCF796FFBDE8F047FCF7DABE0120FCF727
:107660005DFF002818BFBDE8F0870020FCF756FF3B
:10767000002818BFBDE8F0870120FEF78DFC01202F
:10768000F9F732FE01210846FCF764FFBDE8F04738
:10769000FCF7BEBE3400002010B5054800F0ACFC7D
:1076A000C1B204480068BDE81040FBF797BE000077
:1076B000004C00405000002070B5114D40F22551A3
:1076C000284600F04BFA10B10E4C207820B1284625
:1076D000BDE8704000F090BC284600F08DFC618849
:1076E000094A88546088401C6080032000F020FE16
:1076F000BDE870403221054A032000F023BE00009F
:1077000000440040EE070020F2070020F18200084C
:1077100070B5114D40F22551284600F01FFA10B106
:107720000E4C207820B12846BDE8704000F064BCC3
:10773000284600F061FC6188094A88546088401C32
:107740006080052000F0F4FDBDE870403221054A5C
:10775000052000F0F7BD0000004800409C03002019
:10776000A0030020018300082DE9F047DFF8FC802A
:10777000DFF8FC90DFF8FCA016460D4604464045B5
:1077800018BF4C451AD054451CBFA4F18040B0F539
:10779000984013D0A4F18040B0F5A0401FBFA4F1E1
:1077A0008040B0F5A830A4F18040B0F5AA3005D0F3
:1077B00040F27F1230A13FA001F06CFA40F66A1748
:1077C000282D1CBFA5F5E060B0F127001BD0A5F562
:1077D000C06026381CBFA5F5A060B0F1250012D00E
:1077E000A5F5806024381CBFA5F50060B0F1460007
:1077F00009D0BD4218BF602D05D04FF4C0721EA144
:1078000033A001F047FA002E18BF012E05D040F238
:10781000811219A135A001F03DFABD420AD14445BB
:107820001CBF4C45544505D040F2851212A136A02C
:1078300001F030FA05F01F010122C5F3421002FAEF
:1078400001F1012808BF04F10C0005D002280CBF8B
:1078500004F1100004F11400002E026814BF11435B
:1078600022EA01010160BDE8F08700000038014014
:1078700000440040004800402E2E5C6669726D771F
:107880006172655C6E3332673435785F7374645F40
:107890007065726970685F6472697665725C737234
:1078A000635C6E3332673435785F75736172742E42
:1078B0006300000049535F55534152545F414C4CA3
:1078C0005F50455249504828555341525478290039
:1078D00049535F55534152545F4346475F494E54A5
:1078E0002855534152545F494E54290049535F462D
:1078F000554E4354494F4E414C5F535441544528D3
:10790000436D64290000000049535F5553415254B0
:107910005F3132335F5045524950482855534152E8
:107920005478290070B50446A0F180400D46B0F5AA
:107930009C301CBFA4F18040B0F588401DD0A4F15C
:107940008040B0F590401CBFA4F18040B0F5984055
:1079500013D0A4F18040B0F5A0401FBFA4F1804037
:10796000B0F5A830A4F18040B0F5AA3005D040F2BF
:1079700059120BA119A001F08DF9002D04BFA089A7
:1079800020F400500AD0012D05D04FF4AD7204A1AF
:1079900019A001F07FF9A08940F40050A08170BDCA
:1079A0002E2E5C6669726D776172655C6E3332672C
:1079B0003435785F7374645F7065726970685F6492
:1079C00072697665725C7372635C6E3332673435EC
:1079D000785F75736172742E6300000049535F55C0
:1079E000534152545F414C4C5F50455249504828D6
:1079F000555341525478290049535F46554E4354DC
:107A0000494F4E414C5F535441544528436D6429BE
:107A1000000000002DE9F047294F0026DFF8A48080
:107A2000DFF8A4900C460546B84218BF45451AD069
:107A30004D451CBFA5F18040B0F5984013D0A5F18D
:107A40008040B0F5A0401FBFA5F18040B0F5A83040
:107A5000A5F18040B0F5AA3005D040F219321BA143
:107A600029A001F017F9012C18BF802C20D0402C40
:107A700018BF202C1CD0102C18BFB4F5807F17D055
:107A8000B4F5007F09D0082C1CBF042C022C0FD0A9
:107A900040F21A320DA123A008E0BD421CBF4545AB
:107AA0004D4505D040F21E3208A125A001F0F2F8A4
:107AB0002888204218BF01263046BDE8F087000024
:107AC0000038014000440040004800402E2E5C6613
:107AD00069726D776172655C6E3332673435785FD9
:107AE0007374645F7065726970685F6472697665EB
:107AF000725C7372635C6E3332673435785F7573B2
:107B00006172742E6300000049535F555341525413
:107B10005F414C4C5F5045524950482855534152A3
:107B20005478290049535F55534152545F464C41A4
:107B3000472855534152545F464C414729000000A5
:107B400049535F55534152545F3132335F50455270
:107B50004950482855534152547829002DE9F0479F
:107B6000DFF8F4800026DFF8F490DFF8F4A00C468C
:107B70000546404518BF4D451AD055451CBFA5F1D7
:107B80008040B0F5984013D0A5F18040B0F5A040FA
:107B90001FBFA5F18040B0F5A830A5F18040B0F539
:107BA000AA3005D040F26B322EA13DA001F072F850
:107BB000282C34D0A4F5E06040F66A1727381CBFA3
:107BC000A4F5C060B0F126001CD0A4F5A060253853
:107BD0001CBFA4F58060B0F1240013D0A4F50060B0
:107BE000463818BFBC420DD0B4F5587F1CBFB4F561
:107BF000187FB4F5B07F12D04FF45B7219A12FA09B
:107C000001F048F8BC420AD145451CBF4D455545D9
:107C100005D04FF45C7213A12FA001F03BF804F0E3
:107C20001F000122C4F3421102FA00F0012904BF2F
:107C3000A989084004D002290CBF298AA98A0840D2
:107C4000210A02FA01F12A88114000281CBF0029EC
:107C500001263046BDE8F08700380140004400406E
:107C6000004800402E2E5C6669726D776172655C1B
:107C70006E3332673435785F7374645F7065726930
:107C800070685F6472697665725C7372635C6E3390
:107C900032673435785F75736172742E630000004B
:107CA00049535F55534152545F414C4C5F504552CC
:107CB00049504828555341525478290049535F553B
:107CC000534152545F4745545F494E5428555341E0
:107CD00052545F494E54290049535F555341525401
:107CE0005F3132335F504552495048285553415215
:107CF000547829002DE9F047604EDFF88491DFF8D1
:107D000084A1614FDFF8848186B00D460446B042FD
:107D100018BF4C4513D054451CBFA4F18040B0F5AA
:107D200098400CD0A4F18040B0F5A0401CBFBC42EC
:107D3000444504D0C42256A164A000F0ABFF2868DB
:107D40006949401E884204D3C52251A167A000F0B2
:107D5000A1FFA888002818BFB0F5805F04D0C62214
:107D60004BA16EA000F096FFE888002818BFB0F580
:107D7000805F0AD0B0F5005F18BFB0F5405F04D057
:107D8000C72243A172A000F085FF288900281CBFEC
:107D9000B0F5806FB0F5C06F04D0C8223CA178A0C8
:107DA00000F078FF688930F00C0100D120B9C922B9
:107DB00037A17EA000F06EFFA889002818D0B0F58A
:107DC000807F1CBFB0F5007FB0F5407F06D0CA228F
:107DD0002FA1804800F05EFFA88948B1B4421CBFC3
:107DE0004C45544504D0CE2229A17BA000F052FF7F
:107DF000208A4CF6FF710840E98808432082A08958
:107E00004EF6F3110840A9882A8911436A89104364
:107E10000843A081A08A4FF6FF410840A989084382
:107E2000A0826846FDF7A2FAB44218BFBC4203D054
:107E3000444518BF029800D103986E4A00EBC00178
:107E400001EB001029686FF0180C8900B0FBF1F00D
:107E5000A2FB0031490909010B0903FB0CF300EBFC
:107E60008300322303EB0010A2FB0020C0F3431079
:107E70000843208106B0BDE8F087000000380140CB
:107E800000440040004800400050014000540140C0
:107E90002E2E5C6669726D776172655C6E33326737
:107EA0003435785F7374645F7065726970685F649D
:107EB00072697665725C7372635C6E3332673435F7
:107EC000785F75736172742E6300000049535F55CB
:107ED000534152545F414C4C5F50455249504828E1
:107EE000555341525478290020AA440049535F5504
:107EF000534152545F4241554452415445285553D1
:107F00004152545F496E69745374727563742D3EA7
:107F100042617564526174652900000049535F55E0
:107F2000534152545F574F52445F4C454E4754485B
:107F30002855534152545F496E6974537472756386
:107F4000742D3E576F72644C656E6774682900002B
:107F500049535F55534152545F53544F5042495413
:107F6000532855534152545F496E69745374727566
:107F700063742D3E53746F7042697473290000005E
:107F800049535F55534152545F5041524954592807
:107F900055534152545F496E6974537472756374DA
:107FA0002D3E5061726974792900000049535F5574
:107FB000534152545F4D4F44452855534152545FED
:107FC000496E69745374727563742D3E4D6F6465A8
:107FD00029000000DCBC000849535F55534152544E
:107FE0005F3132335F504552495048285553415212
:107FF000547829001F85EB5110B50446A0F180404C
:10800000B0F59C301CBFA4F18040B0F588401DD075
:10801000A4F18040B0F590401CBFA4F18040B0F5C1
:10802000984013D0A4F18040B0F5A0401FBFA4F148
:108030008040B0F5A830A4F18040B0F5AA3005D05A
:1080400040F2512203A112A000F024FEA088C0F348
:10805000080010BD2E2E5C6669726D776172655CDA
:108060006E3332673435785F7374645F706572693C
:1080700070685F6472697665725C7372635C6E339C
:1080800032673435785F75736172742E6300000057
:1080900049535F55534152545F414C4C5F504552D8
:1080A00049504828555341525478290070B5044628
:1080B000A0F180400D46B0F59C301CBFA4F180407B
:1080C000B0F588401DD0A4F18040B0F590401CBFB1
:1080D000A4F18040B0F5984013D0A4F18040B0F5F1
:1080E000A0401FBFA4F18040B0F5A830A4F18040AB
:1080F000B0F5AA3005D04FF4107208A116A000F018
:10810000C9FDB5F5007F05D340F2412203A119A0B6
:1081100000F0C0FDC5F30800A08070BD2E2E5C6687
:1081200069726D776172655C6E3332673435785F82
:108130007374645F7065726970685F647269766594
:10814000725C7372635C6E3332673435785F75735B
:108150006172742E6300000049535F5553415254BD
:108160005F414C4C5F50455249504828555341524D
:108170005478290049535F55534152545F44415448
:1081800041284461746129002DE9F0410E00054643
:108190004FF0000414BF094FBDE8F081295D384657
:1081A000FFF784FF80213846FFF734FC0028F9D020
:1081B000601C84B2B442F1D3BDE8F08100440040B9
:1081C00010B5184C002058212278012A18BF10BD84
:1081D000B4F802C0BCF1170F08BFACF1010211D115
:1081E0002318401C1B79C0B2194489B28242F7DCC3
:1081F000C8430D49C0B21CF80110814204BF201DC4
:10820000F8F712FE002062880146002A06D92218DB
:10821000401C11716288C0B28242F8D8618021701E
:1082200010BD0000EE070020F10700202DE9F04707
:108230001D4E3078012818BFBDE8F0874FF400616B
:10824000DFF868904846FAF74BFD7588371D002423
:10825000002D88BFDFF858800DD9395D4046FFF703
:1082600025FF80214046FFF7D5FB0028F9D0601C90
:1082700084B2AC42F1D3642000F096FD4FF400616B
:108280004846FAF7C3FC002072880146002A06D946
:108290003218401C11717288C0B28242F8D87180C5
:1082A0003170BDE8F08700009C0300200008014009
:1082B000004800402DE9F0410E0005464FF0000453
:1082C00014BF094FBDE8F081295D3846FFF7EEFE87
:1082D00080213846FFF79EFB0028F9D0601C84B24D
:1082E000B442F1D3BDE8F081004C0040FEE700004D
:1082F000024901200870032000F01AB8EE070020A0
:10830000024901200870052000F012B89C030020EB
:1083100000200649024601EBC00341F83020401C12
:10832000C0B25A601228F6D3FEF7D4BE0C03002068
:10833000034A002142F8301002EBC0004160704750
:108340000C030020034B43F8301003EBC0004260E5
:10835000704700000C03002070B50A4D002455F84A
:10836000340048B1411E05EBC40045F834104068A4
:1083700010B1002908BF8047601CC4B2122CEED394
:1083800070BD00000C0300200FB4054B10B503A90D
:10839000044A029800F0E2F810BC5DF814FB0000FB
:1083A000D98D0008EC0200200FB4084B10B504A9C9
:1083B00002AA039800F0D2F8044602A9002000F0B7
:1083C00064FC204610BC5DF814FB00008B8C000898
:1083D00000487047F802002002E008C8121F08C1D8
:1083E000002AFAD170477047002001E001C1121F36
:1083F000002AFBD1704700002DE9FF5FDDE9022074
:10840000010DDDF838B0024318D044F61050A1F247
:10841000FF3141430D140F98012820D0A5EB0B002C
:10842000401C5FEA000A4FF00004474EDFF81C9141
:10843000A046504616D5CAF1000728E00F9801243F
:1084400043A2012808D0002100980F9BC0E9002119
:10845000C0E90243BDE8FF9F6FEA0B01F4E7CBF1EF
:108460000000DEE7074612E0F80707D02246334651
:1084700040464946F7F714FF804689462246334670
:1084800010461946F7F70CFF04460E467F10002FE2
:10849000EAD1DDE90201BAF1000F42464B4602DAA9
:1084A000F7F7FEFE01E0F8F737F904460E46002222
:1084B000284BF8F7B9F903D84FF0FF30014607E031
:1084C0000022254B20463146F8F77FF8F8F793F95C
:1084D000102409E0002C0ADB0A220023F7F79FFF93
:1084E000019B30321A55641E50EA0102F2D1641C1D
:1084F000019AC4F1110314440F9A012A03D00122F6
:1085000008430DD10AE0084304D000204FF0110BBE
:108510000F9080E7A3EB0B056D1E0DE05B4504DDBE
:108520004FF0000205F1010504E003DA4FF000020C
:10853000A5F10105002AECD000980F99C0E902319D
:10854000C0E9004586E70000000024400000F03F3D
:10855000300000000000F0430000E03F2DE9FF4F35
:1085600095B09B468946064600250FE2252877D11F
:1085700000242746F84A0121059400E0044316F838
:10858000013F203B01FA03F01042F7D130782A284E
:1085900011D06FF02F033078A0F13002092A16D8DD
:1085A000059A44F0020402EB820203EB42021044FB
:1085B000761C0590EFE759F8042B0592002A03DAA0
:1085C000504244F40054059044F00204761C307884
:1085D0002E2816D116F8010F44F004042A280DD0D5
:1085E0006FF02F023078A0F13003092B09D807EB88
:1085F000870302EB4303C718761CF3E759F8047BA3
:10860000761C30786C280FD006DC4C2817D06828F0
:108610000DD06A2814D104E0742810D07A280FD124
:108620000DE044F400140AE044F4801401E044F442
:1086300040147278824202D104F58014761C761CB4
:10864000307866280BD013DC582877D009DC002856
:1086500075D04528F6D04628F4D047281AD19DE198
:1086600018E0632835D0642879D0652812D195E1C7
:10867000702873D008DC6728F1D069286FD06E2885
:108680000DD06F2806D1B5E073282CD0752875D091
:10869000782874D05A46179990476D1C75E1C4F339
:1086A0000250022809D003280DD0D9F80010042860
:1086B0000DD00D6009F1040967E1D9F80010EA173F
:1086C000C1E90052F6E7D9F800100D80F2E70D700D
:1086D000F0E719F8041B8DF8001000208DF8010058
:1086E000EA46012003E059F804AB4FF0FF30610780
:1086F0004FF0000102D40DE008F101018846B942B3
:108700000FDA8045F8DB1AF808100029F4D108E0E8
:1087100008F1010188468142FADB1AF808100029A5
:10872000F6D105985B46A0EB080721463846179A14
:1087300000F094FA284400EB080507E04DE029E139
:108740000DE01AF8010B5A4617999047B8F1010845
:10875000F7D25B4621463846179A13E142E00A22D7
:108760000092C4F302524FF0000A022A08D059F8CE
:1087700004CB032A4FEAEC710AD00DE029E02AE08D
:1087800009F1070121F00702F2E802C1914609E070
:108790000FFA8CFC4FEAEC71042A03D14FFA8CFCDF
:1087A0004FEAEC71002907DA0A460021DCF1000CDF
:1087B00061EB02012D2202E0220504D52B228DF867
:1087C0000420012203E0E20701D02022F7E79046CF
:1087D00059E00A2102E010220DE010214FF0000ABA
:1087E00000910BE010224FF0000A44F00404082727
:1087F000009203E008224FF0000A0092C4F30252F4
:10880000022A05D059F804CB0021032A08D009E038
:1088100009F1070121F00702F2E802C1914605E0E3
:108820001FFA8CFC042A01D10CF0FF0C4FF0000859
:10883000220728D5702806D0009B83F0100353EA46
:108840000A0305D00EE040228DF80420012208E042
:108850005CEA010206D030228DF804208DF8050074
:1088600002229046009B83F0080353EA0A030AD1D0
:108870005CEA010201D1620705D530228DF804209F
:108880004FF001087F1E582804D034A003900EA892
:1088900002900DE036A0F9E753466046009AF7F7DC
:1088A000BEFD84460398825C0298401E02900270CE
:1088B0005CEA0100F0D1029806A9081A00F1200A2A
:1088C000600702D524F4803400E00127574502DD1B
:1088D000A7EB0A0000E0002000EB0A0100900598D9
:1088E0004144401A0590E00306D45B462146179A9E
:1088F000059800F0B3F90544002706E001A85A46A0
:10890000C05D179990476D1C7F1C4745F6DBE0035F
:108910000CD55B462146179A059800F09FF905444F
:1089200004E030205A46179990476D1C0099481E64
:1089300000900029F5DC08E0029802995A46007878
:10894000491C0291179990476D1CBAF10001AAF1D8
:10895000010AF1DC65E10000092801003031323301
:10896000343536373839616263646566000000006B
:108970003031323334353637383941424344454655
:108980000000000000F058F90544761C30780028FB
:108990007FF4ECAD19B02846BDE8F08F620700D433
:1089A000062709F1070222F0070CFCE80223E14642
:1089B00003F000485FEA080C02D00FF2702C0DE0C3
:1089C0005FEA045C02D50FF2682C07E05FEAC47C22
:1089D00002D00FF2602C01E0AFF2700C4FF0FF38C4
:1089E00023F00043CDF850C065280CD006DC4528A4
:1089F00009D046281DD047283DD13DE0662818D033
:108A000067287ED138E00021112F01DB112000E022
:108A1000781CCDE9000106A90EA8FFF7EDFCDDE901
:108A20000F010E9A03910021009207F1010A0491AF
:108A30004DE04FF000400097CDE9011006A90EA8C7
:108A4000FFF7DAFCDDE90F0203920E9B1199002279
:108A5000DDF80CA00093049211B9791C00EB010A17
:108A6000B7EB0A0004D4C0F1FF3007F1010A04900B
:108A7000AAEB0700019044E0012F00DA0127002152
:108A8000112F01DD112000E03846CDE9000106A9D3
:108A90000EA8FFF7B1FCDDE90F010E9A039100214A
:108AA00004910092BA4621070CD40399514500DA8B
:108AB0008A46BAF1010F05DD009AAAF10101515C65
:108AC000302908D0B84202DA10F1040F06DA012189
:108AD000CDE9011015E0AAF10101E9E7002805DC64
:108AE000049901440491AAEB000102E0411C5145A4
:108AF00000DD8A460499401A401C01904FF0004066
:108B00000290200704D40198504501DBCDF8048081
:108B100000208DF84F0002980DF14F07B0F1004F83
:108B200025D02B200E9002984FF0020800280CDA76
:108B3000404202902D200E9007E00A210298F7F79C
:108B400058FC3031029007F8011DB8F10001A8F17E
:108B50000108F2DC02980028EFD1791E0E98087007
:108B6000307800F0200040F0450007F8020D12A810
:108B7000C01B00F107081498007800B1012000EB39
:108B80000A01019801EBE07105984144401A401E2A
:108B90000590E00306D45B462146179A059800F03D
:108BA0005DF805441498007818B15A461799904713
:108BB0006D1CE00324D55B462146179A059800F00A
:108BC0004DF805441CE00498002807DBDDE90301AB
:108BD000884203DD0098405C179901E01799302026
:108BE0005A469047049805F10105401C04900198ED
:108BF000401E019004D12E205A46179990476D1CB3
:108C0000BAF10001AAF1010ADDDC05E017F8010B59
:108C10005A46179990476D1CB8F10001A8F1010858
:108C2000F4DC5B462146179A0598ABE62D00000060
:108C30002B000000200000002DE9F0410446002533
:108C40001E461746880404D405E039462020B04764
:108C50006D1C641EF9D52846BDE8F0812DE9F04170
:108C6000044600251E469046C80301D5302700E083
:108C70002027880404D505E041463846B0476D1CDE
:108C8000641EF9D52846BDE8F0810A68531C0B60C4
:108C90001070704713460A46014602A0FFF774FBA6
:108CA000FEE70000617373657274696F6E20666120
:108CB000696C65643A2060257360206174202573B7
:108CC0003A25640000F00F03000900EB800003EB7D
:108CD0004000C0B200F5FA63080901F00F0C00EB88
:108CE00080000CEB4000110902F00F0CC0B201EB48
:108CF00081010CEB4101421EC9B20C2A02D209B11A
:108D00001F2901D900207047012818BF022803D16C
:108D10000C305A1EC0B293B2421C02EB420240F227
:108D2000676C12FB0CF201EB400000EB52304AF290
:108D3000D731184401FB031100EB9300A0EB9150D5
:108D40004FF4C871B3FBF1F10844411C074B0846CE
:108D50000022C3FB01208210A2EBE070A0EBC00058
:108D6000084410F0FF0008BF072070479324499281
:108D7000FF2330B41A46B1F1010C24BF084C04F5AE
:108D8000807508D310F8011B5940635C53406A5C3E
:108D9000BCF1010CF6D203480270437030BC70473E
:108DA000DA0000206E0000200022002898BF7047E3
:108DB00046F2A811491EFDD1521C8242F8D37047D9
:108DC0000022002898BF70471921491EFDD1521C6E
:108DD0008242F9D37047000070B5074D0446C1B216
:108DE0002846FFF763F980212846FEF713FE002886
:108DF000F9D0204670BD00000050004010B500289A
:108E000021D0114B0022001F196803E0814203D8D2
:108E10000A4649680029F9D152B11368841A9C4264
:108E200004D1006818441060104602E0506000E071
:108E3000186039B102680B1A934203D10B681A44C7
:108E400002604968416010BDF0020020014840788E
:108E500070470000DA0200200148007870470000E7
:108E60003C00002000B587B06846FCF77FFA01217E
:108E700040F2FD10FCF7E0F901214FF46020FCF70F
:108E80007BF94FF44070FBF7E9FC0420FDF7D6F9BD
:108E90000B4901980B4BA1FB001040090022401E1A
:108EA000B0F1807F08D24FF0E0214861F02083F8D4
:108EB000140D8A610720086183F8142D07B000BDE6
:108EC0001F85EB510FE000E030B585B00424ADF80C
:108ED000104018208DF813000320194D8DF8120052
:108EE00004A92846F9F7E8FC0821ADF81010012183
:108EF0008DF812108DF8134004A92846F9F7DCFC10
:108F00004FF4165000900020ADF80400ADF80600B4
:108F1000ADF80800ADF80C000C200A4CADF80A00C2
:108F200069462046FEF7E6FE012240F22551204622
:108F3000FEF71AFC01212046FEF7F4FC05B030BD17
:108F4000000801400044004010B586B04FF4806036
:108F5000ADF8100018208DF813000320194C8DF87F
:108F6000120004A92046F9F7A7FCE114ADF810108F
:108F700001218DF8121004218DF8131004A9204648
:108F8000F9F79AFC4FF4165000900020ADF8040059
:108F9000ADF80600ADF80800ADF80C000C200A4C46
:108FA000ADF80A0069462046FEF7A4FE012240F211
:108FB00025512046FEF7D8FB01212046FEF7B2FCE2
:108FC00006B010BD000C01400048004010B586B04E
:108FD0004FF48060ADF8100018208DF813000320C6
:108FE000194C8DF8120004A92046F9F765FCE1142C
:108FF000ADF8101001218DF8121004218DF8131016
:1090000004A92046F9F758FC4FF4E1300090002005
:10901000ADF80400ADF80600ADF80800ADF80C009E
:109020000C200A4CADF80A0069462046FEF762FEA5
:10903000012240F225512046FEF796FB01212046F1
:10904000FEF770FC06B010BD00100140004C00405F
:1090500010B586B001213120FCF7EEF8012108059A
:10906000FCF78AF84FF48050ADF8100018208DF806
:10907000130003208DF8120004A91648F9F71CFC10
:109080000420ADF810008DF8130004A91248F9F778
:1090900013FC4FF4E13000900020ADF80400ADF86F
:1090A0000600ADF80800ADF80C0008200B4CADF838
:1090B0000A0069462046FEF71DFE012240F22551B6
:1090C0002046FEF751FB01212046FEF72BFC2088AD
:1090D00006B010BD001001400014014000500040D7
:1090E00026480178012918BF704710B5002101708A
:1090F000FFF7B2FE012803D0BDE81040FDF796B996
:109100000220FBF70BFA002818BF10BD0021042035
:10911000FBF720FA00210420F8F714FE0020F8F7EE
:109120002BF80120FBF7FAF9012811D00120FCF7F8
:1091300033FF0120F8F7D8F801210846FBF70AFAB7
:1091400001210846F8F7FEFDBDE81040FBF760B9C5
:109150000020FCF721FF0020F8F7C6F800210120CD
:10916000FBF7F8F909210A20FBF70AFA0021012090
:10917000F8F7E8FDBDE81040FBF74AB96A000020A7
:1091800001490120087070476A00002070B584B062
:109190000425214EADF8005048248DF8034069465F
:1091A0003046F9F789FB02210120F8F7A3FF0020E0
:1091B0008DF80C000C208DF80D0001208DF80E00AC
:1091C000029502A8F8F7D6FC1020ADF80000134D68
:1091D0008DF8034069462846F9F76EFB4020ADF84C
:1091E00000008DF8034069462846F9F765FB20200A
:1091F000ADF800008DF8034069460948F9F75CFBBB
:109200000220ADF800008DF8034069463046F9F7BA
:1092100053FB04B070BD0000000C01400008014089
:1092200000100140FFF75CBFF8B52020ADF800004A
:109230001025214E8DF8035001248DF80240694617
:109240003046F9F739FB20213046F9F749FD1B4A32
:109250004FF4FA710120FFF775F88021ADF8001086
:109260008DF803508DF8024069463046F9F724FB2B
:1092700080213046F9F734FDADF80050104E8DF8DE
:1092800003508DF8024069463046F9F715FB10216E
:109290003046F9F725FDADF800408DF803508DF804
:1092A0000240084C69462046F9F706FB012120469A
:1092B000F9F716FDF8BD000000080140F13A00087A
:1092C00000100140000C0140014901204870704726
:1092D000DD020020F7F7DAFEF8F74EF9F9F70CFE99
:1092E000F7F736FFFCF734F9FDF752FDFAF71CFBF0
:1092F000F9F7D0FDF4E70000F0B50B30154D20F084
:1093000007010024144A0FE003688B420BD38B4201
:1093100005D95E1A43184768C3E9006700E043684F
:10932000136002C004E0021D10680028ECD1204642
:10933000002802D1286808B10020F0BD064A07487D
:109340001060074A121A22F00702C0E90024012027
:109350002860D7E7F4020020F00200206C190020FA
:10936000682900200149012008707047DD020020B3
:109370000149012008717047DD02002001490120E8
:1093800088707047DD02002010B500218F20F7F7AC
:1093900078FB00219020F7F774FB00219120F7F76C
:1093A00070FB00219220F7F76CFBF8F727FE0021F5
:1093B0000420F7F766FB01210520F7F762FB002187
:1093C0000620F7F75EFB01210720F7F75AFB002183
:1093D0000820F7F756FBBDE81040F8F7DCBC0000AA
:1093E0000000010203040102030406070809010248
:1093F0000406080A0C102020202020202020010034
:1094000002000400060008000A000C001000200002
:109410004000800000010001000100010001303126
:1094200032333435363738394142434445460000FB
:10943000000000000000000000000000040404041C
:1094400004000004000014140A00000000000000E2
:10945000000000000A0A1F0A0A1F0A0A000000048E
:109460000E1505060C14150E0400000012150D153E
:109470002E2C2A1200000000040A0A36151529169F
:1094800000000202010000000000000000001008BF
:10949000080404040404080810000204040808086E
:1094A00008080404020000000004150E0E15040054
:1094B000000000000008083E08080000000000004E
:1094C0000000000000000202010000000000003F58
:1094D000000000000000000000000000000000028A
:1094E000000000201010080804040202010000001F
:1094F0000E1111111111110E0000000004060404D8
:109500000404040E000000000E1111080402011FE3
:10951000000000000E11100C1010110E00000000D1
:10952000080C0C0A091F081C000000001F01010F95
:109530001110110E000000000C12010D1311110E7C
:10954000000000001E1008080404040400000000CD
:109550000E11110E1111110E000000000E11111943
:1095600016100906000000000000040000000004BE
:1095700000000000000000040000000404000000DF
:1095800010080402020408100000000000003F0060
:109590003F00000000000000020408101008040250
:1095A000000000000E111108040400040000000077
:1095B0001C22292D2D1D221C0000000004040C0A71
:1095C0000A1E1233000000000F12120E1212120FA8
:1095D000000000001E1101010101110E0000000039
:1095E0000F1212121212120F000000001F120A0EA8
:1095F0000A02121F000000001F120A0E0A020207D0
:10960000000000001C1201013911120C00000000C2
:109610003312121E12121233000000001F04040441
:109620000404041F000000003E0808080808080899
:109630000907000037120A060A121237000000005C
:10964000070202020202223F000000003B1B1B1B1C
:1096500015151535000000003B1216161A1A1217C0
:10966000000000000E1111111111110E0000000078
:109670000F12120E02020207000000000E1111115B
:109680001117190E180000000F12120E0A121237CD
:10969000000000001E1101060810110F000000005C
:1096A0001F1504040404040E0000000033121212FB
:1096B0001212120C000000003312120A0A0C0404E9
:1096C00000000000151515150E0A0A0A000000001A
:1096D0001B0A0A04040A0A1B000000001B0A0A0AEB
:1096E0000404040E000000001F0908040402121FF5
:1096F00000001C0404040404040404041C0000020C
:10970000020404040808081010000E0808080808DD
:10971000080808080E00040A00000000000000000D
:10972000000000000000000000000000003F0204F4
:109730000000000000000000000000000000000C1D
:10974000121C123C000000030202020E1212120E42
:10975000000000000000001C1202120C00000018A3
:109760001010101C1212123C000000000000000C2F
:10977000121E021C000000182404041E0404041E0F
:10978000000000000000003C120C021C221C000320
:109790000202020E1212123700000004040000063A
:1097A0000404040E000000080800000C0808080863
:1097B000080700030202021A0A060A130000000743
:1097C000040404040404041F000000000000000F4F
:1097D00015151515000000000000000F12121237B9
:1097E000000000000000000C1212120C000000002B
:1097F0000000000F1212120E020700000000001CF1
:109800001212121C103800000000001B0602020792
:10981000000000000000001E020C101E00000000EE
:109820000004041E0404041C000000000000001BCF
:109830001212123C000000000000001B0A0A04047F
:109840000000000000000015150E0A0A00000000CC
:109850000000001B0A040A1B000000000000003387
:1098600012120C08040300000000001E0804041E6D
:10987000000018080808080C08080808180008085C
:10988000080808080808080808080604040404086A
:109890000404040406001609000000000000000093
:1098A00000000000000000000000000000000000B8
:1098B0000000000000080808080808080000181840
:1098C000000000486C2412000000000000000000AE
:1098D00000000000002424247F1212127F121212B2
:1098E00000000000081C2A2A0A0C1828282A2A1C12
:1098F000080800000022251515152A585454542232
:1099000000000000000C1212120A76252911916E37
:109910000000000606040300000000000000000034
:109920000000004020101008080808080810102047
:10993000400000020408081010101010100808045D
:1099400002000000000008086B1C1C6B08080000E7
:10995000000000000000080808087F080808080048
:1099600000000000000000000000000000000606EB
:1099700004030000000000000000FE0000000000E2
:1099800000000000000000000000000000000606CB
:10999000000000008040402020101008080404024D
:1099A000020000000018244242424242424224186F
:1099B0000000000000080E08080808080808083E13
:1099C00000000000003C4242422020100804427E79
:1099D00000000000003C4242201820404042221C6F
:1099E0000000000000203028242422227E2020783D
:1099F00000000000007E0202021A26404042221CA3
:109A00000000000000382402021A264242422418B4
:109A100000000000007E2222101008080808080834
:109A200000000000003C4242422418244242423CD2
:109A30000000000000182442424264584040241CA8
:109A400000000000000000001818000000001818B6
:109A500000000000000000000008000000000008F6
:109A600008040000004020100804020408102040F0
:109A700000000000000000007F0000007F000000E8
:109A8000000000000002040810204020100804021A
:109A900000000000003C4242464020101000181810
:109AA00000000000001C225A555555552D42221C1D
:109AB00000000000000808181414243C224242E769
:109AC00000000000001F2222221E22424242221FCA
:109AD00000000000007C4242010101010142221C01
:109AE00000000000001F2242424242424242221F26
:109AF00000000000003F4212121E12120242423FBA
:109B000000000000003F4212121E12120202020761
:109B100000000000003C2222010101712122221CD0
:109B20000000000000E7424242427E42424242E7D9
:109B300000000000003E0808080808080808083E61
:109B400000000000007C10101010101010101010F9
:109B5000110F0000007722120A0E0A121222227739
:109B60000000000000070202020202020202427F1D
:109B7000000000000077363636362A2A2A2A2A6B59
:109B80000000000000E346464A4A525252626247D1
:109B900000000000001C2241414141414141221C82
:109BA00000000000003F424242423E020202020721
:109BB00000000000001C2241414141414D53321C34
:109BC00060000000003F4242423E1212222242C781
:109BD00000000000007C4242020418204042423E45
:109BE00000000000007F4908080808080808081C51
:109BF0000000000000E74242424242424242423CF0
:109C00000000000000E7424222242414141808082F
:109C100000000000006B494949495555362222226F
:109C20000000000000E7422424181818242442E70A
:109C30000000000000772222141408080808081CFD
:109C400000000000007E2120101008040442423F62
:109C5000000000780808080808080808080808082C
:109C600078000000020204040808081010202020D8
:109C70004040001E10101010101010101010101086
:109C80001E0000384400000000000000000000003A
:109C900000000000000000000000000000000000C4
:109CA00000FF0006080000000000000000000000A7
:109CB0000000000000000000003C4278444242FCEA
:109CC0000000000000030202021A26424242261A45
:109CD0000000000000000000003844020202443886
:109CE000000000000060404040784442424264D896
:109CF0000000000000000000003C427E0202423CE6
:109D00000000000000F08808087E08080808083EE7
:109D10000000000000000000007C22221C023C42E7
:109D2000423C000000030202023A4642424242E73D
:109D300000000000000C0C00000E08080808083E97
:109D400000000000003030000038202020202020BB
:109D5000221E0000000302020272120A161222776B
:109D600000000000000E0808080808080808083E5F
:109D70000000000000000000007F9292929292B7D3
:109D80000000000000000000003B4642424242E763
:109D90000000000000000000003C42424242423C01
:109DA0000000000000000000001B26424242221E6C
:109DB000020700000000000000784442424244785C
:109DC00040E000000000000000774C040404041F81
:109DD0000000000000000000007C42023C40423EC7
:109DE0000000000000000008083E080808080830CD
:109DF000000000000000000000634242424262DCBA
:109E0000000000000000000000E7422424140808BD
:109E1000000000000000000000EB494955552222D7
:109E20000000000000000000007624181818246EBE
:109E3000000000000000000000E74224241418087D
:109E40000807000000000000007E22100808447E81
:109E5000000000C0202020202010202020202020D2
:109E6000C000101010101010101010101010101052
:109E70001010000608080808081008080808080854
:109E800006000C32C20000000000000000000000CC
:109E900000000000000000000000000000000000C2
:109EA00000000000000000000000000000000000B2
:109EB00000000000000000000000000000000000A2
:109EC0000000000000000000000060006000600072
:109ED0006000600060006000400020002000200062
:109EE0000000000000006000600060000000000052
:109EF0000000000000006006600630039801880042
:109F0000440000000000000000000000000000000D
:109F10000000000000000000000000000000000041
:109F200000000000000000000000100210021002FB
:109F30001002FE07FE0708020801080108010801D7
:109F4000FE07FE07040104010401040100000000F3
:109F5000000000000000000040004000F001580335
:109F60004C03CC034C0058007000E000C001C0015D
:109F700040034C035C034C034801F00040004000E8
:109F8000000000000000000000000E010A01910026
:109F900091009100510051003A00AE03A00250041C
:109FA000500448044804480484028403000000006C
:109FB0000000000000000000000038006C006C0091
:109FC0006C006C006C002C0098071C011A01330116
:109FD00033016301E300C308C6093C070000000029
:109FE0000000000000000C001C0010001000080021
:109FF000040000000000000000000000000000005D
:10A000000000000000000000000000000000000050
:10A010000000000000000004000200018000800039
:10A0200040004000200020002000200020002000F0
:10A030002000400040008000800000010002000479
:10A0400000000000000002000400080010001000E2
:10A050002000200040004000400040004000400040
:10A060004000200020001000100008000400020042
:10A0700000000000000000000000000000004000A0
:10A08000C0004000460C4E0FD001F0015E0F460CA0
:10A090004000400040000000000000000000000000
:10A0A00000000000000000000000000000000000B0
:10A0B00040004000400040004000FE0F40004000D3
:10A0C00040004000400000000000000000000000D0
:10A0D0000000000000000000000000000000000080
:10A0E0000000000000000000000000000000000070
:10A0F0000000000000000C001C0010001000080010
:10A10000040000000000000000000000000000004B
:10A1100000000000000000000000FE07000000003A
:10A12000000000000000000000000000000000002F
:10A13000000000000000000000000000000000001F
:10A14000000000000000000000000000000000000F
:10A150000000000000001C001C001C0000000000AB
:10A1600000000000000000040006000200030001DF
:10A1700000018000800040004000600020002000BE
:10A1800010001000080008000C0004000600020087
:10A19000000000000000000000000000F000980136
:10A1A0000C030C0306060606060606060606060649
:10A1B000060606060C030C039801F00000000000E0
:10A1C00000000000000000000000000040007C00D3
:10A1D000600060006000600060006000600060007F
:10A1E00060006000600060006000FC030000000090
:10A1F000000000000000000000000000F8008401E2
:10A20000020306030603000300018001C000600092
:10A2100020001000080204020602FE0300000000F5
:10A220000000000000000000000000007800C600F0
:10A230008601860180018001C0007000800100015C
:10A2400000030003060306038601F8000000000077
:10A2500000000000000000000000000080018001FC
:10A26000C001A001A0019001880188018401820140
:10A27000FE0F8001800180018001E00700000000E6
:10A28000000000000000000000000000FC030400CB
:10A290000400040004000400F4008C010403000323
:10A2A00000030603060382018401F8000000000099
:10A2B000000000000000000000000000E0011803A2
:10A2C0000C030C0004000600E60116030E06060649
:10A2D0000606060604060C021803F0000000000043
:10A2E000000000000000000000000000F8070C065D
:10A2F00004020401000100018000800040004000D1
:10A30000400060006000600060006000000000002D
:10A31000000000000000000000000000F8010C0335
:10A320000606060606060C021C03F000C8010C0314
:10A3300006060606060606060C03F00100000000ED
:10A34000000000000000000000000000F0000C0110
:10A350000C03060206060606060606078C067806A5
:10A360000006000300030C018C01780000000000CF
:10A3700000000000000000000000000000000000DD
:10A38000000000000000E000E000E000000000002D
:10A39000000000000000E000E000E000000000001D
:10A3A00000000000000000000000000000000000AD
:10A3B00000000000000060006000000000000000DD
:10A3C000000000000000000060006000400020006D
:10A3D0002000000000000000000000040002000156
:10A3E0008000400020001000080004000800100059
:10A3F0002000400080000001000200040000000076
:10A40000000000000000000000000000000000004C
:10A41000000000000000FE07000000000000FE0732
:10A42000000000000000000000000000000000002C
:10A430000000000000000000000004000800100000
:10A440002000400080000001000200040002000122
:10A450008000400020001000080004000000000000
:10A46000000000000000000000000000E0031806EB
:10A47000040C040C0C0C0C0C000780014000400084
:10A48000400000000000E000E000E00000000000EC
:10A4900000000000000000000000E00018030C02B3
:10A4A000CC0564056605A605B604B604B604B60474
:10A4B000B602E4010C040C021803F00000000000D6
:10A4C00000000000000000000000000060006000CC
:10A4D0005000D00090009000880088010801F80129
:10A4E000040304030402020202060F0F000000002E
:10A4F000000000000000000000000000FE008C03CF
:10A500000C030C030C030C038C01FC000C030C0269
:10A510000C060C060C060C060C03FE0100000000E5
:10A52000000000000000000000000000E00318032D
:10A530000C060C04040406000600060006000600D3
:10A54000060006040C040C021803F00000000000D2
:10A550000000000000000000000000007F008C01EF
:10A560000C030C030C060C060C060C060C060C0661
:10A570000C060C060C030C038C017F00000000008D
:10A58000000000000000000000000000FF030603C0
:10A5900006040604060086008600FE00860086008B
:10A5A00086000600060406040602FF030000000001
:10A5B000000000000000000000000000FF03060390
:10A5C00006040604060086008600FE00860086005B
:10A5D000860006000600060006001F0000000000BE
:10A5E000000000000000000000000000F000180162
:10A5F0000C020C0204020600060006000600C60F4C
:10A60000060306030C030C031803F000000000000F
:10A610000000000000000000000000000F0F060610
:10A6200006060606060606060606FE0706060606D1
:10A63000060606060606060606060F0F00000000C0
:10A64000000000000000000000000000FC036000AB
:10A6500060006000600060006000600060006000FA
:10A6600060006000600060006000FC03000000000B
:10A67000000000000000000000000000F807C0001B
:10A68000C000C000C000C000C000C000C000C000CA
:10A69000C000C000C000C000C000C000C60066000E
:10A6A0003C0000000000000000000000CF03860115
:10A6B000C60046002600160036002E006E0046003A
:10A6C000C60086008601060106038F070000000011
:10A6D0000000000000000000000000001F00060055
:10A6E000060006000600060006000600060006003A
:10A6F00006000600060406040602FF030000000030
:10A7000000000000000000000000000007078603B2
:10A7100086038E038E034E034E034A035A035A03E5
:10A720003A033203320332031203870700000000AA
:10A730000000000000000000000000008E0F0C026E
:10A740001C021C0234023402640264024402C40289
:10A75000840284038403040304031F020000000036
:10A76000000000000000000000000000F000980160
:10A770000C030C0206060606060606060606060674
:10A78000060606060C020C039801F000000000000B
:10A79000000000000000000000000000FF000603B1
:10A7A000060606060606060606068603FE000600E0
:10A7B000060006000600060006001F00000000005C
:10A7C000000000000000000000000000F000980100
:10A7D0000C030C0206060606060606060606060614
:10A7E000060676064C02CC039801F00080070003B1
:10A7F000000000000000000000000000FF01060350
:10A8000006060606060606060603FE004600C60005
:10A81000860086010603060306060F0E00000000F0
:10A82000000000000000000000000000F8020C031F
:10A830000602060206000E003C00F800E00380035A
:10A8400000070206020606060C03F00100000000E5
:10A85000000000000000000000000000FE0762048D
:10A8600061086108600060006000600060006000D6
:10A8700060006000600060006000F80100000000FF
:10A880000000000000000000000000001E070C0295
:10A890000C020C020C020C020C020C020C020C0248
:10A8A0000C020C020C020C021801F0000000000067
:10A8B0000000000000000000000000000F0706027A
:10A8C000040104010C010C01880088009800980024
:10A8D00050005000700030002000200000000000F8
:10A8E000000000000000000000000000F70E6204FD
:10A8F00042044604460464026402E402E4029C0248
:10A900009C019801980188018800880000000000DF
:10A910000000000000000000000000009E070C0185
:10A92000080118019000B000600020006000600085
:10A93000D00090008801080104038E070000000089
:10A940000000000000000000000000000F0F0604DF
:10A9500004020C0208011801B800B0007000600089
:10A9600060006000600060006000F801000000000E
:10A97000000000000000000000000000FC070C02C6
:10A9800006030201800180004000400020002000FA
:10A990001000180008040C040402FE03000000006C
:10A9A000000000000000E003200020002000200044
:10A9B0002000200020002000200020002000200097
:10A9C0002000200020002000200020002000E003C4
:10A9D0000000000000000000000004000400080067
:10A9E000080010001000100020002000400040006F
:10A9F000C00080008000000100010002000200028F
:10AA00000004000000007C004000400040004000C6
:10AA10004000400040004000400040004000400036
:10AA200040004000400040004000400040007C00EA
:10AA3000000000006000900008010000000000001D
:10AA40000000000000000000000000000000000006
:10AA500000000000000000000000000000000000F6
:10AA600000000000000000000000000000000000E6
:10AA700000000000000000000000000000000000D6
:10AA800000000000000000000000000000000000C6
:10AA9000FF0F000000001800600000000000000030
:10AAA00000000000000000000000000000000000A6
:10AAB0000000000000000000000000000000000096
:10AAC0000000000000000000000000000000000086
:10AAD000000000000000F0010C030C030003E00381
:10AAE0001C030E03060306038E0B7C0E0000000001
:10AAF0000000000000000000000008000E000C0034
:10AB00000C000C000C00CC013C031C060C060C06CF
:10AB10000C060C060C060C021C03E40100000000ED
:10AB20000000000000000000000000000000000025
:10AB3000000000000000F0008C018C01860106007E
:10AB40000600060006020C020C01F00000000000E6
:10AB5000000000000000000000000002C00300032D
:10AB600000030003000378038C030C0306030603B1
:10AB700006030603060304038C07780100000000A7
:10AB800000000000000000000000000000000000C5
:10AB9000000000000000E001180308020C060C068B
:10ABA000FC070C000C0018041802E0010000000073
:10ABB000000000000000000000000000C00360066C
:10ABC000300630003000FE01300030003000300030
:10ABD00030003000300030003000FC010000000088
:10ABE0000000000000000000000000000000000065
:10ABF000000000000000F007D8068C018C018C01D9
:10AC00009801F8000C00FC00CC03060306038E0339
:10AC1000F800000000000000000008000E000C001A
:10AC20000C000C000C00EC011C030C030C030C03C7
:10AC30000C030C030C030C030C039E070000000024
:10AC40000000000000000000000000006000600044
:10AC50000000000040007C006000600060006000B8
:10AC600060006000600060006000FC030000000005
:10AC7000000000000000000000000000C001C00152
:10AC8000000000000001F0018001800180018001CE
:10AC90008001800180018001800180018001CC0061
:10ACA0007C00000000000000000008000E000C0006
:10ACB0000C000C000C008C038C008C004C006C0011
:10ACC0005C008C008C010C010C039E07000000004E
:10ACD0000000000000000000000040007C00600058
:10ACE0006000600060006000600060006000600064
:10ACF00060006000600060006000FC030000000075
:10AD00000000000000000000000000000000000043
:10AD10000000000000003707EE06660666066606BD
:10AD200066066606660666066606FF0F00000000F9
:10AD30000000000000000000000000000000000013
:10AD4000000000000000EE011C030C030C030C03C8
:10AD50000C030C030C030C030C039E070000000003
:10AD600000000000000000000000000000000000E3
:10AD7000000000000000F00098010C030606060623
:10AD80000606060606060C030C03F0000000000091
:10AD900000000000000000000000000000000000B3
:10ADA000000000000000EE011C030C060C060C065F
:10ADB0000C060C060C060C031C03EC010C000C002A
:10ADC0003E00000000000000000000000000000045
:10ADD00000000000000078028C030C030603060349
:10ADE00006030603060304038C0378030003000331
:10ADF000C00700000000000000000000000000008C
:10AE00000000000000009F035806380618001800D4
:10AE100018001800180018001800FF0000000000BB
:10AE20000000000000000000000000000000000022
:10AE3000000000000000F0031C030C020C023800AC
:10AE4000F000C003040304038C03FC0100000000B5
:10AE500000000000000000000000000000002000D2
:10AE6000200030003000FE013000300030003000A3
:10AE700030003000300030023002E00100000000FD
:10AE800000000000000000000000000000000000C2
:10AE90000000000008028E030C030C030C030C03DB
:10AEA0000C030C030C030C039C077801000000004A
:10AEB0000000000000000000000000000000000092
:10AEC0000000000000001E070C0208010801180124
:10AED0009000B000B00060006000200000000000A2
:10AEE0000000000000000000000000000000000062
:10AEF000000000000000F70E6204460464026402D1
:10AF0000EC029C01980198019801080000000000E3
:10AF10000000000000000000000000000000000031
:10AF2000000000000000BC0718011001B000600024
:10AF30006000E0009000080108039E070000000088
:10AF40000000000000000000000000000000000001
:10AF50000000000000009E070801080108019000A1
:10AF60009000B0006000600060002000200024001D
:10AF70001C000000000000000000000000000000B5
:10AF8000000000000000FC018401C40044006000D7
:10AF900020003000180208020C03FC010000000031
:10AFA000000000000000000380008000800080009E
:10AFB0008000800080008000400020004000800071
:10AFC00080008000800080008000800080000003FE
:10AFD00000004000400040004000400040004000B1
:10AFE0004000400040004000400040004000400061
:10AFF0004000400040004000400040004000400051
:10B000004000000000000C001000100010001000B4
:10B010001000100010001000200040002000100060
:10B0200010001000100010001000100010000C00A4
:10B03000000000001C002204C20480030000000085
:10B040000000000000000000000000000000000000
:10B0500000000000000000000000000000000000F0
:10B0600000000000000000000000000000000000E0
:10B0700000000000000001FFFF0000FFFF00008251
:10B0800004000082040000820400008204000082A8
:10B09000040000820400008204003FFFFFF81FFF4D
:10B0A000FFFC1082040C0082040C0082040C00825D
:10B0B000040C0082040C0082040C0082040C008248
:10B0C000040C01FFFE0C00FFFE0C0000000C000051
:10B0D000001C000001FC000000080000000000004F
:10B0E000000000000000000000020000000400005A
:10B0F00000180000007000000FC80FFFFF080FFFCE
:10B10000800808000008080100080801000808017C
:10B1100000080801000808010008080100080801EB
:10B1200000080BFFFFF809FFFFF80981000808017C
:10B1300000080801000808011008080118080801A3
:10B140000E08080307C8180303C8380100081800D0
:10B1500000180800001800000008000000000000AF
:10B160000000000000000000000000100200000CC1
:10B170000200000F033C080707FC06001F80078041
:10B18000700203038004000C000400300018020069
:10B190000030020407E00207FF80020E40000216A2
:10B1A00000000264000032C480021F847FFC1E8401
:10B1B0004000020400000204000002040000022417
:10B1C000FFFC021C7FEC020E0004060700040600D0
:10B1D0000004020000FC0000001C00000008000049
:10B1E00000000000000000000000010001800100DC
:10B1F00001C0010001800100018001000300010085
:10B20000030001FFFE0001FFFE0201000404010033
:10B2100004040100040803000818031008100110BA
:10B220000860001000C00010018000100F00001026
:10B23000FC103FFFE0101FF800081010000800107D
:10B24000000C0010000E0010000C001001FC001F8C
:10B25000FFF0003FE00000100000000000000000D0
:10B2600000000000000000000000000001000200DB
:10B270001100024039000260310002306100023CDE
:10B2800041000210810002010100020C3100021C89
:10B290003100023C71000268B10033C9A1001F8B6C
:10B2A0003FFE1E0E2FFC020C21000238A10002708E
:10B2B0006100022079000204310002090100021835
:10B2C00081000230C1000260C1000620710002004E
:10B2D0003300000003000000010000000000000037
:10B2E000000000000000000000000000000000005E
:10B2F00000020000000400000008000002080FF82F
:10B3000047100890E7300890C6600890CAE008919E
:10B310004BC008914A48089252080896520C089C63
:10B32000640E0FF467FC089047F80890C40008907A
:10B330008400089184000891A480089014C00890AB
:10B340001C4008900C601FF80E3008000738000001
:10B35000001C0000000000000000000000000000D1
:10B3600000000000000000040000000400000004D1
:10B3700000000004000020040000100400100C0F66
:10B38000FFF80F04003807000060000000C0000450
:10B39000018000040200000400000004000000041A
:10B3A00000000004000000040000000400003FFF53
:10B3B000FFFE1FFFFFFC100400000004000000045B
:10B3C0000000000400000004000000040000000C65
:10B3D0000000000C0000000400000000000000005D
:10B3E000000000000000000000000000000000005D
:10B3F00000000000000001FFFF0000FFFF000082CE
:10B400000400008204000082040000820400008224
:10B41000040000820400008204003FFFFFF81FFFC9
:10B42000FFFC1082040C0082040C0082040C0082D9
:10B43000040C0082040C0082040C0082040C0082C4
:10B44000040C01FFFE0C00FFFE0C0000000C0000CD
:10B45000001C000001FC00000008000000000000CB
:10B46000000000000000000000000040000000702C
:10B47000000000EFFFFE01A7FFFC032442000624AA
:10B4800042001C24420818244208102442080044A8
:10B49000420C0244420E01CFFFFC01E4000000F028
:10B4A000000000000000000000001FF87FF81FFEF1
:10B4B0007FFC0846020C0082020C0082040C018210
:10B4C0000C0C0302180C0702380C0202300C0006A8
:10B4D000100C003E01FC0004000800000000000009
:10B4E0000000000000000100000001038300010FC4
:10B4F00003000179020007C102003F010200193F69
:10B50000FFFE111FFFFE01110400010304000305EB
:10B51000040001090400001FFFFE0033FFFC00626D
:10B52000220000D2220003A222040F13FFFE3C17C8
:10B53000FFFC18120000141000000330000001F19D
:10B54000FFC800D000080060000C0030000E003B77
:10B55000FFFC001A000000100000001000000000B6
:10B5600000000000000000000000000000000000DB
:10B5700000000000000800011FFC01FF8FF801FF20
:10B580000008000100080001000800010008000197
:10B5900000080001000800010008000100083FFF4A
:10B5A000FFF81FFFFFF8100100080001000800016C
:10B5B0000008000100080001000800010008000167
:10B5C000000803FF800801FF9FFE01000FFE00003E
:10B5D0000800000000000000000000000000000063
:10B5E00000000000000000000000004020000040BB
:10B5F000301000406008004060080040400C0040EF
:10B60000C00E3FFFFFFC1FFFFFF80041000000419C
:10B61000000000C2000000C2000002400000020062
:10B6200000000200000002000010020000080200FA
:10B6300000080200000E03FFFFFC03FFFFFC0200F6
:10B6400000000200000002000000020000000600EE
:10B6500000000600000002000000000000000000E2
:10B6600000000000000000000000000100020401D2
:10B670000004040100040401000804010010040196
:10B680000020040100C00401038007FFFF0007FF42
:10B69000F80004010000040100000401000004019E
:10B6A0000000040100000401000004010000040186
:10B6B000000007FFFFFE07FFFFFC0401000004017C
:10B6C0000000040100000C0100001C0100000C033C
:10B6D0000000040300000001000000000000000062
:10B6E0000000000000000000000000004002000018
:10B6F00040020020400400204004002040080020B8
:10B7000040180020401010204020182040600E20DB
:10B7100040C007A0438003A0470000207C00003FFA
:10B72000F800003FC0000020600000E0580003A0C7
:10B7300046003E2043801C2040C01820406000206E
:10B74000407000204038002040180060401C00601D
:10B75000C00C0020C00C00004008000000000000E9
:10B7600000000000000000000000000000000000D9
:10B77000000003FFFFFE03FFFFFC010000002000AC
:10B780000100180801001E0802000E08040000084D
:10B79000080000081000040860800408C040040B82
:10B7A0008040040E007007FFFFE005FFFFC0048823
:10B7B0000000040800000408000004080008041841
:10B7C00000080408000C0408000E07FFFFFE0FFF2E
:10B7D000FFFC04000000000000000000000000006A
:10B7E0000000000000000001000000062000000C26
:10B7F00020000078200003C820003F0FFFF01D0F3D
:10B80000FFF81108203001082062010820C2031847
:10B810006082010821040000000408000004043FC5
:10B82000FF08071FFE0803D00010001000300010B2
:10B8300000E03FF3FF801FF3FE0010110080005076
:10B84000004000900040031000200E3FFE300C101E
:10B8500000380000001C0000000E00000000000086
:10B860000000000000000000000000402000004038
:10B87000301000406008004060080040400C00406C
:10B88000C00E3FFFFFFC1FFFFFF010418000004192
:10B89000000000C1000000C20000004200000000E3
:10B8A00000000000000000FFFFFC00FFFFF8008028
:10B8B0000040008000400080004000800040008088
:10B8C0000040008000400080004000FFFFFC01FFBE
:10B8D000FFF80080000000000000000000000000F1
:10B8E000000000000000000004000100080001004A
:10B8F000100001003000010060000100C0000103E1
:10B90000FFFE0103FFFC010E0010011C001001707E
:10B91000801003C080100F0080103D0080101100C7
:10B9200080101100801001008010017FFFF0013FA6
:10B93000FFF0010080100100801001008010010064
:10B9400080100100801001018010030180100300AD
:10B9500080300100003000000010000000000000F6
:10B9600000000000000000000000020000000200D3
:10B97000000002003FFE02001FFE0201100003FF54
:10B98000900002FF9000028310C0020310C00285E5
:10B9900011C0024512C022491CC0324938801A31F8
:10B9A000F0801E31D0800A71548002D9128002CDFD
:10B9B0001380020F1180020111C8030110E802FF79
:10B9C000900802FF900C0200100E02003FFC0600DF
:10B9D0001FF0060000000200000000000000000050
:10B9E0000000000000000000000000040830000E0D
:10B9F0000C3000341E3000E43C200384EC201F0592
:10BA000088601C070840080C08400038104400F00B
:10BA1000504400D05084001040880010800800106E
:10BA2000801000108030001080203FFFF060101F59
:10BA3000FFC0002087C0002083E0082107700C2190
:10BA40000E3806211C1C07E1780C00E3300E006361
:10BA5000101E002300FE0001000200000000000094
:10BA600000000000000000000000000000080000CE
:10BA700000080000000800000008000000080000A6
:10BA80000008000000080000000800000008000096
:10BA9000000800000008000000083FFFFFF81FFF3B
:10BAA000FFF8100400080004000800040008000467
:10BAB0000008000400080004000800040008000456
:10BAC0000008000C0008000C00080004000800003A
:10BAD000001800000018000000080000000000002E
:10BAE00000000000000000000002000C000C00102C
:10BAF0000030007FFFC001DFFC00071088003E100F
:10BB00008800121FFFF8123FFFF002D08800039058
:10BB1000880403108806003FFFFC001000000004AA
:10BB2000060008081A00081072000833C20008E373
:10BB300042000FC242000E004200082FFFFE0827FD
:10BB4000FFFC0814420008184200083842001FF0A9
:10BB5000C2000800460000000200000000000000D3
:10BB60000000080130022204227822042202A202EC
:10BB700063FE2222222222222222222228023002B4
:10BB8000000000003FFC2108210821083FFC0000C4
:10BB900008000880086008020801FFFE080008008D
:10BBA0000000000000000FF00820082008200820F6
:10BBB000FFFF08200820082008200FF000000000E8
:10BBC0000000004040404040404040404141414131
:10BBD0004140404040404040404040404040404064
:10BBE0004040400502020202020202020202020278
:10BBF00002020220202020202020202020020202F9
:10BC0000020202029090909090901010101010106C
:10BC10001010101010101010101010101010020240
:10BC200002020202888888888888080808080808AC
:10BC30000808080808080808080808080808020290
:10BC400002024000C3BB000849535F4E5649435FA0
:10BC50005355425F5052494F52495459284E564904
:10BC6000435F496E69745374727563742D3E4E560A
:10BC700049435F4952514368616E6E656C5375620A
:10BC80005072696F726974792900000049535F4EE0
:10BC90005649435F505245454D5054494F4E5F50B1
:10BCA00052494F52495459284E5649435F496E698B
:10BCB000745374727563742D3E4E5649435F4952F6
:10BCC000514368616E6E656C507265656D70746924
:10BCD0006F6E5072696F72697479290049535F55AC
:10BCE000534152545F48415244574152455F464C7C
:10BCF0004F575F434F4E54524F4C28555341525467
:10BD00005F496E69745374727563742D3E48617235
:10BD10006477617265466C6F77436F6E74726F6C97
:10BD20002900000022443A35336436303036332D52
:10BD3000363766322D346536352D613962662D32DF
:10BD400037623131336530333532303A53222C2269
:10BD50003032373065393065386163653762363384
:10BD600065366335220D0A0088BD000800000020FA
:10BD7000FC02000082090008E0BE0008FC0200206E
:10BD80006C660000E8830008115028E1F5053533A2
:10BD90006436303036332D363766322D34653635DD
:10BDA0002D613962662D323762313133653033357A
:10BDB0003230024801036380252808C1814001C058
:10BDC000804104690C2908E918A91C091A300916D0
:10BDD00038093660092E70092F6000FF00C0C101CC
:10BDE000C30302C2C60607C705C5C404CC0C0DCDEB
:10BDF0000FCFCE0E0ACACB0BC90908C8D81819D95B
:10BE00001BDBDA1A1EDEDF1FDD1D1CDC14D4D5158A
:10BE1000D71716D6D21213D311D1D010F03031F17A
:10BE200033F3F23236F6F737F53534F43CFCFD3DAA
:10BE3000FF3F3EFEFA3A3BFB39F9F83828E8E9299A
:10BE4000EB2B2AEAEE2E2FEF2DEDEC2CE42425E54A
:10BE500027E7E62622E2E323E12120E0A06061A1BA
:10BE600063A3A26266A6A767A56564A46CACAD6D6A
:10BE7000AF6F6EAEAA6A6BAB69A9A86878B8B979DA
:10BE8000BB7B7ABABE7E7FBF7DBDBC7CB47475B50A
:10BE900077B7B67672B2B373B17170B050909151FA
:10BEA0009353529296565797559594549C5C5D9D2A
:10BEB0005F9F9E5E5A9A9B5B99595898884849891A
:10BEC0004B8B8A4A4E8E8F4F8D4D4C8C44848545CA
:10BED0008747468682424383418180022240000098
:040000050800019955
:00000001FF
