:020000040800F2
:10000000B8660020AD010008E53F0008E12B0008BC
:10001000C93D00087D100008C578000800000000F8
:10002000000000000000000000000000BF01000808
:100030007F10000800000000C30100089D5900085F
:10004000C7010008C7010008C7010008C701000870
:10005000C7010008C7010008C7010008C701000860
:1000600051190008C7010008C7010008C7010008AE
:10007000C7010008C7010008C7010008C701000840
:10008000C7010008C7010008C7010008C701000830
:10009000C7010008C7010008C7010008C701000820
:1000A000C7010008C7010008C7010008C701000810
:1000B000C7010008C7010008C7010008C701000800
:1000C000C7010008C7010008C7010008C7010008F0
:1000D000C7010008C7010008916C0008E96C00081E
:1000E000C7010008C7010008C7010008C7010008D0
:1000F000C7010008C7010008C7010008C7010008C0
:10010000C7010008C7010008C7010008C7010008AF
:10011000716C0008C70100089D640008C701000851
:10012000C7010008C7010008C7010008C70100088F
:10013000C7010008C7010008C7010008C70100087F
:10014000C7010008C7010008C7010008C70100086F
:10015000C7010008C7010008C7010008C70100085F
:10016000C7010008C7010008C7010008C70100084F
:10017000C7010008C7010008C7010008C70100083F
:10018000C7010008C7010008C7010008C70100082F
:10019000C7010008C7010008DFF80CD000F06AFBB7
:1001A00000480047F5870008B866002006488047E9
:1001B00006480047FEE7FEE7FEE7FEE7FEE7FEE74C
:1001C000FEE7FEE7FEE7FEE7A159000899010008F7
:1001D0000649074A0868504343F239021044086050
:1001E0004008704701490860704700007000002017
:1001F0006D4EC64140EA01039B0703D009E008C9E0
:10020000121F08C0042AFAD203E011F8013B00F8DB
:10021000013B521EF9D27047D2B201E000F8012B27
:10022000491EFBD270470022F6E710B513460A4676
:1002300004461946FFF7F0FF204610BD421E12F893
:10024000013F002BFBD111F8013B02F8013B002BD1
:10025000F9D1704730B505462A460B4612F8010B16
:1002600013F8014B08B1A042F8D01CB1002802D00D
:100270006D1CF1E7284630BD421C10F8011B002917
:10028000FBD1801A704710B5002200E0521C835C3D
:100290008C5CA34201D1002BF8D1D8B2E1B2401A54
:1002A00010BD70B5064607F07FFB046805460A22BC
:1002B0000021304600F002F92C6070BD2DE9FE4FA0
:1002C00081EA030404F0004421F0004100944FF05F
:1002D000000B23F0004350EA01045ED052EA03040D
:1002E0005BD0C3F30A54C1F30A552C44A4F2F3348F
:1002F0000194A0FB0254C1F3130141F48011C3F334
:10030000130343F4801301FB024400FB034E840AF1
:10031000970A44EA815447EA8357A4FB0768029589
:100320008D0A05FB07854FEA932C04FB0C54270527
:10033000029D4FEA065847EA1637B5EB08056EEB03
:10034000070C870E920E47EA811742EA8312A7FB39
:100350000201B6EB0B0164EB00042B0D43EA0C33F6
:100360005E1844EB1C50DA465146E7FB0201C5F328
:1003700013044FEA0B3343EA14534FEA0432019C4F
:1003800043EA0603A4F10C040294009CCDE900B4F6
:1003900000F0DBF803B0BDE8F08F00200146F9E77C
:1003A0000EB5C10F80EAE0700844CA07002140F290
:1003B00033438DE80E000A460B4600F0C6F803B042
:1003C00000BD0EB540F2334102910021CDE900118C
:1003D0000A460B4600F0B9F803B000BDC1F30A525B
:1003E00010B5C1F3130140F2FF3341F480119A427A
:1003F00001DA002010BD40F233439A42A2F23342A8
:1004000003DC524200F04AF810BD904010BD30B5F8
:100410000B46014600202022012409E021FA02F5C2
:100420009D4205D303FA02F5491B04FA02F528445C
:10043000151EA2F10102F1DC30BD2DE9F05F054689
:10044000002092469B4688460646814640241BE093
:10045000284641464746224600F020F853465A4671
:10046000C01A914110D311461846224600F014FAE2
:100470002D1A67EB01084F4622460120002100F0AB
:100480000BFA17EB00094E41201EA4F10104DFDC3A
:10049000484631462A464346BDE8F09F202A04DB01
:1004A000203A21FA02F00021704721FA02F3D040ED
:1004B000C2F1200291400843194670472DE9F047E8
:1004C00091460F4680460446002614F8015B2DB184
:1004D00000F004FA0068405DC007F6D12B2D02D071
:1004E0002D2D18D0641E4A463946204600F0FAF9F0
:1004F00027B13968A14201D1C7F8008071054FF0DA
:1005000002040BD54042002803DD07F04DFA0460D9
:10051000A007BDE8F08746F48066E4E70028F8DA33
:1005200007F042FA04606FF00040F2E710B5141EC5
:1005300073F1000408DA401C41F1000192185B419C
:100540001A4301D120F0010010BD2DE9F04D924673
:100550009B4611B1B1FA81F202E0B0FA80F220328A
:10056000904600F099F904460F4640EA0A0041EA35
:100570000B0153465A46084313D0114653EA010073
:1005800019D0C8F140025046FFF788FF05460E46D5
:1005900050465946424600F07FF9084305D00120F5
:1005A00004E020463946BDE8F08D0020054346EAC8
:1005B000E0762C4337430A986305E40AA0EB080071
:1005C0000022FD0A44EA47540A3002D500200146C1
:1005D000E9E7010510196941DDE90845001969419C
:1005E000BDE8F04DA2E72DE9FE4F804681EA030009
:1005F000C00F0C46009021F0004123F00045B8EBFD
:100600000200A94105D24046214690461C460B46B1
:10061000024623F00040104347D0270DC7F30A00DD
:10062000C3F30A510290401A019040286BDAC3F3D9
:10063000130040F4801B0098924620B10023D2EBB7
:10064000030A63EB0B0B01985946C0F14002504678
:1006500000F022F906460D4650465946019A00F030
:100660002AF910EB08006141002487EA115284EA5C
:10067000E7731A4340D0009A62B3019A012A4FEA05
:10068000075215DC001B61EB02014FF0004202EA49
:100690000752CDE90042001C41F5801132462B463D
:1006A000FFF753FF03B0BDE8F08F40462146F9E75E
:1006B000001B61EB0201001C41F5801300185B4137
:1006C0002018A2F5001747EB030140EAD570B619D0
:1006D0006D4111E06D084FEA360645EAC0754FEAF4
:1006E0000752001B61EB0201001C41F58011490813
:1006F0004FEA30000019514132462B4603B0BDE8A5
:10070000F04FFFF713BF0098012240000023D0EB09
:10071000020263EBE073009821464FEAE074B8EB05
:10072000000061EB0401E9E783F000435BE781F03F
:10073000004158E72DE9F04D81EA030404F0004B35
:1007400021F0004514464FF0000A23F0004150EA22
:10075000050220D054EA01021DD0C5F30A57024613
:10076000C5F31303C1F31300C1F30A5640F4801517
:1007700043F48013A7EB0608101BD64608F2FD3899
:1007800073EB050002D308F1010801E092185B4108
:10079000B8F1000F03DA00200146BDE8F08D00201B
:1007A0004FF48011064684460EE0171B73EB0507D5
:1007B00005D3121B63EB050306434CEA010C490801
:1007C0004FEA300092185B4150EA0107EDD152EA3E
:1007D000030012D082EA040083EA0501084305D031
:1007E000101BAB4106D20122002306E000224FF08D
:1007F000004302E06FF0010253101AEB06004CEBCD
:10080000085110EB0A0041EB0B01BDE8F04DFFF77A
:100810008DBEC1F30A52C1F3130140F2FF3341F41C
:1008200080119A4202DA00200146704740F23343B9
:100830009A42A2F2334202DC5242FFF72FBE00F08E
:100840002BB8000030B5041E71F1000404DB4FF03A
:100850000044404264EB0101141E73F1000405DB07
:100860001C464FF00043524263EB0403994208BF19
:10087000904230BD064C074D06E0E06840F00103B1
:1008800094E8070098471034AC42F6D3FFF788FC91
:1008900024B2000844B20008202A04DB203A00FAFF
:1008A00002F1002070479140C2F1200320FA03F3C7
:1008B000194390407047202A06DBCB17203A41FAB3
:1008C00002F043EAE07306E041FA02F3D040C2F1DD
:1008D00020029140084319467047000000487047C5
:1008E00000B100082DE9F05F824600780027154628
:1008F0008B460AF10104B946302801D09DB113E0BE
:1009000014F8010B0127782803D0582801D045B1ED
:100910000AE00DB1102D07D10027102514F8010BA6
:1009200002E0082500E00A250026B0460EE005FB9F
:10093000080005FB06F1012701EB10461FFA80F8BD
:10094000B6F5803F00D3B94614F8010B294600F0F4
:1009500018F80028EBDABBF1000F05D00FB1641EC8
:1009600000E05446CBF80040B9F1000F06D007F084
:100970001BF802210160C81EBDE8F09F48EA06404E
:10098000FAE73A2800D2303820F02002412A01D379
:10099000A2F13700884201D34FF0FF3070470000CA
:1009A000F8B54FF40050ADF8000010250E4E8DF84C
:1009B000035001248DF802406946304601F036FEAE
:1009C0002103ADF800108DF803508DF80240694600
:1009D000304601F02BFE6103304602F03BF8210364
:1009E000304602F037F8F8BD000C014070B5C0F396
:1009F00007110E2202EAD10200F00F0001F00F01F0
:100A000042F0A00440EA011502F024FB04F0FE00CD
:100A100002F0E2FA02F06CFB284602F0DDFA02F086
:100A200067FB02F017FB44F0010002F0D5FA02F078
:100A30005FFB002002F052FA044602F035FB44F658
:100A4000206007F08DFC204670BD70B502460E4652
:100A5000C0F307100E2101EAD00102F00F0200F0EE
:100A60000F0041F0A00442EA001502F0F3FA20461C
:100A700002F0B2FA02F03CFB284602F0ADFA02F0B6
:100A800037FB304602F0A8FA02F032FB02F00CFB12
:100A9000BDE8704044F6206007F062BC70B51D4CA4
:100AA0000025E07A10B1012813D010E02079401C15
:100AB000207103F081FA0C2117A006F0E7FE6421F3
:100AC0006570194A0F2006F029FF0120E07200200E
:100AD00070BD03F065FA002808BF70BD134E306882
:100AE00003F0E0FD01461248326801F09FF9114918
:100AF0000F48FFF7AFFB00281EBFE572012070BD55
:100B000020790A2898BFE572E1D92571E5720220A3
:100B100070BD00005400002041542B514941435402
:100B20003D310D0A00000000D93F000850000020B0
:100B3000B0100020845800080146064A09780020B9
:100B4000135C994208BF7047401CC0B20A28F7D313
:100B500070470000D888000838B50446002000908F
:100B6000042C18BF082C54D00C2C18BF102C50D0BB
:100B7000142C18BF182C4CD01C2C18BF202C48D07B
:100B8000242C18BF282C44D0402C18BF442C40D013
:100B9000482C18BF4C2C3CD0502C18BF542C38D0AB
:100BA000582C18BF5C2C34D0602C18BF642C30D06B
:100BB000682C18BF6C2C2CD0702C18BF742C28D02B
:100BC000782C18BF7C2C24D0802C18BF842C20D0EB
:100BD000882C18BF8C2C1CD0902C18BF942C18D0AB
:100BE000982C18BF9C2C14D0A02C18BFA42C10D06B
:100BF000A82C18BFAC2C0CD0B02C18BFB42C08D02B
:100C0000B82C18BFBC2C04D0C62205A112A007F036
:100C10002DFB04F1804000F5D8400090008838BDDD
:100C20002E2E5C6669726D776172655C6E33326719
:100C30003435785F7374645F7065726970685F647F
:100C400072697665725C7372635C6E3332673435D9
:100C5000785F626B702E630049535F424B505F4474
:100C6000415428424B505F444154290038B5044652
:100C700000200D460090042C18BF082C54D00C2CDA
:100C800018BF102C50D0142C18BF182C4CD01C2C72
:100C900018BF202C48D0242C18BF282C44D0402C1E
:100CA00018BF442C40D0482C18BF4C2C3CD0502CA2
:100CB00018BF542C38D0582C18BF5C2C34D0602C62
:100CC00018BF642C30D0682C18BF6C2C2CD0702C22
:100CD00018BF742C28D0782C18BF7C2C24D0802CE2
:100CE00018BF842C20D0882C18BF8C2C1CD0902CA2
:100CF00018BF942C18D0982C18BF9C2C14D0A02C62
:100D000018BFA42C10D0A82C18BFAC2C0CD0B02C21
:100D100018BFB42C08D0B82C18BFBC2C04D0B322F8
:100D200005A113A007F0A2FA04F1804000F5D84015
:100D30000090056038BD00002E2E5C6669726D77EC
:100D40006172655C6E3332673435785F7374645FEB
:100D50007065726970685F6472697665725C7372DF
:100D6000635C6E3332673435785F626B702E63007C
:100D700049535F424B505F44415428424B505F44BB
:100D800041542900000000002DE9F041504C8188B9
:100D9000A1808179A171B0F801102180C178A17082
:100DA000B0F807102181417AA1724189A181017BAC
:100DB000A173B0F80D102182C17BA174018AA182B8
:100DC000817CA175B0F813102183407DA076606806
:100DD000FFF7F7FA9FED401B53EC112BFFF76EFA6C
:100DE000FFF7FCFA04F11C0587B22F802068FFF79B
:100DF000E8FA9FED3B1B53EC112BFFF75FFAFFF76F
:100E0000EDFA002668601E2898BF6E60E068B0F5B5
:100E1000000F03DBC043401CC0F31600FFF7C0FA0D
:100E20009FED311B53EC112BFFF748FAFFF7D6FA71
:100E300080B200EE100A28812F4BB8EE401A00EE67
:100E4000107AB8EE400AC1EE000A95ED010AB8EE3C
:100E5000401A80EE810ADFED260A20EE200ADFED3F
:100E6000250A20EE200ABCEEC00A10EE100A2874F3
:100E7000206959680844586019469A68C9689042C0
:100E800003D3821A1144D96006E06FF07F4CACEBBB
:100E9000020202441144D960C3E901600D2938BF40
:100EA000BDE8F08100EE101AE9689FED141AB8EE63
:100EB000400A20EE010A20EE200ABCEEC00A10EE25
:100EC000100A0844E860DE60BDE8F04100F074BF3D
:100ED000D00B0020000000009FE74A621B81103FFA
:100EE000CD2D44350B4E903F56B7DD7835487A3FCF
:100EF0000000C84200007A4440000020EDF8433A68
:100F000008B507A00068009006480178012918BFBD
:100F100008BD002101700221684606F021FC08BDD1
:100F200058AA000040000020084808B5006800905A
:100F300007480178012905D1002101700221684686
:100F400006F00EFCBDE8084006F026BC200F0008A5
:100F50004000002038B50220ADF8000010208DF8C8
:100F600003000120104C8DF802006946204601F074
:100F70005DFB0221204601F003FD0221204601F025
:100F800069FD4FF4FA7007F0DFF90221204601F005
:100F9000F7FC40F6B83007F0D7F9044A40F6B8310C
:100FA000042006F0BBFC38BD000801406D56000867
:100FB00038B507F0FFF906F097FC0124ADF80040C2
:100FC00010258DF803508DF802406946214801F044
:100FD0002DFB214A1E21022006F0A0FC03F04AFB53
:100FE00007F0DEFA07F018FA07F098FA02F0FBFFB4
:100FF00004F09EFBFFF7AEFF07F0ACFB2003ADF85B
:1010000000008DF80350154D8DF8024069462846C2
:1010100001F00CFB2103284601F0B2FCADF80040C2
:1010200004218DF803106946284601F0FFFA04F008
:1010300057FE04F057FB03F0E7FDFFF7B1FC00F0AB
:1010400035FE02F09DFB07F037FBBDE8384005F0A8
:1010500019BA000000100140811800080008014082
:10106000054910B50120487002F04AFCFFF75CFF0B
:10107000BDE8104007F06CBB2A000020FEE7704777
:1010800070B584B000254CF2186428B301281CBF49
:1010900004B070BD1026CDE900464FF61F030022B4
:1010A0000C21E820029505F019F8CDE900464FF62D
:1010B0001F0301220C21F820029505F00FF8CDE95D
:1010C00000464FF61F0302220C214FF48470029554
:1010D00005F004F804B070BD1820CDE900400023ED
:1010E00003A20C210295E82005F070F904B070BD50
:1010F000202020200000000070B5002484B02025AE
:101100004CF21866E8B101281CBF04B070BD012084
:1011100002F0DEFB0096CDE901544FF4784314222F
:10112000C021E02004F0DAFF0096CDE901544FF42D
:1011300078430F22C0214FF4807004F0CFFF04B039
:1011400070BD002002F0C4FB0096CDE901544FF4BD
:10115000FC631522C021E02004F0C0FF0096CDE919
:1011600001544FF4FC630F22C0214FF4807004F04F
:10117000B5FF04B070BD70B5002484B020254CF2DA
:101180001866E0B101281CBF04B070BD012002F058
:10119000ABFB0096CDE901544FF4FC6311224021D2
:1011A000E02004F09BFF0096CDE9015440214FF46C
:1011B000FC631322880004F091FF04B070BD00208E
:1011C00002F092FB0096CDE901544FF478431222CD
:1011D0004021E02004F082FF0096CDE90154402137
:1011E0004FF478431322880004F078FF04B070BDF8
:1011F00070B5002484B020254CF21866E0B10128B7
:101200001CBF04B070BD012002F0A8FB0096CDE920
:1012100001544FF4FC630B22C021582004F05EFF00
:101220000096CDE901544FF4FC630C22C0217820D4
:1012300004F054FF04B070BD002002F08FFB009654
:10124000CDE901544FF478430D22C021582004F019
:1012500045FF0096CDE901544FF478430E22C0219A
:10126000782004F03BFF04B070BD000000000000D7
:10127000F0B5754A18252DED028B87B05078734F65
:10128000401CC0B20024724950704CF21866072806
:1012900080F0D480DFE800F0D204273845535B00AB
:1012A000CDE9004602953A8804230821002005F084
:1012B00033F8CDE900460295BA78022308213C2094
:1012C00005F02AF8CDE900460295FA7802230821B4
:1012D000602005F021F8CDE90046029501230821A0
:1012E000FA79CC2025E0CDE9004602953A7902232F
:1012F0000821842005F010F8CDE90046029502236C
:1013000008217A79A82014E0CDE9004602950A88E0
:1013100004234021582004F0FFFF07B0BDEC028BEE
:10132000F0BDCDE9004602958888052382B2602190
:101330000BE004F0F1FF07B0BDEC028BF0BDCDE98E
:10134000004602950A89062380215820F1E7C868E3
:10135000002866D03F49A1FB002149096FF018021F
:10136000514310EB81019FED3C8B24D03C49A1FB04
:101370000021C908494201EB810110EB410135D040
:10138000FFF71FF853EC182BFEF798FF41EC100BFA
:1013900034A153EC102B03A806F0F2FA0096CDE925
:1013A0000154002303AAA021642005F00FF807B020
:1013B000BDEC028BF0BDFFF704F853EC182BFEF7E1
:1013C0007DFF41EC100B29A153EC102B03A806F074
:1013D000D7FA0096CDE90154002303AAA021642086
:1013E00004F0F4FF07B0BDEC028BF0BDFEF7E9FF9F
:1013F00053EC182BFEF762FF41EC100B1DA153ECD0
:10140000102B03A806F0BCFA0096CDE90154002386
:1014100003AAA021642004F0D9FF07B0BDEC028B21
:10142000F0BD0096CDE90154002314A2A021642050
:1014300004F0CCFF07B0BDEC028BF0BD547007B0D8
:10144000BDEC028BF0BD00006B00002036000020D8
:10145000EC0B00201F85EB51FCA9F1D24D62503FEF
:10146000CDCCCCCC252E336600000000252E316675
:1014700000000000252E3266000000003000000051
:101480002DE9F0412DED028B86B04CF2186400215D
:10149000F0234FF4A0720846009404F0FAFB4FF4D6
:1014A0007840302300904FF4A0721946002004F0D9
:1014B00091FB0025DC4FCDE90054182602963A88AE
:1014C00004230821284604F027FFCDE90046002325
:1014D000D6A208213020029504F078FFCDE900540F
:1014E0000296BA78022308213C2004F015FFCDE9CA
:1014F00000460023CDA208215420029504F066FF87
:10150000CDE900540296FA7802230821602004F005
:1015100003FFCDE9005402963A7902230821842082
:1015200004F0FAFECDE900460023C1A208219C2068
:10153000029504F04BFFCDE9005402967A7902231C
:101540000821A82004F0E8FECDE900540296FA79BB
:1015500001230821CC2004F0DFFE0020FFF790FDDE
:10156000CDE900460023B3A208214FF49170029503
:1015700004F02CFF20270023CDE900471A46402124
:101580001846029504F0AAFDCDE900470023012288
:1015900040212020029504F0A1FDCDE90046402124
:1015A0000023A3A20846029504F010FFDFF888820A
:1015B000CDE900540296B8F80020042340215820B9
:1015C00004F0AAFECDE9004600239CA24021A02001
:1015D000029504F0FBFECDE900474FF47843122258
:1015E0004021E020029504F079FDCDE9004740213B
:1015F0004FF4784313228800029504F06FFD002316
:10160000CDE900471A4660211846029504F066FDB0
:10161000CDE900470023022260212020029504F03A
:101620005DFDCDE90046002381A2602140200295A6
:1016300004F0CCFECDE900540296B8F8040005236E
:1016400082B26021582004F067FECDE900460023F5
:101650007BA26021AC20029504F0B8FECDE90047E2
:101660000023032280211846029504F037FDCDE9BE
:1016700000470023042280212020029504F02EFD43
:10168000CDE9004600236AA280214020029504F0A3
:101690009DFECDE900540296B8F80820062380216B
:1016A000582004F039FECDE90046002365A28021D0
:1016B000D020029504F08AFECDE9004700230722DE
:1016C000A0211846029504F009FDCDE9004700234A
:1016D0000822A0212020029504F000FDCDE900465B
:1016E000002353A2A0214020029504F06FFED8F8F9
:1016F0000C0000285CD05449A1FB00214909F243A9
:10170000514310EB81019FED528B21D05249A1FB37
:101710000021C908494201EB810110EB41012FD0A2
:10172000FEF74FFE53EC182BFEF7C8FD41EC100BF3
:101730004AA153EC102B03A806F022F9CDE900468C
:10174000002303AAA0216420029504F03FFE38E0A4
:10175000FEF737FE53EC182BFEF7B0FD41EC100BF3
:1017600040A153EC102B03A806F00AF9CDE900467E
:10177000002303AAA0216420029504F027FE20E0A4
:10178000FEF71FFE53EC182BFEF798FD41EC100BF3
:1017900036A153EC102B03A806F0F2F8CDE9004671
:1017A000002303AAA0216420029504F00FFE08E0A4
:1017B000CDE9004600232FA2A0216420029504F069
:1017C00005FECDE9004600232BA2A0214FF4807036
:1017D000029504F0FBFDCDE9004700230922C0215A
:1017E0001846029504F07AFCCDE9004700230A224E
:1017F000C0212020029504F071FCCDE900460023B1
:101800000BA2C0214020029504F0E0FD0120FFF76B
:10181000EFFC0020FFF770FC06B0BDEC028BBDE8CA
:10182000F081000000000000360000202F000000C2
:101830003A00000034470000EC0B00205600000086
:101840006D410000570000001F85EB5100000000B3
:10185000FCA9F1D24D62503FCDCCCCCC252E3366C5
:1018600000000000252E316600000000252E3266A3
:1018700000000000300000004B572F48000000001F
:1018800010B5174CE07868B12179164800294FF05F
:10189000010102D001F0DEF801E001F071F82079D9
:1018A000C043207120890021B0F57A7F28BF2181B3
:1018B0000CD2401C0004000C208107D0A0F540721F
:1018C000E73A02BF60780028E17000E06170AFF293
:1018D0004F021E21BDE81040022006F01FB8000094
:1018E0002A0000200010014070B504460025FFF7D3
:1018F0007DF845EA0065601C80B2FFF777F845EA9D
:101900000045A01C80B2FFF771F845EA0025E01CF5
:1019100080B2FFF76BF8284370BD70B50C460546E2
:10192000090EFFF792F8681C80B2C4F30741FFF775
:101930008CF8A81C80B2C4F30721FFF786F8E81CD6
:10194000E1B2BDE8704080B2FFF77FB8FFF77DB825
:1019500010B5042000F044F8002808BF10BD06F0C0
:10196000A5FEBDE810400420AFF3008010B504468A
:10197000800D00D12CB940F2011203A111A006F094
:1019800075FC1648046010BD2E2E5C6669726D777A
:101990006172655C6E3332673435785F7374645F8F
:1019A0007065726970685F6472697665725C737283
:1019B000635C6E3332673435785F657874692E63A3
:1019C0000000000049535F455854495F4C494E455B
:1019D00028455854495F4C696E652900140401403C
:1019E00070B500250446012818BF022C3AD0042CFB
:1019F00018BF082C36D0102C18BF202C32D0402C09
:101A000018BF802C2ED0B4F5807F18BFB4F5007FAE
:101A100028D0B4F5806F18BFB4F5006F22D0B4F5AC
:101A2000805F18BFB4F5005F1CD0B4F5804F18BFBD
:101A3000B4F5004F16D0B4F5803F18BFB4F5003FA1
:101A400010D0B4F5802F18BFB4F5002F0AD0B4F52C
:101A5000801F18BFB4F5001F04D0EB2207A116A009
:101A600006F004FC1B4800681B492040096821421D
:101A70001CBF00280125284670BD00002E2E5C6684
:101A800069726D776172655C6E3332673435785F89
:101A90007374645F7065726970685F64726976659B
:101AA000725C7372635C6E3332673435785F65786D
:101AB00074692E630000000049535F4745545F4539
:101AC0005854495F4C494E4528455854495F4C6924
:101AD0006E652900000401401404014010B504465D
:101AE0000079002818BF042804D073222FA13EA03B
:101AF00006F0BCFB607908281CBF0C28102804D015
:101B000074222AA143A006F0B1FB2068810D00D108
:101B100020B9752225A14BA006F0A8FBA0790028CA
:101B200018BF012804D0762220A151A006F09EFB08
:101B3000A1795C48002930D0016822689143016096
:101B4000001D0168226891430160207900F1804006
:101B500000F582300168226811430160524908682B
:101B60002268904308600A1D10682368984310603B
:101B70006079102808D000F1804000F582300168BB
:101B800022681143016010BD08682368184308608B
:101B9000106821680843106010BD207900F1804072
:101BA00000F58230016822689143EBE72E2E5C66D7
:101BB00069726D776172655C6E3332673435785F58
:101BC0007374645F7065726970685F64726976656A
:101BD000725C7372635C6E3332673435785F65783C
:101BE00074692E630000000049535F455854495FF3
:101BF0004D4F444528455854495F496E69745374A4
:101C0000727563742D3E455854495F4D6F64652964
:101C10000000000049535F455854495F54524947FA
:101C200047455228455854495F496E697453747248
:101C30007563742D3E455854495F547269676765F2
:101C40007229000049535F455854495F4C494E453D
:101C500028455854495F496E6974537472756374AA
:101C60002D3E455854495F4C696E652900000000BF
:101C700049535F46554E4354494F4E414C5F535470
:101C800041544528455854495F496E6974537472EC
:101C90007563742D3E455854495F4C696E65436DBC
:101CA00064290000000401400804014038B5002404
:101CB0006D462046FEF79AFE2855601CC4B2042CDF
:101CC000F7D39DF800001A4CA12804BF9DF801002D
:101CD000582807D19DF80200592804BF9DF8030039
:101CE000A22820D0A1210020FEF7AFFE582101201C
:101CF000FEF7ABFE59210220FEF7A7FEA22103202A
:101D0000FEF7A3FE00218F20FFF707FE8F20FFF7CD
:101D1000EBFDE0608F20FFF7E7FDE06000F054F896
:101D200000F008F838BD8F20FFF7DEFDE060F7E730
:101D3000EC0B002070B50420FEF758FE1D4C2070FF
:101D40000520FEF753FE607006200025FEF74EFECC
:101D500045EA00250720FEF749FE28436080082059
:101D60000025FEF743FE45EA00250920FEF73EFE6A
:101D70002843A0800A20FFF7B7FDA0600E20FFF7E0
:101D8000B3FDE0601220FEF731FE20741320FEF751
:101D90002DFE60741420FEF729FEA074207803F055
:101DA00071FCA07CFFF76CF96078BDE87040FFF72C
:101DB000A3B90000840000200248C1688F20FFF70B
:101DC000ACBD0000EC0B002010B504200121FEF793
:101DD0003CFE05200021FEF738FE06200121FEF71B
:101DE00034FE0E210720FEF730FE08200021FEF70A
:101DF0002CFEB4210920FEF728FE0B490A20FFF72C
:101E00008CFD44F2C0410E20FFF787FD12201E21F9
:101E1000FEF71BFE13205021FEF717FE1420BDE82D
:101E200010400021FEF711BE803801000023002978
:101E300098BF7047F0B40026D2E902C4644508BFD9
:101E400034460BD01468556814F80C400CF1010CA2
:101E50009CFBF5F705FB17CCC2F808C0C4545B1C0B
:101E60008B42E9D3F0BC704770B50C46050018BF33
:101E7000012D0ED0022D18BF032D0AD0042D1CBF3A
:101E8000052D062D05D040F247321FA12DA006F0EA
:101E9000EDF9002C18BF012C21D0022C18BF032C07
:101EA0001DD0042C18BF052C19D0062C18BF072CE8
:101EB00015D0082C18BF092C11D00A2C18BF0B2CD8
:101EC0000DD00C2C18BF0D2C09D00E2C18BF0F2CC8
:101ED00005D04FF452720CA124A006F0C7F9A00758
:101EE000010F0F2000FA01F224F0030000F18040FE
:101EF00000F58030836823EA02028260826805FA76
:101F000001F11143816070BD2E2E5C6669726D77A0
:101F10006172655C6E3332673435785F7374645F09
:101F20007065726970685F6472697665725C7372FD
:101F3000635C6E3332673435785F6770696F2E6328
:101F40000000000049535F4750494F5F45585449CE
:101F50005F504F52545F534F5552434528506F7254
:101F600074536F75726365290000000049535F4721
:101F700050494F5F50494E5F534F5552434528508B
:101F8000696E536F757263652900000070B50D4668
:101F90000446012818BF022C00F0E081042C18BF71
:101FA000082C00F0DB81A4F5A01010381CBFA4F5AC
:101FB000A010B0F1300000F0D181A4F5B01040388D
:101FC0001CBFA4F5B010B0F1C00000F0C781A4F5AB
:101FD000C010B0F580701CBFA4F5C010B0F5007043
:101FE00000F0BC81A4F5C010B0F540701CBFA4F592
:101FF000C010B0F5023000F0B181A4F5C010B0F50A
:10200000033018BFB4F5805F00F0A881B4F5E91F74
:1020100018BFB4F5EA1F00F0A181B4F5EB1F18BF9B
:10202000B4F5004F00F09A816FF40010C4421CBF59
:10203000A4F50010B0F1020000F09081A4F50010AA
:10204000001F1CBFA4F50010B0F1080000F086814D
:10205000A4F5001010381CBFA4F54010B0F5807036
:1020600000F07C81A4F54010B0F500701CBFA4F511
:102070004010B0F5806000F07181FB4884421CBFC5
:102080006FF08040C44200F06981F84884421CBF70
:10209000F748844200F06281F64884421CBFF6484B
:1020A000844200F05B81F54884421CBFF4488442BE
:1020B00000F05481F34884421CBFF348844200F08E
:1020C0004D81F24884421CBFF148844200F04681B1
:1020D000F04884421CBFF048844200F03F81A4F1E4
:1020E0008040B0F5F2101CBFA4F18040B0F5F410B0
:1020F00000F03481A4F18040B0F5F6101CBFE74831
:10210000844200F02B81E64884421CBFE5488442AB
:1021100000F02481A4F18040B0F190701CBFE2482F
:10212000844200F01B81E14884421CBFA4F180403E
:10213000B0F1846000F01281DD4884421CBFDD48AC
:10214000844200F00B81DC4884421CBFDB4884429F
:1021500000F00481DA4884421CBFDA48844200F06F
:10216000FD80D94884421CBFD848844200F0F680E4
:10217000D74884421CBFD748844200F0EF80D6483D
:1021800084421CBFD548844200F0E880D448844291
:102190001CBFD448844200F0E180A4F18040B0F537
:1021A00079101CBFA4F18040B0F57B107ED0CE48E2
:1021B00084421CBFCD48844278D0CD4884421CBFA5
:1021C000CC48844272D0CC4884421CBFCB48844265
:1021D0006CD0CB4884421CBFCA48844266D0CA48EF
:1021E00084421CBFC948844260D0C94884421CBF95
:1021F000C84884425AD0C84884421CBFC748844259
:1022000054D0C74884421CBFA4F10050B0F58050A0
:102210004CD0A4F10050B0F580401CBFA4F1005098
:10222000B0F5004042D0BF4884421CBFBE48844243
:102230003CD0BE4884421CBFBD48844236D0BD4815
:1022400084421CBFBC48844230D0BC4884421CBF7E
:10225000BB4884422AD0BB4884421CBFBA4884424F
:102260007CD0A4F5001080381CBFA4F5B010B0F1EC
:10227000800073D0A4F1815080381CBFA4F181503C
:10228000B0F140006AD0A4F1815020381CBFA4F105
:102290008150B0F1100061D0A4F1815008381CBF0A
:1022A000A4F18150B0F1040058D000E056E0A4F150
:1022B0008150801E1CBF6FF08150C4424ED0A4F1EB
:1022C0008050B0F500401CBFA4F18050B0F58040B4
:1022D00044D0A4F18050B0F5005018BFB4F1102FD5
:1022E0003CD0A4F18050B0F500601CBFA4F1805038
:1022F000B0F5806032D0A4F18050B0F500701CBF02
:10230000A4F18050B0F5807028D0A4F180508038BE
:102310001CBFA4F18050B0F140001FD0A4F1805048
:1023200020381CBFA4F18050B0F1100016D0A4F1E9
:10233000805008381CBFA4F18050B0F104000DD0CB
:10234000A4F18050801E1CBF6FF08050C44205D0A5
:1023500040F27A227DA18CA005F088FF002D18BFE5
:10236000012D05D040F27B2278A18DA005F07EFFE3
:10237000924A14F0004F18BFD0691ED090491FFA3E
:1023800084FC04EA0106C4F340510B01A1B2994058
:10239000B6F5401F21D014F4801F24D014F4001F80
:1023A0004FF00303C4F3034603FA06F318BF1B04FC
:1023B000984314F0E04F52D11EE114F0804F18BF43
:1023C000106ADBD114F0005F18BF506AD6D114F048
:1023D000805F14BF906A5068D0E7536820F0706047
:1023E00023F07063FAE014F0807F25D014F0040F1E
:1023F0001AD014F0007F20EA01000ED035B15368E6
:1024000043F0010343F070635360F8E0516821F03A
:10241000010141F070615160F2E0536823F0010363
:1024200043F070635360E9E04CF0040C0CFA03F3E2
:102430009843002DEAD0E2E714F0806F11D014F039
:10244000080F0FD014F0007F20EA01000BD03DB13F
:10245000536843F0080343F070635360CFE0CDE06E
:10246000B0E0C5E0BCE0B4E0000400800200114030
:102470000600114020001440300014404000164077
:10248000C0001640000218400003184000041A4023
:10249000000C1A4000101C4000301C40010030406D
:1024A000020030400300304004002041040020437B
:1024B000080020440800204610003440200034402A
:1024C000300034404000364080003640C000364086
:1024D000000238400003384000043A40000C3A4003
:1024E00000103C4000303C40010010200200102051
:1024F0000300102004001220080012200C001220FB
:10250000100014203000142040001620C0001620B7
:1025100000011820000218200003182000041A20CF
:10252000000C1A200100202002002020040020209E
:1025300008002020100034203000342040002020EB
:102540008000202000012020000220202E2E5C662A
:1025500069726D776172655C6E3332673435785FAE
:102560007374645F7065726970685F6472697665C0
:10257000725C7372635C6E3332673435785F677098
:10258000696F2E630000000049535F4750494F5F59
:1025900052454D415028526D7050696E290000001F
:1025A00049535F46554E4354494F4E414C5F535437
:1025B00041544528436D642900000000000001409B
:1025C00000003070516821F0080141F070615160E5
:1025D00016E0536823F0080343F0706353600DE086
:1025E0004CF0080C0CFA03F39843002DEAD02FE7C7
:1025F000884314F0E04F01D140F0706005B108430A
:1026000014F0004F1CBFD06170BD14F0804F1CBF90
:10261000106270BD14F0005F1CBF506270BD14F0FA
:10262000805F14BF9062506070BD00002DE9F041E2
:1026300004460026A0F180400D46B0F584301CBF52
:10264000A4F18040B0F586301CD0A4F18040B0F5F4
:1026500088301CBFA4F18040B0F58A3012D0A4F1BC
:102660008040B0F58C301FBFA4F18040B0F58E30B3
:10267000A4F18040B0F5903004D0BE223FA14EA01E
:1026800005F0F4FDE878002818BF042810D02828A9
:1026900018BF48280CD0142818BF102808D01C28B0
:1026A00018BF182804D0BF2234A14AA005F0DEFDCF
:1026B000288820B9C02231A151A005F0D7FDE878C3
:1026C00000F00F0710F0100F0FD0A878002818BFE7
:1026D000022808D0012818BF032804D0C72227A148
:1026E00050A005F0C3FDA878074328784FF00F0CE1
:1026F00010F0FF0F4FF0010318BF216819D02A888E
:1027000003FA06F0024082420FD1B2000CFA02F83E
:1027100021EA080107FA02F21143EA78282A08BFE1
:10272000606102D0482A08BF2061761C082EE6D3DB
:1027300021602888FF2886BF62680020BDE8F081FC
:1027400000F108012E8803FA01F10E408E420FD1EC
:1027500086000CFA06F822EA080207FA06F6324367
:10276000EE78282E08BF6161EE78482E08BF2161FF
:10277000401C0828E4D36260BDE8F0812E2E5C6620
:1027800069726D776172655C6E3332673435785F7C
:102790007374645F7065726970685F64726976658E
:1027A000725C7372635C6E3332673435785F677066
:1027B000696F2E630000000049535F4750494F5F27
:1027C000414C4C5F504552495048284750494F783A
:1027D0002900000049535F4750494F5F4D4F444522
:1027E000284750494F5F496E69745374727563741A
:1027F0002D3E4750494F5F4D6F6465290000000032
:1028000049535F4750494F5F50494E284750494F01
:102810005F496E69745374727563742D3E50696EAE
:102820002900000049535F4750494F5F53504545C9
:1028300044284750494F5F496E69745374727563F9
:10284000742D3E4750494F5F537065656429000001
:1028500070B505460026A0F180400C46B0F58430E6
:102860001CBFA5F18040B0F586301DD0A5F1804099
:10287000B0F588301CBFA5F18040B0F58A3013D088
:10288000A5F18040B0F58C301FBFA5F18040B0F5B8
:102890008E30A5F18040B0F5903005D040F229127D
:1028A0001BA12AA005F0E2FC012C18BF022C28D0A5
:1028B000042C18BF082C24D0102C18BF202C20D09A
:1028C000402C18BF802C1CD0B4F5807F18BFB4F505
:1028D000007F16D0B4F5806F18BFB4F5006F10D02C
:1028E000B4F5805F18BFB4F5005F0AD0B4F5804F2F
:1028F00018BF052C05D04FF4957205A11AA005F05C
:10290000B5FCA868204218BF0126304670BD000003
:102910002E2E5C6669726D776172655C6E3332670C
:102920003435785F7374645F7065726970685F6472
:1029300072697665725C7372635C6E3332673435CC
:10294000785F6770696F2E630000000049535F472E
:1029500050494F5F414C4C5F5045524950482847C1
:1029600050494F782900000049535F4745545F475D
:1029700050494F5F50494E2850696E2900000000B1
:1029800070B50446A0F180400D46B0F584301CBF00
:10299000A4F18040B0F586301DD0A4F18040B0F5A0
:1029A00088301CBFA4F18040B0F58A3013D0A4F168
:1029B0008040B0F58C301FBFA4F18040B0F58E3060
:1029C000A4F18040B0F5903005D04FF4C57206A157
:1029D00014A005F04BFC2DB940F28B1202A118A0F7
:1029E00005F044FC656170BD2E2E5C6669726D77E2
:1029F0006172655C6E3332673435785F7374645F1F
:102A00007065726970685F6472697665725C737212
:102A1000635C6E3332673435785F6770696F2E633D
:102A20000000000049535F4750494F5F414C4C5FE5
:102A3000504552495048284750494F7829000000D6
:102A400049535F4750494F5F50494E2850696E299E
:102A50000000000070B50446A0F180400D46B0F5BE
:102A600084301CBFA4F18040B0F586301DD0A4F1A5
:102A70008040B0F588301CBFA4F18040B0F58A30AA
:102A800013D0A4F18040B0F58C301FBFA4F180407A
:102A9000B0F58E30A4F18040B0F5903005D040F212
:102AA000731206A114A005F0E1FB2DB94FF4BA7220
:102AB00002A118A005F0DAFB256170BD2E2E5C6620
:102AC00069726D776172655C6E3332673435785F39
:102AD0007374645F7065726970685F64726976654B
:102AE000725C7372635C6E3332673435785F677023
:102AF000696F2E630000000049535F4750494F5FE4
:102B0000414C4C5F504552495048284750494F78F6
:102B10002900000049535F4750494F5F50494E28F4
:102B200050696E290000000010B582B0694600208F
:102B300002F0E4FA01A9002002F07AFADFF898C066
:102B40009DF800008CF804009DF801008CF8050049
:102B50009DF802008CF806009DF805108CF8021014
:102B60009DF806308CF803309DF80720012902F506
:102B7000FA60ACF8000018BF022904D101F10C0082
:102B8000C1B202F2CF704A1C02EB420240F267640B
:102B900012FB04F203EB410100EB523211444AF202
:102BA000D73202FB002201EB9001A1EB92514FF4CE
:102BB000C872B0FBF2F00144084B08460022C3FB88
:102BC00001208210A2EBE070A0EBC0000844401C82
:102BD0008CF8070002B010BD360000209324499203
:102BE00001A004F0BDFEFBE7766F696420486172C6
:102BF000644661756C745F48616E646C65722876BA
:102C00006F6964290D0A000070B50F4CA078002888
:102C100008BF70BD0025A57000F030F82078401C7A
:102C2000C0B220700A2838BF70BD2570BFF34F8F27
:102C300006480168064A01F4E06111430160BFF3F0
:102C40004F8F00BFFDE700006D0000200CED00E09D
:102C50000400FA05044901208870AFF207024EF61D
:102C600060210A2004F05ABE6D000020024A4EF690
:102C700060210A2004F052BE552C000830B5ADF595
:102C8000197D434A43A18BA804F07AFE00208DF8F9
:102C9000040043A101A8FDF7D1FA424C42A17EA84D
:102CA000227804F06DFE7EA901A8FDF7C7FA6278CC
:102CB00043A17EA804F064FE7EA901A8FDF7BEFA38
:102CC000454D46A17EA82A8804F05AFE7EA901A897
:102CD000FDF7B4FA46A17EA86A6804F051FE7EA909
:102CE00001A8FDF7ABFA2A8946A17EA804F048FEA8
:102CF0007EA901A8FDF7A2FA2A7C48A17EA804F0CB
:102D00003FFE7EA901A8FDF799FA4AA17EA8EA68CC
:102D100004F036FE7EA901A8FDF790FA62884AA168
:102D20007EA804F02DFE7EA901A8FDF787FAA288EF
:102D30004EA17EA804F024FE7EA901A8FDF77EFA2C
:102D400053A17EA8A26804F01BFE7EA901A8FDF78E
:102D500075FA58A17EA8E26804F012FE7EA901A8C7
:102D6000FDF76CFA5CA101A8FDF768FA01A8FDF770
:102D700083FA84B28BA8FDF77FFA82B201AB8BA9EC
:102D80000120009402F080FD0DF5197D30BD00009A
:102D9000040000207374617475732F2573000000A4
:102DA0005B000000840000207B226B223A224F6EE1
:102DB000222C2276223A222564227D2C000000005B
:102DC0007B226B223A224C6F63616C222C2276228A
:102DD0003A222564227D2C00EC0B00207B226B2202
:102DE0003A2256222C2276223A222564227D2C0079
:102DF0007B226B223A2243222C2276223A2225641D
:102E0000227D2C007B20226B223A2250222C22761B
:102E1000223A222564227D2C000000007B226B22B6
:102E20003A225066222C2276223A222564227D2CD8
:102E3000000000007B226B223A2245222C227622BF
:102E40003A222564227D2C007B226B223A22536198
:102E50006665506172616D2E4F76657256222C2226
:102E600076223A222564227D2C0000007B226B22F0
:102E70003A2253616665506172616D2E556E6465CC
:102E80007256222C2276223A222564227D2C0000C2
:102E90007B226B223A2253616665506172616D2E0E
:102EA0004F76657243222C2276223A222564227DB7
:102EB0002C0000007B226B223A2253616665506130
:102EC00072616D2E4F76657250222C2276223A2244
:102ED0002564227D000000005D0000002DE9F8431C
:102EE00080464FF48057ADF800700420394E8DF8BD
:102EF0000300002469463046FFF798FB00254FF495
:102F000000513046FFF73CFD022005F029FA4FF44E
:102F100000513046FFF79EFD6006040E4FF48051CD
:102F20003046FFF795FC00281CBF601CC4B201208E
:102F300005F016FA681CC5B2082DE0D310254FF035
:102F40000109B8F1000F4FF40051304620D0FFF7CF
:102F500017FDADF800708DF803508DF802906946AA
:102F60003046FFF763FB29023046FFF709FD0220D8
:102F700005F0F6F969023046FFF76CFD022005F016
:102F8000EFF969023046FFF7FBFC2046BDE8F88305
:102F9000FFF7F6FCADF800708DF803508DF8029045
:102FA00069463046FFF742FB4FF480513046FFF749
:102FB00051FD022005F0D4F94FF400513046FFF7DF
:102FC00049FD022005F0CCF94FF400513046FFF7DF
:102FD000D7FCDAE7000C0140F8B505464FF4805005
:102FE000ADF8000010208DF803000120184E8DF878
:102FF000020069463046FFF719FB71143046FFF7AF
:10300000BFFC002415F0800F4FF48051304602D0F1
:10301000FFF720FD01E0FFF7B3FC6806050E022074
:1030200005F09EF94FF400513046FFF713FD0220E2
:1030300005F096F94FF400513046FFF7A1FC02204D
:1030400005F08EF9601CC4B2082CDBD3F8BD00007B
:10305000000C014038B54FF48050ADF8000010204E
:103060008DF8030001200F4C8DF8020069462046C0
:10307000FFF7DCFAA1142046FFF7ECFC61142046B0
:10308000FFF7E8FC022005F06BF9A1142046FFF7DA
:1030900077FC022005F064F961142046BDE8384051
:1030A000FFF76EBC000C014038B54FF48050ADF80E
:1030B000000010208DF8030001200C4C8DF8020058
:1030C00069462046FFF7B2FAA1142046FFF758FCE4
:1030D00061142046FFF7BEFC022005F041F9A1145F
:1030E0002046BDE83840FFF7B5BC0000000C0140A9
:1030F000F8B54FF48056ADF800600420264D8DF8E9
:103100000300002469462846FFF790FAA9142846D0
:10311000FFF7A0FC012005F023F969142846FFF70A
:1031200099FC012005F01CF9A9142846FFF790FB33
:1031300050B3601CC4B2FA2C1FD9ADF80060102047
:103140008DF8030001208DF8020069462846FFF73C
:103150006DFA4FF480512846FFF712FC4FF40051EE
:103160002846FFF777FC022005F0FAF84FF480516B
:103170002846FFF76FFC0120F8BD4FF48051284628
:10318000FFF766FB0028D4D14FF400512846FFF723
:10319000F7FB0020F8BD0000000C014010B4C2682D
:1031A000D0F804C0531C93FBFCF40CFB1433D0F890
:1031B00008C0634504BF10BC704703689954C168D8
:1031C0004268491C91FBF2F302FB1311C16010BC71
:1031D000704700002DE9F04F584E83B00027307B38
:1031E00010B1012813D09EE07079401C707100F07E
:1031F000E3FE0A2152A004F049FB4FF47A71777084
:10320000524A0F2004F08AFB012030738BE000F05B
:10321000C7FE002804BF03B0BDE8F08F4C4C206807
:1032200001F040FA01464B482268FEF7FFFD4AA133
:103230004848FDF70FF8002871D000F10804093064
:10324000FDF77AFC05462046FDF776FC00EB800092
:1032500005EB400000F5FA68201DE41CFDF76CFC4E
:1032600005462046FDF768FC00EB800005EB4000BA
:10327000C0B20290201DE41CFDF75EFC054620460E
:10328000FDF75AFC00EB800005EB400000F0FF0961
:1032900033A13048FCF7DEFF00283BD0441C777197
:1032A000801CFDF749FC05462046FDF745FC00EB78
:1032B000800005EB4000C0B210282CBF1038083049
:1032C000C5B204F1040B5846E41CFDF735FC8246F8
:1032D0002046FDF731FC00EB80000AEB400000F0D7
:1032E000FF0A5846FDF728FC83462046FDF724FCDC
:1032F00000EB80000BEB4000C0B2CDE900A02B46F4
:103300004A464046029902F0E5FA377303B00120BD
:10331000BDE8F08F70790A2804D108E0FFE77079E2
:103320000A2804D0377303B00020BDE8F08F77710E
:10333000377303B00220BDE8F08F00005400002076
:1033400041542B43434C4B3F0D0A0000D93F00082A
:1033500050000020B01000202B43434C4B3A00009B
:103360002C0000002DE9F047B64E0024DFF8D8828B
:10337000B07BADF6280D25464FF0010927460928F8
:1033800080F05981DFE800F005131C2E9BA3B9F8EB
:10339000F700F078012807BFF770042086F80E9038
:1033A0000DF6280D18BFBDE8F08700F0A1B84FF466
:1033B0007A717770A54A0F2004F0B0FA022097E0E6
:1033C00000F0EEFD002873D000F0F6FD1121A0A062
:1033D00004F05CFA642177709C4A0F2004F09EFA96
:1033E000032085E000F0DCFD002861D0D8F8000063
:1033F00001F058F901469B48D8F80020FEF716FD69
:1034000099A19848FCF726FF002800F0148199A1A3
:103410009448FCF71FFF1030044601782C2903D094
:1034200010F8011F2C29FBD1001BA0F10108C821B5
:103430006846FCF7F8FE424621466846FCF7DAFE8D
:103440000DF808708DF8D07769460DF5FA60FCF735
:10345000F5FE04EB08008BA1FCF7FCFE002800F051
:10346000EA80841C81780DF604002C2907D014F81A
:10347000011B4155691C8DB221782C29F7D1475584
:10348000FCF70FFF0546C8216846FCF7CCFE2A462C
:10349000611C6846FCF7AEFE7BA10DF5FA60FCF7F7
:1034A000D9FEA9B228B10022684600F08FFC04E0E2
:1034B0001FE00122684600F089FCB773BBE064217D
:1034C0007770624A0F2004F029FA052010E000F01E
:1034D00067FD00280DD000F06FFD08216EA004F0FC
:1034E000D5F964217770594A0F2004F017FA0620A5
:1034F000B0730DF6280DBDE8F08700F051FD0028EF
:1035000004BF0DF6280DBDE8F087D8F8000001F0E3
:10351000C9F801465348D8F80020FEF787FC61A19E
:103520005048FCF797FE28B310F8061F2C2904D04A
:1035300010F8011F641C2C29FAD1DFF87081712565
:10354000A0EB040A08F52379012C02D0022C14D038
:103550002DE05046FDF7F0FAA5EB4000C2B254A1B1
:103560000DF6240004F00CFA9DF8240888F88C026B
:1035700089F801701BE04AE01CE00AF10100FDF748
:10358000DBFA04465046FDF7D7FA00EB800004EB67
:103590004000A5EB4000C2B245A10DF6240004F0A6
:1035A000EFF9BDF82408A8F88C0289F8027007200A
:1035B000B0739EE78DF8DC753EA10DF2DC50FCF790
:1035C0003DFE40490DF2DC50FCF738FE3EA10DF205
:1035D000DC50FCF733FE3F490DF2DC50FCF72EFEC9
:1035E0003DA10DF2DC50FCF729FE0DF2DC50FCF79A
:1035F00043FE81B20DF2DC5004F048F9F770C821A7
:103600007770124A0F2004F089F9082070E700F063
:10361000C7FC00283FF46DAFD8F8000001F042F875
:1036200001461048D8F80020FEF700FC2BA10D48F9
:10363000FCF710FE08B1B7735BE786F80090B7702F
:10364000B77356E75400002050000020D93F00080F
:1036500041542B4D515454524541443D302C310D71
:103660000A000000B01000202B4D51545452454127
:10367000443A00002B4D515454524541443A2030B5
:103680002C302C00222C00007374617475735F72EF
:1036900065706C790000000041542B4353510D0AB2
:1036A000000000002B4353513A200000001400207A
:1036B0002564000041542B4D5154545055423D3027
:1036C0002C220000000C0020222C302C302C302C1E
:1036D000302C2200C80C0020220D0A004F4B0000A5
:1036E0002DE9F041214C224F0025A07920B101287D
:1036F0001FD0022831D02DE01E4EA570306800F09A
:10370000D1FF01461C483268FEF790FB00F054FCE4
:103710004FF400413846FFF79DF94FF4FA71657098
:10372000164A0F2004F0FAF80120A0710020BDE82D
:10373000F08100F035FC68B14FF400413846FFF7E6
:103740001FF942F2107165700C4A0F2004F0E6F880
:103750000220A0710020BDE8F08100F021FC0028CB
:103760001CBFA5710120BDE8F081000054000020BD
:103770000008014050000020B0100020D93F000890
:1037800038B54FF40040ADF8000010208DF803006C
:103790000120064C8DF8020069462046FEF746FFE0
:1037A0004FF400412046FFF755F938BD00080140AD
:1037B000464810B5C07B0B2828BF10BDDFE800F0DD
:1037C0000618263446545E0F680F7A00FFF788FF0C
:1037D000002808BF10BD012802D0022804D010BD67
:1037E0003A490120C87310BD38490020C87310BD84
:1037F00000F0F0FD002808BF10BD012802D002280B
:10380000F2D010BD31480221C17310BD00F092FD0D
:10381000002808BF10BD012802D00228E4D010BD46
:103820002A490320C87310BD00F034FD002808BFEA
:1038300010BD012806D0022818BF10BD0021234862
:10384000C17310BD21490420C87310BDFFF7C2FC2D
:10385000002808BF10BD012802D00228C4D010BD26
:103860001A490820C87310BD01F0C0FF002808BF26
:1038700010BD0128F4D00228B6D010BDFDF70EF916
:10388000002808BF10BD0128EAD00228ACD010BD26
:1038900000F07CF8002808BF10BD012802D00228E3
:1038A000A2D010BDFFF7EAF908480A21C17301212F
:1038B000817010BD05480178012902D100210170F5
:1038C000C173BDE81040FFF74DBD0000540000205B
:1038D000010004484FF0100101D0FFF751B8FFF785
:1038E000B9B8000000100140010004484FF0800109
:1038F00001D0FFF745B8FFF7ADB800000008014060
:10390000144A10B51078144C01280CD10020107006
:103910009178491CC9B2917001290FD09070202173
:103920002046FFF72DF804F039FD00284FF0800104
:1039300020460AD0BDE81040FFF722B8FFF7F4F8A0
:1039400020212046FFF786F8EDE7BDE81040FFF79D
:1039500081B800002A00002000080140010004484E
:103960004FF0010101D0FFF70BB8FFF773B800006B
:10397000000C0140044901200870AFF207024FF427
:103980007A7103F0CBBF00002A00002010B5CC48AC
:1039900096B0407B0C2834D2DFE800F0061A364897
:1039A00062748EE6FDFCFBFA00F006FB1921C5A04F
:1039B00003F06CFFC24C00204FF4FA616070C84AFB
:1039C0000F2003F0ABFF0120607316B0002010BD84
:1039D00000F0E6FA002804BF16B010BDC14C206804
:1039E00000F060FE0146C0482268FEF71FFABFA142
:1039F000BD48FCF72FFC002800F05B81B049022095
:103A0000487316B0002010BD00F0D6FA1821B8A0F7
:103A100003F03CFFAA4C00204FF4FA616070B04AFA
:103A20000F2003F07BFF03206073EAE700F0B8FA91
:103A3000002804BF16B010BDAA4C206800F032FE6A
:103A40000146A9482268FEF7F1F9A8A1A648FCF7AB
:103A500001FC002800F02D81994904204873D0E72B
:103A600000F0AAFA1D21A9A003F010FF944C002039
:103A70004FF4FA6160709A4A0F2003F04FFF05205F
:103A800000F0F1B800F08CFA002804BF16B010BDA9
:103A9000944C206800F006FE014693482268FEF729
:103AA000C5F992A19048FCF7D5FB002800F00181F0
:103AB000834906204873A4E700F07EFA0F219BA0FB
:103AC00003F0E4FEC621B820CDE90001EA2331224B
:103AD0009AA102A803F054FF02A8FCF7CDFB81B223
:103AE00002A803F0D3FE42F6483298A102A803F0E0
:103AF00047FF02A8FCF7C0FB81B202A803F0C6FE94
:103B0000022193A003F0C2FE92494FF4616208794A
:103B100010FB02F248798979C0EB001002EB8000BB
:103B20000844FCF75FFBFCF753FB024687A10CA897
:103B300003F026FF0CA8FCF79FFB81B20CA803F052
:103B4000A5FE022184A003F0A1FE4321834803F0D7
:103B50009DFE5B4C002044F620616070604A0F209F
:103B600003F0DCFE07207EE000F01AFA002804BF14
:103B700016B010BD5B4C206800F094FD01465A4819
:103B80002268FEF753F976A15748FCF763FB03E080
:103B90006BE048E027E005E000287DD04849082098
:103BA00048732EE700F008FA162173A003F06EFEAA
:103BB000774A78A102A803F0E3FE02A8FCF75CFBB9
:103BC00081B202A803F062FE052173A003F05EFE3D
:103BD0003B4C002042F210716070414A0F2003F00C
:103BE0009DFE09203FE000F0DBF9002804BF16B07D
:103BF00010BD3C4C206800F055FD01463A48226853
:103C0000FEF714F939A13848FCF724FB044664A1F7
:103C10003548FCF71FFB002C18BF002849D0284965
:103C20000A204873EDE600F0C7F91B215FA003F0FE
:103C30002DFE574A57A102A803F0A2FE02A8FCF7E6
:103C40001BFB81B202A803F021FE052152A003F064
:103C50001DFE1B4C002042F210716070204A0F20A4
:103C600003F05CFE0B206073CBE600F099F90028AE
:103C700004BF16B010BD1B4C206800F013FD0146B8
:103C800019482268FEF7D2F818A11748FCF7E2FAA3
:103C9000044643A1144800E00BE0FCF7DBFA002CDB
:103CA00018BF002805D006490020487316B001202F
:103CB00010BD03490020487316B0022010BD00005B
:103CC0005400002041542B4D5154544346473D224B
:103CD000636163686564222C302C310D0A0000009A
:103CE000D93F000850000020B01000204F4B0000CA
:103CF00041542B4D5154544346473D22636C6561FA
:103D00006E222C302C310D0A0000000041542B4D46
:103D10005154544346473D226B656570616C69762A
:103D200065222C302C36300D0A00000041542B4DFA
:103D3000515454434F4E4E3D302C220025642E25C5
:103D4000642E25642E2564222C00000025640000CA
:103D50002C22000036000020222C0000E0B10008D8
:103D60002B4D5154545552433A2022636F6E6E22AC
:103D70002C302C300000000041542B4D5154545332
:103D800055423D302C22636F6E74726F6C2F0000B1
:103D90000400002025730000222C300D0A000000D2
:103DA0002B4D5154545355423A20300041542B4D21
:103DB0005154545355423D302C22737461747573C1
:103DC0005F7265706C792F00FEE700002DE9F04707
:103DD000574F00259CB0884604460126CAB1012AE7
:103DE0001CBF1CB0BDE8F0877E700120FDF7C3F951
:103DF0003D70424621464F48FCF7FCF94E4F4FA11B
:103E00004C48A7F80080FCF73EFA524C002858D1E5
:103E10004AE07E700120FDF7AEF93D702068029007
:103E20008DF80C5002A8FCF73CFA1FFA80FAB4F89F
:103E30000500ADF808008DF80A5002A8FCF731FA29
:103E400000F0FF092089ADF808008DF80A5002A89B
:103E5000FCF727FA00F0FF08B4F80B00ADF80800F3
:103E60008DF80A5002A8FCF71CFAC7B2E089ADF839
:103E700008008DF80A5002A8FCF713FAC6B2B4F88D
:103E80001100ADF808008DF80A5002A8FCF709FAF5
:103E9000C0B2CDE900603B4642464946504601F07B
:103EA00019FD1CB0BDE8F087002001F0EBFB0020FD
:103EB000FDF79EF9294625700420FDF747FDFEF722
:103EC000DDFE25A11B48FCF7DEF960B9012001F0F9
:103ED000D9FB0120FDF78CF9314626700420FDF74F
:103EE00035FDFEF7CBFE22A11248FCF7CCF948B90C
:103EF0000020FDF701F9294665700520FDF726FD34
:103F0000FEF7BCFE20A10B48FCF7BDF948B9012023
:103F1000FDF7F2F8314666700520FDF717FDFEF754
:103F2000ADFE39880348FCF77EF91CB0BDE8F08788
:103F30006D00002098000020340000205B7B226B85
:103F4000223A224F6E222C2276223A2230227D5DA6
:103F500000000000840000205B7B226B223A224F8D
:103F60006E222C2276223A2231227D5D0000000052
:103F70005B7B226B223A224C6F63616C222C22768F
:103F8000223A2230227D5D005B7B226B223A224C5A
:103F90006F63616C222C2276223A2231227D5D00F1
:103FA00004494878002808BF7047012000224A7061
:103FB00070470000540000200020054A01461154BB
:103FC000401C80B2B0F57A7FF9D3024881827047F5
:103FD000B0100020540000200149012048707047B3
:103FE00054000020704738B535208DF800000124BA
:103FF0008DF8014000258DF802508DF80340684689
:1040000000F032F826208DF800008DF801408DF880
:1040100002508DF80340684600F026F827208DF8FE
:1040200000008DF801408DF802508DF8034068467D
:1040300000F01AF834208DF800008DF801508DF84A
:1040400002508DF80340684600F00EF808208DF805
:1040500000008DF801508DF802408DF8034068464D
:1040600000F002F838BD000070B50446C0780F2596
:10407000002818BF012804D07D2223A12FA004F01E
:10408000F5F86078102804D37E221FA13A4804F086
:10409000EDF8A078102804D37F221BA1374804F044
:1040A000E5F8E078012210B335480068637800F441
:1040B000E060C0F5E060000AC0F1040103FA01F11C
:1040C000A37825FA00F0184008432178000101F197
:1040D000E02181F80004207800F01F0102FA01F1CC
:1040E0004009800000F1E020C0F8001170BD207888
:1040F00000F01F0102FA01F14009800000F1E02008
:10410000C0F8801170BD00002E2E5C6669726D775C
:104110006172655C6E3332673435785F7374645FE7
:104120007065726970685F6472697665725C7372DB
:10413000635C6D6973632E630000000049535F4642
:10414000554E4354494F4E414C5F535441544528BA
:104150004E5649435F496E69745374727563742D8A
:104160003E4E5649435F4952514368616E6E656CDD
:10417000436D64290000000048B1000804B1000844
:104180000CED00E010B50446B0F5E06F18BFB4F5D3
:10419000C06F0CD0B4F5A06F1CBFB4F5806FB4F540
:1041A000407F04D06C2205A111A004F05FF81B49E8
:1041B00044F0FD7040F08060086010BD2E2E5C66FB
:1041C00069726D776172655C6E3332673435785F22
:1041D0007374645F7065726970685F647269766534
:1041E000725C7372635C6D6973632E630000000020
:1041F00049535F4E5649435F5052494F52495459B3
:104200005F47524F5550284E5649435F5072696F71
:104210007269747947726F75702900000CED00E0C7
:1042200010B5040018BF012C04D0862203A111A0F0
:1042300004F01CF81648046210BD00002E2E5C66C7
:1042400069726D776172655C6E3332673435785FA1
:104250007374645F7065726970685F6472697665B3
:10426000725C7372635C6E3332673435785F70777B
:10427000722E630049535F46554E4354494F4E4199
:104280004C5F535441544528436D6429000000009D
:1042900000000E4270B51D4C0025607A10B1012857
:1042A00013D010E02079401C2071FFF785FE0B2110
:1042B00017A003F0EBFA64216570184A0F2003F091
:1042C0002DFB01206072002070BDFFF769FE002801
:1042D00008BF70BD124E306800F0E4F90146114885
:1042E0003268FDF7A3FD10A10E48FBF7B3FF18B12C
:1042F00065722571012070BD2079B42898BF657260
:10430000E1D925716572022070BD000054000020C3
:1043100041542B43474154543F0D0A00D93F0008F4
:1043200050000020B01000202B43474154543A2045
:104330003100000070B51D4C0025207A10B1012815
:1043400013D010E02079401C2071FFF735FE0B21BF
:1043500017A003F09BFA64216570184A0F2003F040
:10436000DDFA01202072002070BDFFF719FE002841
:1043700008BF70BD124E306800F094F90146114834
:104380003268FDF753FD10A10E48FBF763FF18B12B
:1043900025722571012070BD2079B42898BF25723F
:1043A000E1D925712572022070BD00005400002063
:1043B00041542B43455245473F0D0A00D93F000861
:1043C00050000020B01000202B43455245473A20B2
:1043D000302C31008B4810B5C0790B283BD2DFE878
:1043E00000F006223C495163748C9CCCDD00864C65
:1043F000206800F057F9014684482268FDF716FD51
:10440000FFF7DAFD042182A003F040FA7D4C002082
:104410004FF4FA616070804A0F2003F07FFA0120A8
:10442000E071002010BDFFF7BBFD002808BF10BDE4
:10443000754C206800F036F9014674482268FDF793
:10444000F5FC76A17148FBF705FF002800F0D48049
:104450006C490220C871002010BD6A4C00204FF446
:10446000FA6160706C4A0F2003F058FA0320E07183
:10447000002010BDFFF794FD0028ECD06149042016
:10448000C871E8E7FFF798FD062165A003F0FEF983
:104490005C4C0020642160705F4A0F2003F03EFAFC
:1044A0000520E071002010BDFFF786FD0A215EA007
:1044B00003F0ECF9534C002064216070564A0F2041
:1044C00003F02CFA0620E071C5E7FFF769FD00282C
:1044D00008BF10BD4C4C206800F0E4F801464B4882
:1044E0002268FDF7A3FC53A14848FBF7B3FE002860
:1044F0007ED044490720C871ADE7FFF75DFD0B2171
:1045000050A003F0C3F93F4C002064216070424A80
:104510000F2003F003FA08203EE0FFF741FD0028DA
:1045200008BF10BD384C206800F0BCF80146374881
:104530002268FDF77BFC46A13448FBF78BFE002880
:104540005AD04549D0F80720C1F89122D0F80B2065
:10455000C1F89522D0F80F20C1F89922B0F81320A5
:10456000A1F89D22407D81F89F0201F52371002072
:10457000087524490920C8716DE7FFF71DFD0A2160
:1045800036A003F083F91F4C002064216070224A9A
:104590000F2003F0C3F90A20E0715CE7FFF700FD8C
:1045A000002808BF10BD184C206800F07BF80146B9
:1045B00016482268FDF73AFC2BA11448FBF74AFE87
:1045C000B0B125498268C1F8A122C268C1F8A5220C
:1045D0000269C1F8A9224269C1F8AD228069C1F817
:1045E000B10201F52371002081F82900054900E09E
:1045F00002E0C871012010BD02490020C8710220EC
:1046000010BD00005400002050000020B010002019
:1046100041540D0A00000000D93F00084F4B000034
:10462000415445300D0A000041542B4350494E3F40
:104630000D0A00002B4350494E3A2052454144593F
:104640000000000041542B4347534E3D310D0A00FA
:104650002B4347534E3A20000014002041542B496D
:10466000434349440D0A00002B49434349443A203F
:104670000000000070B5102004F0D8F804004FF0DE
:10468000000508BF2C4607D040F2DD50606004F002
:10469000CDF8E560A56020600148046070BD0000B1
:1046A000500000200146D1E90220801A44BF496829
:1046B0000844704710B504001CBF012C042C05D021
:1046C00040F203320AA118A003F0D0FD1B480021DC
:1046D00080F8201080F82010012C08BF012103D0A1
:1046E000042C0CBF052110BD80F8201010BD000067
:1046F0002E2E5C6669726D776172655C6E3332670F
:104700003435785F7374645F7065726970685F6474
:1047100072697665725C7372635C6E3332673435CE
:10472000785F7263632E630049535F5243435F4C6B
:104730005345285243435F4C534529000010024023
:1047400010B5040018BFB4F5806F0DD0B4F5A06F9C
:104750001CBFB4F5C06FB4F5E06F05D040F2C312D2
:1047600005A113A003F082FD1849486820F4E06019
:104770002043486010BD00002E2E5C6669726D7784
:104780006172655C6E3332673435785F7374645F71
:104790007065726970685F6472697665725C737265
:1047A000635C6E3332673435785F7263632E630007
:1047B00049535F5243435F48434C4B5F444956283B
:1047C0005243435F48434C4B290000000010024015
:1047D00010B50446B0F5807F1CBFB4F5007FB4F57A
:1047E000407F05D040F2333206A114A003F03EFD15
:1047F0001B48016A21F440710162016A2143016290
:1048000010BD00002E2E5C6669726D776172655C6A
:104810006E3332673435785F7374645F70657269C4
:1048200070685F6472697665725C7372635C6E3324
:1048300032673435785F7263632E630049535F5289
:1048400043435F525443434C4B5F535243285243BC
:10485000435F525443434C4B536F75726365290059
:104860000010024070B504460E480D46044200D1C7
:104870002CB940F2FE320CA119A003F0F7FC214E36
:10488000002D04BFF069A04309D0012D05D040F2EE
:10489000FF3205A11CA003F0E9FCF0692043F061A0
:1048A00070BD0000003301412E2E5C6669726D7789
:1048B0006172655C6E3332673435785F7374645F40
:1048C0007065726970685F6472697665725C737234
:1048D000635C6E3332673435785F7263632E6300D6
:1048E00049535F5243435F415042315F5045524903
:1048F0005048285243435F415042315065726970BD
:10490000682900000010024049535F46554E435449
:10491000494F4E414C5F535441544528436D6429DF
:104920000000000070B504460E480D46044200D158
:104930002CB940F2DF320CA119A003F097FC214EF4
:10494000002D04BFB069A04309D0012D05D04FF45C
:10495000787205A11CA003F089FCB0692043B06106
:1049600070BD00000286E0FF2E2E5C6669726D77D6
:104970006172655C6E3332673435785F7374645F7F
:104980007065726970685F6472697665725C737273
:10499000635C6E3332673435785F7263632E630015
:1049A00049535F5243435F415042325F5045524941
:1049B0005048285243435F415042325065726970FB
:1049C000682900000010024049535F46554E435489
:1049D000494F4E414C5F535441544528436D64291F
:1049E0000000000010B5040018BF012C05D04FF4E2
:1049F000517203A110A003F039FC1648046010BDE9
:104A00002E2E5C6669726D776172655C6E333267FB
:104A10003435785F7374645F7065726970685F6461
:104A200072697665725C7372635C6E3332673435BB
:104A3000785F7263632E630049535F46554E43545B
:104A4000494F4E414C5F535441544528436D6429AE
:104A5000000000003C044242324B30B45968324AF4
:104A600011405A6811F0006F02F480320CBF4FF011
:104A7000020C6FF4F77C0CEB9141002A04BF2B4A27
:104A8000514306D05A6812F4003F14BF274A284AFF
:104A900051435A68DFF898C012F00C0218BF042A7C
:104AA00003D0082A08BF016001D0C0F800C05A68CE
:104AB0004FF00F0C1F4D0CEA1212D0F800C0AA5C88
:104AC0002CFA02F24260D3F804C0072404EA1C2C3A
:104AD00015F80CC022FA0CFCC0F808C0D3F804C0CA
:104AE00004EADC2C15F80CC022FA0CFCC0F80CC04F
:104AF000D3F82CC005F110040CF00F0C14F80CC006
:104B0000B2FBFCF24261DA6A1F2303EA121202F0DE
:104B10000F0204F1100333F81220B1FBF2F101612E
:104B200030BC70470010024000003C0800093D0006
:104B300000127A009888000870B5002504462128E4
:104B400018BF312C21D0392C18BF412C1DD0612C1D
:104B500018BF732C19D0742C18BF752C15D0772C56
:104B600018BF792C11D07A2C18BF7B2C0DD07C2C3F
:104B700018BF7D2C09D07E2C18BF7F2C05D040F2A9
:104B8000E3420CA119A003F071FB60091D49012843
:104B900008BF086803D002280CBF086A486A04F0FE
:104BA0001F01012202FA01F1014218BF0125284626
:104BB00070BD00002E2E5C6669726D776172655C57
:104BC0006E3332673435785F7374645F7065726911
:104BD00070685F6472697665725C7372635C6E3371
:104BE00032673435785F7263632E630049535F52D6
:104BF00043435F464C4147285243435F464C41473D
:104C0000290000000010024038B503F045FC4FF4C5
:104C10000060ADF8000010208DF803000120064C64
:104C20008DF8020069462046FDF700FDE11420469C
:104C3000FDF7A6FE38BD00000008014002F0E2BD0D
:104C400000210A2805D3491C0A38C0B2C9B20A2873
:104C5000F9D2090740EA11607047000070B50026DC
:104C6000674D0C4600282AD0012805D04FF4E37286
:104C700064A172A003F0FAFA286810F0400F00F067
:104C80007F802078010901EB810100F00F0000EB2B
:104C90004100C0B2401E0B2805D94FF4EE7259A155
:104CA0006DA003F0E3FAE078002818BF402800F078
:104CB000798040F2DD1253A16EA000F071B828682F
:104CC00010F0400F13D02078401E0B2805D94FF468
:104CD000E6724CA16FA003F0C9FAE078002818BF73
:104CE00040280ED040F2CD1246A162A007E0E67047
:104CF0002078172805D94FF4E97242A16FA003F07C
:104D0000B5FA60783B2805D94FF4EA723DA175A049
:104D100003F0ACFAA0783B2805D940F2D51239A1AE
:104D20007AA003F0A3FA2078FFF78AFF06046078E0
:104D3000FFF786FF46EA0026A078FFF781FFE178BB
:104D4000304340EA01437B4CCA202060532020605E
:104D500000F04CF970B178487849184008607848FC
:104D6000016821F080010160286810F0200F08BF61
:104D700000F056FCFF202060BDE8704000F050BC01
:104D8000E6702078010901EB810100F00F0000EBD3
:104D90004100C0B2172805D94FF4F17219A169A0DA
:104DA00003F064FA6078010901EB810100F00F0063
:104DB00000EB4100C0B23B2805D94FF4F27211A1BB
:104DC0006EA003F053FAA078010901EB810100F015
:104DD0000F0000EB4100C0B23B2805D940F2E512BC
:104DE00008A174A003F042FAA0782178E27840EAA2
:104DF00001406178090241EA024140EA0103A2E769
:104E0000082800402E2E5C6669726D776172655CC1
:104E10006E3332673435785F7374645F70657269BE
:104E200070685F6472697665725C7372635C6E331E
:104E300032673435785F7274632E630049535F5272
:104E400054435F464F524D4154285254435F466F7E
:104E5000726D61742900000049535F5254435F3101
:104E600032484F555228746D707265676973746566
:104E70007229000049535F5254435F48313228522F
:104E800054435F54696D655374727563742D3E4865
:104E90003132290049535F5254435F3132484F55F4
:104EA00052285254435F54696D655374727563742C
:104EB0002D3E486F757273290000000049535F5200
:104EC00054435F3234484F5552285254435F54691B
:104ED0006D655374727563742D3E486F75727329D6
:104EE0000000000049535F5254435F4D494E5554F2
:104EF0004553285254435F54696D6553747275630A
:104F0000742D3E4D696E75746573290049535F5267
:104F100054435F5345434F4E4453285254435F54C8
:104F2000696D655374727563742D3E5365636F6E5E
:104F300064732900242800407F7F7F000028004000
:104F40000C28004049535F5254435F3234484F5558
:104F500052285254435F42636432546F42797465FD
:104F6000285254435F54696D655374727563742D90
:104F70003E486F75727329290000000049535F5243
:104F800054435F4D494E55544553285254435F4254
:104F9000636432546F42797465285254435F546994
:104FA0006D655374727563742D3E4D696E757465CD
:104FB0007329290049535F5254435F5345434F4E71
:104FC0004453285254435F42636432546F427974AD
:104FD00065285254435F54696D65537472756374E8
:104FE0002D3E5365636F6E647329290081B00F49AC
:104FF00000200090086810F0400F04BF8020086077
:1050000010D10868009A00F04000521C0092B2F5DE
:10501000005F01D00028F4D0086810F0400004BF01
:1050200001B07047012001B0704700000C2800401B
:1050300070B50C46050018BF012D05D04FF437722E
:1050400018A126A003F012F92B48006820F0C00137
:1050500021F07F410B0CC1F30422E37001F03F000B
:105060006270A070C1F342312170002D18BF70BD75
:10507000190901EB810103F00F0303EB4101E1701A
:10508000110901EB810102F00F0202EB4101617095
:10509000010901EB810100F00F0000EB4100A0705D
:1050A00070BD00002E2E5C6669726D776172655C62
:1050B0006E3332673435785F7374645F706572691C
:1050C00070685F6472697665725C7372635C6E337C
:1050D00032673435785F7274632E630049535F52D0
:1050E00054435F464F524D4154285254435F466FDC
:1050F000726D6174290000000428004070B50C46F0
:10510000050018BF012D05D040F23D2218A126A0B0
:1051100003F0ACF82B4800682B494FF0400C0140DD
:10512000C1F30542C1F30623227001F07F006370D2
:10513000A0700CEA1141E170002D18BF70BD11097B
:1051400001EB810102F00F0202EB4101217019090C
:1051500001EB810103F00F0202EB410161700109D3
:1051600001EB810100F00F0000EB4100A07070BD69
:105170002E2E5C6669726D776172655C6E33326784
:105180003435785F7374645F7065726970685F64EA
:1051900072697665725C7372635C6E333267343544
:1051A000785F7274632E630049535F5254435F46C5
:1051B0004F524D4154285254435F466F726D617493
:1051C00029000000002800407F7F7F0070B5054661
:1051D000002600683446402818BF002804D0C722A3
:1051E0001EA12CA003F042F868687F2804D9C822C9
:1051F0001AA135A003F03AF8A868B0F5004F04D31F
:10520000C92216A13EA003F031F84B4BCA2018600A
:1052100053201860FFF7EAFEB0B14848016821F05A
:105220004001016001682A68114301604448A9688F
:1052300001600168AA8841EA02410160001F01681B
:1052400021F0800101600126FF20186040F2FF205C
:10525000641C8442FCD3304670BD00002E2E5C6678
:1052600069726D776172655C6E3332673435785F71
:105270007374645F7065726970685F647269766583
:10528000725C7372635C6E3332673435785F72744C
:10529000632E630049535F5254435F484F55525F3A
:1052A000464F524D4154285254435F496E697453DE
:1052B00074727563742D3E5254435F486F75724625
:1052C0006F726D617429000049535F5254435F50FF
:1052D00052454449565F4153594E4348285254431E
:1052E0005F496E69745374727563742D3E525443F2
:1052F0005F4173796E636850726564697629000056
:1053000049535F5254435F5052454449565F535985
:105310004E4348285254435F496E69745374727502
:1053200063742D3E5254435F53796E6368507265C7
:105330006469762900000000242800400828004005
:105340001028004070B50C46050000F05F80012D6C
:1053500005D040F2722256A163A002F087FFE078E8
:10536000010901EB810100F00F0000EB4100C0B228
:10537000632805D94FF420724DA162A002F076FF98
:105380006078010901EB810100F00F0000EB4100A2
:10539000C0B2401E0B2805D940F2822244A166A06B
:1053A00002F064FFA078010901EB810100F00F0019
:1053B00000EB4100C0B2401E1E2805D94FF42172F7
:1053C0003BA164A002F052FF2178012918BF0229F5
:1053D0000ED0032918BF04290AD005291CBF0629AD
:1053E000072905D040F2862231A161A002F03EFFDC
:1053F000002D2FD0A078E178227840EA0140617832
:10540000090241EA423140EA010333E0607810F0DA
:10541000100F03D020F010000A306070E07863288D
:1054200005D940F27A2222A15BA002F01FFF60782A
:10543000401E0B2805D940F27B221DA15FA002F07F
:1054400015FFA078401E1E28BED94FF41F7218A168
:1054500063A0B7E7E078FFF7F3FB05046078FFF798
:10546000EFFB45EA0025A078FFF7EAFB2178284307
:1054700040EA4133634CCA20206053202060FFF78C
:10548000B5FD78B1604823F0C00101605F48016854
:1054900021F080010160001F006810F0200F08BF9C
:1054A00000F0BEF8FF202060BDE8704000F0B8B802
:1054B0002E2E5C6669726D776172655C6E33326741
:1054C0003435785F7374645F7065726970685F64A7
:1054D00072697665725C7372635C6E333267343501
:1054E000785F7274632E630049535F5254435F4682
:1054F0004F524D4154285254435F466F726D617450
:105500002900000049535F5254435F5945415228D6
:105510005254435F42636432546F42797465285237
:1055200054435F446174655374727563742D3E59BE
:10553000656172292900000049535F5254435F4D51
:105540004F4E544828746D70726567697374657244
:105550002900000049535F5254435F444154452899
:10556000746D70726567697374657229000000005C
:1055700049535F5254435F5745454B444159285264
:1055800054435F446174655374727563742D3E5760
:1055900065656B446179290049535F5254435F59F3
:1055A000454152285254435F446174655374727587
:1055B00063742D3E596561722900000049535F52A2
:1055C00054435F4D4F4E5448285254435F446174D6
:1055D000655374727563742D3E4D6F6E7468290047
:1055E00049535F5254435F44415445285254435FEA
:1055F000446174655374727563742D3E44617465BF
:105600002900000024280040042800400C28004005
:10561000002101607F214160FF218160704700000F
:1056200081B000200F4B0090CA20186053201860F2
:105630000D49086820F0200008600868009A00F012
:105640002000521C0092B2F5004F01D00028F4D087
:10565000086810F0200018BF0120FF21196001B078
:1056600070470000242800400C2800400449012015
:105670000870AFF207024FF47A71042002F04EB9BD
:105680004000002010B5164C10B101280ED01AE0D1
:105690004FF400412046FDF7DDF94FF480412046EC
:1056A000FDF76EF9142002F04FFE0CE04FF480413C
:1056B0002046FDF7CFF94FF400412046FDF760F991
:1056C000142002F041FE4FF400412046FDF758F946
:1056D0002046BDE810404FF48041FDF751B900006D
:1056E000000C0140F8B54FF40040ADF80000102563
:1056F0000E4E8DF8035003248DF802406946304663
:10570000FCF794FFE9023046FDF7A4F9A902ADF8D1
:1057100000108DF803508DF8024069463046FCF7C2
:1057200085FFA9023046FDF795F9F8BD000C014050
:1057300010B5012186B00807FFF794F80121C806CB
:10574000FFF790F80120FEF76BFD0420FBF704FA49
:10575000A0F5A061053904BF06B010BD4FF48070FC
:10576000FFF736F80120FEF7A5FF4120FFF7E4F927
:105770000028FAD00120FFF735F97F200190FF20A3
:105780000024029000946846FFF742FF6846FFF746
:105790001DFD014611A002F0E3F819208DF8130059
:1057A00001208DF811008DF8120003208DF80D40B6
:1057B0008DF810008DF80E408DF80C4004A90020E3
:1057C000FFF7C0FD03A90020FFF748FA40F205519A
:1057D0000420FBF74BFA06B010BD0000525443B34F
:1057E000F5CABCBBAF25640D0A00000070B51D4CA6
:1057F0000025A07A10B1012813D010E02079401CB8
:105800002071FEF7D9FB0E2117A002F03FF86421AA
:105810006570194A0F2002F081F80120A072002063
:1058200070BDFEF7BDFB002808BF70BD134E306889
:10583000FEF738FF014612483268FCF7F7FA11A16B
:105840000F48FAF707FD00281EBFA572012070BDA2
:1058500020790A2898BFA572E1D92571A572022086
:1058600070BD00005400002041542B434741435475
:105870003D312C310D0A0000D93F000850000020B6
:10588000B01000204F4B00002DE9F0410E4E069D58
:105890008846F0701F4614463282C8210B48FAF73A
:1058A000C2FC224641460948FAF7A4FC2C46758200
:1058B0004FF47A710648FAF7B6FC22463946BDE83D
:1058C000F0410348FAF796BC54000020000C002079
:1058D000C80C002070B582B0A0F5FA60C0B2DDE956
:1058E00006458DF803008DF801101E468DF8022044
:1058F00002F0D4FC8DF804608DF800008DF80540AE
:105900008DF8065069460020FFF71CFD01A9002014
:10591000FFF7A4F902B070BD042808D010F1050FFC
:1059200008BF7047CF2205A111A002F09FBC4FF025
:10593000E020016941F00401016170472E2E5C6690
:1059400069726D776172655C6E3332673435785F8A
:105950007374645F7065726970685F64726976659C
:10596000725C7372635C6D6973632E630000000088
:1059700049535F5359535449434B5F434C4B5F5317
:105980004F55524345285379735469636B5F434CB9
:105990004B536F757263652900000000704700006B
:1059A0004B4883B0016841F47001016049480168C7
:1059B00041F00101016042684749114041600168BE
:1059C00021F4102121F080710160016821F480210F
:1059D0000160416821F47F0121F0006141600021F4
:1059E000C16201634FF41F028260C26942F08052BB
:1059F000C2613A4AD36843F00103D360C26922F01E
:105A00008052C261364A136843F0900313600091DC
:105A10008DF804100291016841F480310160016841
:105A2000C1F340418DF804100299491C02919DF880
:105A3000041019B90299B1F5004FF0D10168C1F312
:105A400040418DF804109DF8041000293BD01168E6
:105A500021F007011160116841F0030111604168F4
:105A60004160416841F400514160416841F4A061E6
:105A70004160416821F47C1121F00061416041687E
:105A800041F4803141F4003141F002610091416004
:105A9000016841F080710160016811F0007FFBD066
:105AA000416821F003014160416841F00201416019
:105AB000416801F00C010829FAD10A494FF0006051
:105AC000086003B07047094907480860F5E700001F
:105AD00088ED00E00010024000C0FFF800700040B8
:105AE0000020024008ED00E000127A0000000020D3
:105AF00003490020087010210248FCF7ABBF0000EA
:105B00003E000020000C0140074910B5012008703C
:105B100010210648FCF734FFBDE81040044A4EF659
:105B20006021112001F0FABE3E000020000C01406F
:105B3000F15A00082DE9F047DFF894900D4607462A
:105B40001C4616464FF02A084FF480714846FCF771
:105B500017FF404600F060FC4FF480714846FCF7A8
:105B600079FF380A00F058FCF8B200F055FC300A12
:105B700000F052FCF0B200F04FFC2B264FF4807185
:105B80004846FCF7FDFE304600F046FC4FF48071BD
:105B90004846FCF75FFF280A00F03EFCE8B200F040
:105BA0003BFC200A00F038FCE0B200F035FC2C246D
:105BB0004FF480714846FCF7E3FE204600F02CFCD1
:105BC0004846BDE8F0474FF48071FCF743BF000042
:105BD000000C01402DE9F04F0026A2EB00085F1AEF
:105BE00085B0354682468946B8F1000FC8BF01200E
:105BF00007DC0FBF00204FF0FF30C8F10008019014
:105C000000D10190002FC8BF012006DC0FBF00208B
:105C10004FF0FF307F42009000D10090B845CCBFDC
:105C200044463C464FF0000B601C03900028DCBF4C
:105C300005B0BDE8F08F0E98000A02901FFA8AF0B6
:105C40001FFA89F1DDF838C00B460246CDF810C0C6
:105C5000FFF770FF029800F0DFFBDDF810C00CF0DA
:105C6000FF0000F0D9FB46443D44A64202DD019806
:105C7000361B8244A54202DD00982D1B81440BF1A6
:105C800001001FFA80FB03988345D7DB05B0BDE810
:105C9000F08F2DE9F04781469846581E83B217468B
:105CA000501E82B20D464846089EFFF743FF454509
:105CB00034BF4FEA162ABDE8F0874C46B94509D2F1
:105CC000504600F0A9FBF0B200F0A6FB601C84B2C5
:105CD000BC42F5D3681C85B24545EED3BDE8F087DC
:105CE000F8B54FF47C70ADF8000010208DF803007B
:105CF0000320F64E8DF8020069463046FCF796FC0C
:105D000001210920FEF70EFE0121F148FCF73EF9C2
:105D100071153046FCF734FE6423002246F2A811C8
:105D2000491EFDD1521C9A42F8D34FF400713046FF
:105D3000FCF790FE6423002246F2A811491EFDD113
:105D4000521C9A42F8D3E3490120087010213046D2
:105D5000FCF716FEE04A4EF66021112001F0DEFD50
:105D60006420002246F2A811491EFDD1521C824235
:105D7000F8D3002436254FF480713046FCF700FE3E
:105D8000284600F049FB4FF480713046FCF762FE74
:105D9000602000F041FB3A254FF480713046FCF75B
:105DA000EFFD284600F038FB4FF480713046FCF7D9
:105DB00051FE052000F030FBB2254FF480713046D3
:105DC000FCF7DEFD284600F027FB4FF480713046DB
:105DD000FCF740FE0C2000F01FFB0C2000F01CFB29
:105DE000002000F019FB332000F016FB332000F0F8
:105DF00013FBB7254FF480713046FCF7C1FD2846F0
:105E000000F00AFB4FF480713046FCF723FE35208A
:105E100000F002FBBB254FF480713046FCF7B0FD6B
:105E2000284600F0F9FA4FF480713046FCF712FE74
:105E3000192000F0F1FAC0254FF480713046FCF7CC
:105E40009FFD284600F0E8FA4FF480713046FCF7D9
:105E500001FE2C2000F0E0FAC2254FF4807130469C
:105E6000FCF78EFD284600F0D7FA4FF480713046DB
:105E7000FCF7F0FD012000F0CFFAC3254FF480714C
:105E80003046FCF77DFD284600F0C6FA4FF48071DD
:105E90003046FCF7DFFD122000F0BEFAC4254FF4B7
:105EA00080713046FCF76CFD284600F0B5FA4FF4DF
:105EB00080713046FCF7CEFD202000F0ADFAC625FB
:105EC0004FF480713046FCF75BFD284600F0A4FAE1
:105ED0004FF480713046FCF7BDFD0F2000F09CFAB6
:105EE000D0254FF480713046FCF74AFD284600F07B
:105EF00093FA4FF480713046FCF7ACFDA42000F01B
:105F00008BFAA12000F088FAE0254FF4807130462A
:105F1000FCF736FD284600F07FFA4FF480713046DA
:105F2000FCF798FDD02000F077FA042000F074FA16
:105F30000D2000F071FA112000F06EFA132000F02D
:105F40006BFA2B2000F068FA3F2000F065FA54202D
:105F500000F062FA4C2000F05FFA182000F05CFAC2
:105F60000D2000F059FA0B2000F056FA1F2000F027
:105F700053FA232000F050FAE1254FF480713046A7
:105F8000FCF7FEFC284600F047FA4FF480713046DB
:105F9000FCF760FDD02000F03FFA042000F03CFA4E
:105FA0000C2000F039FA112000F036FA132000F02E
:105FB00033FA2C2000F030FA3F2000F02DFA442074
:105FC00000F02AFA512000F027FA2F2000F024FADE
:105FD0001F2000F021FA1F2000F01EFA202000F000
:105FE0001BFA232000F018FA21254FF48071304667
:105FF000FCF7C6FC284600F00FFA4FF480713046DB
:10600000FCF728FD11254FF480713046FCF7B8FCF1
:10601000284600F001FA4FF480713046FCF71AFD73
:1060200029254FF480713046FCF7AAFC284600F081
:10603000F3F94FF480713046FCF70CFD2A254FF43C
:1060400080713046FCF79CFC284600F0E5F94FF4DF
:1060500080713046FCF7FEFC002000F0DDF90020E6
:1060600000F0DAF9002000F0D7F9EF2000F0D4F9C1
:106070002B254FF480713046FCF782FC284600F057
:10608000CBF94FF480713046FCF7E4FC002000F0BF
:10609000C3F9002000F0C0F9002000F0BDF9C520D0
:1060A00000F0BAF92C254FF480713046FCF768FCFB
:1060B000284600F0B1F94FF480713046FCF7CAFC75
:1060C000601CC4B2022CFFF455AEF8BD000C0140B8
:1060D000000230003E000020F15A00082DE9FF4F79
:1060E00085B00746DDF84C800C468B4618F007005B
:1060F00018BF012000EBD80000FB08F04FF00009AA
:10610000009000289CBF09B0BDE8F08F2D4800EB3F
:10611000421004902C4800EBC21003900898000A2B
:1061200002901298000A0190B8F1100F08BF04986D
:1061300006D0B8F1200F0EBF039809B0BDE8F08F6C
:1061400010F80950002615F0800F0FD023463A466C
:1061500019461046DDF820A0FFF7ECFC029800F08D
:106160005BF90AF0FF0000F057F90EE023463A46CB
:1061700019461046DDF848A0FFF7DCFC019800F056
:106180004BF90AF0FF0000F047F94FF6FF7000EA04
:106190004505601C84B2A4EB0B00404503D1781C7C
:1061A0005C4687B203E0701C86B2082ECBD309F19F
:1061B00001001FFA80F900988145B5D309B0BDE808
:1061C000F08F00001CB000081CA500082DE9FF4F4F
:1061D00089B00546DDF85CA000264FEA5A09019017
:1061E0009B4619F0070018BF012000EBD90000FB07
:1061F0000AF00290A2F12000C4B20A980A99504411
:10620000401E83B205EB0900401E82B22846FFF70C
:1062100091FC02984FF0000800289CBF0DB0BDE82B
:10622000F08F3A4904EB440001EB800107913849B3
:1062300001EB04110691374901EB00100590169807
:10624000000A04904FEA1B200090BAF10C0F04BF23
:10625000079810F808700DD0BAF1100F08BF069813
:1062600006D0BAF1180F0EBF05980DB0BDE8F08F3B
:1062700010F808700024189800284FF0010000FA68
:1062800004F000EA070019D060B10A992A460B46CB
:106290001046FFF74FFC009800F0BEF80BF0FF002F
:1062A00000F0BAF8681C85B20198281A48451FD139
:1062B0000A98019D401C80B20A901DE028B1009808
:1062C00000F0AAF80BF0FF0006E01698039004987F
:1062D00000F0A2F80398C0B200F09EF8701CC6B29D
:1062E000B6FBF9F009FB1060002808BF002603D0B8
:1062F000601CC4B2082CBED308F101001FFA80F85C
:1063000002988045A1D30DB0BDE8F08FE888000861
:106310005C8D00084C9300082DE9FF4F83B04FF0CF
:106320000008DDE911961D0082464FEA56074446F3
:1063300012BFA5F1010B07B0BDE8F08F0A23281B9F
:10634000401EC2B20121501EC0B203D35943401EA9
:10635000C0B2FBD20598B0FBF1F01B49A1FB0021B4
:10636000C908494201EB810100EB4100B8F1000F7F
:1063700006D15C4504DA002818BF4FF0010814D09C
:106380000021CDF800903030CDE90161C2B204FBAC
:1063900007A080B2109B0499FFF718FF601CC4B2DD
:1063A000AC42CBD307B0BDE8F08F0020CDF8009011
:1063B000CDE9016004FB07A080B22022109B049964
:1063C000FFF704FFEAE70000CDCCCCCC2DE9F04785
:1063D00084B00646DDE90D571078DDF83080994627
:1063E00014468A46002804BF04B0BDE8F087CDF803
:1063F0000080CDE9015722784B4651463046FFF7E1
:10640000E5FE06EB550086B214F8010F0028EED128
:1064100004B0BDE8F087000070B5134E054620219A
:106420003046FCF7ADFA002440213046FCF7A8FACC
:1064300015F0800F4FF08001304602D0FCF70AFBC8
:1064400001E0FCF79DFA40213046FCF703FB6806AB
:10645000050E601CC4B2082CE6D33046BDE870407F
:106460002021FCF7F7BA0000000C01400448017835
:10647000012918BF704700210170FAF7F9BE00002A
:106480006B000020044901200870AFF207024FF4AE
:10649000FA71062001F042BA6B00002010B5084CDA
:1064A0000121204600F038FA002808BF10BD012164
:1064B000204600F007F8BDE8104001F039BA0000AE
:1064C0000010004070B50446A0F180400D46B0F5C4
:1064D000963018BFB4F1804F23D0A4F18040B0F5BE
:1064E00080601CBFA4F18040B0F5006019D0A4F119
:1064F0008040B0F540601CBFA4F18040B0F58050F2
:106500000FD0A4F18040B0F5A0501CBFA4F1804092
:10651000B0F59A3005D040F6224209A116A001F04C
:10652000A5FE15F47F4F00D12DB940F6234204A1FA
:1065300017A001F09BFE2069A843206170BD0000F8
:106540002E2E5C6669726D776172655C6E333267A0
:106550003435785F7374645F7065726970685F6406
:1065600072697665725C7372635C6E333267343560
:10657000785F74696D2E6300497354696D416C6C6A
:106580004D6F64756C652854494D782900000000F2
:10659000497354696D496E742854494D5F495429B3
:1065A0000000000070B50446A0F1804016460D467C
:1065B000B0F5963018BFB4F1804F23D0A4F18040DD
:1065C000B0F580601CBFA4F18040B0F5006019D028
:1065D000A4F18040B0F540601CBFA4F18040B0F54C
:1065E00080500FD0A4F18040B0F5A0501CBFA4F1A2
:1065F0008040B0F59A3005D04FF47B720FA11DA0FA
:1066000001F034FE15F47F4F00D12DB940F2ED3288
:106610000AA11EA001F02AFE002E04BFA089A843F3
:1066200009D0012E05D040F2EE3204A11CA001F0E9
:106630001DFEA0892843A08170BD00002E2E5C663F
:1066400069726D776172655C6E3332673435785F7D
:106650007374645F7065726970685F64726976658F
:10666000725C7372635C6E3332673435785F746961
:106670006D2E6300497354696D416C6C4D6F647588
:106680006C652854494D782900000000497354690D
:106690006D496E742854494D5F495429000000002B
:1066A00049535F46554E4354494F4E414C5F5354F6
:1066B00041544528436D64290000000070B504462C
:1066C000A0F1804015460E46B0F5963018BFB4F1E3
:1066D000804F23D0A4F18040B0F580601CBFA4F1AE
:1066E0008040B0F5006019D0A4F18040B0F5406062
:1066F0001CBFA4F18040B0F580500FD0A4F18040C1
:10670000B0F5A0501CBFA4F18040B0F59A3005D080
:1067100040F2195208A116A001F0A8FD002D18BFE3
:10672000012D05D040F21A5203A117A001F09EFDE1
:106730002685A58270BD00002E2E5C6669726D777D
:106740006172655C6E3332673435785F7374645F91
:106750007065726970685F6472697665725C737285
:10676000635C6E3332673435785F74696D2E630015
:10677000497354696D416C6C4D6F64756C65285438
:10678000494D782900000000497354696D507363C6
:1067900052656C6F61644D6F64652854494D5F505C
:1067A000534352656C6F61644D6F6465290000004E
:1067B000F8B51A4E41F63F70F0804FF4A060FDF737
:1067C000BFFF01211020FEF74DF836208DF80000A4
:1067D00003258DF8015000248DF8024001208DF82A
:1067E00003006846FDF740FC0D48042185800180C8
:1067F000C48044800B4C0146204600F00FF9012272
:10680000F1882046FFF75AFF012211462046FFF784
:10681000C9FE0121204600F007F8F8BD2A0000203B
:106820008C0200200010004070B50446A0F18040AA
:106830000D46B0F5963018BFB4F1804F23D0A4F1C7
:106840008040B0F580601CBFA4F18040B0F50060CE
:1068500019D0A4F18040B0F540601CBFA4F1804085
:10686000B0F580500FD0A4F18040B0F5A0501CBF0F
:10687000A4F18040B0F59A3005D040F2AF320BA1C0
:1068800018A001F0F3FC002D04BF206820F00100E7
:106890000AD0012D05D04FF46C7204A117A001F0AD
:1068A000E5FC206840F00100206070BD2E2E5C6683
:1068B00069726D776172655C6E3332673435785F0B
:1068C0007374645F7065726970685F64726976651D
:1068D000725C7372635C6E3332673435785F7469EF
:1068E0006D2E6300497354696D416C6C4D6F647516
:1068F0006C652854494D78290000000049535F46D3
:10690000554E4354494F4E414C5F535441544528D2
:10691000436D64290000000070B505460026A0F113
:1069200080400C46B0F5963018BFB5F1804F23D0AB
:10693000A5F18040B0F580601CBFA5F18040B0F5A6
:10694000006019D0A5F18040B0F540601CBFA5F1F2
:106950008040B0F580500FD0A5F18040B0F5A05038
:106960001CBFA5F18040B0F59A3005D040F6FC324E
:1069700011A11FA001F07AFC012C18BF022C11D02C
:10698000042C18BF082C0DD0102C18BF202C09D0B7
:10699000402C18BF802C05D040F6FD3206A11AA06D
:1069A00001F064FC2869A989204201EA04011CBFA6
:1069B00000290126304670BD2E2E5C6669726D7707
:1069C0006172655C6E3332673435785F7374645F0F
:1069D0007065726970685F6472697665725C737203
:1069E000635C6E3332673435785F74696D2E630093
:1069F000497354696D416C6C4D6F64756C652854B6
:106A0000494D782900000000497354696D47657449
:106A1000496E742854494D5F495429002DE9F05FAF
:106A2000DFF888A1DFF888B1DFF88881DFF8889186
:106A3000624F634E0D460446504518BFB4F1804F77
:106A400013D0BC4218BFB4420FD04C4518BF5C45B0
:106A50000BD0A4F18040B0F5A05018BF444504D03D
:106A6000BD2258A165A001F001FC6888002818BF6C
:106A7000102809D020281CBF4028602804D0BE223E
:106A800050A164A001F0F2FBE88800281CBFB0F51B
:106A9000807FB0F5007F04D0BF224AA169A001F039
:106AA000E5FB2068544518BF444508D0B4F1804F39
:106AB00018BFBC4203D0B44218BF4C4503D169880B
:106AC00020F0700008435C451CBFA4F18041B1F583
:106AD000A05103D0E98820F4407008432060A888C2
:106AE000A08528882085544512BF4445287A2086F1
:106AF0000120A0822068544518BF444508D0B4F155
:106B0000804F18BFBC4203D0B44218BF4C4509D1D6
:106B1000697A002914BF40F4006020F40060B4F1E9
:106B2000804F04D0BC421CBFB4424C4510D1A97A5E
:106B3000002914BF40F4805020F48050E97A0029E5
:106B400014BF40F4005020F40050B4F1804F03D043
:106B5000BC4218BFB44206D1297B002914BF40F4BF
:106B6000804020F48040544518BF444505D0B4F11E
:106B7000804F1CBFBC42B44206D1697B002914BFC0
:106B800040F4004020F4004020606068B4F1804F81
:106B900018BFB44206D1A97B002914BF40F480700D
:106BA00020F480706060BDE8F09F0000002C014080
:106BB0000010004000340140000C00400004004080
:106BC000000800402E2E5C6669726D776172655C0C
:106BD0006E3332673435785F7374645F70657269E1
:106BE00070685F6472697665725C7372635C6E3341
:106BF00032673435785F74696D2E63004973546968
:106C00006D416C6C4D6F64756C652854494D7829E5
:106C100000000000497354696D436E744D6F6465E4
:106C20002854494D5F54696D6542617365496E69C9
:106C3000745374727563742D3E436E744D6F646546
:106C400029000000497354696D436C6B44697628D0
:106C500054494D5F54696D6542617365496E69744D
:106C60005374727563742D3E436C6B4469762900CE
:106C700010B5054800F0ACFCC1B204480068BDE89E
:106C80001040FCF78BBA0000004C00405000002080
:106C900070B5114D40F22551284600F04BFA10B165
:106CA0000E4C207820B12846BDE8704000F090BC22
:106CB000284600F08DFC6188094A88546088401C91
:106CC0006080032000F020FEBDE870403221054ABC
:106CD000032000F023BE0000004400407E07002097
:106CE00082070020C978000870B5114D40F2255187
:106CF000284600F01FFA10B10E4C207820B128462B
:106D0000BDE8704000F064BC284600F061FC61887A
:106D1000094A88546088401C6080052000F0F4FD1A
:106D2000BDE870403221054A052000F0F7BD0000A3
:106D3000004800402C03002030030020D9780008D0
:106D40002DE9F047DFF8FC80DFF8FC90DFF8FCA0CD
:106D500016460D460446404518BF4C451AD05445CA
:106D60001CBFA4F18040B0F5984013D0A4F180403E
:106D7000B0F5A0401FBFA4F18040B0F5A830A4F149
:106D80008040B0F5AA3005D040F27F1230A13FA07C
:106D900001F06CFA40F66A17282D1CBFA5F5E060DB
:106DA000B0F127001BD0A5F5C06026381CBFA5F5A3
:106DB000A060B0F1250012D0A5F5806024381CBF7A
:106DC000A5F50060B0F1460009D0BD4218BF602DA6
:106DD00005D04FF4C0721EA133A001F047FA002E77
:106DE00018BF012E05D040F2811219A135A001F083
:106DF0003DFABD420AD144451CBF4C45544505D01F
:106E000040F2851212A136A001F030FA05F01F0100
:106E10000122C5F3421002FA01F1012808BF04F172
:106E20000C0005D002280CBF04F1100004F114007E
:106E3000002E026814BF114322EA01010160BDE87F
:106E4000F087000000380140004400400048004046
:106E50002E2E5C6669726D776172655C6E33326787
:106E60003435785F7374645F7065726970685F64ED
:106E700072697665725C7372635C6E333267343547
:106E8000785F75736172742E6300000049535F551B
:106E9000534152545F414C4C5F5045524950482831
:106EA000555341525478290049535F555341525428
:106EB0005F4346475F494E542855534152545F49FA
:106EC0004E54290049535F46554E4354494F4E4155
:106ED0004C5F535441544528436D64290000000021
:106EE00049535F55534152545F3132335F504552DD
:106EF00049504828555341525478290070B50446EA
:106F0000A0F180400D46B0F59C301CBFA4F180403C
:106F1000B0F588401DD0A4F18040B0F590401CBF72
:106F2000A4F18040B0F5984013D0A4F18040B0F5B2
:106F3000A0401FBFA4F18040B0F5A830A4F180406C
:106F4000B0F5AA3005D040F259120BA119A001F0FA
:106F50008DF9002D04BFA08920F400500AD0012D26
:106F600005D04FF4AD7204A119A001F07FF9A089FA
:106F700040F40050A08170BD2E2E5C6669726D7762
:106F80006172655C6E3332673435785F7374645F49
:106F90007065726970685F6472697665725C73723D
:106FA000635C6E3332673435785F75736172742E4B
:106FB0006300000049535F55534152545F414C4CAC
:106FC0005F50455249504828555341525478290042
:106FD00049535F46554E4354494F4E414C5F5354BD
:106FE00041544528436D6429000000002DE9F04715
:106FF000294F0026DFF8A480DFF8A4900C46054650
:10700000B84218BF45451AD04D451CBFA5F1804078
:10701000B0F5984013D0A5F18040B0F5A0401FBF57
:10702000A5F18040B0F5A830A5F18040B0F5AA30B8
:1070300005D040F219321BA129A001F017F9012C4B
:1070400018BF802C20D0402C18BF202C1CD0102C16
:1070500018BFB4F5807F17D0B4F5007F09D0082C95
:107060001CBF042C022C0FD040F21A320DA123A019
:1070700008E0BD421CBF45454D4505D040F21E32DB
:1070800008A125A001F0F2F82888204218BF0126A7
:107090003046BDE8F0870000003801400044004061
:1070A000004800402E2E5C6669726D776172655CE7
:1070B0006E3332673435785F7374645F70657269FC
:1070C00070685F6472697665725C7372635C6E335C
:1070D00032673435785F75736172742E6300000017
:1070E00049535F55534152545F414C4C5F50455298
:1070F00049504828555341525478290049535F5507
:10710000534152545F464C41472855534152545FB6
:10711000464C41472900000049535F5553415254A2
:107120005F3132335F5045524950482855534152E0
:10713000547829002DE9F047DFF8F4800026DFF8C5
:10714000F490DFF8F4A00C460546404518BF4D45C5
:107150001AD055451CBFA5F18040B0F5984013D01A
:10716000A5F18040B0F5A0401FBFA5F18040B0F56B
:10717000A830A5F18040B0F5AA3005D040F26B32BE
:107180002EA13DA001F072F8282C34D0A4F5E060C7
:1071900040F66A1727381CBFA4F5C060B0F126007E
:1071A0001CD0A4F5A06025381CBFA4F58060B0F108
:1071B000240013D0A4F50060463818BFBC420DD09F
:1071C000B4F5587F1CBFB4F5187FB4F5B07F12D06A
:1071D0004FF45B7219A12FA001F048F8BC420AD10C
:1071E00045451CBF4D45554505D04FF45C7213A174
:1071F0002FA001F03BF804F01F000122C4F342115C
:1072000002FA00F0012904BFA989084004D002292C
:107210000CBF298AA98A0840210A02FA01F12A88AA
:10722000114000281CBF002901263046BDE8F08728
:107230000038014000440040004800402E2E5C66AB
:1072400069726D776172655C6E3332673435785F71
:107250007374645F7065726970685F647269766583
:10726000725C7372635C6E3332673435785F75734A
:107270006172742E6300000049535F5553415254AC
:107280005F414C4C5F50455249504828555341523C
:107290005478290049535F55534152545F47455430
:1072A0005F494E542855534152545F494E5429006A
:1072B00049535F55534152545F3132335F50455209
:1072C0004950482855534152547829002DE9F04738
:1072D000604EDFF88491DFF884A1614FDFF884818C
:1072E00086B00D460446B04218BF4C4513D05445F5
:1072F0001CBFA4F18040B0F598400CD0A4F18040B0
:10730000B0F5A0401CBFBC42444504D0C42256A1E5
:1073100064A000F0ABFF28686949401E884204D38E
:10732000C52251A167A000F0A1FFA888002818BFBE
:10733000B0F5805F04D0C6224BA16EA000F096FF8E
:10734000E888002818BFB0F5805F0AD0B0F5005F6C
:1073500018BFB0F5405F04D0C72243A172A000F06F
:1073600085FF288900281CBFB0F5806FB0F5C06F7D
:1073700004D0C8223CA178A000F078FF688930F0E2
:107380000C0100D120B9C92237A17EA000F06EFF08
:10739000A889002818D0B0F5807F1CBFB0F5007F09
:1073A000B0F5407F06D0CA222FA1804800F05EFFD2
:1073B000A88948B1B4421CBF4C45544504D0CE22E4
:1073C00029A17BA000F052FF208A4CF6FF710840F3
:1073D000E98808432082A0894EF6F3110840A98865
:1073E0002A8911436A8910430843A081A08A4FF675
:1073F000FF410840A9890843A0826846FDF72CFB9D
:10740000B44218BFBC4203D0444518BF029800D113
:1074100003986E4A00EBC00101EB001029686FF081
:10742000180C8900B0FBF1F0A2FB003149090901F9
:107430000B0903FB0CF300EB8300322303EB00107A
:10744000A2FB0020C0F343100843208106B0BDE832
:10745000F087000000380140004400400048004030
:1074600000500140005401402E2E5C6669726D7719
:107470006172655C6E3332673435785F7374645F54
:107480007065726970685F6472697665725C737248
:10749000635C6E3332673435785F75736172742E56
:1074A0006300000049535F55534152545F414C4CB7
:1074B0005F5045524950482855534152547829004D
:1074C00020AA440049535F55534152545F424155ED
:1074D00044524154452855534152545F496E697492
:1074E0005374727563742D3E4261756452617465A4
:1074F0002900000049535F55534152545F574F5282
:10750000445F4C454E4754482855534152545F49B7
:107510006E69745374727563742D3E576F72644C48
:10752000656E67746829000049535F555341525492
:107530005F53544F50424954532855534152545F5E
:10754000496E69745374727563742D3E53746F7011
:10755000426974732900000049535F5553415254E6
:107560005F5041524954592855534152545F496E16
:1075700069745374727563742D3E506172697479C5
:107580002900000049535F55534152545F4D4F4409
:10759000452855534152545F496E6974537472754E
:1075A00063742D3E4D6F64652900000098B100089A
:1075B00049535F55534152545F3132335F50455206
:1075C0004950482855534152547829001F85EB51A2
:1075D00010B50446A0F18040B0F59C301CBFA4F16A
:1075E0008040B0F588401DD0A4F18040B0F59040B7
:1075F0001CBFA4F18040B0F5984013D0A4F18040A6
:10760000B0F5A0401FBFA4F18040B0F5A830A4F1B0
:107610008040B0F5AA3005D040F2512203A112A05B
:1076200000F024FEA088C0F3080010BD2E2E5C667A
:1076300069726D776172655C6E3332673435785F7D
:107640007374645F7065726970685F64726976658F
:10765000725C7372635C6E3332673435785F757356
:107660006172742E6300000049535F5553415254B8
:107670005F414C4C5F504552495048285553415248
:107680005478290070B50446A0F180400D46B0F54D
:107690009C301CBFA4F18040B0F588401DD0A4F1FF
:1076A0008040B0F590401CBFA4F18040B0F59840F8
:1076B00013D0A4F18040B0F5A0401FBFA4F18040DA
:1076C000B0F5A830A4F18040B0F5AA3005D04FF451
:1076D000107208A116A000F0C9FDB5F5007F05D312
:1076E00040F2412203A119A000F0C0FDC5F308003B
:1076F000A08070BD2E2E5C6669726D776172655CCC
:107700006E3332673435785F7374645F70657269A5
:1077100070685F6472697665725C7372635C6E3305
:1077200032673435785F75736172742E63000000C0
:1077300049535F55534152545F414C4C5F50455241
:1077400049504828555341525478290049535F55B0
:10775000534152545F4441544128446174612900AB
:107760002DE9F0410E0005464FF0000414BF094F0B
:10777000BDE8F081295D3846FFF784FF8021384657
:10778000FFF734FC0028F9D0601C84B2B442F1D376
:10779000BDE8F0810044004010B5184C002058218D
:1077A0002278012A18BF10BDB4F802C0BCF1170F2F
:1077B00008BFACF1010211D12318401C1B79C0B2E3
:1077C000194489B28242F7DCC8430D49C0B21CF8A3
:1077D0000110814204BF201DF9F7D6FA002062880B
:1077E0000146002A06D92218401C11716288C0B2D5
:1077F0008242F8D86180217010BD00007E07002011
:10780000810700202DE9F0471D4E3078012818BF70
:10781000BDE8F0874FF40061DFF868904846FBF759
:1078200019F97588371D0024002D88BFDFF85880AE
:107830000DD9395D4046FFF725FF80214046FFF70F
:10784000D5FB0028F9D0601C84B2AC42F1D364208F
:1078500000F07AFD4FF400614846FBF791F80020F4
:1078600072880146002A06D93218401C11717288AC
:10787000C0B28242F8D871803170BDE8F087000054
:107880002C03002000080140004800402DE9F04191
:107890000E0005464FF0000414BF094FBDE8F0810B
:1078A000295D3846FFF7EEFE80213846FFF79EFB44
:1078B0000028F9D0601C84B2B442F1D3BDE8F08155
:1078C000004C0040FEE70000024901200870032040
:1078D00000F01AB87E070020024901200870052038
:1078E00000F012B82C03002000200649024601EBEC
:1078F000C00341F83020401CC0B25A601228F6D3B1
:10790000FEF756BF9C020020034A002142F83010C7
:1079100002EBC000416070479C020020034B43F81B
:10792000301003EBC0004260704700009C02002052
:1079300070B50A4D002455F8340048B1411E05EBDE
:10794000C40045F83410406810B1002908BF8047D2
:10795000601CC4B2122CEED370BD00009C0200204B
:107960000FB4054B10B503A9044A029800F0E2F8E1
:1079700010BC5DF814FB000079830008740000203F
:107980000FB4084B10B504A902AA039800F0D2F86E
:10799000044602A9002000F064FC204610BC5DF8FB
:1079A00014FB00006382000800487047800000203C
:1079B00002E008C8121F08C1002AFAD170477047B8
:1079C000002001E001C1121F002AFBD17047000016
:1079D0002DE9FF5FDDE90220010DDDF838B002433B
:1079E00018D044F61050A1F2FF3141430D140F9806
:1079F000012820D0A5EB0B00401C5FEA000A4FF0E5
:107A00000004474EDFF81C91A046504616D5CAF137
:107A1000000728E00F98012443A2012808D0002184
:107A200000980F9BC0E90021C0E90243BDE8FF9F19
:107A30006FEA0B01F4E7CBF10000DEE7074612E046
:107A4000F80707D02246334640464946F8F736FC49
:107A5000804689462246334610461946F8F72EFCE2
:107A600004460E467F10002FEAD1DDE90201BAF18B
:107A7000000F42464B4602DAF8F720FC01E0F8F727
:107A800059FE04460E460022284BF8F7DBFE03D8C9
:107A90004FF0FF30014607E00022254B20463146DB
:107AA000F8F7A1FDF8F7B5FE102409E0002C0ADB79
:107AB0000A220023F8F7C1FC019B30321A55641EDC
:107AC00050EA0102F2D1641C019AC4F1110314447A
:107AD0000F9A012A03D0012208430DD10AE008437E
:107AE00004D000204FF0110B0F9080E7A3EB0B05A3
:107AF0006D1E0DE05B4504DD4FF0000205F1010550
:107B000004E003DA4FF00002A5F10105002AECD0F1
:107B100000980F99C0E90231C0E9004586E70000EE
:107B2000000024400000F03F300000000000F0435F
:107B30000000E03F2DE9FF4F95B09B468946064681
:107B400000250FE2252877D100242746F84A012195
:107B5000059400E0044316F8013F203B01FA03F0CE
:107B60001042F7D130782A2811D06FF02F033078E7
:107B7000A0F13002092A16D8059A44F0020402EB5B
:107B8000820203EB42021044761C0590EFE759F89D
:107B9000042B0592002A03DA504244F40054059065
:107BA00044F00204761C30782E2816D116F8010F06
:107BB00044F004042A280DD06FF02F023078A0F191
:107BC0003003092B09D807EB870302EB4303C718DF
:107BD000761CF3E759F8047B761C30786C280FD0BC
:107BE00006DC4C2817D068280DD06A2814D104E090
:107BF000742810D07A280FD10DE044F400140AE064
:107C000044F4801401E044F440147278824202D1BA
:107C100004F58014761C761C307866280BD013DCB3
:107C2000582877D009DC002875D04528F6D046289A
:107C3000F4D047281AD19DE118E0632835D0642894
:107C400079D0652812D195E1702873D008DC6728B7
:107C5000F1D069286FD06E280DD06F2806D1B5E01D
:107C600073282CD0752875D0782874D05A46179967
:107C700090476D1C75E1C4F30250022809D0032817
:107C80000DD0D9F8001004280DD00D6009F10409B9
:107C900067E1D9F80010EA17C1E90052F6E7D9F810
:107CA00000100D80F2E70D70F0E719F8041B8DF855
:107CB000001000208DF80100EA46012003E059F889
:107CC00004AB4FF0FF3061074FF0000102D40DE02C
:107CD00008F101018846B9420FDA8045F8DB1AF84D
:107CE00008100029F4D108E008F10101884681421A
:107CF000FADB1AF808100029F6D105985B46A0EBCC
:107D0000080721463846179A00F094FA284400EBF9
:107D1000080507E04DE029E10DE01AF8010B5A468D
:107D200017999047B8F10108F7D25B4621463846CB
:107D3000179A13E142E00A220092C4F302524FF074
:107D4000000A022A08D059F804CB032A4FEAEC7142
:107D50000AD00DE029E02AE009F1070121F007022D
:107D6000F2E802C1914609E00FFA8CFC4FEAEC718F
:107D7000042A03D14FFA8CFC4FEAEC71002907DA90
:107D80000A460021DCF1000C61EB02012D2202E029
:107D9000220504D52B228DF80420012203E0E207FE
:107DA00001D02022F7E7904659E00A2102E0102294
:107DB0000DE010214FF0000A00910BE010224FF06F
:107DC000000A44F004040827009203E008224FF060
:107DD000000A0092C4F30252022A05D059F804CBDB
:107DE0000021032A08D009E009F1070121F0070268
:107DF000F2E802C1914605E01FFA8CFC042A01D189
:107E00000CF0FF0C4FF00008220728D5702806D090
:107E1000009B83F0100353EA0A0305D00EE04022D2
:107E20008DF80420012208E05CEA010206D030222D
:107E30008DF804208DF8050002229046009B83F007
:107E4000080353EA0A030AD15CEA010201D162077E
:107E500005D530228DF804204FF001087F1E5828E8
:107E600004D034A003900EA802900DE036A0F9E7EC
:107E700053466046009AF8F7E0FA84460398825C1D
:107E80000298401E029002705CEA0100F0D1029854
:107E900006A9081A00F1200A600702D524F48034EC
:107EA00000E00127574502DDA7EB0A0000E00020B3
:107EB00000EB0A01009005984144401A0590E00348
:107EC00006D45B462146179A059800F0B3F905449D
:107ED000002706E001A85A46C05D179990476D1C1F
:107EE0007F1C4745F6DBE0030CD55B462146179A1D
:107EF000059800F09FF9054404E030205A46179990
:107F000090476D1C0099481E00900029F5DC08E0A0
:107F1000029802995A460078491C02911799904795
:107F20006D1CBAF10001AAF1010AF1DC65E1000063
:107F3000092801003031323334353637383961623F
:107F40006364656600000000303132333435363703
:107F500038394142434445460000000000F058F9DA
:107F60000544761C307800287FF4ECAD19B0284623
:107F7000BDE8F08F620700D4062709F1070222F05E
:107F8000070CFCE80223E14603F000485FEA080C16
:107F900002D00FF2702C0DE05FEA045C02D50FF204
:107FA000682C07E05FEAC47C02D00FF2602C01E08D
:107FB000AFF2700C4FF0FF3823F00043CDF850C003
:107FC00065280CD006DC452809D046281DD0472856
:107FD0003DD13DE0662818D067287ED138E00021E9
:107FE000112F01DB112000E0781CCDE9000106A96A
:107FF0000EA8FFF7EDFCDDE90F010E9A03910021B9
:10800000009207F1010A04914DE04FF00040009703
:10801000CDE9011006A90EA8FFF7DAFCDDE90F0291
:1080200003920E9B11990022DDF80CA0009304929C
:1080300011B9791C00EB010AB7EB0A0004D4C0F1B6
:10804000FF3007F1010A0490AAEB0700019044E019
:10805000012F00DA01270021112F01DD112000E09E
:108060003846CDE9000106A90EA8FFF7B1FCDDE90D
:108070000F010E9A0391002104910092BA46210744
:108080000CD40399514500DA8A46BAF1010F05DD97
:10809000009AAAF10101515C302908D0B84202DAF5
:1080A00010F1040F06DA0121CDE9011015E0AAF163
:1080B0000101E9E7002805DC049901440491AAEBD9
:1080C000000102E0411C514500DD8A460499401A36
:1080D000401C01904FF000400290200704D401980A
:1080E000504501DBCDF8048000208DF84F00029848
:1080F0000DF14F07B0F1004F25D02B200E900298C4
:108100004FF0020800280CDA404202902D200E9019
:1081100007E00A210298F8F77AF93031029007F85F
:10812000011DB8F10001A8F10108F2DC0298002855
:10813000EFD1791E0E980870307800F0200040F0E2
:10814000450007F8020D12A8C01B00F1070814989B
:10815000007800B1012000EB0A01019801EBE07109
:1081600005984144401A401E0590E00306D45B4642
:108170002146179A059800F05DF805441498007898
:1081800018B15A46179990476D1CE00324D55B46F9
:108190002146179A059800F04DF805441CE0049814
:1081A000002807DBDDE90301884203DD0098405C1D
:1081B000179901E0179930205A469047049805F125
:1081C0000105401C04900198401E019004D12E200E
:1081D0005A46179990476D1CBAF10001AAF1010A9D
:1081E000DDDC05E017F8010B5A46179990476D1C26
:1081F000B8F10001A8F10108F4DC5B462146179AAA
:108200000598ABE62D0000002B00000020000000C8
:108210002DE9F041044600251E461746880404D483
:1082200005E039462020B0476D1C641EF9D528466C
:10823000BDE8F0812DE9F041044600251E46904638
:10824000C80301D5302700E02027880404D505E0C5
:1082500041463846B0476D1C641EF9D52846BDE836
:10826000F0810A68531C0B601070704713460A4671
:10827000014602A0FFF774FBFEE70000617373651F
:108280007274696F6E206661696C65643A2060255E
:1082900073602061742025733A25640000F00F0399
:1082A000000900EB800003EB4000C0B200F5FA6368
:1082B000080901F00F0C00EB80000CEB40001109E5
:1082C00002F00F0CC0B201EB81010CEB4101421E28
:1082D000C9B20C2A02D209B11F2901D90020704766
:1082E000012818BF022803D10C305A1EC0B293B225
:1082F000421C02EB420240F2676C12FB0CF201EBF3
:10830000400000EB52304AF2D731184401FB031110
:1083100000EB9300A0EB91504FF4C871B3FBF1F167
:108320000844411C074B08460022C3FB0120821071
:10833000A2EBE070A0EBC000084410F0FF0008BF03
:1083400007207047932449920022002898BF704765
:1083500046F2A811491EFDD1521C8242F8D3704743
:108360000022002898BF70471921491EFDD1521CD8
:108370008242F9D37047000070B5074D0446C1B280
:108380002846FFF77FF980212846FEF72FFE0028B8
:10839000F9D0204670BD00000050004001484078F0
:1083A000704700006D000020014800787047000011
:1083B0003E00002000B587B06846FCF74DFB012168
:1083C00040F2FD10FCF7AEFA01214FF46020FCF7FB
:1083D00049FA4FF44070FBF7D5FE0420FDF79CFAF4
:1083E0000B4901980B4BA1FB001040090022401ED5
:1083F000B0F1807F08D24FF0E0214861F02083F88F
:10840000140D8A610720086183F8142D07B000BDA0
:108410001F85EB510FE000E030B585B00424ADF8C6
:10842000104018208DF813000320194D8DF812000C
:1084300004A92846FAF7FAF80821ADF8101001212E
:108440008DF812108DF8134004A92846FAF7EEF8BB
:108450004FF4165000900020ADF80400ADF806006F
:10846000ADF80800ADF80C000C200A4CADF80A007D
:1084700069462046FEF72AFF012240F22551204698
:10848000FEF75EFC01212046FEF738FD05B030BD49
:10849000000801400044004010B586B04FF48060F1
:1084A000ADF8100018208DF813000320194C8DF83A
:1084B000120004A92046FAF7B9F8E114ADF810103B
:1084C00001218DF8121004218DF8131004A9204603
:1084D000FAF7ACF84FF4165000900020ADF8040005
:1084E000ADF80600ADF80800ADF80C000C200A4C01
:1084F000ADF80A0069462046FEF7E8FE012240F288
:1085000025512046FEF71CFC01212046FEF7F6FC13
:1085100006B010BD000C01400048004010B586B008
:108520004FF48060ADF8100018208DF81300032080
:10853000194C8DF8120004A92046FAF777F8E114D7
:10854000ADF8101001218DF8121004218DF81310D0
:1085500004A92046FAF76AF84FF4E13000900020B1
:10856000ADF80400ADF80600ADF80800ADF80C0059
:108570000C200A4CADF80A0069462046FEF7A6FE1C
:10858000012240F225512046FEF7DAFB0121204668
:10859000FEF7B4FC06B010BD00100140004C0040D6
:1085A00010B586B001213120FCF7BCF90121080586
:1085B000FCF758F94FF48050ADF8100018208DF8F2
:1085C000130003208DF8120004A91648FAF72EF8BC
:1085D0000420ADF810008DF8130004A91248FAF732
:1085E00025F84FF4E13000900020ADF80400ADF81C
:1085F0000600ADF80800ADF80C0008200B4CADF8F3
:108600000A0069462046FEF761FE012240F225512C
:108610002046FEF795FB01212046FEF76FFC2088DF
:1086200006B010BD00100140001401400050004091
:108630001C480178012918BF704770B500250570E6
:10864000FFF7B2FE012803D0BDE87040FDF75CBA29
:10865000154C6078002818BF70BD0020F8F710FD99
:10866000207801280ED00120FDF70CF80120F8F742
:10867000BFFD012121700420F9F768F9BDE87040C1
:10868000FAF7FCBA0020FCF7FDFF0020F8F7B0FD78
:10869000294625700420F9F759F9BDE87040FAF72A
:1086A000EDBA00006A00002084000020014901208A
:1086B000087070476A00002070B584B00425214E10
:1086C000ADF8005048248DF8034069463046F9F76C
:1086D000ADFF02210120F9F7C7FB00208DF80C0047
:1086E0000C208DF80D0001208DF80E00029502A8D7
:1086F000F9F7F4F91020ADF80000134D8DF80340A0
:1087000069462846F9F792FF4020ADF800008DF841
:10871000034069462846F9F789FF2020ADF800009C
:108720008DF8034069460948F9F780FF0220ADF84B
:1087300000008DF8034069463046F9F777FF04B032
:1087400070BD0000000C0140000801400010014015
:10875000FFF76EBFF8B52020ADF800001025214EC0
:108760008DF8035001248DF8024069463046F9F730
:108770005DFF20213046FAF76DF91B4A4FF4FA717C
:108780000120FFF7CBF88021ADF800108DF80350E1
:108790008DF8024069463046F9F748FF802130469F
:1087A000FAF758F9ADF80050104E8DF803508DF8D7
:1087B000024069463046F9F739FF10213046FAF792
:1087C00049F9ADF800408DF803508DF80240084C8F
:1087D00069462046F9F72AFF01212046FAF73AF9BF
:1087E000F8BD000000080140753900080010014084
:1087F000000C0140F8F7DCFBF8F742FEFAF736FA16
:1088000006A0FFF7ADF8F8F72BFCFCF717FAFDF719
:108810002DFEFAF7CDFFFAF7F7F9F4E768656C6C0F
:108820006F20776F726C640D0A000000F0B50B309A
:10883000154D20F007010024144A0FE003688B4215
:108840000BD38B4205D95E1A43184768C3E900670A
:1088500000E04368136002C004E0021D10680028B5
:10886000ECD12046002802D1286808B10020F0BDD4
:10887000064A07481060074A121A22F00702C0E9A8
:10888000002401202860D7E77C0000207800002029
:10889000BC160020B82600200000000001020304DE
:1088A000010203040607080901020406080A0C1065
:1088B00020202020202020200100020004000600AB
:1088C00008000A000C001000200040008000000199
:1088D00000010001000100013031323334353637F8
:1088E0003839414243444546000000000000000082
:1088F0000000000000000404040404000004000060
:1089000014140A00000000000000000000000A0A21
:108910001F0A0A1F0A0A000000040E1505060C149F
:10892000150E0400000012150D152E2C2A12000041
:108930000000040A0A36151529160000020201007B
:1089400000000000000000001008080404040404F3
:1089500008081000020404080808080804040200BB
:1089600000000004150E0E150400000000000008B1
:10897000083E0808000000000000000000000000A1
:108980000202010000000000003F000000000000A3
:108990000000000000000000000200000020101095
:1089A000080804040202010000000E111111111147
:1089B000110E00000000040604040404040E00006C
:1089C00000000E1111080402011F000000000E112A
:1089D000100C1010110E00000000080C0C0A091FEA
:1089E000081C000000001F01010F1110110E0000F3
:1089F00000000C12010D1311110E000000001E10DA
:108A0000080804040404000000000E11110E1111E6
:108A1000110E000000000E111119161009060000B9
:108A2000000000000400000000040000000000003E
:108A30000004000000040400000010080402020406
:108A400008100000000000003F003F000000000090
:108A500000000204081010080402000000000E11BB
:108A6000110804040004000000001C22292D2D1D03
:108A7000221C0000000004040C0A0A1E123300002D
:108A800000000F12120E1212120F000000001E1131
:108A900001010101110E000000000F12121212124A
:108AA000120F000000001F120A0E0A02121F00001F
:108AB00000001F120A0E0A020207000000001C122A
:108AC00001013911120C000000003312121E1212A3
:108AD0001233000000001F0404040404041F0000FB
:108AE00000003E08080808080808090700003712B7
:108AF0000A060A12123700000000070202020202F0
:108B0000223F000000003B1B1B1B15151535000004
:108B100000003B1216161A1A1217000000000E1160
:108B200011111111110E000000000F12120E02029D
:108B30000207000000000E1111111117190E180084
:108B400000000F12120E0A121237000000001E1150
:108B500001060810110F000000001F150404040492
:108B6000040E00000000331212121212120C000048
:108B700000003312120A0A0C04040000000015154C
:108B800015150E0A0A0A000000001B0A0A04040A4E
:108B90000A1B000000001B0A0A0A0404040E00005D
:108BA00000001F0908040402121F00001C04040432
:108BB0000404040404041C00000202040404080861
:108BC000081010000E0808080808080808080E0019
:108BD000040A000000000000000000000000000087
:108BE000000000000000003F020400000000000040
:108BF0000000000000000000000C121C123C0000ED
:108C000000030202020E1212120E00000000000009
:108C1000001C1202120C000000181010101C12127E
:108C2000123C000000000000000C121E021C00009C
:108C300000182404041E0404041E000000000000A8
:108C4000003C120C021C221C00030202020E121233
:108C5000123700000004040000060404040E0000A3
:108C600000080800000C08080808080700030202B2
:108C7000021A0A060A13000000070404040404048C
:108C8000041F000000000000000F1515151500005E
:108C900000000000000F1212123700000000000058
:108CA000000C1212120C000000000000000F121243
:108CB000120E020700000000001C1212121C1038D5
:108CC00000000000001B0602020700000000000078
:108CD000001E020C101E000000000004041E04040C
:108CE000041C000000000000001B1212123C0000D7
:108CF00000000000001B0A0A04040000000000003D
:108D00000015150E0A0A000000000000001B0A04EE
:108D10000A1B000000000000003312120C080403BC
:108D200000000000001E0804041E000018080808C7
:108D3000080C0808080818000808080808080808A7
:108D400008080808060404040408040404040600CF
:108D500016090000000000000000000000000000F4
:108D600000000000000000000000000000000008FB
:108D700008080808080800001818000000486C24BB
:108D800012000000000000000000000000000024AD
:108D900024247F1212127F12121200000000081CFD
:108DA0002A2A0A0C1828282A2A1C0808000000224F
:108DB000251515152A585454542200000000000CA3
:108DC0001212120A76252911916E0000000606047F
:108DD0000300000000000000000000000040201020
:108DE00010080808080808101020400000020408B5
:108DF00008101010101010080804020000000000F5
:108E000008086B1C1C6B0808000000000000000034
:108E1000080808087F080808080000000000000093
:108E2000000000000000000006060403000000002F
:108E300000000000FE000000000000000000000034
:108E40000000000000000000060600000000804056
:108E5000402020101008080404020200000000183E
:108E600024424242424242422418000000000008CC
:108E70000E08080808080808083E00000000003C2A
:108E80004242422020100804427E00000000003CC4
:108E90004242201820404042221C000000000020D6
:108EA0003028242422227E20207800000000007E2A
:108EB0000202021A26404042221C00000000003834
:108EC0002402021A26424242241800000000007EBA
:108ED0002222101008080808080800000000003CC2
:108EE0004242422418244242423C00000000001842
:108EF0002442424264584040241C0000000000000C
:108F00000000181800000000181800000000000001
:108F100000000008000000000008080400000040F5
:108F20002010080402040810204000000000000087
:108F300000007F0000007F00000000000000000231
:108F40000408102040201008040200000000003C2B
:108F50004242464020101000181800000000001C7B
:108F6000225A555555552D42221C0000000000087C
:108F700008181414243C224242E700000000001F9D
:108F80002222221E22424242221F00000000007CB8
:108F90004242010101010142221C00000000001FA9
:108FA0002242424242424242221F00000000003F51
:108FB0004212121E12120242423F00000000003F05
:108FC0004212121E12120202020700000000003CB0
:108FD0002222010101712122221C0000000000E771
:108FE000424242427E42424242E700000000003ECE
:108FF0000808080808080808083E00000000007C6F
:1090000010101010101010101010110F0000007729
:1090100022120A0E0A121222227700000000000714
:109020000202020202020202427F000000000077F8
:10903000363636362A2A2A2A2A6B0000000000E338
:1090400046464A4A52525262624700000000001CE3
:109050002241414141414141221C00000000003FAA
:10906000424242423E020202020700000000001C8F
:109070002241414141414D53321C60000000003FFC
:109080004242423E1212222242C700000000007CEF
:109090004242020418204042423E00000000007F8D
:1090A0004908080808080808081C0000000000E734
:1090B0004242424242424242423C0000000000E73B
:1090C0004242222424141418080800000000006BF7
:1090D000494949495555362222220000000000E73F
:1090E000422424181818242442E7000000000077C6
:1090F0002222141408080808081C00000000007E42
:109100002120101008040442423F000000780808A3
:109110000808080808080808080878000000020283
:10912000040408080810102020204040001E1010E1
:10913000101010101010101010101E0000384400F5
:10914000000000000000000000000000000000001F
:109150000000000000000000000000FF0006080002
:1091600000000000000000000000000000000000FF
:109170000000003C4278444242FC00000000000332
:109180000202021A26424242261A00000000000093
:109190000000003844020202443800000000006071
:1091A000404040784442424264D800000000000041
:1091B0000000003C427E0202423C0000000000F041
:1091C0008808087E08080808083E00000000000023
:1091D0000000007C22221C023C42423C00000003B2
:1091E0000202023A4642424242E700000000000CFE
:1091F0000C00000E08080808083E000000000030BF
:1092000030000038202020202020221E00000003F3
:1092100002020272120A1612227700000000000EEB
:109220000808080808080808083E000000000000B8
:109230000000007F9292929292B70000000000001E
:109240000000003B4642424242E7000000000000AE
:109250000000003C42424242423C0000000000004C
:109260000000001B26424242221E020700000000AE
:109270000000007844424242447840E00000000090
:10928000000000774C040404041F000000000000EC
:109290000000007C42023C40423E00000000000012
:1092A0000008083E08080808083000000000000018
:1092B000000000634242424262DC00000000000005
:1092C000000000E742242414080800000000000009
:1092D000000000EB49495555222200000000000023
:1092E0000000007624181818246E0000000000000A
:1092F000000000E7422424141808080700000000BA
:109300000000007E22100808447E000000C02020DB
:1093100020202010202020202020C000101010101D
:109320001010101010101010101010100006080867
:109330000808081008080808080806000C32C200CF
:10934000000000000000000000000000000000001D
:10935000000000000000000000000000000000000D
:1093600000000000000000000000000000000000FD
:1093700000000000000000000000000000000000ED
:10938000000000006000600060006000600060009D
:1093900060004000200020002000000000000000CD
:1093A000600060006000000000000000000000009D
:1093B0006006600630039801880044000000000049
:1093C000000000000000000000000000000000009D
:1093D000000000000000000000000000000000008D
:1093E000000000001002100210021002FE07FE072B
:1093F00008020801080108010801FE07FE07040130
:10940000040104010401000000000000000000004D
:10941000000040004000F00158034C03CC034C0016
:1094200058007000E000C001C00140034C035C0321
:109430004C034801F0004000400000000000000024
:10944000000000000E010A019100910091005100FE
:1094500051003A00AE03A0025004500448044804EE
:1094600048048402840300000000000000000000A3
:109470000000000038006C006C006C006C006C0098
:109480002C0098071C011A01330133016301E3002A
:10949000C308C6093C0700000000000000000000EF
:1094A0000C001C0010001000080004000000000068
:1094B00000000000000000000000000000000000AC
:1094C000000000000000000000000000000000009C
:1094D00000040002000180008000400040002000E5
:1094E000200020002000200020002000400040003C
:1094F0008000800000010002000400000000000065
:1095000002000400080010001000200020004000AD
:10951000400040004000400040004000200020008B
:10952000100010000800040002000000000000000D
:1095300000000000000000004000C0004000460C99
:109540004E0FD001F0015E0F460C4000400040007D
:10955000000000000000000000000000000000000B
:10956000000000000000000000004000400040003B
:1095700040004000FE0F400040004000400040001E
:1095800000000000000000000000000000000000DB
:1095900000000000000000000000000000000000CB
:1095A00000000000000000000000000000000000BB
:1095B0000C001C0010001000080004000000000057
:1095C000000000000000000000000000000000009B
:1095D00000000000FE070000000000000000000086
:1095E000000000000000000000000000000000007B
:1095F000000000000000000000000000000000006B
:10960000000000000000000000000000000000005A
:109610001C001C001C0000000000000000000000F6
:109620000004000600020003000100018000800029
:1096300040004000600020002000100010000800E2
:1096400008000C00040006000200000000000000FA
:10965000000000000000F00098010C030C03060657
:1096600006060606060606060606060606060C0397
:109670000C039801F0000000000000000000000052
:1096800000000000000040007C00600060006000FE
:1096900060006000600060006000600060006000CA
:1096A00060006000FC0300000000000000000000FB
:1096B000000000000000F800840102030603060316
:1096C000000300018001C0006000200010000802BB
:1096D00004020602FE03000000000000000000007B
:1096E0000000000000007800C600860186018001AD
:1096F0008001C00070008001000100030003060328
:1097000006038601F80000000000000000000000D1
:1097100000000000000080018001C001A001A00144
:1097200090018801880184018201FE0F800180017F
:1097300080018001E0070000000000000000000040
:10974000000000000000FC0304000400040004000A
:109750000400F4008C010403000300030603060365
:1097600082018401F80000000000000000000000F9
:10977000000000000000E00118030C030C000400CE
:109780000600E60116030E06060606060606040691
:109790000C021803F00000000000000000000000B0
:1097A000000000000000F8070C060402040100019C
:1097B0000001800080004000400040006000600028
:1097C0006000600060000000000000000000000079
:1097D000000000000000F8010C030606060606065D
:1097E0000C021C03F000C8010C0306060606060660
:1097F00006060C03F001000000000000000000005D
:10980000000000000000F0000C010C030602060638
:109810000606060606078C06780600060003000307
:109820000C018C0178000000000000000000000026
:109830000000000000000000000000000000000028
:10984000E000E000E0000000000000000000000078
:10985000E000E000E0000000000000000000000068
:1098600000000000000000000000000000000000F8
:109870006000600000000000000000000000000028
:109880000000600060004000200020000000000098
:1098900000000000000400020001800040002000E1
:1098A00010000800040008001000200040008000A4
:1098B00000010002000400000000000000000000A1
:1098C0000000000000000000000000000000000098
:1098D000FE07000000000000FE070000000000007E
:1098E0000000000000000000000000000000000078
:1098F000000000000400080010002000400080006C
:10990000000100020004000200018000400020006D
:10991000100008000400000000000000000000002B
:10992000000000000000E0031806040C040C0C0CFE
:109930000C0C0007800140004000400000000000C7
:10994000E000E000E0000000000000000000000077
:1099500000000000E00018030C02CC056405660559
:10996000A605B604B604B604B604B602E4010C04B7
:109970000C021803F00000000000000000000000CE
:10998000000000000000600060005000D000900067
:109990009000880088010801F80104030403040210
:1099A000020202060F0F000000000000000000008D
:1099B000000000000000FE008C030C030C030C03ED
:1099C0000C038C01FC000C030C020C060C060C06AC
:1099D0000C060C03FE010000000000000000000067
:1099E000000000000000E00318030C060C0404044F
:1099F00006000600060006000600060006040C0429
:109A00000C021803F000000000000000000000003D
:109A10000000000000007F008C010C030C030C060A
:109A20000C060C060C060C060C060C060C060C03A9
:109A30000C038C017F00000000000000000000000B
:109A4000000000000000FF030603060406040600F1
:109A500086008600FE00860086008600060006045A
:109A600006040602FF0300000000000000000000E2
:109A7000000000000000FF030603060406040600C1
:109A800086008600FE00860086008600060006002E
:109A9000060006001F00000000000000000000009B
:109AA000000000000000F00018010C020C0204028B
:109AB0000600060006000600C60F060306030C0398
:109AC0000C031803F000000000000000000000007C
:109AD0000000000000000F0F060606060606060638
:109AE00006060606FE07060606060606060606061D
:109AF000060606060F0F0000000000000000000030
:109B0000000000000000FC036000600060006000D6
:109B10006000600060006000600060006000600045
:109B200060006000FC030000000000000000000076
:109B3000000000000000F807C000C000C000C00026
:109B4000C000C000C000C000C000C000C000C00015
:109B5000C000C000C000C60066003C00000000005D
:109B6000000000000000CF038601C600460026006A
:109B7000160036002E006E004600C60086008601E4
:109B8000060106038F07000000000000000000002F
:109B90000000000000001F0006000600060006008E
:109BA0000600060006000600060006000600060481
:109BB00006040602FF030000000000000000000091
:109BC0000000000000000707860386038E038E0353
:109BD0004E034E034A035A035A033A033203320335
:109BE000320312038707000000000000000000009D
:109BF0000000000000008E0F0C021C021C02340248
:109C00003402640264024402C402840284038403B2
:109C1000040304031F020000000000000000000015
:109C2000000000000000F00098010C030C02060682
:109C300006060606060606060606060606060C02C2
:109C40000C039801F000000000000000000000007C
:109C5000000000000000FF000603060606060606D8
:109C6000060606068603FE0006000600060006003D
:109C7000060006001F0000000000000000000000B9
:109C8000000000000000F00098010C030C02060622
:109C900006060606060606060606060676064C02B2
:109CA000CC039801F00080070003000000000000D2
:109CB000000000000000FF01060306060606060677
:109CC00006060603FE004600C6008600860106035F
:109CD000060306060F0E0000000000000000000052
:109CE000000000000000F8020C0306020602060055
:109CF0000E003C00F800E0038003000702060206A5
:109D000006060C03F0010000000000000000000047
:109D1000000000000000FE076204610861086000A6
:109D20006000600060006000600060006000600033
:109D300060006000F801000000000000000000006A
:109D40000000000000001E070C020C020C020C02B6
:109D50000C020C020C020C020C020C020C020C0293
:109D60000C021801F00000000000000000000000DC
:109D70000000000000000F070602040104010C01AE
:109D80000C01880088009800980050005000700076
:109D90003000200020000000000000000000000053
:109DA000000000000000F70E62044204460446046E
:109DB00064026402E402E4029C029C01980198019E
:109DC00088018800880000000000000000000000FA
:109DD0000000000000009E070C010801180190001F
:109DE000B0006000200060006000D000900088019A
:109DF000080104038E0700000000000000000000BE
:109E00000000000000000F0F060404020C0208010D
:109E10001801B800B00070006000600060006000D1
:109E200060006000F8010000000000000000000079
:109E3000000000000000FC070C0206030201800184
:109E4000800040004000200020001000180008049E
:109E50000C040402FE0300000000000000000000EB
:109E6000E00320002000200020002000200020002F
:109E700020002000200020002000200020002000E2
:109E80002000200020002000E0030000000000006F
:109E9000000000000400040008000800100010008A
:109EA00010002000200040004000C0008000800022
:109EB0000001000100020002000200040000000096
:109EC0007C00400040004000400040004000400056
:109ED0004000400040004000400040004000400082
:109EE00040004000400040007C0000000000600096
:109EF00090000801000000000000000000000000C9
:109F00000000000000000000000000000000000051
:109F10000000000000000000000000000000000041
:109F20000000000000000000000000000000000031
:109F30000000000000000000000000000000000021
:109F400000000000000000000000FF0F0000000003
:109F50001800600000000000000000000000000089
:109F600000000000000000000000000000000000F1
:109F700000000000000000000000000000000000E1
:109F800000000000000000000000000000000000D1
:109F9000F0010C030C030003E0031C030E03060393
:109FA00006038E0B7C0E0000000000000000000085
:109FB0000000000008000E000C000C000C000C005B
:109FC000CC013C031C060C060C060C060C060C0609
:109FD0000C021C03E401000000000000000000006F
:109FE0000000000000000000000000000000000071
:109FF000F0008C018C0186010600060006000602B6
:10A000000C020C01F0000000000000000000000045
:10A01000000000000002C00300030003000300036F
:10A0200078038C030C0306030603060306030603EA
:10A0300004038C077801000000000000000000000D
:10A040000000000000000000000000000000000010
:10A05000E001180308020C060C06FC070C000C00BB
:10A0600018041802E00100000000000000000000D9
:10A07000000000000000C003600630063000300021
:10A08000FE01300030003000300030003000300081
:10A0900030003000FC010000000000000000000063
:10A0A00000000000000000000000000000000000B0
:10A0B000F007D8068C018C018C019801F8000C0087
:10A0C000FC00CC03060306038E03F800000000002A
:10A0D0000000000008000E000C000C000C000C003A
:10A0E000EC011C030C030C030C030C030C030C030A
:10A0F0000C030C039E07000000000000000000009D
:10A10000000000000000600060000000000040004F
:10A110007C00600060006000600060006000600023
:10A1200060006000FC030000000000000000000070
:10A13000000000000000C001C0010000000000019C
:10A14000F001800180018001800180018001800197
:10A150008001800180018001CC007C0000000000B3
:10A160000000000008000E000C000C000C000C00A9
:10A170008C038C008C004C006C005C008C008C010B
:10A180000C010C039E07000000000000000000000E
:10A190000000000040007C00600060006000600083
:10A1A00060006000600060006000600060006000AF
:10A1B00060006000FC0300000000000000000000E0
:10A1C000000000000000000000000000000000008F
:10A1D0003707EE06660666066606660666066606C5
:10A1E00066066606FF0F0000000000000000000089
:10A1F000000000000000000000000000000000005F
:10A20000EE011C030C030C030C030C030C030C03E6
:10A210000C030C039E07000000000000000000007B
:10A22000000000000000000000000000000000002E
:10A23000F00098010C03060606060606060606064A
:10A240000C030C03F0000000000000000000000000
:10A2500000000000000000000000000000000000FE
:10A26000EE011C030C060C060C060C060C060C0674
:10A270000C031C03EC010C000C003E00000000006D
:10A2800000000000000000000000000000000000CE
:10A2900078028C030C030603060306030603060379
:10A2A00004038C03780300030003C00700000000D0
:10A2B000000000000000000000000000000000009E
:10A2C0009F035806380618001800180018001800D8
:10A2D00018001800FF00000000000000000000004F
:10A2E000000000000000000000000000000000006E
:10A2F000F0031C030C020C023800F000C00304033E
:10A3000004038C03FC0100000000000000000000BA
:10A31000000000000000000020002000300030009D
:10A32000FE013000300030003000300030003000DE
:10A3300030023002E00100000000000000000000D8
:10A340000000000000000000000000000000080203
:10A350008E030C030C030C030C030C030C030C0303
:10A360000C039C07780100000000000000000000C2
:10A3700000000000000000000000000000000000DD
:10A380001E070C020801080118019000B000B0007F
:10A3900060006000200000000000000000000000DD
:10A3A00000000000000000000000000000000000AD
:10A3B000F70E6204460464026402EC029C019801F8
:10A3C0009801980108000000000000000000000053
:10A3D000000000000000000000000000000000007D
:10A3E000BC0718011001B00060006000E0009000A0
:10A3F000080108039E0700000000000000000000A4
:10A40000000000000000000000000000000000004C
:10A410009E0708010801080190009000B00060004C
:10A42000600060002000200024001C0000000000EC
:10A43000000000000000000000000000000000001C
:10A44000FC018401C40044006000200030001802B8
:10A4500008020C03FC0100000000000000000000E6
:10A460000003800080008000800080008000800069
:10A4700080004000200040008000800080008000BC
:10A480008000800080008000000300004000400049
:10A4900040004000400040004000400040004000BC
:10A4A00040004000400040004000400040004000AC
:10A4B000400040004000400040004000000000001C
:10A4C0000C00100010001000100010001000100010
:10A4D00010002000400020001000100010001000AC
:10A4E00010001000100010000C00000000001C0004
:10A4F0002204C204800300000000000000000000ED
:10A50000000000000000000000000000000000004B
:10A51000000000000000000000000000000000003B
:10A52000000000000000000000000000000000002B
:10A5300001FFFF0000FFFF00008204000082040012
:10A5400000820400008204000082040000820400F3
:10A55000008204003FFFFFF81FFFFFFC1082040C85
:10A560000082040C0082040C0082040C0082040CA3
:10A570000082040C0082040C0082040C01FFFE0C1B
:10A5800000FFFE0C0000000C0000001C000001FC9D
:10A5900000000008000000000000000000000000B3
:10A5A000000000020000000400000018000000701D
:10A5B00000000FC80FFFFF080FFF80080800000809
:10A5C0000801000808010008080100080801000847
:10A5D0000801000808010008080100080BFFFFF847
:10A5E00009FFFFF8098100080801000808010008B8
:10A5F000080110080801180808010E08080307C818
:10A60000180303C8380100081800001808000018D3
:10A610000000000800000000000000000000000032
:10A620000000000000100200000C0200000F033CBC
:10A63000080707FC06001F800780700203038004E0
:10A64000000C00040030001802000030020407E093
:10A650000207FF80020E40000216000002640000A4
:10A6600032C480021F847FFC1E844000020400006C
:10A6700002040000020400000224FFFC021C7FEC24
:10A68000020E00040607000406000004020000FC9D
:10A690000000001C00000008000000000000000096
:10A6A0000000000001000180010001C001000180E4
:10A6B00001000180010003000100030001FFFE0012
:10A6C00001FFFE020100040401000404010004086B
:10A6D000030008180310081001100860001000C0E3
:10A6E0000010018000100F000010FC103FFFE01070
:10A6F0001FF80008101000080010000C0010000ED9
:10A700000010000C001001FC001FFFF0003FE000F3
:10A710000010000000000000000000000000000029
:10A72000000000000000010002001100024039009A
:10A730000260310002306100023C410002108100E1
:10A7400002010100020C3100021C3100023C7100C8
:10A750000268B10033C9A1001F8B3FFE1E0E2FFC03
:10A76000020C21000238A100027061000220790071
:10A770000204310002090100021881000230C10008
:10A780000260C100062071000200330000000300D7
:10A7900000000100000000000000000000000000B8
:10A7A00000000000000000000000000200000004A3
:10A7B00000000008000002080FF847100890E7307A
:10A7C0000890C6600890CAE008914BC008914A48BA
:10A7D000089252080896520C089C640E0FF467FC0D
:10A7E000089047F80890C4000890840008918400FD
:10A7F0000891A480089014C008901C4008900C6038
:10A800001FF80E30080007380000001C0000000090
:10A810000000000000000000000000000000000038
:10A820000004000000040000000400000004000018
:10A8300020040000100400100C0FFFF80F04003873
:10A8400007000060000000C0000401800004020056
:10A8500000040000000400000004000000040000E8
:10A8600000040000000400003FFFFFFE1FFFFFFC8C
:10A8700010040000000400000004000000040000B8
:10A880000004000000040000000C0000000C0000A8
:10A8900000040000000000000000000000000000B4
:10A8A00000000000000000000000000000000000A8
:10A8B00001FFFF0000FFFF0000820400008204008F
:10A8C0000082040000820400008204000082040070
:10A8D000008204003FFFFFF81FFFFFFC1082040C02
:10A8E0000082040C0082040C0082040C0082040C20
:10A8F0000082040C0082040C0082040C01FFFE0C98
:10A9000000FFFE0C0000000C0000001C000001FC19
:10A91000000000080000000000000000000000002F
:10A9200000000000004000000070000000EFFFFE8B
:10A9300001A7FFFC03244200062442001C24420815
:10A9400018244208102442080044420C0244420EDB
:10A9500001CFFFFC01E4000000F000000000000057
:10A96000000000001FF87FF81FFE7FFC0846020C65
:10A970000082020C0082040C01820C0C0302180CF1
:10A980000702380C0202300C0006100C003E01FCDD
:10A9900000040008000000000000000000000000AB
:10A9A0000100000001038300010F03000179020090
:10A9B00007C102003F010200193FFFFE111FFFFE09
:10A9C000011104000103040003050400010904004F
:10A9D000001FFFFE0033FFFC0062220000D22200B5
:10A9E00003A222040F13FFFE3C17FFFC1812000005
:10A9F000141000000330000001F1FFC800D000086F
:10AA00000060000C0030000E003BFFFC001A00004C
:10AA10000010000000100000000000000000000016
:10AA2000000000000000000000000000000000081E
:10AA300000011FFC01FF8FF801FF00080001000862
:10AA400000010008000100080001000800010008E2
:10AA500000010008000100083FFFFFF81FFFFFF89A
:10AA600010010008000100080001000800010008B2
:10AA700000010008000100080001000803FF800831
:10AA800001FF9FFE01000FFE000008000000000013
:10AA900000000000000000000000000000000000B6
:10AAA000000000000040200000403010004060081E
:10AAB000004060080040400C0040C00E3FFFFFFC1B
:10AAC0001FFFFFF8004100000041000000C200002D
:10AAD00000C200000240000002000000020000006E
:10AAE0000200001002000008020000080200000E30
:10AAF00003FFFFFC03FFFFFC020000000200000058
:10AB00000200000002000000060000000600000035
:10AB10000200000000000000000000000000000033
:10AB20000000000000010002040100040401000410
:10AB3000040100080401001004010020040100C009
:10AB40000401038007FFFF0007FFF8000401000075
:10AB500004010000040100000401000004010000E1
:10AB600004010000040100000401000007FFFFFED3
:10AB700007FFFFFC040100000401000004010000C5
:10AB80000C0100001C0100000C0300000403000085
:10AB900000010000000000000000000000000000B4
:10ABA00000000000000040020000400200204004BD
:10ABB00000204004002040080020401800204010E1
:10ABC00010204020182040600E2040C007A0438085
:10ABD00003A0470000207C00003FF800003FC000B9
:10ABE0000020600000E0580003A046003E204380A3
:10ABF0001C2040C0182040600020407000204038D9
:10AC0000002040180060401C0060C00C0020C00CF8
:10AC100000004008000000000000000000000000EC
:10AC200000000000000000000000000003FFFFFE25
:10AC300003FFFFFC010000002000010018080100D4
:10AC40001E0802000E08040000080800000810009A
:10AC5000040860800408C040040B8040040E0070AB
:10AC600007FFFFE005FFFFC00488000004080000A4
:10AC70000408000004080008041800080408000C78
:10AC80000408000E07FFFFFE0FFFFFFC040000009A
:10AC900000000000000000000000000000000000B4
:10ACA0000001000000062000000C200000782000B9
:10ACB00003C820003F0FFFF01D0FFFF811082030E0
:10ACC00001082062010820C20318608201082104E3
:10ACD0000000000408000004043FFF08071FFE08EE
:10ACE00003D0001000100030001000E03FF3FF80A0
:10ACF0001FF3FE0010110080005000400090004043
:10AD0000031000200E3FFE300C1000380000001C25
:10AD10000000000E00000000000000000000000025
:10AD2000000000000040200000403010004060089B
:10AD3000004060080040400C0040C00E3FFFFFFC98
:10AD40001FFFFFF0104180000041000000C1000023
:10AD500000C20000004200000000000000000000EF
:10AD600000FFFFFC00FFFFF8008000400080004073
:10AD700000800040008000400080004000800040D3
:10AD80000080004000FFFFFC01FFFFF80080000092
:10AD900000000000000000000000000000000000B3
:10ADA0000000040001000800010010000100300054
:10ADB000010060000100C0000103FFFE0103FFFC71
:10ADC000010E0010011C00100170801003C08010E3
:10ADD0000F0080103D0080101100801011008010C5
:10ADE00001008010017FFFF0013FFFF001008010A3
:10ADF000010080100100801001008010010080100F
:10AE00000101801003018010030080300100003038
:10AE10000000001000000000000000000000000022
:10AE200000000000020000000200000002003FFEDF
:10AE300002001FFE0201100003FF900002FF9000BD
:10AE4000028310C0020310C0028511C0024512C067
:10AE500022491CC0324938801A31F0801E31D0801E
:10AE60000A71548002D9128002CD1380020F118022
:10AE7000020111C8030110E802FF900802FF900CC4
:10AE80000200100E02003FFC06001FF0060000004A
:10AE900002000000000000000000000000000000B0
:10AEA0000000000000040830000E0C3000341E309A
:10AEB00000E43C200384EC201F0588601C07084048
:10AEC000080C08400038104400F0504400D0508472
:10AED00000104088001080080010801000108030A2
:10AEE000001080203FFFF060101FFFC0002087C0CF
:10AEF000002083E0082107700C210E3806211C1C5D
:10AF000007E1780C00E3300E0063101E002300FE02
:10AF1000000100020000000000000000000000002E
:10AF20000000000000000008000000080000000809
:10AF300000000008000000080000000800000008F1
:10AF400000000008000000080000000800000008E1
:10AF5000000000083FFFFFF81FFFFFF81004000883
:10AF600000040008000400080004000800040008B1
:10AF7000000400080004000800040008000C000899
:10AF8000000C000800040008000000180000001871
:10AF900000000008000000000000000000000000A9
:10AFA00000000002000C000C00100030007FFFC009
:10AFB00001DFFC00071088003E108800121FFFF818
:10AFC000123FFFF002D08800039088040310880627
:10AFD000003FFFFC001000000004060008081A00F3
:10AFE000081072000833C20008E342000FC242009A
:10AFF0000E004200082FFFFE0827FFFC0814420045
:10B0000008184200083842001FF0C200080046003D
:10B0100000000200000000000000000008013002F3
:10B020002204227822042202A20263FE2222222289
:10B0300022222222222228023002000000003FFCAD
:10B040002108210821083FFC000008000880086052
:10B0500008020801FFFE08000800000000000000D0
:10B060000FF00820082008200820FFFF08200820F3
:10B07000082008200FF000000000000000404040C1
:10B0800040404040404041414141414040404040BB
:10B090004040404040404040404040404005020267
:10B0A0000202020202020202020202020220202026
:10B0B0002020202020202002020202020202909082
:10B0C0009090909010101010101010101010101080
:10B0D00010101010101010100202020202028888D4
:10B0E00088888888080808080808080808080808E0
:10B0F00008080808080808080202020240000000C8
:10B100007DB0000849535F4E5649435F5355425F37
:10B110005052494F52495459284E5649435F496E3F
:10B1200069745374727563742D3E4E5649435F497A
:10B1300052514368616E6E656C5375625072696FEF
:10B14000726974792900000049535F4E5649435F84
:10B15000505245454D5054494F4E5F5052494F5201
:10B16000495459284E5649435F496E697453747265
:10B170007563742D3E4E5649435F49525143686191
:10B180006E6E656C507265656D7074696F6E50722D
:10B19000696F72697479290049535F55534152545C
:10B1A0005F48415244574152455F464C4F575F43B9
:10B1B0004F4E54524F4C2855534152545F496E697B
:10B1C000745374727563742D3E4861726477617252
:10B1D00065466C6F77436F6E74726F6C2900000068
:10B1E00022443A32643133343938302D34643939B9
:10B1F0002D343933352D613461372D61646134610B
:10B20000623563356366313A53222C2236616139E7
:10B21000643165306661666464353238646234383E
:10B22000220D0A0044B20008000000208400000043
:10B23000B0790008C8B2000884000020346600001D
:10B24000C079000800E1F505326431333439383013
:10B250002D346439392D343933352D613461372D2E
:10B2600061646134616235633563663100000000FA
:10B2700000010000000000000000000000000000CD
:10B2800000000000000000000000000000000000BE
:10B2900000000000000000000000000000000000AE
:10B2A000000000000000000000000000000000009E
:10B2B000000000000000000000000000000000008E
:08B2C000000000000000000086
:040000050800019955
:00000001FF
