:020000040800F2
:1000000058690020AD010008094600085D2D000870
:10001000E13E00084511000845820008000000008C
:10002000000000000000000000000000BF01000808
:100030004711000800000000C30100081962000811
:10004000C7010008C7010008C7010008C701000870
:10005000C7010008C7010008C7010008C701000860
:10006000B9190008C7010008C7010008C701000846
:10007000C7010008C7010008C7010008C701000840
:10008000C7010008C7010008C7010008C701000830
:10009000C7010008C7010008C7010008C701000820
:1000A000C7010008C7010008C7010008C701000810
:1000B000C7010008C7010008C7010008C701000800
:1000C000C7010008C7010008C7010008C7010008F0
:1000D000C7010008C701000811760008697600080A
:1000E000C7010008C7010008C7010008C7010008D0
:1000F000C7010008C7010008C7010008C7010008C0
:10010000C7010008C7010008C7010008C7010008AF
:10011000F1750008C7010008196D0008C701000843
:10012000C7010008C7010008C7010008C70100088F
:10013000C7010008C7010008C7010008C70100087F
:10014000C7010008C7010008C7010008C70100086F
:10015000C7010008C7010008C7010008C70100085F
:10016000C7010008C7010008C7010008C70100084F
:10017000C7010008C7010008C7010008C70100083F
:10018000C7010008C7010008C7010008C70100082F
:10019000C7010008C7010008DFF80CD000F048FBD9
:1001A00000480047DD910008586900200648804754
:1001B00006480047FEE7FEE7FEE7FEE7FEE7FEE74C
:1001C000FEE7FEE7FEE7FEE71D6200089901000872
:1001D00040EA01039B0703D009E008C9121F08C0C9
:1001E000042AFAD203E011F8013B00F8013B521E49
:1001F000F9D27047D2B201E000F8012B491EFBD2C0
:1002000070470022F6E710B513460A460446194621
:10021000FFF7F0FF204610BD30B505462A460B46D5
:1002200012F8010B13F8014B08B1A042F8D01CB131
:10023000002802D06D1CF1E7284630BDCAB2401E2E
:1002400010F8011F8A4202D00029F9D1002070471E
:10025000421C10F8011B0029FBD1801A704770B5B1
:10026000064608F061F8046805460A220021304677
:1002700000F002F92C6070BD2DE9FE4F81EA030405
:1002800004F0004421F0004100944FF0000B23F0F3
:10029000004350EA01045ED052EA03045BD0C3F38A
:1002A0000A54C1F30A552C44A4F2F3340194A0FB80
:1002B0000254C1F3130141F48011C3F3130343F457
:1002C000801301FB024400FB034E840A970A44EAB0
:1002D000815447EA8357A4FB076802958D0A05FB02
:1002E00007854FEA932C04FB0C542705029D4FEA27
:1002F000065847EA1637B5EB08056EEB070C870E74
:10030000920E47EA811742EA8312A7FB0201B6EB7D
:100310000B0164EB00042B0D43EA0C335E1844EB35
:100320001C50DA465146E7FB0201C5F313044FEABD
:100330000B3343EA14534FEA0432019C43EA0603A9
:10034000A4F10C040294009CCDE900B400F0DBF8A9
:1003500003B0BDE8F08F00200146F9E70EB5C10FEC
:1003600080EAE0700844CA07002140F233438DE878
:100370000E000A460B4600F0C6F803B000BD0EB5ED
:1003800040F2334102910021CDE900110A460B46AB
:1003900000F0B9F803B000BDC1F30A5210B5C1F3C3
:1003A000130140F2FF3341F480119A4201DA002038
:1003B00010BD40F233439A42A2F2334203DC524270
:1003C00000F04AF810BD904010BD30B50B46014614
:1003D00000202022012409E021FA02F59D4205D3E4
:1003E00003FA02F5491B04FA02F52844151EA2F18E
:1003F0000102F1DC30BD2DE9F05F05460020924698
:100400009B4688460646814640241BE028464146D6
:100410004746224600F020F853465A46C01A9141FA
:1004200010D311461846224600F014FA2D1A67EB35
:1004300001084F4622460120002100F00BFA17EB7D
:1004400000094E41201EA4F10104DFDC484631467C
:100450002A464346BDE8F09F202A04DB203A21FAD1
:1004600002F00021704721FA02F3D040C2F12002CD
:1004700091400843194670472DE9F04791460F46D1
:1004800080460446002614F8015B2DB100F004FA02
:100490000068405DC007F6D12B2D02D02D2D18D05D
:1004A000641E4A463946204600F0FAF927B13968F9
:1004B000A14201D1C7F8008071054FF002040BD5AD
:1004C0004042002803DD07F02FFF0460A007BDE8CD
:1004D000F08746F48066E4E70028F8DA07F024FFA6
:1004E00004606FF00040F2E710B5141E73F10004D1
:1004F00008DA401C41F1000192185B411A4301D116
:1005000020F0010010BD2DE9F04D92469B4611B13F
:10051000B1FA81F202E0B0FA80F22032904600F0A7
:1005200099F904460F4640EA0A0041EA0B01534696
:100530005A46084313D0114653EA010019D0C8F1B6
:1005400040025046FFF788FF05460E465046594682
:10055000424600F07FF9084305D0012004E0204620
:100560003946BDE8F08D0020054346EAE0762C438D
:1005700037430A986305E40AA0EB08000022FD0A4D
:1005800044EA47540A3002D500200146E9E7010554
:1005900010196941DDE9084500196941BDE8F04DD0
:1005A000A2E72DE9FE4F804681EA0300C00F0C460A
:1005B000009021F0004123F00045B8EB0200A94172
:1005C00005D24046214690461C460B46024623F083
:1005D0000040104347D0270DC7F30A00C3F30A5168
:1005E0000290401A019040286BDAC3F3130040F4E4
:1005F000801B0098924620B10023D2EB030A63EBE4
:100600000B0B01985946C0F14002504600F022F908
:1006100006460D4650465946019A00F02AF910EB5D
:1006200008006141002487EA115284EAE7731A4303
:1006300040D0009A62B3019A012A4FEA075215DCB2
:10064000001B61EB02014FF0004202EA0752CDE9C4
:100650000042001C41F5801132462B46FFF753FF44
:1006600003B0BDE8F08F40462146F9E7001B61EB7F
:100670000201001C41F5801300185B412018A2F50F
:10068000001747EB030140EAD570B6196D4111E040
:100690006D084FEA360645EAC0754FEA0752001B5F
:1006A00061EB0201001C41F5801149084FEA30005E
:1006B0000019514132462B4603B0BDE8F04FFFF719
:1006C00013BF0098012240000023D0EB020263EB2D
:1006D000E073009821464FEAE074B8EB000061EB4C
:1006E0000401E9E783F000435BE781F0004158E74C
:1006F0002DE9F04D81EA030404F0004B21F00045A0
:1007000014464FF0000A23F0004150EA050220D0C1
:1007100054EA01021DD0C5F30A570246C5F313037C
:10072000C1F31300C1F30A5640F4801543F480135B
:10073000A7EB0608101BD64608F2FD3873EB050040
:1007400002D308F1010801E092185B41B8F1000FF3
:1007500003DA00200146BDE8F08D00204FF480113F
:10076000064684460EE0171B73EB050705D3121BE4
:1007700063EB050306434CEA010C49084FEA3000DD
:1007800092185B4150EA0107EDD152EA030012D002
:1007900082EA040083EA0501084305D0101BAB413F
:1007A00006D20122002306E000224FF0004302E0BF
:1007B0006FF0010253101AEB06004CEB085110EBDE
:1007C0000A0041EB0B01BDE8F04DFFF78DBEC1F310
:1007D0000A52C1F3130140F2FF3341F480119A42EF
:1007E00002DA00200146704740F233439A42A2F2F7
:1007F000334202DC5242FFF72FBE00F02BB800005C
:1008000030B5041E71F1000404DB4FF00044404297
:1008100064EB0101141E73F1000405DB1C464FF06C
:100820000043524263EB0403994208BF904230BD3B
:10083000064C074D06E0E06840F0010394E807002D
:1008400098471034AC42F6D3FFF7AAFCA0BC0008CE
:10085000C0BC0008202A04DB203A00FA02F1002084
:1008600070479140C2F1200320FA03F319439040EE
:100870007047202A06DBCB17203A41FA02F043EA00
:10088000E07306E041FA02F3D040C2F12002914049
:1008900008431946704700000048704760BB0008D5
:1008A0002DE9F05F82460078002715468B460AF155
:1008B0000104B946302801D09DB113E014F8010BB2
:1008C0000127782803D0582801D045B10AE00DB19E
:1008D000102D07D10027102514F8010B02E0082580
:1008E00000E00A250026B0460EE005FB080005FBE7
:1008F00006F1012701EB10461FFA80F8B6F5803F9C
:1009000000D3B94614F8010B294600F018F8002866
:10091000EBDABBF1000F05D00FB1641E00E05446C6
:10092000CBF80040B9F1000F06D007F0FDFC022122
:100930000160C81EBDE8F09F48EA0640FAE73A2881
:1009400000D2303820F02002412A01D3A2F1370032
:10095000884201D34FF0FF30704770B58C1810F803
:10096000015B15F0070301D110F8013B2A1106D1F4
:1009700010F8012B03E010F8016B01F8016B5B1E0E
:10098000F9D12B0705D40023521E0DD401F8013BE9
:10099000FAE710F8013BCB1A921C03E013F8015B55
:1009A00001F8015B521EF9D5A142D8D3002070BDD9
:1009B000F8B54FF40050ADF8000010250E4E8DF83C
:1009C000035001248DF802406946304601F0ECFEE8
:1009D0002103ADF800108DF803508DF802406946F0
:1009E000304601F0E1FE6103304602F0F1F82103E8
:1009F000304602F0EDF8F8BD000C014070B5C0F3D0
:100A000007110E2202EAD10200F00F0001F00F01DF
:100A100042F0A00440EA011502F05CFB04F0FE0085
:100A200002F01AFB02F0A4FB284602F015FB02F0CC
:100A30009FFB02F04FFB44F0010002F00DFB02F0BF
:100A400097FB002002F08AFA044602F06DFB44F6A0
:100A5000206008F061F9204670BD70B502460E4670
:100A6000C0F307100E2101EAD00102F00F0200F0DE
:100A70000F0041F0A00442EA001502F02BFB2046D3
:100A800002F0EAFA02F074FB284602F0E5FA02F0FE
:100A90006FFB304602F0E0FA02F06AFB02F044FB22
:100AA000BDE8704044F6206008F036B970B51D4CC2
:100AB0000025607B10B1012813D010E02079401C84
:100AC000207103F08BFD0C2117A007F09FFB642120
:100AD0006570194A0F2007F0E1FB012060730020C8
:100AE00070BD03F06FFD002808BF70BD134E306865
:100AF00004F00EFA01461248326801F055FA11A1CD
:100B00000F48FFF789FB00281EBF6573012070BDE9
:100B100020790A2898BF6573E1D925716573022091
:100B200070BD00004000002041542B514941435406
:100B30003D310D0A00000000FD4500083C0000208A
:100B40000C1100204F4B00000146064A0978002096
:100B5000135C994208BF7047401CC0B20A28F7D303
:100B6000704700003A9300082DE9F0014FF0000CA7
:100B7000002A88BF154C24D911F81C60002314F8F2
:100B80000380464504BF1D072D0E5B1CDBB2102BF6
:100B9000F5D301EB4C060023767814F80380464524
:100BA00008BF03F00F075B1CDBB2102BF5D345EA3F
:100BB000070300F80C300CF101031FFA83FC944585
:100BC000DAD3BDE8F0015008704700003A930008FE
:100BD00038B5044600200090042C18BF082C54D0CF
:100BE0000C2C18BF102C50D0142C18BF182C4CD023
:100BF0001C2C18BF202C48D0242C18BF282C44D0E3
:100C0000402C18BF442C40D0482C18BF4C2C3CD052
:100C1000502C18BF542C38D0582C18BF5C2C34D012
:100C2000602C18BF642C30D0682C18BF6C2C2CD0D2
:100C3000702C18BF742C28D0782C18BF7C2C24D092
:100C4000802C18BF842C20D0882C18BF8C2C1CD052
:100C5000902C18BF942C18D0982C18BF9C2C14D012
:100C6000A02C18BFA42C10D0A82C18BFAC2C0CD0D2
:100C7000B02C18BFB42C08D0B82C18BFBC2C04D092
:100C8000C62205A112A007F0B1FF04F1804000F5D3
:100C9000D8400090008838BD2E2E5C6669726D7752
:100CA0006172655C6E3332673435785F7374645F8C
:100CB0007065726970685F6472697665725C737280
:100CC000635C6E3332673435785F626B702E63001D
:100CD00049535F424B505F44415428424B505F445C
:100CE0004154290038B5044600200D460090042CDC
:100CF00018BF082C54D00C2C18BF102C50D0142C1A
:100D000018BF182C4CD01C2C18BF202C48D0242CD9
:100D100018BF282C44D0402C18BF442C40D0482C5D
:100D200018BF4C2C3CD0502C18BF542C38D0582C09
:100D300018BF5C2C34D0602C18BF642C30D0682CC9
:100D400018BF6C2C2CD0702C18BF742C28D0782C89
:100D500018BF7C2C24D0802C18BF842C20D0882C49
:100D600018BF8C2C1CD0902C18BF942C18D0982C09
:100D700018BF9C2C14D0A02C18BFA42C10D0A82CC9
:100D800018BFAC2C0CD0B02C18BFB42C08D0B82C89
:100D900018BFBC2C04D0B32205A113A007F026FF76
:100DA00004F1804000F5D8400090056038BD000097
:100DB0002E2E5C6669726D776172655C6E33326788
:100DC0003435785F7374645F7065726970685F64EE
:100DD00072697665725C7372635C6E333267343548
:100DE000785F626B702E630049535F424B505F44E3
:100DF000415428424B505F444154290000000000F8
:100E00002DE9F0415C4C8188A1808179A171B0F815
:100E100001102180C178A170B0F807102181417ABA
:100E2000A1724189A181017BA173B0F80D102182CB
:100E3000C17BA174018AA182817CA175B0F81310D5
:100E40002183407DA0766068FFF799FA9FED4C1BE7
:100E500053EC112BFFF710FAFFF79EFA04F11C0573
:100E600086B22E802068FFF78AFA9FED471B53EC6D
:100E7000112BFFF701FAFFF78FFA07466860E06869
:100E8000B0F5000F03DBC043401CC0F31600FFF7B2
:100E900065FA9FED3F1B53EC112BFFF7EDF9FFF7C0
:100EA0007BFA80B200EE100A28813D4BB8EE401A62
:100EB00000EE106AB8EE400AC1EE000A00EE107AA9
:100EC000B8EE400A80EE801A9FED330A61EE000A08
:100ED0009FED320A60EE800AFCEEE00A10EE900A06
:100EE0002874206959680844586019469A68C96886
:100EF000904203D3821A1144D96006E06FF07F4C10
:100F0000ACEB020202441144D9600022C3E9012083
:100F10000D291AD300EE901A9FED221AE968F8EE17
:100F2000600A60EE810A20EE800ABCEEC00A10EE74
:100F3000100A0844E860010C0820DA6003F0C8FADF
:100F4000A88981B2092003F0C3FA2988042003F09C
:100F5000BFFA15496868A1FB0010C0F3CF01052056
:100F600003F0B6FA2989072003F0B2FA297CBDE81C
:100F7000F041062003F0ACBA2C0C00200000000069
:100F80009FE74A621B81103FCD2D44350B4E903FA9
:100F900056B7DD7835487A3F0000C84200007A44F1
:100FA0002C000020EDF8433ACDCCCCCC08B507A0FE
:100FB0000068009006480178012918BF08BD00218B
:100FC00001700221684607F08BF808BD58AA00009E
:100FD0002C000020084808B50068009007480178F8
:100FE000012905D1002101700221684607F078F837
:100FF000BDE8084007F090B8CC0F00082C00002096
:1010000038B50220ADF8000010208DF80300012053
:10101000104C8DF802006946204601F0C5FB022104
:10102000204601F06BFD0221204601F0D1FD4FF476
:10103000FA7007F065FE0221204601F05FFD40F6E0
:10104000B83007F05DFE044A4FF47A71042007F0CF
:1010500025F938BD00080140D95E000838B507F011
:1010600085FE07F001F90124ADF8004010258DF848
:1010700003508DF802406946224801F095FB224A50
:101080001E21022007F00AF903F02AFF07F064FF8F
:1010900007F09EFE07F01EFF03F0B7FA04F07EFF94
:1010A000FFF7AEFF08F044F82003ADF800008DF81C
:1010B0000350164D8DF802406946284601F074FB36
:1010C0002103284601F01AFDADF8004048218DF8B3
:1010D00003106946284601F067FB05F03FFA04F06B
:1010E00037FF04F0C7F9FFF763FC00F063FE02F07E
:1010F000A1FB07F0CFFF05F003FEBDE8384004A0D8
:1011000007F0EEB800100140511900080008014036
:1011100048656C6C6F20576F726C64210D0A00007B
:10112000074910B50120487002F04EFCFFF752FF4E
:1011300007F0FCFF06F0DAF9BDE8104000F029BF27
:1011400016000020FEE7704770B584B000254CF211
:10115000186428B301281CBF04B070BD1026CDE967
:1011600000464FF61F0300220C21E820029505F0EF
:10117000F3FBCDE900464FF61F0301220C21F820B6
:10118000029505F0E9FBCDE900464FF61F03022268
:101190000C214FF48470029505F0DEFB04B070BDA5
:1011A0001820CDE90040002303A20C210295E8207D
:1011B00005F04AFD04B070BD202020200000000092
:1011C00070B5002484B020254CF21866E8B10128DF
:1011D0001CBF04B070BD012002F0DEFB0096CDE91B
:1011E00001544FF478431422C021E02005F0B4FBF1
:1011F0000096CDE901544FF478430F22C0214FF4FB
:10120000807005F0A9FB04B070BD002002F0C4FBA3
:101210000096CDE901544FF4FC631522C021E02073
:1012200005F09AFB0096CDE901544FF4FC630F22C0
:10123000C0214FF4807005F08FFB04B070BD70B515
:10124000002484B020254CF21866E0B101281CBFB0
:1012500004B070BD012002F0ABFB0096CDE9015453
:101260004FF4FC6311224021E02005F075FB00964D
:10127000CDE9015440214FF4FC631322880005F0AE
:101280006BFB04B070BD002002F092FB0096CDE92C
:1012900001544FF4784312224021E02005F05CFB1A
:1012A0000096CDE9015440214FF478431322880081
:1012B00005F052FB04B070BD70B5002484B0202549
:1012C0004CF21866E0B101281CBF04B070BD0120CB
:1012D00002F0A8FB0096CDE901544FF4FC630B2209
:1012E000C021582005F038FB0096CDE901544FF499
:1012F000FC630C22C021782005F02EFB04B070BDE9
:10130000002002F08FFB0096CDE901544FF47843A2
:101310000D22C021582005F01FFB0096CDE9015495
:101320004FF478430E22C021782005F015FB04B05D
:1013300070BD000000000000F0B5754A18252DEDC5
:10134000028B87B05078734F401CC0B200247249A2
:1013500050704CF21866072880F0D480DFE800F067
:10136000D204273845535B00CDE9004602953A8800
:1013700004230821002005F00DFCCDE9004602956C
:10138000BA78022308213C2005F004FCCDE9004690
:101390000295FA7802230821602005F0FBFBCDE9D5
:1013A0000046029501230821FA79CC2025E0CDE9F9
:1013B000004602953A7902230821842005F0EAFBD1
:1013C000CDE900460295022308217A79A82014E08D
:1013D000CDE9004602950A8804234021582005F0F3
:1013E000D9FB07B0BDEC028BF0BDCDE900460295FC
:1013F0008888052382B260210BE005F0CBFB07B0A3
:10140000BDEC028BF0BDCDE9004602950A890623AA
:1014100080215820F1E7C868002866D03F49A1FB29
:10142000002149096FF01802514310EB81019FED33
:101430003C8B24D03C49A1FB0021C908494201EB67
:10144000810110EB410135D0FEF799FF53EC182BC9
:10145000FEF712FF41EC100B34A153EC102B03A844
:1014600006F04EFF0096CDE90154002303AAA02107
:10147000642005F0E9FB07B0BDEC028BF0BDFEF780
:101480007EFF53EC182BFEF7F7FE41EC100B29A161
:1014900053EC102B03A806F033FF0096CDE901545E
:1014A000002303AAA021642005F0CEFB07B0BDEC09
:1014B000028BF0BDFEF763FF53EC182BFEF7DCFE4A
:1014C00041EC100B1DA153EC102B03A806F018FFE4
:1014D0000096CDE90154002303AAA021642005F061
:1014E000B3FB07B0BDEC028BF0BD0096CDE9015413
:1014F000002314A2A021642005F0A6FB07B0BDECD8
:10150000028BF0BD547007B0BDEC028BF0BD000043
:101510005900002020000020480C00201F85EB51BE
:10152000FCA9F1D24D62503FCDCCCCCC252E3366F8
:1015300000000000252E316600000000252E3266D6
:1015400000000000300000002DE9F0412DED028B7D
:1015500086B04CF218640021F0234FF4A0720846C4
:10156000009404F0D4FF4FF47840302300904FF4FF
:10157000A0721946002004F06BFF0025DE4FCDE974
:101580000054182602963A8804230821284605F0BC
:1015900001FBCDE900460023D8A2082130200295A6
:1015A00005F052FBCDE900540296BA7802230821D7
:1015B0003C2005F0EFFACDE900460023CFA2082138
:1015C0005420029505F040FBCDE900540296FA78CC
:1015D00002230821602005F0DDFACDE900540296CF
:1015E0003A7902230821842005F0D4FACDE9004697
:1015F0000023C3A208219C20029505F025FBCDE91C
:10160000005402967A7902230821A82005F0C2FA34
:10161000CDE900540296FA7901230821CC2005F087
:10162000B9FA042002F022FFFFF78EFDCDE9004653
:101630000023B4A208214FF49170029505F004FB39
:1016400020270023CDE900471A464021184602957D
:1016500005F082F9CDE90047002301224021202036
:10166000029505F079F9CDE9004640210023A4A2B6
:101670000846029505F0E8FADFF88C82CDE90054BF
:101680000296B8F8002004234021582005F082FA81
:10169000CDE9004600239DA24021A020029505F03F
:1016A000D3FACDE900474FF4784312224021E020DD
:1016B000029505F051F9CDE9004740214FF47843F8
:1016C00013228800029505F047F90023CDE9004771
:1016D0001A4660211846029505F03EF9CDE900470B
:1016E0000023022260212020029505F035F9CDE982
:1016F0000046002382A260214020029505F0A4FA52
:10170000CDE900540296B8F80400052382B26021A6
:10171000582005F03FFACDE9004600237CA2602165
:10172000AC20029505F090FACDE900470023032292
:1017300080211846029505F00FF9CDE900470023F6
:10174000042280212020029505F006F9CDE900460B
:1017500000236BA280214020029505F075FACDE9A7
:1017600000540296B8F8082006238021582005F07E
:1017700011FACDE90046002366A28021D02002950F
:1017800005F062FACDE9004700230722A0211846A0
:10179000029505F0E1F8CDE9004700230822A021D9
:1017A0002020029505F0D8F8CDE90046002354A288
:1017B000A0214020029505F047FAD8F80C00002837
:1017C0005CD05549A1FB00214909F243514310EB7C
:1017D00081019FED538B21D05349A1FB0021C90802
:1017E000494201EB810110EB41012FD0FEF7C7FD0B
:1017F00053EC182BFEF740FD41EC100B4BA153ECC2
:10180000102B03A806F07CFDCDE90046002303AAB7
:10181000A0216420029505F017FA38E0FEF7AFFD2D
:1018200053EC182BFEF728FD41EC100B41A153ECB3
:10183000102B03A806F064FDCDE90046002303AA9F
:10184000A0216420029505F0FFF920E0FEF797FD46
:1018500053EC182BFEF710FD41EC100B37A153ECA5
:10186000102B03A806F04CFDCDE90046002303AA87
:10187000A0216420029505F0E7F908E0CDE90046D3
:10188000002330A2A0216420029505F0DDF9CDE906
:10189000004600232CA2A0214FF48070029505F091
:1018A000D3F9CDE9004700230922C021184602954B
:1018B00005F052F8CDE9004700230A22C02120207C
:1018C000029505F049F8CDE9004600230CA2C0219D
:1018D0004020029505F0B8F9012002F0C7FDFFF79E
:1018E000EBFC022002F0C2FDFFF76AFC06B0BDEC83
:1018F000028BBDE8F0810000200000202F000000D6
:101900003A00000034470000480C00205600000058
:101910006D410000570000001F85EB5100000000E2
:10192000FCA9F1D24D62503FCDCCCCCC252E3366F4
:1019300000000000252E316600000000252E3266D2
:1019400000000000300000004B572F48000000004E
:1019500010B5174CE07868B12179164800294FF08E
:10196000010102D001F034F901E001F0C7F820795B
:10197000C043207120890021B0F57A7F28BF2181E2
:101980000CD2401C0004000C208107D0A0F540724E
:10199000E73A02BF60780028E17000E06170AFF2C2
:1019A0004F021E21BDE81040022006F077BC000067
:1019B000160000200010014010B5042000F028F8A7
:1019C000002808BF10BD07F05FFBBDE810400420F1
:1019D000AFF3008010B50446800D00D12CB940F261
:1019E0000112034903A007F001F90848046010BD83
:1019F00040BC000849535F455854495F4C494E4527
:101A000028455854495F4C696E652900140401400B
:101A100070B500250446012818BF022C3AD0042CCA
:101A200018BF082C36D0102C18BF202C32D0402CD8
:101A300018BF802C2ED0B4F5807F18BFB4F5007F7E
:101A400028D0B4F5806F18BFB4F5006F22D0B4F57C
:101A5000805F18BFB4F5005F1CD0B4F5804F18BF8D
:101A6000B4F5004F16D0B4F5803F18BFB4F5003F71
:101A700010D0B4F5802F18BFB4F5002F0AD0B4F5FC
:101A8000801F18BFB4F5001F04D0EB22074908A03F
:101A900007F0ACF80D4800680D4920400968214264
:101AA0001CBF00280125284670BD000040BC00086E
:101AB00049535F4745545F455854495F4C494E452B
:101AC00028455854495F4C696E652900000401405F
:101AD0001404014010B504460079002818BF0428FA
:101AE00004D073222F4930A007F080F860790828CD
:101AF0001CBF0C28102804D074222A4935A007F0F6
:101B000075F82068810D00D120B9752225493DA0C6
:101B100007F06CF8A079002818BF012804D07622BD
:101B2000204943A007F062F8A1794E48002930D03F
:101B30000168226891430160001D01682268914399
:101B40000160207900F1804000F582300168226850
:101B500011430160444908682268904308600A1DE7
:101B600010682368984310606079102808D000F14D
:101B7000804000F58230016822681143016010BD89
:101B800008682368184308601068216808431060DB
:101B900010BD207900F1804000F582300168226894
:101BA0009143EBE740BC000849535F455854495FF7
:101BB0004D4F444528455854495F496E69745374E4
:101BC000727563742D3E455854495F4D6F646529A5
:101BD0000000000049535F455854495F545249473B
:101BE00047455228455854495F496E697453747289
:101BF0007563742D3E455854495F54726967676533
:101C00007229000049535F455854495F4C494E457D
:101C100028455854495F496E6974537472756374EA
:101C20002D3E455854495F4C696E652900000000FF
:101C300049535F46554E4354494F4E414C5F5354B0
:101C400041544528455854495F496E69745374722C
:101C50007563742D3E455854495F4C696E65436DFC
:101C6000642900000004014008040140001DFEF743
:101C7000F4BE2DE9F0475FEA010807464FF0000483
:101C80001ABF4FF017094FF0180ABDE8F087E519A1
:101C9000E8B202F001FC010A3E1909EB4600FEF72A
:101CA000DCFEE8B202F0F8FBC1B20AEB4600FEF738
:101CB000D4FE601CC4B2A045E9D8BDE8F08710B5D9
:101CC00000211720FEF7C9FE01211820FEF7C5FEEE
:101CD00000211920FEF7C1FE00211A20FEF7BDFEEB
:101CE00025211B20FEF7B9FE80211C20FEF7B5FE42
:101CF00001211D20FEF7B1FE0E211E20FEF7ADFED4
:101D000000211F20FEF7A9FEB4212020FEF7A5FE2A
:101D10001F212120FEF7A1FE40212220FEF79DFE7B
:101D200000212320FEF799FE1E212420FEF795FEB8
:101D300000212520FEF791FE50212620FEF78DFE82
:101D400044212720FEF789FEC0212820FEF785FECA
:101D500000212920FEF781FE3F212A20FEF77DFE8B
:101D600000213120FEF779FE02213220FEF775FEB8
:101D700000213320FEF771FEFF213420FEF76DFEB7
:101D800000213520FEF769FE00213620FEF765FEB2
:101D900000213720FEF761FE7F213820FEF75DFE2F
:101DA00017213920FEF759FE3B21BDE810403A20AB
:101DB000FEF753BEF8B500246D462046FEF71EFE22
:101DC0002855601CC4B2042CF7D39DF800001825D8
:101DD0001726A12804BF9DF80100582807D19DF8B7
:101DE0000200592804BF9DF80300A22841D0A12178
:101DF0000020FEF732FE58210120FEF72EFE592169
:101E00000220FEF72AFEA2210320FEF726FE002173
:101E10008F20FEF722FE00219020FEF71EFE0021FB
:101E20009120FEF71AFE00219220FEF716FE00F028
:101E300079F800210420FEF710FE01210520FEF7AD
:101E40000CFE00210620FEF708FE01210720FEF708
:101E500004FE00210820FEF700FEFFF730FF00F02F
:101E600061F80024201DFEF7C9FD012833D088B396
:101E70003AE000F057F80024201DFEF7BFFD0128CE
:101E800001D028B108E00121204602F00BFB03E05D
:101E90000021204602F006FB601CC4B2052CEBD3E7
:101EA000012002F0E3FA04F023F8002405EB4400DB
:101EB000FEF7A4FD074606EB4400FEF79FFD07EB87
:101EC000002081B2204602F009FB601CC4B2212C24
:101ED000ECD3F8BD04E00121204602F0E3FA03E070
:101EE0000021204602F0DEFA601CC4B2052CB9D3F2
:101EF000012002F0BBFA03F0FBFF002405EB4400D5
:101F0000FEF77CFD074606EB4400FEF777FD07EB86
:101F1000002081B2204602F0E1FA601CC4B2212CFC
:101F2000ECD3F8BD10B58F20FEF768FD04069020B5
:101F3000FEF764FD04EB00449120FEF75FFD04EB27
:101F400000249220FEF75AFD2044064C010CE0606C
:101F5000082002F0BDFAA089BDE8104081B2092036
:101F600002F0B6BA480C002010B500218F20FEF711
:101F700074FD00219020FEF770FD00219120FEF7F6
:101F80006CFD00219220FEF768FDBDE81040FFF7D0
:101F9000C9BF10B502F028FD01F05CFD02F052FC53
:101FA000BDE8104002F0BCBC0023002998BF704778
:101FB000F0B40026D2E902C4644508BF34460BD011
:101FC0001468556814F80C400CF1010C9CFBF5F7F3
:101FD00005FB17CCC2F808C0C4545B1C8B42E9D384
:101FE000F0BC704770B50C46050018BF012D0ED02F
:101FF000022D18BF032D0AD0042D1CBF052D062D60
:1020000005D040F247321FA12DA006F0EFFD002CB5
:1020100018BF012C21D0022C18BF032C1DD0042C7A
:1020200018BF052C19D0062C18BF072C15D0082C6A
:1020300018BF092C11D00A2C18BF0B2C0DD00C2C5A
:1020400018BF0D2C09D00E2C18BF0F2C05D04FF443
:1020500052720CA124A006F0C9FDA007010F0F20A9
:1020600000FA01F224F0030000F1804000F5803016
:10207000836823EA02028260826805FA01F1114353
:10208000816070BD2E2E5C6669726D776172655CD1
:102090006E3332673435785F7374645F706572696C
:1020A00070685F6472697665725C7372635C6E33CC
:1020B00032673435785F6770696F2E630000000007
:1020C00049535F4750494F5F455854495F504F52FD
:1020D000545F534F5552434528506F7274536F7578
:1020E000726365290000000049535F4750494F5F04
:1020F00050494E5F534F555243452850696E536FB8
:10210000757263652900000070B50D46044601280C
:1021100018BF022C00F0E081042C18BF082C00F03E
:10212000DB81A4F5A01010381CBFA4F5A010B0F1FD
:10213000300000F0D181A4F5B01040381CBFA4F5E8
:10214000B010B0F1C00000F0C781A4F5C010B0F528
:1021500080701CBFA4F5C010B0F5007000F0BC8109
:10216000A4F5C010B0F540701CBFA4F5C010B0F5C8
:10217000023000F0B181A4F5C010B0F5033018BFF3
:10218000B4F5805F00F0A881B4F5E91F18BFB4F57D
:10219000EA1F00F0A181B4F5EB1F18BFB4F5004FA2
:1021A00000F09A816FF40010C4421CBFA4F5001027
:1021B000B0F1020000F09081A4F50010001F1CBFD8
:1021C000A4F50010B0F1080000F08681A4F500101D
:1021D00010381CBFA4F54010B0F5807000F07C8171
:1021E000A4F54010B0F500701CBFA4F54010B0F588
:1021F000806000F07181FB4884421CBF6FF080401A
:10220000C44200F06981F84884421CBFF748844208
:1022100000F06281F64884421CBFF648844200F018
:102220005B81F54884421CBFF448844200F054812D
:10223000F34884421CBFF348844200F04D81F248C9
:1022400084421CBFF148844200F04681F048844239
:102250001CBFF048844200F03F81A4F18040B0F5FB
:10226000F2101CBFA4F18040B0F5F41000F03481EE
:10227000A4F18040B0F5F6101CBFE748844200F09E
:102280002B81E64884421CBFE548844200F024814B
:10229000A4F18040B0F190701CBFE248844200F08D
:1022A0001B81E14884421CBFA4F18040B0F18460EE
:1022B00000F01281DD4884421CBFDD48844200F0FA
:1022C0000B81DC4884421CBFDB48844200F004815F
:1022D000DA4884421CBFDA48844200F0FD80D948C5
:1022E00084421CBFD848844200F0F680D74884421C
:1022F0001CBFD748844200F0EF80D64884421CBF00
:10230000D548844200F0E880D44884421CBFD448B9
:10231000844200F0E180A4F18040B0F579101CBF48
:10232000A4F18040B0F57B107ED0CE4884421CBF23
:10233000CD48844278D0CD4884421CBFCC488442EA
:1023400072D0CC4884421CBFCB4884426CD0CB486E
:1023500084421CBFCA48844266D0CA4884421CBF1B
:10236000C948844260D0C94884421CBFC8488442DE
:102370005AD0C84884421CBFC748844254D0C7487A
:1023800084421CBFA4F10050B0F580504CD0A4F1A1
:102390000050B0F580401CBFA4F10050B0F50040E3
:1023A00042D0BF4884421CBFBE4884423CD0BE4895
:1023B00084421CBFBD48844236D0BD4884421CBF05
:1023C000BC48844230D0BC4884421CBFBB488442D5
:1023D0002AD0BB4884421CBFBA4884427CD0A4F5B2
:1023E000001080381CBFA4F5B010B0F1800073D08D
:1023F000A4F1815080381CBFA4F18150B0F140009D
:102400006AD0A4F1815020381CBFA4F18150B0F1F2
:10241000100061D0A4F1815008381CBFA4F1815094
:10242000B0F1040058D000E056E0A4F18150801EC5
:102430001CBF6FF08150C4424ED0A4F18050B0F563
:1024400000401CBFA4F18050B0F5804044D0A4F1FE
:102450008050B0F5005018BFB4F1102F3CD0A4F15B
:102460008050B0F500601CBFA4F18050B0F58060D2
:1024700032D0A4F18050B0F500701CBFA4F18050A0
:10248000B0F5807028D0A4F1805080381CBFA4F132
:102490008050B0F140001FD0A4F1805020381CBF04
:1024A000A4F18050B0F1100016D0A4F1805008388B
:1024B0001CBFA4F18050B0F104000DD0A4F18050F5
:1024C000801E1CBF6FF08050C44205D040F27A22BB
:1024D0007DA18CA006F08AFB002D18BF012D05D030
:1024E00040F27B2278A18DA006F080FB924A14F086
:1024F000004F18BFD0691ED090491FFA84FC04EA2F
:102500000106C4F340510B01A1B29940B6F5401F3A
:1025100021D014F4801F24D014F4001F4FF00303C3
:10252000C4F3034603FA06F318BF1B04984314F0E0
:10253000E04F52D11EE114F0804F18BF106ADBD17A
:1025400014F0005F18BF506AD6D114F0805F14BF3A
:10255000906A5068D0E7536820F0706023F0706391
:10256000FAE014F0807F25D014F0040F1AD014F094
:10257000007F20EA01000ED035B1536843F001031B
:1025800043F070635360F8E0516821F0010141F0BD
:1025900070615160F2E0536823F0010343F070630F
:1025A0005360E9E04CF0040C0CFA03F39843002D5F
:1025B000EAD0E2E714F0806F11D014F0080F0FD0CA
:1025C00014F0007F20EA01000BD03DB1536843F0C6
:1025D000080343F070635360CFE0CDE0B0E0C5E0A6
:1025E000BCE0B4E00004008002001140060011408D
:1025F000200014403000144040001640C000164037
:10260000000218400003184000041A40000C1A4051
:1026100000101C4000301C400100304002003040DF
:1026200003003040040020410400204308002044FF
:102630000800204610003440200034403000344070
:102640004000364080003640C0003640000238402E
:102650000003384000043A40000C3A4000103C406F
:1026600000303C4001001020020010200300102028
:1026700004001220080012200C0012201000142068
:102680003000142040001620C00016200001182041
:10269000000218200003182000041A20000C1A2041
:1026A000010020200200202004002020080020201B
:1026B00010003420300034204000202080002020F2
:1026C00000012020000220202E2E5C6669726D77AA
:1026D0006172655C6E3332673435785F7374645F42
:1026E0007065726970685F6472697665725C737236
:1026F000635C6E3332673435785F6770696F2E6361
:102700000000000049535F4750494F5F52454D411B
:102710005028526D7050696E2900000049535F4681
:10272000554E4354494F4E414C5F535441544528F4
:10273000436D64290000000000000140000030707B
:10274000516821F0080141F07061516016E0536852
:1027500023F0080343F0706353600DE04CF0080C65
:102760000CFA03F39843002DEAD02FE7884314F0C6
:10277000E04F01D140F0706005B1084314F0004F04
:102780001CBFD06170BD14F0804F1CBF106270BDC3
:1027900014F0005F1CBF506270BD14F0805F14BF66
:1027A0009062506070BD00002DE9F04104460026A3
:1027B000A0F180400D46B0F584301CBFA4F18040EC
:1027C000B0F586301CD0A4F18040B0F588301CBF35
:1027D000A4F18040B0F58A3012D0A4F18040B0F569
:1027E0008C301FBFA4F18040B0F58E30A4F1804042
:1027F000B0F5903004D0BE223FA14EA006F0F6F90D
:10280000E878002818BF042810D0282818BF4828C6
:102810000CD0142818BF102808D01C2818BF18285E
:1028200004D0BF2234A14AA006F0E0F9288820B9DC
:10283000C02231A151A006F0D9F9E87800F00F07C5
:1028400010F0100F0FD0A878002818BF022808D069
:10285000012818BF032804D0C72227A150A006F0E2
:10286000C5F9A878074328784FF00F0C10F0FF0F38
:102870004FF0010318BF216819D02A8803FA06F027
:10288000024082420FD1B2000CFA02F821EA08019C
:1028900007FA02F21143EA78282A08BF606102D0E1
:1028A000482A08BF2061761C082EE6D321602888BC
:1028B000FF2886BF62680020BDE8F08100F10801B2
:1028C0002E8803FA01F10E408E420FD186000CFAD9
:1028D00006F822EA080207FA06F63243EE78282EB6
:1028E00008BF6161EE78482E08BF2161401C0828AE
:1028F000E4D36260BDE8F0812E2E5C6669726D776C
:102900006172655C6E3332673435785F7374645F0F
:102910007065726970685F6472697665725C737203
:10292000635C6E3332673435785F6770696F2E632E
:102930000000000049535F4750494F5F414C4C5FD6
:10294000504552495048284750494F7829000000C7
:1029500049535F4750494F5F4D4F444528475049C1
:102960004F5F496E69745374727563742D3E47509E
:10297000494F5F4D6F6465290000000049535F4770
:1029800050494F5F50494E284750494F5F496E6943
:10299000745374727563742D3E50696E2900000083
:1029A00049535F4750494F5F53504545442847506E
:1029B000494F5F496E69745374727563742D3E4755
:1029C00050494F5F537065656429000070B5054636
:1029D0000026A0F180400C46B0F584301CBFA5F164
:1029E0008040B0F586301DD0A5F18040B0F588302C
:1029F0001CBFA5F18040B0F58A3013D0A5F180400E
:102A0000B0F58C301FBFA5F18040B0F58E30A5F138
:102A10008040B0F5903005D040F229121BA12AA0C9
:102A200006F0E4F8012C18BF022C28D0042C18BFA3
:102A3000082C24D0102C18BF202C20D0402C18BFDC
:102A4000802C1CD0B4F5807F18BFB4F5007F16D061
:102A5000B4F5806F18BFB4F5006F10D0B4F5805F87
:102A600018BFB4F5005F0AD0B4F5804F18BF052C2D
:102A700005D04FF4957205A11AA006F0B7F8A86822
:102A8000204218BF0126304670BD00002E2E5C6625
:102A900069726D776172655C6E3332673435785F69
:102AA0007374645F7065726970685F64726976657B
:102AB000725C7372635C6E3332673435785F677053
:102AC000696F2E630000000049535F4750494F5F14
:102AD000414C4C5F504552495048284750494F7827
:102AE0002900000049535F4745545F4750494F5FF5
:102AF00050494E2850696E290000000070B5044608
:102B0000A0F180400D46B0F584301CBFA4F1804098
:102B1000B0F586301DD0A4F18040B0F588301CBFE0
:102B2000A4F18040B0F58A3013D0A4F18040B0F514
:102B30008C301FBFA4F18040B0F58E30A4F18040EE
:102B4000B0F5903005D04FF4C57206A114A006F080
:102B50004DF82DB940F28B1202A118A006F046F8EC
:102B6000656170BD2E2E5C6669726D776172655C01
:102B70006E3332673435785F7374645F7065726981
:102B800070685F6472697665725C7372635C6E33E1
:102B900032673435785F6770696F2E63000000001C
:102BA00049535F4750494F5F414C4C5F5045524934
:102BB0005048284750494F782900000049535F4743
:102BC00050494F5F50494E2850696E29000000005F
:102BD00070B50446A0F180400D46B0F584301CBFAE
:102BE000A4F18040B0F586301DD0A4F18040B0F54E
:102BF00088301CBFA4F18040B0F58A3013D0A4F116
:102C00008040B0F58C301FBFA4F18040B0F58E300D
:102C1000A4F18040B0F5903005D040F2731206A1C7
:102C200014A005F0E3FF2DB94FF4BA7202A118A069
:102C300005F0DCFF256170BD2E2E5C6669726D7734
:102C40006172655C6E3332673435785F7374645FCC
:102C50007065726970685F6472697665725C7372C0
:102C6000635C6E3332673435785F6770696F2E63EB
:102C70000000000049535F4750494F5F414C4C5F93
:102C8000504552495048284750494F782900000084
:102C900049535F4750494F5F50494E2850696E294C
:102CA0000000000010B582B06946002002F05CFE12
:102CB00001A9002002F0F2FDDFF898C09DF80000A5
:102CC0008CF804009DF801008CF805009DF80200C6
:102CD0008CF806009DF805108CF802109DF806305F
:102CE0008CF803309DF80720012902F5FA60ACF852
:102CF000000018BF022904D101F10C00C1B202F298
:102D0000CF704A1C02EB420240F2676412FB04F2ED
:102D100003EB410100EB523211444AF2D73202FB7D
:102D2000002201EB9001A1EB92514FF4C872B0FB6D
:102D3000F2F00144084B08460022C3FB0120821038
:102D4000A2EBE070A0EBC0000844401C8CF8070028
:102D500002B010BD200000209324499201A005F08C
:102D6000BFFAFBE7766F696420486172644661755B
:102D70006C745F48616E646C657228766F69642953
:102D80000D0A000070B51D4DA8B0A878002804BF3A
:102D900028B070BD0026AE70194A1AA11AA805F015
:102DA000AFFA1C480090431D00F115021AA101A8BA
:102DB00005F0A6FA01A8FDF74BFA84B21AA8FDF7B0
:102DC00047FA82B201AB1AA90120009403F09AF9E4
:102DD0002878401CC0B2287003283CBF28B070BDC2
:102DE0002E70BFF34F8F0F4801680F4A01F4E06166
:102DF00011430160BFF34F8F00BFFDE7C802002001
:102E0000040000206D6F646275735F696E666F2FDA
:102E100025730000E816002025735F25735F257376
:102E2000000000000CED00E00400FA050449012058
:102E30008870AFF2070203490A2005F02FBA00009C
:102E4000C8020020989F0400024A03490A2005F0A6
:102E500025BA00002D2E0008989F040010B5B4B0CC
:102E60000E4A0FA127A805F04BFA11480090431D08
:102E700000F115020FA101A805F042FA01A8FDF723
:102E8000E7F984B227A8FDF7E3F982B201AB27A9DD
:102E90000120009403F036F934B010BD0400002086
:102EA0006D6F646275735F696E666F2F25730000C6
:102EB000E816002025735F25735F2573000000006E
:102EC0000848C178012918BF704710B50021C170AA
:102ED00001F028FE002808BF10BDBDE8104001F039
:102EE0003BBA0000C802002004490120C870AFF2BC
:102EF000070203490B2005F0D1B90000C8020020E9
:102F0000C0D40100024A03490B2005F0C7B90000F4
:102F1000E92E0008C0D4010030B40023002A88BF85
:102F2000DFF834C011D9C45C01EB43050CEB141479
:102F3000247801F81340C45C5B1C04F00F049BB2BE
:102F40001CF804406C709A42EDD84FF6FF7030BC0C
:102F500000EA4200704700003A9300082DE9F84368
:102F600080464FF48057ADF800700420394E8DF83C
:102F70000300002469463046FFF716FC00254FF495
:102F800000513046FFF7BAFD022005F0C5FE4FF4B0
:102F900000513046FFF71CFE6006040E4FF48051CE
:102FA0003046FFF713FD00281CBF601CC4B201208F
:102FB00005F0B2FE681CC5B2082DE0D310254FF015
:102FC0000109B8F1000F4FF40051304620D0FFF74F
:102FD00095FDADF800708DF803508DF802906946AC
:102FE0003046FFF7E1FB29023046FFF787FD02205C
:102FF00005F092FE69023046FFF7EAFD022005F077
:103000008BFE69023046FFF779FD2046BDE8F88364
:10301000FFF774FDADF800708DF803508DF8029045
:1030200069463046FFF7C0FB4FF480513046FFF74A
:10303000CFFD022005F070FE4FF400513046FFF73F
:10304000C7FD022005F068FE4FF400513046FFF73F
:1030500055FDDAE7000C0140F8B505464FF4805005
:10306000ADF8000010208DF803000120184E8DF8F7
:10307000020069463046FFF797FB71143046FFF7B0
:103080003DFD002415F0800F4FF48051304602D0F2
:10309000FFF79EFD01E0FFF731FD6806050E0220F7
:1030A00005F03AFE4FF400513046FFF791FD022043
:1030B00005F032FE4FF400513046FFF71FFD0220AD
:1030C00005F02AFE601CC4B2082CDBD3F8BD00005A
:1030D000000C014038B54FF48050ADF800001020CE
:1030E0008DF8030001200F4C8DF802006946204640
:1030F000FFF75AFBA1142046FFF76AFD6114204632
:10310000FFF766FD022005F007FEA1142046FFF739
:10311000F5FC022005F000FE61142046BDE83840B1
:10312000FFF7ECBC000C014038B54FF48050ADF80F
:10313000000010208DF8030001200C4C8DF80200D7
:1031400069462046FFF730FBA1142046FFF7D6FC66
:1031500061142046FFF73CFD022005F0DDFDA114BF
:103160002046BDE83840FFF733BD0000000C0140A9
:10317000F8B54FF48056ADF800600420264D8DF868
:103180000300002469462846FFF70EFBA9142846D1
:10319000FFF71EFD012005F0BFFD69142846FFF76B
:1031A00017FD012005F0B8FDA9142846FFF70EFC15
:1031B00050B3601CC4B2FA2C1FD9ADF800601020C7
:1031C0008DF8030001208DF8020069462846FFF7BC
:1031D000EBFA4FF480512846FFF790FC4FF4005172
:1031E0002846FFF7F5FC022005F096FD4FF48051CC
:1031F0002846FFF7EDFC0120F8BD4FF4805128462A
:10320000FFF7E4FB0028D4D14FF400512846FFF724
:1032100075FC0020F8BD0000000C014010B4C2682D
:10322000D0F804C0531C93FBFCF40CFB1433D0F80F
:1032300008C0634504BF10BC704703689954C16857
:103240004268491C91FBF2F302FB1311C16010BCF0
:10325000704700002DE9F04F584D83B00026A87B41
:1032600010B1012812D0A2E06879401C687101F009
:10327000B5F90A2152A004F0C9FFC8216E70534A63
:103280000F2005F00BF80120A87390E001F09AF9E7
:10329000002804BF03B0BDE8F08F4D4C206801F05A
:1032A00037FE01464B482268FEF77EFE4AA1494898
:1032B000FCF7B2FF002876D02C214648FCF7BEFF71
:1032C00000286CD0441C6E71801CFDF73DFC074645
:1032D0002046FDF739FC00EB800007EB4000C0B250
:1032E00010282CBF10380830C7B2201DE41CFDF791
:1032F0002BFC80462046FDF727FC00EB800008EB06
:10330000400000F0FF08201DE41CFDF71DFC814675
:103310002046FDF719FC00EB800009EB400000F0AF
:10332000FF092DA12B48FCF777FF00F108040930B5
:10333000FDF70AFC82462046FDF706FC00EB800004
:103340000AEB400000F5FA600290201DE41CFDF736
:10335000FBFB82462046FDF7F7FB00EB80000AEB03
:10336000400000F0FF0A04F1030B201DFDF7ECFB09
:1033700004465846FDF7E8FB00EB800004EB4000F4
:10338000C2B23B465146CDE90089029802F0E0FE08
:10339000AE73012003B0BDE8F08F04E0FFE7687969
:1033A0000A2803D105E068790A2802D0AE7300200C
:1033B000F0E76E71AE730220ECE7000040000020E1
:1033C00041542B43434C4B3F0D0A0000FD45000880
:1033D0003C0000200C1100202B43434C4B3A0000D2
:1033E0002DE9F047C54F0024DFF81493387CADF584
:1033F000C46D25464FF001082646092880F07B81E0
:10340000DFE800F005131F31A8B3C9F6F500F8781E
:10341000012807BFFE70042087F810800DF5C46DE9
:1034200018BFBDE8F08700F0B1B8F8796421401CFE
:10343000F8717E70B34A0F2004F030FF022000F0D4
:10344000A5B801F0BFF800287CD001F0C7F8112121
:10345000ADA004F0DBFE64217E70AA4A0F2004F0C8
:103460001DFF032092E001F0ADF800286AD0D9F8E2
:10347000000001F04DFD0146A848D9F80020FEF7F4
:1034800093FDA7A1A548FCF7C7FE00284BD0FE710D
:10349000A6A1A248FCF7C0FE1030044601782C29F2
:1034A00003D010F8011F2C29FBD1001BA0F101084B
:1034B000C8216846FCF7A5FE424621466846FCF74F
:1034C00087FE04EB08009DA1FCF7A6FE002800F093
:1034D0001281841C81780DF5C1602C2906D04155DC
:1034E000691C8DB214F8011F2C29F8D14655FCF740
:1034F000B6FE0546C8216846FCF783FE2A46611CD5
:103500006846FCF765FE0E2D07D018D9A9B24FF01A
:103510000102684600F0E8FF11E00E210022684633
:1035200000F0E2FF0BE086A17C48FCF775FE002866
:1035300018BFFE7140F0DF80F879032803D03E7495
:1035400000F0D9B823E0FE7187F80080BE703E74A9
:1035500000F0D1B8B8796421401CB8717E70694A16
:103560000F2004F09BFE052010E001F02BF800284E
:103570000DD001F033F8082175A004F047FE642156
:103580007E70604A0F2004F089FE062038740DF525
:10359000C46DBDE8F08701F015F8002804BF0DF5F3
:1035A000C46DBDE8F087D9F8000001F0B1FC014618
:1035B0005A48D9F80020FEF7F7FC68A15748FCF7F5
:1035C0002BFE38B310F8061F2C2904D010F8011F69
:1035D000641C2C29FAD1DFF88C817125A0EB040A38
:1035E00008F52379012C04D0022C14D02DE065E0DD
:1035F0002EE05046FDF7A8FAA5EB4000C2B25AA152
:103600000DF2DC5004F07CFE9DF8DC0588F88C029D
:1036100089F8016019E00AF10100FDF795FA044606
:103620005046FDF791FA00EB800004EB4000A5EB5B
:103630004000C2B24CA10DF2DC5004F061FEBDF8B6
:10364000DC05A8F88C0289F80260072038749EE730
:1036500000F0C4FF0E2145A004F0D8FD798A474848
:1036600004F0D4FD022135A004F0D0FD062144A0D1
:1036700004F0CCFDBA8A3CA10DF5BC6004F040FE1C
:103680000DF5BC60FCF7E4FD81B20DF5BC6004F003
:10369000BDFD022138A004F0B9FDB98A3A4804F012
:1036A000B5FD032139A004F0B1FDFE70C8217E7084
:1036B000144A0F2004F0F2FD082067E700F082FFB3
:1036C00000283FF464AFD9F8000001F021FC014666
:1036D0001248D9F80020FEF767FC2DA10F48FCF72F
:1036E0009BFD00280ABFB879BE71032803D1BE71C3
:1036F00087F80080BE703E7449E70000400000205B
:103700003C000020FD45000841542B4D51545452BB
:103710004541443D302C310D0A0000000C110020C1
:103720002B4D515454524541443A00002B4D5154B5
:1037300054524541443A20302C302C00222C0000B9
:103740002B434D45204552524F523A2036303100DE
:1037500041542B4353510D0A000000002B43535199
:103760003A2000005C1400202564000041542B4DD9
:103770005154545055423D302C2200005C0C002026
:10378000302C302C302C0000240D0020220D0A009B
:103790004F4B00002DE9F041214C224F0025207AAB
:1037A00020B101281FD0022831D02DE01E4EA57077
:1037B000306801F0ADFB01461C483268FEF7F4FBAF
:1037C00000F00CFF4FF400413846FFF701FA4FF4C8
:1037D000FA716570164A0F2004F060FD0120207216
:1037E0000020BDE8F08100F0EDFE68B14FF400412B
:1037F0003846FFF783F941F2883165700C4A0F2093
:1038000004F04CFD022020720020BDE8F08100F0A1
:10381000D9FE00281CBF25720120BDE8F081000000
:1038200040000020000801403C0000200C11002056
:10383000FD45000838B54FF40040ADF800001020F9
:103840008DF803000120064C8DF8020069462046E1
:10385000FEF7AAFF4FF400412046FFF7B9F938BD43
:10386000000801404B4810B5407C0B2828BF10BD14
:10387000DFE800F0061B29374957650D6F0D8400FE
:10388000FFF788FF20B1012807D0022809D010BD1A
:10389000BDE81040002005F0F9BC3E490120487405
:1038A00010BD3C490020487410BD01F0E1F900282A
:1038B00008BF10BD012802D00228F2D010BD354843
:1038C0000221417410BD01F083F9002808BF10BD2A
:1038D000012802D00228E4D010BD2E4903204874EC
:1038E00010BD01F025F9002808BF10BD012806D041
:1038F000022818BF10BD00212648417410BD25497B
:103900000420487410BDFFF7A5FC002808BF10BDB7
:10391000012802D00228C4D010BD1E4908204874D6
:1039200010BD02F099FB002808BF10BD012802D08D
:103930000228B6D010BD17490620487410BDFDF707
:10394000B5F8002808BF10BD0128E6D00228A8D08D
:1039500010BD00F0E9F8002808BF10BD012802D012
:1039600002289ED010BD0B480A21417401218170AC
:10397000FFF774FABDE81040FFF770BA0548017808
:10398000012902D1002101704174BDE81040FFF708
:1039900027BD000040000020010004484FF0100146
:1039A00001D0FFF7ABB8FFF713B9000000100140DA
:1039B000010004484FF0800101D0FFF79FB8FFF7E6
:1039C00007B9000000080140144A10B51078144CE3
:1039D00001280CD1002010709178491CC9B2917057
:1039E00001290FD0907020212046FFF787F805F0BD
:1039F000B1F900284FF0800120460AD0BDE8104000
:103A0000FFF77CB8FFF74EF920212046FFF7E0F8DA
:103A1000EDE7BDE81040FFF7DBB80000160000201E
:103A200000080140010004484FF0010101D0FFF7F8
:103A300065B8FFF7CDB80000000C01400449012033
:103A40000870AFF207024FF47A7104F027BC00004F
:103A5000160000202DE9F0410B2000F017FD07466D
:103A6000092000F019FD0646012000F0FFFC2C4C57
:103A7000002520B9A5710D2004F006FC6570A17920
:103A800021B3012937D0022918BFBDE8F08147F0E2
:103A900004010B2000F01CFD0121002000F002FDBC
:103AA00016F0020F0FD0002002F022FA00210120B0
:103AB00000F0F8FC02210A2000F00AFD0020FDF7CA
:103AC000FBFB00F049FCA571BDE8F081042000F08B
:103AD000DDFC0546042000F0DFFC854288BFBDE820
:103AE000F0810120A071BDE8F0410E4A40F6B831E6
:103AF0000D2004F0D3BB6078012818BFBDE8F08129
:103B00006570042000F0C2FC0646042000F0C4FCEE
:103B100086429CBF0220A071D5D8BDE8F08100008C
:103B2000CC020020D191000810B5A9488CB0C07B10
:103B30000A2833D2DFE800F00519354761A0BDDF60
:103B4000FDFC00F04BFD1921A2A004F05FFBA04C8E
:103B500000204FF496716070A54A0F2004F09EFB80
:103B60000120E0730CB0002010BD00F02BFD0028F8
:103B700004BF0CB010BD9F4C206801F0C9F901468C
:103B80009D482268FEF710FA9CA19B48FCF744FB75
:103B9000002800F016818E490220C8730CB0002066
:103BA00010BD00F01BFD1E2195A004F02FFB884CDA
:103BB00000204FF4967160708D4A0F2004F06EFB68
:103BC000032000F096B800F0FDFC002804BF0CB004
:103BD00010BD884C206801F09BF901468648226898
:103BE000FEF7E2F985A18448FCF716FB002800F0F7
:103BF000E88077490420C873D0E700F0EFFC0F217C
:103C000087A004F003FBC621B820CDE90001EA2318
:103C1000312287A102A804F073FB02A8FCF718FB6D
:103C200081B202A804F0F2FA42F6483284A102A856
:103C300004F066FB02A8FCF70BFB81B202A804F0BB
:103C4000E5FA02217FA004F0E1FA10217E4804F099
:103C5000DDFA02217DA004F0D9FA13217CA004F042
:103C6000D5FA5B4C002041F288316070604A0F2029
:103C700004F014FB05203CE000F0A4FC002804BF85
:103C80000CB010BD5B4C206801F042F901465A4867
:103C90002268FEF789F973A15748FCF7BDFA18B1FD
:103CA0004B490620C87379E70F2174A004F0AEFADF
:103CB00087E000F093FC1D2174A004F0A7FA624A8B
:103CC0007AA102A804F01CFB02A8FCF7C1FA81B299
:103CD00002A804F09BFA052175A004F097FA3C4C69
:103CE000002041F288316070414A0F2004F0D6FA7A
:103CF0000720E07352E700F065FC002804BF0CB019
:103D000010BD3C4C206801F003F901463A48226896
:103D1000FEF74AF939A13848FCF77EFA044666A155
:103D20003548FCF779FA002C18BF002849D001E08B
:103D300025E003E026490820C8732FE700F04EFC79
:103D40001A2160A004F062FA3F4A58A102A804F0C8
:103D5000D7FA02A8FCF77CFA81B202A804F056FA5E
:103D6000052153A004F052FA194C002041F2883189
:103D700060701F4A0F2004F091FA0920B9E700F0A3
:103D800021FC002804BF0CB010BD1A4C206801F0C3
:103D9000BFF8014618482268FEF706F917A1164831
:103DA000FCF73AFA044644A11348FCF735FA002C14
:103DB00018BF002805D006490020C8730CB00120A8
:103DC00010BD03490020C8730CB0022010BD0000D4
:103DD0004000002041542B4D5154544346473D224E
:103DE000636163686564222C302C310D0A00000089
:103DF000FD4500083C0000200C1100204F4B000046
:103E000041542B4D5154544346473D226B656570D8
:103E1000616C697665222C302C3132300D0A00003D
:103E200041542B4D515454434F4E4E3D302C2200A3
:103E300025642E25642E25642E2564222C00000086
:103E4000256400002C22000004000020222C000029
:103E50002275736572222C22302E3132333435367E
:103E6000220D0A002B4D5154545552433A202263DF
:103E70006F6E6E222C302C300000000041542B4D10
:103E8000515454444953433D300D0A0041542B4D85
:103E90005154545355423D302C226D6F64627573FA
:103EA0005F636F6E74726F6C2F00000025730000EB
:103EB000222C300D0A0000002B4D51545453554212
:103EC0003A20300041542B4D5154545355423D300B
:103ED0002C226D6F646275735F74696D652F0000CD
:103EE000FEE700002DE9F047FF4E0024DFF8FC83D9
:103EF000B0889AB027460228C0F01F82811E404633
:103F000004F0E2FEB0883278404410F8011C91427F
:103F100040F0138210F8020C7178884240F00D8254
:103F200098F8032098F8023006F1060A02EB032203
:103F300095B298F80010BAF8002098F801008A426B
:103F400040F0FB8108F5FA79052854D00BDC6F4668
:103F5000012810D00522032800F07F81042800F0FA
:103F6000B08100F0EAB9062800F00A81102800F0BC
:103F7000308100F0E2B9042D00F2DF8198F80520CD
:103F800098F8043002EB032292B25319052B00F289
:103F9000D4818DF800108DF80100D11D01200F296A
:103FA00005D312F0070F14BF00EBD200D0088DF834
:103FB000020010F0FF0F1CBF7088E8400AD0E1003B
:103FC00020FA01F13A19D170611CCCB29DF80210AF
:103FD000A142F4D89DF80200401DC4B2A11E38468B
:103FE00004F072FE3819717800F8021C317800F87C
:103FF000011C00F063B998F8052098F80430072DEB
:1040000002EB032294B200F298818DF800108DF833
:104010000100280A8DF80200200A8DF804008DF8AE
:1040200003508DF805400621684604F04DFE707877
:104030008DF8060030788DF80700082D28D2DFE8CB
:1040400005F0041751276D27737EB4F57F4F40F0BC
:10405000358105F027F9BFF34F8FA5480168A54AC0
:1040600001F4E06111430160BFF34F8F00BFFDE732
:10407000022000F0FBF9002840F02081032000F02E
:10408000F5F9012840F01A81B4F57F4F05D0BCB195
:10409000002F40F0528100F011B9002000F0E6F945
:1040A000002840F00B810121084600F0FBF90121B6
:1040B0000846FDF7DBFD012001F01AFF01200EE0AC
:1040C0000021012000F0EEF900210120FDF7CEFDD6
:1040D0000A20A9F81400002001F00AFF0020FDF7D3
:1040E000EBF8EBE0B4F57F4F01D04CB110E00121CB
:1040F000022000F0D7F901210220FDF7B7FD07E00B
:104100000021022000F0CEF900210220FDF7AEFDD3
:10411000022000F0ABF9FDF753F8CFE0B4F57F4F84
:1041200008BFFDF721FFC9E0B4F57F4F7DD1002125
:10413000084600F0B7F90020A9F81600BEE0B4F573
:104140007F4F01D074B1B9E00121042000F0AAF939
:1041500001210420FDF78AFD042000F087F9FCF717
:10416000F3FFABE00021042000F09CF900210420C3
:10417000FDF77CFD042000F079F9FCF7E5FF9DE0F8
:1041800098F8052098F80430212D02EB032294B210
:1041900062D88DF800108DF80100280A8DF8020011
:1041A000200A8DF80400EFB28DF803708DF80540F9
:1041B0000621684604F088FD70788DF80600307896
:1041C0008DF8070000F0C8F82AF81540012138469C
:1041D00040E098F8052098F80430212D02EB0322E6
:1041E00092B29CBFAB18222B36D8002A0ED908EB0E
:1041F000440393F808C0DB790CEB032304EB050CB4
:104200002AF81C30631CDCB2A242F0D88DF80010F2
:104210008DF80100280A8DF80200ECB2100A8DF822
:1042200003408DF80400D5B200E047E08DF805505A
:1042300098F806008DF806000721684604F044FD52
:1042400070788DF8070030788DF8080000F084F859
:1042500029462046FDF70DFD6FE098F8053098F8E7
:1042600004C0212D03EB0C239BB29CBF03EB050C78
:10427000BCF1220F61D88DF800108DF801005800B4
:104280008DF80200281907EB44013AF810004FEAB4
:10429000102C81F803C00871601CC4B29C42F1D993
:1042A00002EB4300C4B2A11E384604F00DFD3819DC
:1042B000717800F8021C317800F8011C00F04CF80D
:1042C0003BE098F8053098F804C00D2D03EB0C2363
:1042D0009BB29CBF05EB030CBCF10E0F2DD88DF8E3
:1042E00000108DF8010007E05C000020121700208C
:1042F0000CED00E00400FA0558008DF802002819C2
:1043000007EB440139F810004FEA102C81F803C084
:104310000871601CC4B29C42F1D902EB4300C4B2E4
:10432000A11E384604F0D0FC3819717800F8021C40
:10433000317800F8011C00F00FF80020B288014627
:10434000002A05D908F80010401C80B28242F9D832
:10435000B1801AB0BDE8F08770B53C4EADF5C36DC5
:10436000B51F30788DF8F00301208DF8F1038DF83A
:10437000F203A8788DF8F3030421FCA804F0A4FC50
:1043800068788DF8F40328788DF8F50330788DF887
:10439000F60303208DF8F70344208DF8F80300207E
:1043A000FCAC36F8101004EB40020B0A401C5372B0
:1043B000C0B291722228F4D94721A01D04F084FCD8
:1043C00068788DF83D0428788DF83E0430788DF8B3
:1043D0003F0404208DF840041C208DF841041C4B40
:1043E000002004EB400233F81010401C4FEA112C5F
:1043F00082F852C0C0B282F853100E28F1D91F21A2
:1044000004F1510004F060FC68788DF85E042878AF
:104410008DF85F0470240F4A0FA10DF2E45003F0F1
:104420006FFF224602A9FCA8FEF776FD04460DF2B6
:10443000E450FBF70DFF82B202AB0DF2E451012014
:10444000009401F05FFE0DF5C36D70BD62000020A9
:1044500006190020040000206D6F646275735F739D
:1044600074617475732F2573000000000F2884BFDA
:1044700000207047012101FA00F0034949880840F3
:1044800018BF0120704700005C000020014931F88E
:104490001000704706190020014931F810007047DC
:1044A000620000200F2888BF7047012202FA00F046
:1044B0000129064A04BF5188084305D0002906BFD8
:1044C000518821EA00007047508070475C0000204E
:1044D000014A22F81010704706190020014A22F8FC
:1044E00010107047620000202DE9F04704460025B7
:1044F000314E9CB00F460120AAB1012A1CBF1CB04E
:10450000BDE8F08770700120FCF799FE35703A46DF
:1045100021462A48FCF728FB29490880FFF7E2FCDE
:104520001CB0BDE8F08770700120FCF788FE357084
:10453000206802908DF80C5002A8FBF790FE1FFA3D
:1045400080FAA088ADF808008DF80A5002A8FBF7A1
:1045500086FE00F0FF09E088ADF808008DF80A50EB
:1045600002A8FBF77CFE00F0FF082089ADF80800E8
:104570008DF80A5002A8FBF772FEC7B26089ADF849
:1045800008008DF80A5002A8FBF769FEC6B2A089A0
:10459000ADF808008DF80A5002A8FBF760FEC0B223
:1045A000CDE900603B4642464946504601F0D0FD09
:1045B0001CB0BDE8F0870000C802002012170020E0
:1045C0006000002004494878002808BF7047012097
:1045D00000224A7070470000400000200020054A79
:1045E00001461154401C80B2B0F57A7FF9D30248DD
:1045F000C18270470C1100204000002001490120B9
:104600004870704740000020704738B535208DF85D
:10461000000000248DF801408DF8024001258DF83E
:104620000350684600F032F826208DF800008DF81F
:1046300001408DF802408DF80350684600F026F8DE
:1046400027208DF800008DF801408DF802408DF88C
:104650000350684600F01AF834208DF8000002205C
:104660008DF801008DF802408DF80350684600F087
:104670000DF808208DF800008DF801408DF80250EB
:104680008DF80350684600F001F838BD70B5044657
:10469000C0780F25002818BF012804D07D2223A14F
:1046A0002FA004F0A3FA6078102804D37E221FA163
:1046B0003A4804F09BFAA078102804D37F221BA16B
:1046C000374804F093FAE078012210B335480068C7
:1046D000637800F4E060C0F5E060000AC0F1040116
:1046E00003FA01F1A37825FA00F018400843217875
:1046F000000101F1E02181F80004207800F01F01A1
:1047000002FA01F14009800000F1E020C0F8001138
:1047100070BD207800F01F0102FA01F1400980000D
:1047200000F1E020C0F8801170BD00002E2E5C6604
:1047300069726D776172655C6E3332673435785FAC
:104740007374645F7065726970685F6472697665BE
:10475000725C7372635C6D6973632E6300000000AA
:1047600049535F46554E4354494F4E414C5F535455
:10477000415445284E5649435F496E6974537472DB
:104780007563742D3E4E5649435F495251436861EB
:104790006E6E656C436D642900000000A8BB0008C4
:1047A00064BB00080CED00E010B50446B0F5E06F06
:1047B00018BFB4F5C06F0CD0B4F5A06F1CBFB4F532
:1047C000806FB4F5407F04D06C2205A111A004F0E5
:1047D0000DFA1B4944F0FD7040F08060086010BD88
:1047E0002E2E5C6669726D776172655C6E3332671E
:1047F0003435785F7374645F7065726970685F6484
:1048000072697665725C7372635C6D6973632E6343
:104810000000000049535F4E5649435F5052494FD4
:10482000524954595F47524F5550284E5649435F9D
:104830005072696F7269747947726F7570290000E0
:104840000CED00E02DE9F0410B20FFF71FFE0746BD
:104850000920FFF721FE304C0646E17939B30025E7
:1048600001293ED0022946D0032918BFBDE8F081B6
:1048700047F008010B20FFF72BFE01210020FFF776
:1048800011FE16F0040F0FD0002001F031FB0021C3
:104890000120FFF707FE03210A20FFF719FE002081
:1048A000FCF70AFDFFF758FDE571BDE8F081052032
:1048B000FFF7ECFD00EB800045000520FFF7ECFD65
:1048C00000EB8000B5EB400F38BFBDE8F081012060
:1048D000E071BDE8F041114A4FF4FA610E2003F097
:1048E000DDBCA078012806BFA5700220BDE8F081DC
:1048F000E071BDE8F0810520FFF7C8FD00EB800006
:1049000046000520FFF7C8FD00EB8000B6EB400F26
:1049100028BF0320ECD2C7E7CC0200209992000800
:104920002DE9F0410B20FFF7B1FD07460920FFF705
:10493000B3FD2B4C0646217A39B30025012939D025
:1049400002293ED0032918BFBDE8F08147F040019D
:104950000B20FFF7BDFD01210020FFF7A3FD16F09E
:10496000100F0FD0002001F0C3FA00210120FFF743
:1049700099FD06210A20FFF7ABFD0020FCF79CFC07
:10498000FFF7EAFC2572BDE8F0810720FFF77EFD06
:1049900005460820FFF780FD854238BFBDE8F0815D
:1049A00001202072BDE8F0410E4A4FF4FA61102058
:1049B00003F074BC2079012804BF25712572BDE87D
:1049C000F0810720FFF762FD06460820FFF764FD2F
:1049D000864224BF03202072D4D3BDE8F0810000BA
:1049E000CC020020819200082DE9F0410B20FFF756
:1049F0004DFD06460920FFF74FFD2B4C054661791A
:104A000039B30027012939D0022941D0032918BF21
:104A1000BDE8F08146F002010B20FFF759FD0121AE
:104A20000020FFF73FFD15F0010F0FD0002001F02F
:104A30005FFA00210120FFF735FD01210A20FFF771
:104A400047FD0020FCF738FCFFF786FC6771BDE8E6
:104A5000F0810420FFF71AFD05460320FFF71CFD37
:104A6000854238BFBDE8F08101206071BDE8F041AA
:104A70000E4A4FF4FA610C2003F010BC2078012894
:104A800006BF27700220BDE8F0816071BDE8F081AB
:104A90000420FFF7FBFC05460320FFF7FDFC8542E1
:104AA00028BF0320F1D2D1E7CC0200207592000884
:104AB00010B5040018BF012C04D0862203A111A058
:104AC00004F094F81648046210BD00002E2E5C66B7
:104AD00069726D776172655C6E3332673435785F09
:104AE0007374645F7065726970685F64726976651B
:104AF000725C7372635C6E3332673435785F7077E3
:104B0000722E630049535F46554E4354494F4E4100
:104B10004C5F535441544528436D64290000000004
:104B200000000E42014880787047000040000020DD
:104B300070B51D4C0025E07A10B1012813D010E0AB
:104B40002079401C2071FFF749FD0B2117A003F0CD
:104B50005DFB64216570184A0F2003F09FFB012064
:104B6000E072002070BDFFF72DFD002808BF70BD6A
:104B7000124E306800F0CCF9014611483268FDF75A
:104B800013FA10A10E48FBF747FB18B1E572257127
:104B9000012070BD20795A2898BFE572E1D92571AE
:104BA000E572022070BD00004000002041542B43FC
:104BB000474154543F0D0A00FD4500083C000020C9
:104BC0000C1100202B43474154543A20310000007F
:104BD00070B51D4C0025A07A10B1012813D010E04B
:104BE0002079401C2071FFF7F9FC0B2117A003F07E
:104BF0000DFB64216570184A0F2003F04FFB012064
:104C0000A072002070BDFFF7DDFC002808BF70BD5A
:104C1000124E306800F07CF9014611483268FDF709
:104C2000C3F910A10E48FBF7F7FA18B1A572257168
:104C3000012070BD20795A2898BFA572E1D925714D
:104C4000A572022070BD00004000002041542B439B
:104C5000455245473F0D0A00FD4500083C00002035
:104C60000C1100202B43455245473A20302C31008F
:104C7000814810B5407A0A283AD2DFE800F00521D1
:104C80003B4850617989B9CA7C4C206800F040F9F2
:104C900001467B482268FDF787F9FFF79FFC042156
:104CA00078A003F0B3FA744C00204FF4FA616070FE
:104CB000764A0F2003F0F2FA01206072002010BD46
:104CC000FFF780FC002808BF10BD6C4C206800F086
:104CD0001FF901466A482268FDF766F96CA1684829
:104CE000FBF79AFA002800F0C2806349022048725C
:104CF000002010BD604C00204FF4FA616070634AE0
:104D00000F2003F0CBFA03206072002010BDFFF7E4
:104D100059FC0028ECD0584904204872E8E7FFF716
:104D20005DFC0A215BA003F071FA534C0020642162
:104D30006070564A0F2003F0B1FA05206072D7E781
:104D4000FFF740FC002808BF10BD4C4C206800F065
:104D5000DFF801464A482268FDF726F950A1484885
:104D6000FBF75AFA00287DD0434906204872BFE776
:104D7000FFF734FC0B214EA003F048FA3E4C002014
:104D800064216070414A0F2003F088FA07203EE05A
:104D9000FFF718FC002808BF10BD384C206800F051
:104DA000B7F8014636482268FDF7FEF843A13448BB
:104DB000FBF732FA00285AD04249D0F80720C1F850
:104DC0009122D0F80B20C1F89522D0F80F20C1F81D
:104DD0009922B0F81320A1F89D22407D81F89F020E
:104DE00001F52371002008752349082048727FE7E8
:104DF000FFF7F4FB0A2134A003F008FA1E4C002050
:104E000064216070214A0F2003F048FA0920607283
:104E10006EE7FFF7D7FB002808BF10BD174C2068CE
:104E200000F076F8014616482268FDF7BDF829A182
:104E30001348FBF7F1F9A8B122498268C1F8A12211
:104E4000C268C1F8A5220269C1F8A9224269C1F865
:104E5000AD228069C1F8B10201F52371002081F80B
:104E6000290000E003E004494872012010BD024916
:104E700000204872022010BD400000203C000020AD
:104E80000C11002041540D0A00000000FD450008EF
:104E90004F4B000041542B4350494E3F0D0A000038
:104EA0002B4350494E3A20524541445900000000DE
:104EB00041542B4347534E3D310D0A002B4347537A
:104EC0004E3A20005C14002041542B49434349448E
:104ED0000D0A00002B49434349443A2000000000DA
:104EE00070B5102004F090F904004FF0000508BFE1
:104EF0002C4607D040F2DD50606004F085F9E56093
:104F0000A56020600148046070BD00003C000020E6
:104F10000146D1E90220801A44BF4968084470471D
:104F200010B504001CBF012C042C05D040F2033244
:104F30000AA118A003F05AFE1B48002180F8201097
:104F400080F82010012C08BF012103D0042C0CBFD5
:104F5000052110BD80F8201010BD00002E2E5C66CB
:104F600069726D776172655C6E3332673435785F74
:104F70007374645F7065726970685F647269766586
:104F8000725C7372635C6E3332673435785F726360
:104F9000632E630049535F5243435F4C534528528D
:104FA00043435F4C534529000010024010B50400F4
:104FB00018BFB4F5806F0DD0B4F5A06F1CBFB4F569
:104FC000C06FB4F5E06F05D040F2C31205A113A085
:104FD00003F00CFE1849486820F4E0602043486064
:104FE00010BD00002E2E5C6669726D776172655C83
:104FF0006E3332673435785F7374645F70657269DD
:1050000070685F6472697665725C7372635C6E333C
:1050100032673435785F7263632E630049535F52A1
:1050200043435F48434C4B5F444956285243435FD8
:1050300048434C4B290000000010024010B50446C4
:10504000B0F5807F1CBFB4F5007FB4F5407F05D07C
:1050500040F2333206A114A003F0C8FD1B48016AD8
:1050600021F440710162016A2143016210BD000018
:105070002E2E5C6669726D776172655C6E33326785
:105080003435785F7374645F7065726970685F64EB
:1050900072697665725C7372635C6E333267343545
:1050A000785F7263632E630049535F5243435F52DC
:1050B0005443434C4B5F535243285243435F525433
:1050C00043434C4B536F75726365290000100240D7
:1050D00070B504460E480D46044200D12CB940F28A
:1050E000FE320CA119A003F081FD214E002D04BF5A
:1050F000F069A04309D0012D05D040F2FF3205A18F
:105100001CA003F073FDF0692043F06170BD000046
:10511000003301412E2E5C6669726D776172655CA9
:105120006E3332673435785F7374645F70657269AB
:1051300070685F6472697665725C7372635C6E330B
:1051400032673435785F7263632E630049535F5270
:1051500043435F415042315F5045524950482852C5
:1051600043435F41504231506572697068290000C5
:105170000010024049535F46554E4354494F4E413B
:105180004C5F535441544528436D6429000000008E
:1051900070B504460E480D46044200D12CB940F2C9
:1051A000DF320CA119A003F021FD214E002D04BF18
:1051B000B069A04309D0012D05D04FF4787205A144
:1051C0001CA003F013FDB0692043B06170BD000066
:1051D0000286E0FF2E2E5C6669726D776172655CF7
:1051E0006E3332673435785F7374645F70657269EB
:1051F00070685F6472697665725C7372635C6E334B
:1052000032673435785F7263632E630049535F52AF
:1052100043435F415042325F504552495048285203
:1052200043435F4150423250657269706829000003
:105230000010024049535F46554E4354494F4E417A
:105240004C5F535441544528436D642900000000CD
:1052500010B5040018BF012C05D04FF4517203A102
:1052600010A003F0C3FC1648046010BD2E2E5C662F
:1052700069726D776172655C6E3332673435785F61
:105280007374645F7065726970685F647269766573
:10529000725C7372635C6E3332673435785F72634D
:1052A000632E630049535F46554E4354494F4E4168
:1052B0004C5F535441544528436D6429000000005D
:1052C0003C044242324B30B45968324A11405A6869
:1052D00011F0006F02F480320CBF4FF0020C6FF43B
:1052E000F77C0CEB9141002A04BF2B4A514306D0B6
:1052F0005A6812F4003F14BF274A284A51435A689B
:10530000DFF898C012F00C0218BF042A03D0082A54
:1053100008BF016001D0C0F800C05A684FF00F0C00
:105320001F4D0CEA1212D0F800C0AA5C2CFA02F24F
:105330004260D3F804C0072404EA1C2C15F80CC002
:1053400022FA0CFCC0F808C0D3F804C004EADC2C34
:1053500015F80CC022FA0CFCC0F80CC0D3F82CC015
:1053600005F110040CF00F0C14F80CC0B2FBFCF2A9
:105370004261DA6A1F2303EA121202F00F0204F1FB
:10538000100333F81220B1FBF2F1016130BC704719
:105390000010024000003C0800093D0000127A00A5
:1053A000FA92000870B500250446212818BF312C58
:1053B00021D0392C18BF412C1DD0612C18BF732C63
:1053C00019D0742C18BF752C15D0772C18BF792CD8
:1053D00011D07A2C18BF7B2C0DD07C2C18BF7D2CC3
:1053E00009D07E2C18BF7F2C05D040F2E3420CA1DF
:1053F00019A003F0FBFB60091D49012808BF0868DC
:1054000003D002280CBF086A486A04F01F01012279
:1054100002FA01F1014218BF0125284670BD0000C3
:105420002E2E5C6669726D776172655C6E333267D1
:105430003435785F7374645F7065726970685F6437
:1054400072697665725C7372635C6E333267343591
:10545000785F7263632E630049535F5243435F4634
:105460004C4147285243435F464C414729000000C6
:105470000010024038B503F0EBFC4FF40060ADF8CB
:10548000000010208DF803000120064C8DF802006A
:1054900069462046FDF788F9E1142046FDF72EFB0A
:1054A00038BD00000008014002F06CBE00210A284F
:1054B00005D3491C0A38C0B2C9B20A28F9D2090773
:1054C00040EA11607047000070B50026674D0C4639
:1054D00000282AD0012805D04FF4E37264A172A0FD
:1054E00003F084FB286810F0400F00F07F802078E4
:1054F000010901EB810100F00F0000EB4100C0B297
:10550000401E0B2805D94FF4EE7259A16DA003F08F
:105510006DFBE078002818BF402800F0798040F249
:10552000DD1253A16EA000F071B8286810F0400F92
:1055300013D02078401E0B2805D94FF4E6724CA1F9
:105540006FA003F053FBE078002818BF40280ED06E
:1055500040F2CD1246A162A007E0E670207817283D
:1055600005D94FF4E97242A16FA003F03FFB6078C8
:105570003B2805D94FF4EA723DA175A003F036FB34
:10558000A0783B2805D940F2D51239A17AA003F0C2
:105590002DFB2078FFF78AFF06046078FFF786FF6F
:1055A00046EA0026A078FFF781FFE178304340EA21
:1055B00001437B4CCA2020605320206000F04CF94E
:1055C00070B178487849184008607848016821F03F
:1055D00080010160286810F0200F08BF00F056FC21
:1055E000FF202060BDE8704000F050BCE6702078DD
:1055F000010901EB810100F00F0000EB4100C0B296
:10560000172805D94FF4F17219A169A003F0EEFA39
:105610006078010901EB810100F00F0000EB41000F
:10562000C0B23B2805D94FF4F27211A16EA003F06D
:10563000DDFAA078010901EB810100F00F0000EB19
:105640004100C0B23B2805D940F2E51208A174A080
:1056500003F0CCFAA0782178E27840EA0140617842
:10566000090241EA024140EA0103A2E7082800409A
:105670002E2E5C6669726D776172655C6E3332677F
:105680003435785F7374645F7065726970685F64E5
:1056900072697665725C7372635C6E33326734353F
:1056A000785F7274632E630049535F5254435F46C0
:1056B0004F524D4154285254435F466F726D61748E
:1056C0002900000049535F5254435F3132484F551F
:1056D0005228746D70726567697374657229000071
:1056E00049535F5254435F483132285254435F5408
:1056F000696D655374727563742D3E4831322900AB
:1057000049535F5254435F3132484F5552285254E7
:10571000435F54696D655374727563742D3E486FB1
:10572000757273290000000049535F5254435F3281
:1057300034484F5552285254435F54696D65537431
:10574000727563742D3E486F7572732900000000F6
:1057500049535F5254435F4D494E55544553285267
:1057600054435F54696D655374727563742D3E4D77
:10577000696E75746573290049535F5254435F53D2
:1057800045434F4E4453285254435F54696D65530B
:1057900074727563742D3E5365636F6E6473290074
:1057A000242800407F7F7F00002800400C28004014
:1057B00049535F5254435F3234484F555228525434
:1057C000435F42636432546F427974652852544394
:1057D0005F54696D655374727563742D3E486F75BF
:1057E000727329290000000049535F5254435F4DF2
:1057F000494E55544553285254435F4263643254D2
:105800006F42797465285254435F54696D655374CF
:10581000727563742D3E4D696E7574657329290028
:1058200049535F5254435F5345434F4E44532852AC
:1058300054435F42636432546F4279746528525412
:10584000435F54696D655374727563742D3E53657F
:10585000636F6E647329290081B00F4900200090A6
:10586000086810F0400F04BF8020086010D108685D
:10587000009A00F04000521C0092B2F5005F01D087
:105880000028F4D0086810F0400004BF01B0704751
:10589000012001B0704700000C28004070B50C4694
:1058A000050018BF012D05D04FF4377218A126A0AE
:1058B00003F09CF92B48006820F0C00121F07F41E3
:1058C0000B0CC1F30422E37001F03F006270A07082
:1058D000C1F342312170002D18BF70BD190901EBD1
:1058E000810103F00F0303EB4101E170110901EBAA
:1058F000810102F00F0202EB41016170010901EB2D
:10590000810100F00F0000EB4100A07070BD0000AD
:105910002E2E5C6669726D776172655C6E333267DC
:105920003435785F7374645F7065726970685F6442
:1059300072697665725C7372635C6E33326734359C
:10594000785F7274632E630049535F5254435F461D
:105950004F524D4154285254435F466F726D6174EB
:10596000290000000428004070B50C46050018BF4F
:10597000012D05D040F23D2218A126A003F036F9F2
:105980002B4800682B494FF0400C0140C1F3054201
:10599000C1F30623227001F07F006370A0700CEA4F
:1059A0001141E170002D18BF70BD110901EB81019B
:1059B00002F00F0202EB41012170190901EB810194
:1059C00003F00F0202EB41016170010901EB81015B
:1059D00000F00F0000EB4100A07070BD2E2E5C6641
:1059E00069726D776172655C6E3332673435785FEA
:1059F0007374645F7065726970685F6472697665FC
:105A0000725C7372635C6E3332673435785F7274C4
:105A1000632E630049535F5254435F464F524D41DA
:105A200054285254435F466F726D61742900000020
:105A3000002800407F7F7F0070B505460026006883
:105A40003446402818BF002804D0C7221EA12CA02D
:105A500003F0CCF868687F2804D9C8221AA135A0C1
:105A600003F0C4F8A868B0F5004F04D3C92216A10A
:105A70003EA003F0BBF84B4BCA20186053201860BF
:105A8000FFF7EAFEB0B14848016821F0400101602B
:105A900001682A68114301604448A96801600168EF
:105AA000AA8841EA02410160001F016821F08001DB
:105AB00001600126FF20186040F2FF20641C844230
:105AC000FCD3304670BD00002E2E5C6669726D7787
:105AD0006172655C6E3332673435785F7374645F0E
:105AE0007065726970685F6472697665725C737202
:105AF000635C6E3332673435785F7274632E630093
:105B000049535F5254435F484F55525F464F524D81
:105B10004154285254435F496E69745374727563DB
:105B2000742D3E5254435F486F7572466F726D61BB
:105B30007429000049535F5254435F505245444911
:105B4000565F4153594E4348285254435F496E694A
:105B5000745374727563742D3E5254435F4173796C
:105B60006E636850726564697629000049535F521C
:105B700054435F5052454449565F53594E43482859
:105B80005254435F496E69745374727563742D3E49
:105B90005254435F53796E63685072656469762925
:105BA0000000000024280040082800401028004081
:105BB00070B50C46050000F05F80012D05D040F265
:105BC000722256A163A003F011F8E078010901EBFD
:105BD000810100F00F0000EB4100C0B2632805D93D
:105BE0004FF420724DA162A003F000F86078010923
:105BF00001EB810100F00F0000EB4100C0B2401E3C
:105C00000B2805D940F2822244A166A002F0EEFFE3
:105C1000A078010901EB810100F00F0000EB4100C9
:105C2000C0B2401E1E2805D94FF421723BA164A0CA
:105C300002F0DCFF2178012918BF02290ED00329C8
:105C400018BF04290AD005291CBF0629072905D039
:105C500040F2862231A161A002F0C8FF002D2FD0B2
:105C6000A078E178227840EA01406178090241EAAF
:105C7000423140EA010333E0607810F0100F03D0A6
:105C800020F010000A306070E078632805D940F2F7
:105C90007A2222A15BA002F0A9FF6078401E0B28A7
:105CA00005D940F27B221DA15FA002F09FFFA078E2
:105CB000401E1E28BED94FF41F7218A163A0B7E77B
:105CC000E078FFF7F3FB05046078FFF7EFFB45EAA8
:105CD0000025A078FFF7EAFB2178284340EA41330A
:105CE000634CCA20206053202060FFF7B5FD78B1D7
:105CF000604823F0C00101605F48016821F0800125
:105D00000160001F006810F0200F08BF00F0BEF80F
:105D1000FF202060BDE8704000F0B8B82E2E5C6611
:105D200069726D776172655C6E3332673435785FA6
:105D30007374645F7065726970685F6472697665B8
:105D4000725C7372635C6E3332673435785F727481
:105D5000632E630049535F5254435F464F524D4197
:105D600054285254435F466F726D617429000000DD
:105D700049535F5254435F59454152285254435F3F
:105D800042636432546F42797465285254435F44CD
:105D90006174655374727563742D3E59656172291F
:105DA0002900000049535F5254435F4D4F4E544801
:105DB00028746D70726567697374657229000000DC
:105DC00049535F5254435F4441544528746D707287
:105DD00065676973746572290000000049535F525A
:105DE00054435F5745454B444159285254435F44FF
:105DF0006174655374727563742D3E5765656B44A9
:105E00006179290049535F5254435F5945415228F3
:105E10005254435F446174655374727563742D3ECC
:105E2000596561722900000049535F5254435F4D28
:105E30004F4E5448285254435F4461746553747202
:105E40007563742D3E4D6F6E7468290049535F521F
:105E500054435F44415445285254435F4461746540
:105E60005374727563742D3E44617465290000009B
:105E700024280040042800400C2800400021016034
:105E80007F214160FF2181607047000081B00020C8
:105E90000F4B0090CA201860532018600D49086805
:105EA00020F0200008600868009A00F02000521CD2
:105EB0000092B2F5004F01D00028F4D0086810F02D
:105EC000200018BF0120FF21196001B070470000B9
:105ED000242800400C280040044901200870AFF23B
:105EE00007024FF47A71042002F0D8B92C00002088
:105EF00010B5164C10B101280ED01AE04FF4004135
:105F00002046FCF765FE4FF480412046FCF7F6FD85
:105F1000142002F0F5FE0CE04FF480412046FCF71F
:105F200057FE4FF400412046FCF7E8FD142002F034
:105F3000E7FE4FF400412046FCF7E0FD2046BDE8B7
:105F400010404FF48041FCF7D9BD0000000C014027
:105F5000F8B54FF40040ADF8000010250E4E8DF856
:105F6000035003248DF8024069463046FCF71CFCC0
:105F7000E9023046FCF72CFEA902ADF800108DF8BE
:105F800003508DF8024069463046FCF70DFCA9022B
:105F90003046FCF71DFEF8BD000C014010B5012194
:105FA00086B00807FFF794F80121C806FFF790F8BC
:105FB0000120FEF77DFD0420FAF70AFEA0F5A0619E
:105FC000053904BF06B010BD4FF48070FFF736F8F6
:105FD0000120FEF7A5FF4120FFF7E4F90028FAD0E1
:105FE0000120FFF735F97F200190FF200024029067
:105FF00000946846FFF742FF6846FFF71DFD014623
:1060000011A002F06DF919208DF8130001208DF810
:1060100011008DF8120003208DF80D408DF810004E
:106020008DF80E408DF80C4004A90020FFF7C0FD4C
:1060300003A90020FFF748FA40F205510420FAF7BF
:1060400051FE06B010BD0000525443B3F5CABCBBAC
:10605000AF25640D0A00000070B51D4C0025207BA3
:1060600010B1012813D010E02079401C2071FEF7F8
:10607000B5FA1F2117A002F0C9F8642165701D4A06
:106080000F2002F00BF901202073002070BDFEF7F5
:1060900099FA002808BF70BD174E3068FEF738FF28
:1060A000014616483268FBF77FFF15A11348FAF73F
:1060B000B3F800281EBF2573012070BD20790A287F
:1060C00098BF2573E1D925712573022070BD0000AA
:1060D0004000002041542B5149435347503D312C3F
:1060E000312C22434D4E4554222C22222C22222C8C
:1060F000310D0A00FD4500083C0000200C11002075
:106100004F4B00002DE9F0410E4E069D8846F07081
:106110001F4614467282C8210B48FAF772F82246CD
:1061200041460948FAF754F82C46B5824FF47A7183
:106130000648FAF766F822463946BDE8F0410348BA
:10614000FAF746B8400000205C0C0020240D002027
:1061500070B582B0A0F5FA60C0B2DDE906458DF8F1
:1061600003008DF801101E468DF8022002F056FD46
:106170008DF804608DF800008DF805408DF806500C
:1061800069460020FFF714FD01A90020FFF79CF9E4
:1061900002B070BD042808D010F1050F08BF704789
:1061A000CF2205A111A002F021BD4FF0E02001692E
:1061B00041F00401016170472E2E5C6669726D77B3
:1061C0006172655C6E3332673435785F7374645F17
:1061D0007065726970685F6472697665725C73720B
:1061E000635C6D6973632E630000000049535F5365
:1061F00059535449434B5F434C4B5F534F555243A4
:1062000045285379735469636B5F434C4B536F75E7
:106210007263652900000000704700004B4883B09E
:10622000016841F4700101604948016841F00101D1
:1062300001604268474911404160016821F4102122
:1062400021F080710160016821F4802101604168C2
:1062500021F47F0121F0006141600021C1620163EE
:106260004FF41F028260C26942F08052C2613A4A12
:10627000D36843F00103D360C26922F08052C26147
:10628000364A136843F09003136000918DF80410B0
:106290000291016841F4803101600168C1F340411D
:1062A0008DF804100299491C02919DF8041019B947
:1062B0000299B1F5004FF0D10168C1F340418DF86A
:1062C00004109DF8041000293BD0116821F007014B
:1062D0001160116841F0030111604168416041683B
:1062E00041F400514160416841F4A061416041685E
:1062F00021F47C1121F000614160416841F480315A
:1063000041F4003141F0026100914160016841F0C7
:1063100080710160016811F0007FFBD0416821F0BD
:1063200003014160416841F002014160416801F0B0
:106330000C010829FAD10A494FF00060086003B047
:106340007047094907480860F5E7000088ED00E05C
:106350000010024000C0FFF8007000400020024022
:1063600008ED00E000127A00000000200349002040
:10637000087010210248FCF72BBC00002800002008
:10638000000C0140074910B5012008701021064893
:10639000FCF7B4FBBDE81040044A4EF66021112022
:1063A00001F07CBF28000020000C01406D63000854
:1063B0002DE9F047DFF894900D4607461C46164637
:1063C0004FF02A084FF480714846FCF797FB40468F
:1063D00000F060FC4FF480714846FCF7F9FB380A86
:1063E00000F058FCF8B200F055FC300A00F052FC06
:1063F000F0B200F04FFC2B264FF480714846FCF7BA
:106400007DFB304600F046FC4FF480714846FCF7B7
:10641000DFFB280A00F03EFCE8B200F03BFC200A5B
:1064200000F038FCE0B200F035FC2C244FF4807111
:106430004846FCF763FB204600F02CFC4846BDE8CC
:10644000F0474FF48071FCF7C3BB0000000C014023
:106450002DE9F04F0026A2EB00085F1A85B0354603
:1064600082468946B8F1000FC8BF012007DC0FBF84
:1064700000204FF0FF30C8F10008019000D10190DA
:10648000002FC8BF012006DC0FBF00204FF0FF30F7
:106490007F42009000D10090B845CCBF44463C46B6
:1064A0004FF0000B601C03900028DCBF05B0BDE876
:1064B000F08F0E98000A02901FFA8AF01FFA89F1F5
:1064C000DDF838C00B460246CDF810C0FFF770FF6C
:1064D000029800F0DFFBDDF810C00CF0FF0000F0C8
:1064E000D9FB46443D44A64202DD0198361B824456
:1064F000A54202DD00982D1B81440BF101001FFA1B
:1065000080FB03988345D7DB05B0BDE8F08F2DE90C
:10651000F04781469846581E83B21746501E82B2F5
:106520000D464846089EFFF743FF454534BF4FEAF6
:10653000162ABDE8F0874C46B94509D2504600F00E
:10654000A9FBF0B200F0A6FB601C84B2BC42F5D3FC
:10655000681C85B24545EED3BDE8F087F8B54FF429
:106560007C70ADF8000010208DF803000320F64E7B
:106570008DF8020069463046FCF716F90121092022
:10658000FEF706FE0121F148FBF7BEFD711530460E
:10659000FCF7B4FA6423002246F2A811491EFDD18B
:1065A000521C9A42F8D34FF400713046FCF710FBAE
:1065B0006423002246F2A811491EFDD1521C9A42C2
:1065C000F8D3E3490120087010213046FCF796FA11
:1065D000E04A4EF66021112001F060FE64200022A6
:1065E00046F2A811491EFDD1521C8242F8D3002464
:1065F00036254FF480713046FCF780FA284600F0CB
:1066000049FB4FF480713046FCF7E2FA602000F05D
:1066100041FB3A254FF480713046FCF76FFA28466B
:1066200000F038FB4FF480713046FCF7D1FA0520BA
:1066300000F030FBB2254FF480713046FCF75EFA73
:10664000284600F027FB4FF480713046FCF7C0FA73
:106650000C2000F01FFB0C2000F01CFB002000F0C1
:1066600019FB332000F016FB332000F013FBB72595
:106670004FF480713046FCF741FA284600F00AFBDF
:106680004FF480713046FCF7A3FA352000F002FB8E
:10669000BB254FF480713046FCF730FA284600F0F5
:1066A000F9FA4FF480713046FCF792FA192000F0A5
:1066B000F1FAC0254FF480713046FCF71FFA2846E6
:1066C00000F0E8FA4FF480713046FCF781FA2C2094
:1066D00000F0E0FAC2254FF480713046FCF70EFA64
:1066E000284600F0D7FA4FF480713046FCF770FA74
:1066F000012000F0CFFAC3254FF480713046FCF73B
:10670000FDF9284600F0C6FA4FF480713046FCF7D8
:106710005FFA122000F0BEFAC4254FF480713046B3
:10672000FCF7ECF9284600F0B5FA4FF480713046DA
:10673000FCF74EFA202000F0ADFAC6254FF4807128
:106740003046FCF7DBF9284600F0A4FA4FF48071DC
:106750003046FCF73DFA0F2000F09CFAD0254FF4AC
:1067600080713046FCF7CAF9284600F093FA4FF4DE
:1067700080713046FCF72CFAA42000F08BFAA1209F
:1067800000F088FAE0254FF480713046FCF7B6F946
:10679000284600F07FFA4FF480713046FCF718FA73
:1067A000D02000F077FA042000F074FA0D2000F0F9
:1067B00071FA112000F06EFA132000F06BFA2B2012
:1067C00000F068FA3F2000F065FA542000F062FA09
:1067D0004C2000F05FFA182000F05CFA0D2000F069
:1067E00059FA0B2000F056FA1F2000F053FA23202C
:1067F00000F050FAE1254FF480713046FCF77EF945
:10680000284600F047FA4FF480713046FCF7E0F973
:10681000D02000F03FFA042000F03CFA0C2000F0F9
:1068200039FA112000F036FA132000F033FA2C2048
:1068300000F030FA3F2000F02DFA442000F02AFA50
:10684000512000F027FA2F2000F024FA1F2000F03A
:1068500021FA1F2000F01EFA202000F01BFA23204E
:1068600000F018FA21254FF480713046FCF746F904
:10687000284600F00FFA4FF480713046FCF7A8F973
:1068800011254FF480713046FCF738F9284600F0A6
:1068900001FA4FF480713046FCF79AF929254FF43C
:1068A00080713046FCF72AF9284600F0F3F94FF4DE
:1068B00080713046FCF78CF92A254FF48071304600
:1068C000FCF71CF9284600F0E5F94FF480713046DA
:1068D000FCF77EF9002000F0DDF9002000F0DAF985
:1068E000002000F0D7F9EF2000F0D4F92B254FF469
:1068F00080713046FCF702F9284600F0CBF94FF4DE
:1069000080713046FCF764F9002000F0C3F90020E4
:1069100000F0C0F9002000F0BDF9C52000F0BAF980
:106920002C254FF480713046FCF7E8F8284600F03B
:10693000B1F94FF480713046FCF74AF9601CC4B2DB
:10694000022CFFF455AEF8BD000C014000023000EF
:10695000280000206D6300082DE9FF4F85B0074631
:10696000DDF84C800C468B4618F0070018BF01205C
:1069700000EBD80000FB08F04FF000090090002861
:106980009CBF09B0BDE8F08F2D4800EB4210049089
:106990002C4800EBC21003900898000A029012984D
:1069A000000A0190B8F1100F08BF049806D0B8F1A2
:1069B000200F0EBF039809B0BDE8F08F10F8095002
:1069C000002615F0800F0FD023463A461946104690
:1069D000DDF820A0FFF7ECFC029800F05BF90AF06C
:1069E000FF0000F057F90EE023463A4619461046DC
:1069F000DDF848A0FFF7DCFC019800F04BF90AF045
:106A0000FF0000F047F94FF6FF7000EA4505601CF3
:106A100084B2A4EB0B00404503D1781C5C4687B2DE
:106A200003E0701C86B2082ECBD309F101001FFAD7
:106A300080F900988145B5D309B0BDE8F08F00001A
:106A40007EBA00087EAF00082DE9FF4F89B00546E9
:106A5000DDF85CA000264FEA5A0901909B4619F028
:106A6000070018BF012000EBD90000FB0AF00290DC
:106A7000A2F12000C4B20A980A995044401E83B281
:106A800005EB0900401E82B22846FFF791FC0298F0
:106A90004FF0000800289CBF0DB0BDE8F08F3A49C8
:106AA00004EB440001EB80010791384901EB04112C
:106AB0000691374901EB001005901698000A0490E2
:106AC0004FEA1B200090BAF10C0F04BF079810F892
:106AD00008700DD0BAF1100F08BF069806D0BAF1B1
:106AE000180F0EBF05980DB0BDE8F08F10F80870B4
:106AF0000024189800284FF0010000FA04F000EA82
:106B0000070019D060B10A992A460B461046FFF7D4
:106B10004FFC009800F0BEF80BF0FF0000F0BAF850
:106B2000681C85B20198281A48451FD10A98019D12
:106B3000401C80B20A901DE028B1009800F0AAF82D
:106B40000BF0FF0006E016980390049800F0A2F8FE
:106B50000398C0B200F09EF8701CC6B2B6FBF9F004
:106B600009FB1060002808BF002603D0601CC4B2D7
:106B7000082CBED308F101001FFA80F80298804566
:106B8000A1D30DB0BDE8F08F4A930008BE9700086E
:106B9000AE9D00082DE9FF4F83B04FF00008DDE9FE
:106BA00011961D0082464FEA5607444612BFA5F1D2
:106BB000010B07B0BDE8F08F0A23281B401EC2B2AC
:106BC0000121501EC0B203D35943401EC0B2FBD2B4
:106BD0000598B0FBF1F01B49A1FB0021C90849420F
:106BE00001EB810100EB4100B8F1000F06D15C45DB
:106BF00004DA002818BF4FF0010814D00021CDF8A6
:106C000000903030CDE90161C2B204FB07A080B230
:106C1000109B0499FFF718FF601CC4B2AC42CBD3A1
:106C200007B0BDE8F08F0020CDF80090CDE90160FD
:106C300004FB07A080B22022109B0499FFF704FFF9
:106C4000EAE70000CDCCCCCC2DE9F04784B0064675
:106C5000DDE90D571078DDF83080994614468A46F4
:106C6000002804BF04B0BDE8F087CDF80080CDE96E
:106C7000015722784B4651463046FFF7E5FE06EBBA
:106C8000550086B214F8010F0028EED104B0BDE81B
:106C9000F087000070B5134E054620213046FBF703
:106CA0002DFF002440213046FBF728FF15F0800F10
:106CB0004FF08001304602D0FBF78AFF01E0FBF77E
:106CC0001DFF40213046FBF783FF6806050E601C60
:106CD000C4B2082CE6D33046BDE870402021FBF753
:106CE00077BF0000000C014004480178012918BF5B
:106CF000704700210170FAF71FBB00005900002007
:106D0000044901200870AFF207024FF4FA7106201F
:106D100001F0C4BA5900002010B5084C01212046EA
:106D200000F038FA002808BF10BD0121204600F00D
:106D300007F8BDE8104001F0BBBA000000100040A9
:106D400070B50446A0F180400D46B0F5963018BFEE
:106D5000B4F1804F23D0A4F18040B0F580601CBF17
:106D6000A4F18040B0F5006019D0A4F18040B0F5E6
:106D700040601CBFA4F18040B0F580500FD0A4F15A
:106D80008040B0F5A0501CBFA4F18040B0F59A300F
:106D900005D040F6224209A116A001F027FF15F404
:106DA0007F4F00D12DB940F6234204A117A001F076
:106DB0001DFF2069A843206170BD00002E2E5C6677
:106DC00069726D776172655C6E3332673435785FF6
:106DD0007374645F7065726970685F647269766508
:106DE000725C7372635C6E3332673435785F7469DA
:106DF0006D2E6300497354696D416C6C4D6F647501
:106E00006C652854494D7829000000004973546985
:106E10006D496E742854494D5F49542900000000A3
:106E200070B50446A0F1804016460D46B0F5963088
:106E300018BFB4F1804F23D0A4F18040B0F580603A
:106E40001CBFA4F18040B0F5006019D0A4F18040CF
:106E5000B0F540601CBFA4F18040B0F580500FD069
:106E6000A4F18040B0F5A0501CBFA4F18040B0F563
:106E70009A3005D04FF47B720FA11DA001F0B6FE31
:106E800015F47F4F00D12DB940F2ED320AA11EA0BA
:106E900001F0ACFE002E04BFA089A84309D0012E4A
:106EA00005D040F2EE3204A11CA001F09FFEA089A3
:106EB0002843A08170BD00002E2E5C6669726D773C
:106EC0006172655C6E3332673435785F7374645F0A
:106ED0007065726970685F6472697665725C7372FE
:106EE000635C6E3332673435785F74696D2E63008E
:106EF000497354696D416C6C4D6F64756C652854B1
:106F0000494D782900000000497354696D496E7439
:106F10002854494D5F4954290000000049535F46F9
:106F2000554E4354494F4E414C5F535441544528AC
:106F3000436D64290000000070B50446A0F1804054
:106F400015460E46B0F5963018BFB4F1804F23D0E9
:106F5000A4F18040B0F580601CBFA4F18040B0F582
:106F6000006019D0A4F18040B0F540601CBFA4F1CE
:106F70008040B0F580500FD0A4F18040B0F5A05013
:106F80001CBFA4F18040B0F59A3005D040F21952F0
:106F900008A116A001F02AFE002D18BF012D05D072
:106FA00040F21A5203A117A001F020FE2685A58207
:106FB00070BD00002E2E5C6669726D776172655C33
:106FC0006E3332673435785F7374645F70657269ED
:106FD00070685F6472697665725C7372635C6E334D
:106FE00032673435785F74696D2E63004973546974
:106FF0006D416C6C4D6F64756C652854494D7829F2
:1070000000000000497354696D50736352656C6FE2
:1070100061644D6F64652854494D5F505343526518
:107020006C6F61644D6F646529000000F8B51A4EFD
:1070300041F63F70F0804FF4A060FDF7B7FF0121EB
:107040001020FEF745F836208DF8000003258DF856
:10705000015000248DF8024001208DF8030068469D
:10706000FDF714FB0D48042185800180C480448015
:107070000B4C0146204600F00FF90122F188204612
:10708000FFF75AFF012211462046FFF7C9FE0121F2
:10709000204600F007F8F8BD16000020E8020020A6
:1070A0000010004070B50446A0F180400D46B0F5D8
:1070B000963018BFB4F1804F23D0A4F18040B0F5D2
:1070C00080601CBFA4F18040B0F5006019D0A4F12D
:1070D0008040B0F540601CBFA4F18040B0F5805006
:1070E0000FD0A4F18040B0F5A0501CBFA4F18040A7
:1070F000B0F59A3005D040F2AF320BA118A001F0E4
:1071000075FD002D04BF206820F001000AD0012D7C
:1071100005D04FF46C7204A117A001F067FD206840
:1071200040F00100206070BD2E2E5C6669726D77A4
:107130006172655C6E3332673435785F7374645F97
:107140007065726970685F6472697665725C73728B
:10715000635C6E3332673435785F74696D2E63001B
:10716000497354696D416C6C4D6F64756C6528543E
:10717000494D78290000000049535F46554E43545D
:10718000494F4E414C5F535441544528436D642947
:107190000000000070B505460026A0F180400C46B6
:1071A000B0F5963018BFB5F1804F23D0A5F18040DF
:1071B000B0F580601CBFA5F18040B0F5006019D02B
:1071C000A5F18040B0F540601CBFA5F18040B0F54E
:1071D00080500FD0A5F18040B0F5A0501CBFA5F1A4
:1071E0008040B0F59A3005D040F6FC3211A11FA0C6
:1071F00001F0FCFC012C18BF022C11D0042C18BF8C
:10720000082C0DD0102C18BF202C09D0402C18BFF2
:10721000802C05D040F6FD3206A11AA001F0E6FC54
:107220002869A989204201EA04011CBF002901261E
:10723000304670BD2E2E5C6669726D776172655C3A
:107240006E3332673435785F7374645F706572696A
:1072500070685F6472697665725C7372635C6E33CA
:1072600032673435785F74696D2E630049735469F1
:107270006D416C6C4D6F64756C652854494D78296F
:1072800000000000497354696D476574496E7428A5
:1072900054494D5F495429002DE9F05FDFF888A17A
:1072A000DFF888B1DFF88881DFF88891624F634E9C
:1072B0000D460446504518BFB4F1804F13D0BC4270
:1072C00018BFB4420FD04C4518BF5C450BD0A4F199
:1072D0008040B0F5A05018BF444504D0BD2258A14D
:1072E00065A001F083FC6888002818BF102809D029
:1072F00020281CBF4028602804D0BE2250A164A0D2
:1073000001F074FCE88800281CBFB0F5807FB0F560
:10731000007F04D0BF224AA169A001F067FC206869
:10732000544518BF444508D0B4F1804F18BFBC4243
:1073300003D0B44218BF4C4503D1698820F07000D7
:1073400008435C451CBFA4F18041B1F5A05103D0B6
:10735000E98820F4407008432060A888A085288828
:107360002085544512BF4445287A20860120A082FA
:107370002068544518BF444508D0B4F1804F18BF69
:10738000BC4203D0B44218BF4C4509D1697A0029E8
:1073900014BF40F4006020F40060B4F1804F04D0CA
:1073A000BC421CBFB4424C4510D1A97A002914BF7D
:1073B00040F4805020F48050E97A002914BF40F452
:1073C000005020F40050B4F1804F03D0BC4218BFED
:1073D000B44206D1297B002914BF40F4804020F438
:1073E0008040544518BF444505D0B4F1804F1CBFC0
:1073F000BC42B44206D1697B002914BF40F400406E
:1074000020F4004020606068B4F1804F18BFB4429F
:1074100006D1A97B002914BF40F4807020F480704D
:107420006060BDE8F09F0000002C014000100040AB
:1074300000340140000C00400004004000080040FF
:107440002E2E5C6669726D776172655C6E33326791
:107450003435785F7374645F7065726970685F64F7
:1074600072697665725C7372635C6E333267343551
:10747000785F74696D2E6300497354696D416C6C5B
:107480004D6F64756C652854494D782900000000E3
:10749000497354696D436E744D6F64652854494D4A
:1074A0005F54696D6542617365496E6974537472A6
:1074B0007563742D3E436E744D6F64652900000042
:1074C000497354696D436C6B4469762854494D5F28
:1074D00054696D6542617365496E69745374727560
:1074E00063742D3E436C6B44697629002DE9F047A7
:1074F00000252C460420FCF7B9FF012818BFBDE881
:10750000F0870D20FCF7C8FF002898BFBDE8F08782
:107510004FF00F08354F4FF0010A4FF00E0908EBFE
:107520004406F0B2FCF7B8FF3979B1EB102F1BD14C
:10753000F0B2FCF7B1FF7979C0B2884214D109EBFF
:107540004406F0B2FCF7A8FFF979491E0AFA01F1E6
:10755000084010F0FF0F07D0F0B2FCF79DFF10F0CD
:10756000800F0CBF02250125601CC4B20D20FCF762
:1075700093FFA042D3D8012D1CD0022D18BFBDE827
:10758000F0870120FCF772FF012818BFBDE8F087E3
:107590000020FEF7ADFC0020F9F78EFE002101204F
:1075A000FCF780FF09210A20FCF792FFBDE8F047B5
:1075B000FCF7D2BE0120FCF759FF002818BFBDE838
:1075C000F0870020FCF752FF002818BFBDE8F087C5
:1075D0000120FEF78DFC0120F9F76EFE012108461F
:1075E000FCF760FFBDE8F047FCF7B6BE20000020C6
:1075F00010B5054800F0ACFCC1B204480068BDE815
:107600001040FBF70BBE0000004C00403C00002087
:1076100070B5114D40F22551284600F04BFA10B1DB
:107620000E4C207820B12846BDE8704000F090BC98
:10763000284600F08DFC6188094A88546088401C07
:107640006080032000F020FEBDE870403221054A32
:10765000032000F023BE000000440040DA070020B1
:10766000DE0700204982000870B5114D40F2255117
:10767000284600F01FFA10B10E4C207820B12846A1
:10768000BDE8704000F064BC284600F061FC6188F1
:10769000094A88546088401C6080052000F0F4FD91
:1076A000BDE870403221054A052000F0F7BD00001A
:1076B00000480040880300208C0300205982000805
:1076C0002DE9F047DFF8FC80DFF8FC90DFF8FCA044
:1076D00016460D460446404518BF4C451AD0544541
:1076E0001CBFA4F18040B0F5984013D0A4F18040B5
:1076F000B0F5A0401FBFA4F18040B0F5A830A4F1C0
:107700008040B0F5AA3005D040F27F1230A13FA0F2
:1077100001F06CFA40F66A17282D1CBFA5F5E06051
:10772000B0F127001BD0A5F5C06026381CBFA5F519
:10773000A060B0F1250012D0A5F5806024381CBFF0
:10774000A5F50060B0F1460009D0BD4218BF602D1C
:1077500005D04FF4C0721EA133A001F047FA002EED
:1077600018BF012E05D040F2811219A135A001F0F9
:107770003DFABD420AD144451CBF4C45544505D095
:1077800040F2851212A136A001F030FA05F01F0177
:107790000122C5F3421002FA01F1012808BF04F1E9
:1077A0000C0005D002280CBF04F1100004F11400F5
:1077B000002E026814BF114322EA01010160BDE8F6
:1077C000F0870000003801400044004000480040BD
:1077D0002E2E5C6669726D776172655C6E333267FE
:1077E0003435785F7374645F7065726970685F6464
:1077F00072697665725C7372635C6E3332673435BE
:10780000785F75736172742E6300000049535F5591
:10781000534152545F414C4C5F50455249504828A7
:10782000555341525478290049535F55534152549E
:107830005F4346475F494E542855534152545F4970
:107840004E54290049535F46554E4354494F4E41CB
:107850004C5F535441544528436D64290000000097
:1078600049535F55534152545F3132335F50455253
:1078700049504828555341525478290070B5044660
:10788000A0F180400D46B0F59C301CBFA4F18040B3
:10789000B0F588401DD0A4F18040B0F590401CBFE9
:1078A000A4F18040B0F5984013D0A4F18040B0F529
:1078B000A0401FBFA4F18040B0F5A830A4F18040E3
:1078C000B0F5AA3005D040F259120BA119A001F071
:1078D0008DF9002D04BFA08920F400500AD0012D9D
:1078E00005D04FF4AD7204A119A001F07FF9A08971
:1078F00040F40050A08170BD2E2E5C6669726D77D9
:107900006172655C6E3332673435785F7374645FBF
:107910007065726970685F6472697665725C7372B3
:10792000635C6E3332673435785F75736172742EC1
:107930006300000049535F55534152545F414C4C22
:107940005F504552495048285553415254782900B8
:1079500049535F46554E4354494F4E414C5F535433
:1079600041544528436D6429000000002DE9F0478B
:10797000294F0026DFF8A480DFF8A4900C460546C6
:10798000B84218BF45451AD04D451CBFA5F18040EF
:10799000B0F5984013D0A5F18040B0F5A0401FBFCE
:1079A000A5F18040B0F5A830A5F18040B0F5AA302F
:1079B00005D040F219321BA129A001F017F9012CC2
:1079C00018BF802C20D0402C18BF202C1CD0102C8D
:1079D00018BFB4F5807F17D0B4F5007F09D0082C0C
:1079E0001CBF042C022C0FD040F21A320DA123A090
:1079F00008E0BD421CBF45454D4505D040F21E3252
:107A000008A125A001F0F2F82888204218BF01261D
:107A10003046BDE8F08700000038014000440040D7
:107A2000004800402E2E5C6669726D776172655C5D
:107A30006E3332673435785F7374645F7065726972
:107A400070685F6472697665725C7372635C6E33D2
:107A500032673435785F75736172742E630000008D
:107A600049535F55534152545F414C4C5F5045520E
:107A700049504828555341525478290049535F557D
:107A8000534152545F464C41472855534152545F2D
:107A9000464C41472900000049535F555341525419
:107AA0005F3132335F504552495048285553415257
:107AB000547829002DE9F047DFF8F4800026DFF83C
:107AC000F490DFF8F4A00C460546404518BF4D453C
:107AD0001AD055451CBFA5F18040B0F5984013D091
:107AE000A5F18040B0F5A0401FBFA5F18040B0F5E2
:107AF000A830A5F18040B0F5AA3005D040F26B3235
:107B00002EA13DA001F072F8282C34D0A4F5E0603D
:107B100040F66A1727381CBFA4F5C060B0F12600F4
:107B20001CD0A4F5A06025381CBFA4F58060B0F17E
:107B3000240013D0A4F50060463818BFBC420DD015
:107B4000B4F5587F1CBFB4F5187FB4F5B07F12D0E0
:107B50004FF45B7219A12FA001F048F8BC420AD182
:107B600045451CBF4D45554505D04FF45C7213A1EA
:107B70002FA001F03BF804F01F000122C4F34211D2
:107B800002FA00F0012904BFA989084004D00229A3
:107B90000CBF298AA98A0840210A02FA01F12A8821
:107BA000114000281CBF002901263046BDE8F0879F
:107BB0000038014000440040004800402E2E5C6622
:107BC00069726D776172655C6E3332673435785FE8
:107BD0007374645F7065726970685F6472697665FA
:107BE000725C7372635C6E3332673435785F7573C1
:107BF0006172742E6300000049535F555341525423
:107C00005F414C4C5F5045524950482855534152B2
:107C10005478290049535F55534152545F474554A6
:107C20005F494E542855534152545F494E542900E0
:107C300049535F55534152545F3132335F5045527F
:107C40004950482855534152547829002DE9F047AE
:107C5000604EDFF88491DFF884A1614FDFF8848102
:107C600086B00D460446B04218BF4C4513D054456B
:107C70001CBFA4F18040B0F598400CD0A4F1804026
:107C8000B0F5A0401CBFBC42444504D0C42256A15C
:107C900064A000F0ABFF28686949401E884204D305
:107CA000C52251A167A000F0A1FFA888002818BF35
:107CB000B0F5805F04D0C6224BA16EA000F096FF05
:107CC000E888002818BFB0F5805F0AD0B0F5005FE3
:107CD00018BFB0F5405F04D0C72243A172A000F0E6
:107CE00085FF288900281CBFB0F5806FB0F5C06FF4
:107CF00004D0C8223CA178A000F078FF688930F059
:107D00000C0100D120B9C92237A17EA000F06EFF7E
:107D1000A889002818D0B0F5807F1CBFB0F5007F7F
:107D2000B0F5407F06D0CA222FA1804800F05EFF48
:107D3000A88948B1B4421CBF4C45544504D0CE225A
:107D400029A17BA000F052FF208A4CF6FF71084069
:107D5000E98808432082A0894EF6F3110840A988DB
:107D60002A8911436A8910430843A081A08A4FF6EB
:107D7000FF410840A9890843A0826846FDF7A2FA9E
:107D8000B44218BFBC4203D0444518BF029800D18A
:107D900003986E4A00EBC00101EB001029686FF0F8
:107DA000180C8900B0FBF1F0A2FB00314909090170
:107DB0000B0903FB0CF300EB8300322303EB0010F1
:107DC000A2FB0020C0F343100843208106B0BDE8A9
:107DD000F0870000003801400044004000480040A7
:107DE00000500140005401402E2E5C6669726D7790
:107DF0006172655C6E3332673435785F7374645FCB
:107E00007065726970685F6472697665725C7372BE
:107E1000635C6E3332673435785F75736172742ECC
:107E20006300000049535F55534152545F414C4C2D
:107E30005F504552495048285553415254782900C3
:107E400020AA440049535F55534152545F42415563
:107E500044524154452855534152545F496E697408
:107E60005374727563742D3E42617564526174651A
:107E70002900000049535F55534152545F574F52F8
:107E8000445F4C454E4754482855534152545F492E
:107E90006E69745374727563742D3E576F72644CBF
:107EA000656E67746829000049535F555341525409
:107EB0005F53544F50424954532855534152545FD5
:107EC000496E69745374727563742D3E53746F7088
:107ED000426974732900000049535F55534152545D
:107EE0005F5041524954592855534152545F496E8D
:107EF00069745374727563742D3E5061726974793C
:107F00002900000049535F55534152545F4D4F447F
:107F1000452855534152545F496E697453747275C4
:107F200063742D3E4D6F646529000000F8BB0008A6
:107F300049535F55534152545F3132335F5045527C
:107F40004950482855534152547829001F85EB5118
:107F500010B50446A0F18040B0F59C301CBFA4F1E0
:107F60008040B0F588401DD0A4F18040B0F590402D
:107F70001CBFA4F18040B0F5984013D0A4F180401C
:107F8000B0F5A0401FBFA4F18040B0F5A830A4F127
:107F90008040B0F5AA3005D040F2512203A112A0D2
:107FA00000F024FEA088C0F3080010BD2E2E5C66F1
:107FB00069726D776172655C6E3332673435785FF4
:107FC0007374645F7065726970685F647269766506
:107FD000725C7372635C6E3332673435785F7573CD
:107FE0006172742E6300000049535F55534152542F
:107FF0005F414C4C5F5045524950482855534152BF
:108000005478290070B50446A0F180400D46B0F5C3
:108010009C301CBFA4F18040B0F588401DD0A4F175
:108020008040B0F590401CBFA4F18040B0F598406E
:1080300013D0A4F18040B0F5A0401FBFA4F1804050
:10804000B0F5A830A4F18040B0F5AA3005D04FF4C7
:10805000107208A116A000F0C9FDB5F5007F05D388
:1080600040F2412203A119A000F0C0FDC5F30800B1
:10807000A08070BD2E2E5C6669726D776172655C42
:108080006E3332673435785F7374645F706572691C
:1080900070685F6472697665725C7372635C6E337C
:1080A00032673435785F75736172742E6300000037
:1080B00049535F55534152545F414C4C5F504552B8
:1080C00049504828555341525478290049535F5527
:1080D000534152545F444154412844617461290022
:1080E0002DE9F0410E0005464FF0000414BF094F82
:1080F000BDE8F081295D3846FFF784FF80213846CE
:10810000FFF734FC0028F9D0601C84B2B442F1D3EC
:10811000BDE8F0810044004010B5184C0020582103
:108120002278012A18BF10BDB4F802C0BCF1170FA5
:1081300008BFACF1010211D12318401C1B79C0B259
:10814000194489B28242F7DCC8430D49C0B21CF819
:108150000110814204BF201DF8F752FE0020628802
:108160000146002A06D92218401C11716288C0B24B
:108170008242F8D86180217010BD0000DA0700202B
:10818000DD0700202DE9F0471D4E3078012818BF8B
:10819000BDE8F0874FF40061DFF868904846FAF7D1
:1081A00017FD7588371D0024002D88BFDFF8588023
:1081B0000DD9395D4046FFF725FF80214046FFF786
:1081C000D5FB0028F9D0601C84B2AC42F1D3642006
:1081D00000F096FD4FF400614846FAF78FFC00204E
:1081E00072880146002A06D93218401C1171728823
:1081F000C0B28242F8D871803170BDE8F0870000CB
:108200008803002000080140004800402DE9F041AB
:108210000E0005464FF0000414BF094FBDE8F08181
:10822000295D3846FFF7EEFE80213846FFF79EFBBA
:108230000028F9D0601C84B2B442F1D3BDE8F081CB
:10824000004C0040FEE700000249012008700320B6
:1082500000F01AB8DA070020024901200870052052
:1082600000F012B88803002000200649024601EB06
:10827000C00341F83020401CC0B25A601228F6D327
:10828000FEF7D4BEF8020020034A002142F8301065
:1082900002EBC00041607047F8020020034B43F836
:1082A000301003EBC000426070470000F80200206D
:1082B00070B50A4D002455F8340048B1411E05EB55
:1082C000C40045F83410406810B1002908BF804749
:1082D000601CC4B2122CEED370BD0000F802002066
:1082E0000FB4054B10B503A9044A029800F0E2F858
:1082F00010BC5DF814FB0000318D0008D80200208E
:108300000FB4084B10B504A902AA039800F0D2F8E4
:10831000044602A9002000F064FC204610BC5DF871
:1083200014FB0000E38B000800487047E4020020C3
:1083300002E008C8121F08C1002AFAD1704770472E
:10834000002001E001C1121F002AFBD1704700008C
:108350002DE9FF5FDDE90220010DDDF838B00243B1
:1083600018D044F61050A1F2FF3141430D140F987C
:10837000012820D0A5EB0B00401C5FEA000A4FF05B
:108380000004474EDFF81C91A046504616D5CAF1AE
:10839000000728E00F98012443A2012808D00021FB
:1083A00000980F9BC0E90021C0E90243BDE8FF9F90
:1083B0006FEA0B01F4E7CBF10000DEE7074612E0BD
:1083C000F80707D02246334640464946F7F754FFA0
:1083D000804689462246334610461946F7F74CFF39
:1083E00004460E467F10002FEAD1DDE90201BAF102
:1083F000000F42464B4602DAF7F73EFF01E0F8F77E
:1084000077F904460E460022284BF8F7F9F903D80D
:108410004FF0FF30014607E00022254B2046314651
:10842000F8F7BFF8F8F7D3F9102409E0002C0ADBBD
:108430000A220023F7F7DFFF019B30321A55641E32
:1084400050EA0102F2D1641C019AC4F111031444F0
:108450000F9A012A03D0012208430DD10AE00843F4
:1084600004D000204FF0110B0F9080E7A3EB0B0519
:108470006D1E0DE05B4504DD4FF0000205F10105C6
:1084800004E003DA4FF00002A5F10105002AECD068
:1084900000980F99C0E90231C0E9004586E7000065
:1084A000000024400000F03F300000000000F043D6
:1084B0000000E03F2DE9FF4F95B09B4689460646F8
:1084C00000250FE2252877D100242746F84A01210C
:1084D000059400E0044316F8013F203B01FA03F045
:1084E0001042F7D130782A2811D06FF02F0330785E
:1084F000A0F13002092A16D8059A44F0020402EBD2
:10850000820203EB42021044761C0590EFE759F813
:10851000042B0592002A03DA504244F400540590DB
:1085200044F00204761C30782E2816D116F8010F7C
:1085300044F004042A280DD06FF02F023078A0F107
:108540003003092B09D807EB870302EB4303C71855
:10855000761CF3E759F8047B761C30786C280FD032
:1085600006DC4C2817D068280DD06A2814D104E006
:10857000742810D07A280FD10DE044F400140AE0DA
:1085800044F4801401E044F440147278824202D131
:1085900004F58014761C761C307866280BD013DC2A
:1085A000582877D009DC002875D04528F6D0462811
:1085B000F4D047281AD19DE118E0632835D064280B
:1085C00079D0652812D195E1702873D008DC67282E
:1085D000F1D069286FD06E280DD06F2806D1B5E094
:1085E00073282CD0752875D0782874D05A461799DE
:1085F00090476D1C75E1C4F30250022809D003288E
:108600000DD0D9F8001004280DD00D6009F104092F
:1086100067E1D9F80010EA17C1E90052F6E7D9F886
:1086200000100D80F2E70D70F0E719F8041B8DF8CB
:10863000001000208DF80100EA46012003E059F8FF
:1086400004AB4FF0FF3061074FF0000102D40DE0A2
:1086500008F101018846B9420FDA8045F8DB1AF8C3
:1086600008100029F4D108E008F101018846814290
:10867000FADB1AF808100029F6D105985B46A0EB42
:10868000080721463846179A00F094FA284400EB70
:10869000080507E04DE029E10DE01AF8010B5A4604
:1086A00017999047B8F10108F7D25B462146384642
:1086B000179A13E142E00A220092C4F302524FF0EB
:1086C000000A022A08D059F804CB032A4FEAEC71B9
:1086D0000AD00DE029E02AE009F1070121F00702A4
:1086E000F2E802C1914609E00FFA8CFC4FEAEC7106
:1086F000042A03D14FFA8CFC4FEAEC71002907DA07
:108700000A460021DCF1000C61EB02012D2202E09F
:10871000220504D52B228DF80420012203E0E20774
:1087200001D02022F7E7904659E00A2102E010220A
:108730000DE010214FF0000A00910BE010224FF0E5
:10874000000A44F004040827009203E008224FF0D6
:10875000000A0092C4F30252022A05D059F804CB51
:108760000021032A08D009E009F1070121F00702DE
:10877000F2E802C1914605E01FFA8CFC042A01D1FF
:108780000CF0FF0C4FF00008220728D5702806D007
:10879000009B83F0100353EA0A0305D00EE0402249
:1087A0008DF80420012208E05CEA010206D03022A4
:1087B0008DF804208DF8050002229046009B83F07E
:1087C000080353EA0A030AD15CEA010201D16207F5
:1087D00005D530228DF804204FF001087F1E58285F
:1087E00004D034A003900EA802900DE036A0F9E763
:1087F00053466046009AF7F7FEFD84460398825C74
:108800000298401E029002705CEA0100F0D10298CA
:1088100006A9081A00F1200A600702D524F4803462
:1088200000E00127574502DDA7EB0A0000E0002029
:1088300000EB0A01009005984144401A0590E003BE
:1088400006D45B462146179A059800F0B3F9054413
:10885000002706E001A85A46C05D179990476D1C95
:108860007F1C4745F6DBE0030CD55B462146179A93
:10887000059800F09FF9054404E030205A46179906
:1088800090476D1C0099481E00900029F5DC08E017
:10889000029802995A460078491C0291179990470C
:1088A0006D1CBAF10001AAF1010AF1DC65E10000DA
:1088B00009280100303132333435363738396162B6
:1088C000636465660000000030313233343536377A
:1088D00038394142434445460000000000F058F951
:1088E0000544761C307800287FF4ECAD19B028469A
:1088F000BDE8F08F620700D4062709F1070222F0D5
:10890000070CFCE80223E14603F000485FEA080C8C
:1089100002D00FF2702C0DE05FEA045C02D50FF27A
:10892000682C07E05FEAC47C02D00FF2602C01E003
:10893000AFF2700C4FF0FF3823F00043CDF850C079
:1089400065280CD006DC452809D046281DD04728CC
:108950003DD13DE0662818D067287ED138E000215F
:10896000112F01DB112000E0781CCDE9000106A9E0
:108970000EA8FFF7EDFCDDE90F010E9A039100212F
:10898000009207F1010A04914DE04FF0004000977A
:10899000CDE9011006A90EA8FFF7DAFCDDE90F0208
:1089A00003920E9B11990022DDF80CA00093049213
:1089B00011B9791C00EB010AB7EB0A0004D4C0F12D
:1089C000FF3007F1010A0490AAEB0700019044E090
:1089D000012F00DA01270021112F01DD112000E015
:1089E0003846CDE9000106A90EA8FFF7B1FCDDE984
:1089F0000F010E9A0391002104910092BA462107BB
:108A00000CD40399514500DA8A46BAF1010F05DD0D
:108A1000009AAAF10101515C302908D0B84202DA6B
:108A200010F1040F06DA0121CDE9011015E0AAF1D9
:108A30000101E9E7002805DC049901440491AAEB4F
:108A4000000102E0411C514500DD8A460499401AAC
:108A5000401C01904FF000400290200704D4019880
:108A6000504501DBCDF8048000208DF84F000298BE
:108A70000DF14F07B0F1004F25D02B200E9002983A
:108A80004FF0020800280CDA404202902D200E9090
:108A900007E00A210298F7F798FC3031029007F8B6
:108AA000011DB8F10001A8F10108F2DC02980028CC
:108AB000EFD1791E0E980870307800F0200040F059
:108AC000450007F8020D12A8C01B00F10708149812
:108AD000007800B1012000EB0A01019801EBE07180
:108AE00005984144401A401E0590E00306D45B46B9
:108AF0002146179A059800F05DF80544149800780F
:108B000018B15A46179990476D1CE00324D55B466F
:108B10002146179A059800F04DF805441CE004988A
:108B2000002807DBDDE90301884203DD0098405C93
:108B3000179901E0179930205A469047049805F19B
:108B40000105401C04900198401E019004D12E2084
:108B50005A46179990476D1CBAF10001AAF1010A13
:108B6000DDDC05E017F8010B5A46179990476D1C9C
:108B7000B8F10001A8F10108F4DC5B462146179A20
:108B80000598ABE62D0000002B000000200000003F
:108B90002DE9F041044600251E461746880404D4FA
:108BA00005E039462020B0476D1C641EF9D52846E3
:108BB000BDE8F0812DE9F041044600251E469046AF
:108BC000C80301D5302700E02027880404D505E03C
:108BD00041463846B0476D1C641EF9D52846BDE8AD
:108BE000F0810A68531C0B601070704713460A46E8
:108BF000014602A0FFF774FBFEE700006173736596
:108C00007274696F6E206661696C65643A206025D4
:108C100073602061742025733A25640000F00F030F
:108C2000000900EB800003EB4000C0B200F5FA63DE
:108C3000080901F00F0C00EB80000CEB400011095B
:108C400002F00F0CC0B201EB81010CEB4101421E9E
:108C5000C9B20C2A02D209B11F2901D900207047DC
:108C6000012818BF022803D10C305A1EC0B293B29B
:108C7000421C02EB420240F2676C12FB0CF201EB69
:108C8000400000EB52304AF2D731184401FB031187
:108C900000EB9300A0EB91504FF4C871B3FBF1F1DE
:108CA0000844411C074B08460022C3FB01208210E8
:108CB000A2EBE070A0EBC000084410F0FF0008BF7A
:108CC0000720704793244992FF2330B41A46B1F12C
:108CD000010C24BF084C04F5807508D310F8011B63
:108CE0005940635C53406A5CBCF1010CF6D2034806
:108CF0000270437030BC7047C80000205C00002048
:108D00000022002898BF704746F2A811491EFDD1E5
:108D1000521C8242F8D370470022002898BF704747
:108D20001921491EFDD1521C8242F9D3704700001F
:108D300070B5074D0446C1B22846FFF763F980219C
:108D40002846FEF713FE0028F9D0204670BD00002B
:108D5000005000400148407870470000C8020020E1
:108D600001480078704700002800002000B587B057
:108D70006846FCF7A7FA012140F2FD10FCF708FA5B
:108D800001214FF46020FCF7A3F94FF44070FBF78A
:108D90000BFD0420FDF7FEF90B4901980B4BA1FBDD
:108DA000001040090022401EB0F1807F08D24FF031
:108DB000E0214861F02083F8140D8A6107200861E2
:108DC00083F8142D07B000BD1F85EB510FE000E0C4
:108DD00030B585B00424ADF8104018208DF813008C
:108DE0000320194D8DF8120004A92846F9F7DCFC80
:108DF0000821ADF8101001218DF812108DF81340E4
:108E000004A92846F9F7D0FC4FF416500090002032
:108E1000ADF80400ADF80600ADF80800ADF80C00A0
:108E20000C200A4CADF80A0069462046FEF70EFFFA
:108E3000012240F225512046FEF742FC0121204646
:108E4000FEF71CFD05B030BD0008014000440040A5
:108E500010B586B04FF48060ADF8100018208DF882
:108E600013000320194C8DF8120004A92046F9F7CD
:108E70009BFCE114ADF8101001218DF812100421B3
:108E80008DF8131004A92046F9F78EFC4FF4165004
:108E900000900020ADF80400ADF80600ADF8080021
:108EA000ADF80C000C200A4CADF80A0069462046CB
:108EB000FEF7CCFE012240F225512046FEF700FCD1
:108EC00001212046FEF7DAFC06B010BD000C01407F
:108ED0000048004010B586B04FF48060ADF8100037
:108EE00018208DF813000320194C8DF8120004A9E6
:108EF0002046F9F759FCE114ADF8101001218DF866
:108F0000121004218DF8131004A92046F9F74CFC27
:108F10004FF4E13000900020ADF80400ADF80600F9
:108F2000ADF80800ADF80C000C200A4CADF80A00B2
:108F300069462046FEF78AFE012240F2255120466E
:108F4000FEF7BEFB01212046FEF798FC06B010BDDF
:108F500000100140004C004010B586B001213120C6
:108F6000FCF716F901210805FCF7B2F84FF4805020
:108F7000ADF8100018208DF8130003208DF81200B2
:108F800004A91648F9F710FC0420ADF810008DF87C
:108F9000130004A91248F9F707FC4FF4E1300090E0
:108FA0000020ADF80400ADF80600ADF80800ADF8FB
:108FB0000C0008200B4CADF80A0069462046FEF76D
:108FC00045FE012240F225512046FEF779FB0121A2
:108FD0002046FEF753FC208806B010BD001001406B
:108FE000001401400050004026480178012918BFB4
:108FF000704710B500210170FFF7B2FE012803D0C1
:10900000BDE81040FDF7BEB90220FBF72FFA00289B
:1090100018BF10BD00210420FBF744FA00210420F2
:10902000F8F724FE0020F8F78FF80120FBF71EFA6E
:10903000012811D00120FCF75BFF0120F8F73CF973
:1090400001210846FBF72EFA01210846F8F70EFE2B
:10905000BDE81040FBF780B90020FCF749FF002075
:10906000F8F72AF900210120FBF71CFA09210A2050
:10907000FBF72EFA00210120F8F7F8FDBDE81040BB
:10908000FBF76AB9580000200149012008707047B9
:109090005800002070B584B00425214EADF8005072
:1090A00048248DF8034069463046F9F77DFB0221DC
:1090B0000120F8F797FF00208DF80C000C208DF8A8
:1090C0000D0001208DF80E00029502A8F8F702FDB0
:1090D0001020ADF80000134D8DF803406946284676
:1090E000F9F762FB4020ADF800008DF803406946B7
:1090F0002846F9F759FB2020ADF800008DF8034011
:1091000069460948F9F750FB0220ADF800008DF8D8
:10911000034069463046F9F747FB04B070BD0000D4
:10912000000C01400008014000100140FFF75CBF47
:10913000F8B52020ADF800001025214E8DF8035021
:1091400001248DF8024069463046F9F72DFB2021B5
:109150003046F9F73DFD1B4A4FF4FA710120FFF745
:109160009DF88021ADF800108DF803508DF8024075
:1091700069463046F9F718FB80213046F9F728FD9B
:10918000ADF80050104E8DF803508DF8024069463E
:109190003046F9F709FB10213046F9F719FDADF813
:1091A00000408DF803508DF80240084C6946204677
:1091B000F9F7FAFA01212046F9F70AFDF8BD000097
:1091C000000801403D3A000800100140000C014039
:1091D0000149012048707047CC020020F7F73EFF9C
:1091E000F8F7B2F9F9F730FEF9F78CFEF7F798FFC8
:1091F000FCF75AF9FDF778FDFAF734FBF9F7C2FDF1
:10920000F9F75EFEF2E70000F0B50B30154D20F0E7
:1092100007010024144A0FE003688B420BD38B42F2
:1092200005D95E1A43184768C3E9006700E0436840
:10923000136002C004E0021D10680028ECD1204633
:10924000002802D1286808B10020F0BD064A07486E
:109250001060074A121A22F00702C0E90024012018
:109260002860D7E7E0020020DC0200205C19002023
:10927000582900200149012008707047CC020020C5
:109280000149012008717047CC0200200149487053
:10929000F7F7D5BFC8020020014901208870704748
:1092A000CC02002010B500218F20F7F7D6FB00215B
:1092B0009020F7F7D2FB00219120F7F7CEFB002199
:1092C0009220F7F7CAFBF8F72DFE00210420F7F7EC
:1092D000C4FB01210520F7F7C0FB00210620F7F7AA
:1092E000BCFB01210720F7F7B8FB00210820F7F7A6
:1092F000B4FBBDE81040F8F7E2BC0000000001023A
:109300000304010203040607080901020406080A0F
:109310000C1020202020202020200100020004002A
:10932000060008000A000C00100020004000800029
:1093300000010001000100010001303132333435F9
:1093400036373839414243444546000000000000AA
:1093500000000000000000000404040404000004F5
:10936000000014140A0000000000000000000000CB
:109370000A0A1F0A0A1F0A0A000000040E15050641
:109380000C14150E0400000012150D152E2C2A12B7
:1093900000000000040A0A36151529160000020212
:1093A0000100000000000000000010080804040490
:1093B000040408081000020404080808080804044B
:1093C000020000000004150E0E150400000000004D
:1093D0000008083E0808000000000000000000002F
:1093E00000000202010000000000003F0000000039
:1093F000000000000000000000000002000000204B
:109400001010080804040202010000000E111111DE
:109410001111110E00000000040604040404040EDF
:10942000000000000E1111080402011F00000000DE
:109430000E11100C1010110E00000000080C0C0A88
:10944000091F081C000000001F01010F1110110E60
:10945000000000000C12010D1311110E000000009D
:109460001E10080804040404000000000E11110E70
:109470001111110E000000000E111119161009062D
:1094800000000000000004000000000400000000D4
:1094900000000004000000040400000010080402A2
:1094A000020408100000000000003F003F00000020
:1094B0000000000002040810100804020000000070
:1094C0000E11110804040004000000001C22292DC4
:1094D0002D1D221C0000000004040C0A0A1E123379
:1094E000000000000F12120E1212120F00000000F6
:1094F0001E1101010101110E000000000F121212D5
:109500001212120F000000001F120A0E0A02121F90
:10951000000000001F120A0E0A02020700000000ED
:109520001C1201013911120C000000003312121E2E
:1095300012121233000000001F0404040404041F6C
:10954000000000003E080808080808080907000095
:1095500037120A060A121237000000000702020240
:109560000202223F000000003B1B1B1B1515153596
:10957000000000003B1216161A1A12170000000015
:109580000E1111111111110E000000000F12120E18
:1095900002020207000000000E1111111117190E2E
:1095A000180000000F12120E0A12123700000000FD
:1095B0001E1101060810110F000000001F15040401
:1095C0000404040E00000000331212121212120CD6
:1095D000000000003312120A0A0C0404000000000C
:1095E000151515150E0A0A0A000000001B0A0A04C8
:1095F000040A0A1B000000001B0A0A0A0404040EE5
:10960000000000001F0908040402121F00001C04CF
:1096100004040404040404041C00000202040404FE
:109620000808081010000E080808080808080808AC
:109630000E00040A0000000000000000000000000E
:109640000000000000000000003F020400000000D5
:1096500000000000000000000000000C121C123C82
:10966000000000030202020E1212120E000000009F
:109670000000001C1202120C000000181010101C38
:109680001212123C000000000000000C121E021C0E
:10969000000000182404041E0404041E000000003E
:1096A0000000003C120C021C221C00030202020EED
:1096B0001212123700000004040000060404040E15
:1096C000000000080800000C08080808080700034C
:1096D0000202021A0A060A13000000070404040426
:1096E0000404041F000000000000000F15151515EC
:1096F000000000000000000F1212123700000000EE
:109700000000000C1212120C000000000000000FFC
:109710001212120E020700000000001C1212121C8E
:10972000103800000000001B0602020700000000C5
:109730000000001E020C101E000000000004041EA9
:109740000404041C000000000000001B1212123C64
:10975000000000000000001B0A0A040400000000D2
:1097600000000015150E0A0A000000000000001B92
:109770000A040A1B000000000000003312120C084B
:10978000040300000000001E0804041E0000180866
:109790000808080C0808080818000808080808083D
:1097A000080808080808060404040408040404045B
:1097B0000600160900000000000000000000000084
:1097C0000000000000000000000000000000000099
:1097D00000080808080808080000181800000048D9
:1097E0006C241200000000000000000000000000D7
:1097F000002424247F1212127F1212120000000093
:10980000081C2A2A0A0C1828282A2A1C08080000E2
:109810000022251515152A58545454220000000022
:10982000000C1212120A76252911916E0000000612
:1098300006040300000000000000000000000040DB
:109840002010100808080808081010204000000226
:10985000040808101010101010080804020000007E
:10986000000008086B1C1C6B0808000000000000CA
:109870000000080808087F08080808000000000029
:1098800000000000000000000000060604030000C5
:10989000000000000000FE000000000000000000CA
:1098A00000000000000000000000060600000000AC
:1098B000804040202010100808040402020000002C
:1098C0000018244242424242424224180000000052
:1098D00000080E08080808080808083E00000000F4
:1098E000003C4242422020100804427E000000005A
:1098F000003C4242201820404042221C0000000050
:1099000000203028242422227E202078000000001D
:10991000007E0202021A26404042221C0000000083
:1099200000382402021A2642424224180000000095
:10993000007E222210100808080808080000000015
:10994000003C4242422418244242423C00000000B3
:1099500000182442424264584040241C0000000089
:109960000000000018180000000018180000000097
:1099700000000000000800000000000808040000CB
:1099800000402010080402040810204000000000DD
:10999000000000007F0000007F00000000000000C9
:1099A00000020408102040201008040200000000FB
:1099B000003C4242464020101000181800000000F1
:1099C000001C225A555555552D42221C00000000FE
:1099D000000808181414243C224242E7000000004A
:1099E000001F2222221E22424242221F00000000AB
:1099F000007C4242010101010142221C00000000E2
:109A0000001F2242424242424242221F0000000006
:109A1000003F4212121E12120242423F000000009A
:109A2000003F4212121E1212020202070000000042
:109A3000003C2222010101712122221C00000000B1
:109A400000E7424242427E42424242E700000000BA
:109A5000003E0808080808080808083E0000000042
:109A6000007C10101010101010101010110F0000BA
:109A7000007722120A0E0A1212222277000000003A
:109A800000070202020202020202427F00000000FE
:109A90000077363636362A2A2A2A2A6B000000003A
:109AA00000E346464A4A52525262624700000000B2
:109AB000001C2241414141414141221C0000000063
:109AC000003F424242423E02020202070000000002
:109AD000001C2241414141414D53321C60000000B5
:109AE000003F4242423E1212222242C700000000C2
:109AF000007C4242020418204042423E0000000026
:109B0000007F4908080808080808081C0000000031
:109B100000E74242424242424242423C00000000D0
:109B200000E7424222242414141808080000000010
:109B3000006B494949495555362222220000000050
:109B400000E7422424181818242442E700000000EB
:109B500000772222141408080808081C00000000DE
:109B6000007E2120101008040442423F00000078CB
:109B7000080808080808080808080808780000000D
:109B80000202040408080810102020204040001E93
:109B90001010101010101010101010101E000038AF
:109BA0004400000000000000000000000000000071
:109BB00000000000000000000000000000FF0006A0
:109BC000080000000000000000000000000000008D
:109BD00000000000003C4278444242FC00000000CB
:109BE00000030202021A26424242261A0000000026
:109BF0000000000000384402020244380000000067
:109C00000060404040784442424264D80000000076
:109C100000000000003C427E0202423C00000000C6
:109C200000F08808087E08080808083E00000000C8
:109C300000000000007C22221C023C42423C00004A
:109C400000030202023A4642424242E7000000009C
:109C5000000C0C00000E08080808083E0000000078
:109C6000003030000038202020202020221E00005C
:109C7000000302020272120A16122277000000008C
:109C8000000E0808080808080808083E0000000040
:109C900000000000007F9292929292B700000000B4
:109CA00000000000003B4642424242E70000000044
:109CB00000000000003C42424242423C00000000E2
:109CC00000000000001B26424242221E0207000044
:109CD00000000000007844424242447840E0000026
:109CE0000000000000774C040404041F0000000082
:109CF00000000000007C42023C40423E00000000A8
:109D000000000008083E08080808083000000000AD
:109D10000000000000634242424262DC000000009A
:109D20000000000000E7422424140808000000009E
:109D30000000000000EB49495555222200000000B8
:109D400000000000007624181818246E000000009F
:109D50000000000000E7422424141808080700004F
:109D600000000000007E22100808447E000000C0B1
:109D7000202020202010202020202020C000101093
:109D800010101010101010101010101010100006ED
:109D900008080808081008080808080806000C3217
:109DA000C2000000000000000000000000000000F1
:109DB00000000000000000000000000000000000A3
:109DC0000000000000000000000000000000000093
:109DD0000000000000000000000000000000000083
:109DE0000000000000006000600060006000600093
:109DF0006000600040002000200020000000000003
:109E00000000600060006000000000000000000032
:109E100000006006600630039801880044000000DE
:109E20000000000000000000000000000000000032
:109E30000000000000000000000000000000000022
:109E40000000000000001002100210021002FE07C5
:109E5000FE0708020801080108010801FE07FE07C5
:109E600004010401040104010000000000000000DE
:109E70000000000040004000F00158034C03CC03F8
:109E80004C0058007000E000C001C00140034C03CA
:109E90005C034C034801F00040004000000000005B
:109EA0000000000000000E010A01910091009100E5
:109EB000510051003A00AE03A0025004500448047F
:109EC00048044804840284030000000000000000ED
:109ED00000000000000038006C006C006C006C009A
:109EE0006C002C0098071C011A0133013301630137
:109EF000E300C308C6093C070000000000000000A2
:109F000000000C001C0010001000080004000000FD
:109F10000000000000000000000000000000000041
:109F20000000000000000000000000000000000031
:109F3000000000040002000180008000400040009A
:109F400020002000200020002000200020004000F1
:109F500040008000800000010002000400000000BA
:109F60000000020004000800100010002000200083
:109F70004000400040004000400040004000200001
:109F80002000100010000800040002000000000083
:109F9000000000000000000000004000C000400081
:109FA000460C4E0FD001F0015E0F460C4000400001
:109FB0004000000000000000000000000000000061
:109FC0000000000000000000000000004000400011
:109FD000400040004000FE0F4000400040004000B4
:109FE0004000000000000000000000000000000031
:109FF0000000000000000000000000000000000061
:10A000000000000000000000000000000000000050
:10A0100000000C001C0010001000080004000000EC
:10A020000000000000000000000000000000000030
:10A03000000000000000FE0700000000000000001B
:10A040000000000000000000000000000000000010
:10A050000000000000000000000000000000000000
:10A0600000000000000000000000000000000000F0
:10A0700000001C001C001C0000000000000000008C
:10A08000000000040006000200030001000180003F
:10A090008000400040006000200020001000100000
:10A0A000080008000C000400060002000000000088
:10A0B0000000000000000000F00098010C030C03F9
:10A0C0000606060606060606060606060606060630
:10A0D0000C030C039801F0000000000000000000D9
:10A0E000000000000000000040007C0060006000F4
:10A0F0006000600060006000600060006000600060
:10A10000600060006000FC03000000000000000030
:10A110000000000000000000F800840102030603B4
:10A120000603000300018001C00060002000100051
:10A13000080204020602FE03000000000000000006
:10A1400000000000000000007800C60086018601C3
:10A1500080018001C0007000800100010003000345
:10A16000060306038601F80000000000000000005E
:10A17000000000000000000080018001C001A0017B
:10A18000A00190018801880184018201FE0F8001F5
:10A19000800180018001E007000000000000000055
:10A1A0000000000000000000FC03040004000400A4
:10A1B00004000400F4008C01040300030003060300
:10A1C000060382018401F800000000000000000086
:10A1D0000000000000000000E00118030C030C0068
:10A1E00004000600E60116030E060606060606062D
:10A1F00004060C021803F00000000000000000003C
:10A200000000000000000000F8070C060402040132
:10A21000000100018000800040004000400060001C
:10A2200060006000600060000000000000000000AE
:10A230000000000000000000F8010C0306060606FE
:10A2400006060C021C03F000C8010C0306060606F5
:10A25000060606060C03F0010000000000000000E6
:10A260000000000000000000F0000C010C030602DA
:10A2700006060606060606078C0678060006000394
:10A2800000030C018C0178000000000000000000B9
:10A2900000000000000000000000000000000000BE
:10A2A0000000E000E000E00000000000000000000E
:10A2B0000000E000E000E0000000000000000000FE
:10A2C000000000000000000000000000000000008E
:10A2D00000006000600000000000000000000000BE
:10A2E000000000006000600040002000200000002E
:10A2F0000000000000000004000200018000400097
:10A300002000100008000400080010002000400099
:10A3100080000001000200040000000000000000B6
:10A32000000000000000000000000000000000002D
:10A330000000FE07000000000000FE070000000013
:10A34000000000000000000000000000000000000D
:10A350000000000000000400080010002000400081
:10A3600080000001000200040002000180004000A3
:10A3700020001000080004000000000000000000A1
:10A380000000000000000000E0031806040C040CAC
:10A390000C0C0C0C00078001400040004000000045
:10A3A0000000E000E000E00000000000000000000D
:10A3B000000000000000E00018030C02CC0564055A
:10A3C0006605A605B604B604B604B604B602E401F2
:10A3D0000C040C021803F000000000000000000054
:10A3E0000000000000000000600060005000D0008D
:10A3F00090009000880088010801F801040304031C
:10A400000402020202060F0F00000000000000001C
:10A410000000000000000000FE008C030C030C0391
:10A420000C030C038C01FC000C030C020C060C0644
:10A430000C060C060C03FE010000000000000000EA
:10A440000000000000000000E00318030C060C04EC
:10A4500004040600060006000600060006000604C6
:10A460000C040C021803F0000000000000000000C3
:10A4700000000000000000007F008C010C030C03B2
:10A480000C060C060C060C060C060C060C060C063C
:10A490000C030C038C017F00000000000000000092
:10A4A0000000000000000000FF030603060406048D
:10A4B000060086008600FE008600860086000600F4
:10A4C000060406040602FF0300000000000000006E
:10A4D0000000000000000000FF030603060406045D
:10A4E000060086008600FE008600860086000600C4
:10A4F0000600060006001F0000000000000000002B
:10A500000000000000000000F00018010C020C0226
:10A5100004020600060006000600C60F0603060336
:10A520000C030C031803F000000000000000000002
:10A5300000000000000000000F0F060606060606D9
:10A54000060606060606FE070606060606060606B2
:10A550000606060606060F0F0000000000000000B9
:10A560000000000000000000FC03600060006000CC
:10A5700060006000600060006000600060006000DB
:10A58000600060006000FC030000000000000000AC
:10A590000000000000000000F807C000C000C0007C
:10A5A000C000C000C000C000C000C000C000C000AB
:10A5B000C000C000C000C000C60066003C00000033
:10A5C0000000000000000000CF038601C600460026
:10A5D0002600160036002E006E004600C6008600DB
:10A5E0008601060106038F0700000000000000003E
:10A5F00000000000000000001F000600060006002A
:10A60000060006000600060006000600060006001A
:10A61000060406040602FF0300000000000000001C
:10A6200000000000000000000707860386038E0379
:10A630008E034E034E034A035A035A033A0332036E
:10A6400032033203120387070000000000000000FD
:10A6500000000000000000008E0F0C021C021C0213
:10A6600034023402640264024402C4028402840399
:10A670008403040304031F02000000000000000024
:10A680000000000000000000F00098010C030C0224
:10A69000060606060606060606060606060606065A
:10A6A0000C020C039801F000000000000000000004
:10A6B0000000000000000000FF000603060606067A
:10A6C0000606060606068603FE00060006000600CD
:10A6D0000600060006001F00000000000000000049
:10A6E0000000000000000000F00098010C030C02C4
:10A6F000060606060606060606060606060676068A
:10A700004C02CC039801F000800700030000000019
:10A710000000000000000000FF0106030606060618
:10A72000060606060603FE004600C60086008601F1
:10A730000603060306060F0E0000000000000000DE
:10A740000000000000000000F8020C0306020602F0
:10A7500006000E003C00F800E0038003000702063C
:10A76000020606060C03F0010000000000000000D5
:10A770000000000000000000FE076204610861089C
:10A7800060006000600060006000600060006000C9
:10A79000600060006000F8010000000000000000A0
:10A7A00000000000000000001E070C020C020C025A
:10A7B0000C020C020C020C020C020C020C020C0229
:10A7C0000C020C021801F000000000000000000064
:10A7D00000000000000000000F0706020401040151
:10A7E0000C010C018800880098009800500050006F
:10A7F0007000300020002000000000000000000079
:10A800000000000000000000F70E6204420446044D
:10A81000460464026402E402E4029C029C01980182
:10A8200098018801880088000000000000000000F6
:10A8300000000000000000009E070C010801180144
:10A840009000B0006000200060006000D000900028
:10A850008801080104038E070000000000000000CA
:10A8600000000000000000000F0F060404020C02AC
:10A8700008011801B800B0007000600060006000BE
:10A88000600060006000F8010000000000000000AF
:10A890000000000000000000FC070C02060302019B
:10A8A00080018000400040002000200010001800BF
:10A8B00008040C040402FE03000000000000000075
:10A8C0000000E003200020002000200020002000E5
:10A8D0002000200020002000200020002000200078
:10A8E00020002000200020002000E00300000000E5
:10A8F0000000000000000400040008000800100030
:10A90000100010002000200040004000C000800027
:10A9100080000001000100020002000200040000AB
:10A9200000007C004000400040004000400040002B
:10A930004000400040004000400040004000400017
:10A94000400040004000400040007C00000000004B
:10A9500060009000080100000000000000000000FE
:10A9600000000000000000000000000000000000E7
:10A9700000000000000000000000000000000000D7
:10A9800000000000000000000000000000000000C7
:10A9900000000000000000000000000000000000B7
:10A9A000000000000000000000000000FF0F000099
:10A9B000000018006000000000000000000000001F
:10A9C0000000000000000000000000000000000087
:10A9D0000000000000000000000000000000000077
:10A9E0000000000000000000000000000000000067
:10A9F0000000F0010C030C030003E0031C030E0332
:10AA0000060306038E0B7C0E000000000000000011
:10AA100000000000000008000E000C000C000C00FC
:10AA20000C00CC013C031C060C060C060C060C06A4
:10AA30000C060C021C03E4010000000000000000F2
:10AA40000000000000000000000000000000000006
:10AA50000000F0008C018C01860106000600060053
:10AA600006020C020C01F0000000000000000000D3
:10AA70000000000000000002C00300030003000308
:10AA8000000378038C030C03060306030603060386
:10AA9000060304038C07780100000000000000009A
:10AAA00000000000000000000000000000000000A6
:10AAB0000000E001180308020C060C06FC070C005D
:10AAC0000C0018041802E001000000000000000063
:10AAD0000000000000000000C003600630063000E7
:10AAE0003000FE0130003000300030003000300017
:10AAF000300030003000FC010000000000000000C9
:10AB00000000000000000000000000000000000045
:10AB10000000F007D8068C018C018C019801F80028
:10AB20000C00FC00CC03060306038E03F8000000B3
:10AB300000000000000008000E000C000C000C00DB
:10AB40000C00EC011C030C030C030C030C030C03A2
:10AB50000C030C030C039E07000000000000000023
:10AB60000000000000000000600060000000000025
:10AB700040007C00600060006000600060006000D9
:10AB8000600060006000FC030000000000000000A6
:10AB90000000000000000000C001C0010000000033
:10ABA0000001F001800180018001800180018001AD
:10ABB00080018001800180018001CC007C000000C8
:10ABC00000000000000008000E000C000C000C004B
:10ABD0000C008C038C008C004C006C005C008C0022
:10ABE0008C010C010C039E07000000000000000017
:10ABF00000000000000040007C0060006000600079
:10AC00006000600060006000600060006000600044
:10AC1000600060006000FC03000000000000000015
:10AC20000000000000000000000000000000000024
:10AC300000003707EE0666066606660666066606C6
:10AC4000660666066606FF0F0000000000000000B2
:10AC500000000000000000000000000000000000F4
:10AC60000000EE011C030C030C030C030C030C038B
:10AC70000C030C030C039E07000000000000000002
:10AC800000000000000000000000000000000000C4
:10AC90000000F00098010C030606060606060606EC
:10ACA00006060C030C03F00000000000000000008A
:10ACB0000000000000000000000000000000000094
:10ACC0000000EE011C030C060C060C060C060C061C
:10ACD0000C060C031C03EC010C000C003E000000F1
:10ACE0000000000000000000000000000000000064
:10ACF000000078028C030C03060306030603060318
:10AD0000060304038C03780300030003C00700005C
:10AD10000000000000000000000000000000000033
:10AD200000009F0358063806180018001800180085
:10AD3000180018001800FF000000000000000000CC
:10AD40000000000000000000000000000000000003
:10AD50000000F0031C030C020C023800F000C003DA
:10AD6000040304038C03FC01000000000000000049
:10AD70000000000000000000000020002000300063
:10AD80003000FE0130003000300030003000300074
:10AD9000300030023002E00100000000000000003E
:10ADA00000000000000000000000000000000000A3
:10ADB00008028E030C030C030C030C030C030C039E
:10ADC0000C030C039C077801000000000000000049
:10ADD0000000000000000000000000000000000073
:10ADE00000001E070C020801080118019000B000C5
:10ADF000B0006000600020000000000000000000C3
:10AE00000000000000000000000000000000000042
:10AE10000000F70E6204460464026402EC029C0126
:10AE2000980198019801080000000000000000004F
:10AE30000000000000000000000000000000000012
:10AE40000000BC0718011001B00060006000E000C5
:10AE50009000080108039E070000000000000000A9
:10AE600000000000000000000000000000000000E2
:10AE700000009E0708010801080190009000B00042
:10AE80006000600060002000200024001C00000022
:10AE900000000000000000000000000000000000B2
:10AEA0000000FC018401C400440060002000300068
:10AEB000180208020C03FC01000000000000000062
:10AEC000000000038000800080008000800080007F
:10AED0008000800040002000400080008000800052
:10AEE000800080008000800080000003000040009F
:10AEF0004000400040004000400040004000400052
:10AF00004000400040004000400040004000400041
:10AF10004000400040004000400040004000000071
:10AF200000000C00100010001000100010001000B5
:10AF30001000100020004000200010001000100041
:10AF4000100010001000100010000C0000000000A5
:10AF50001C002204C2048003000000000000000066
:10AF600000000000000000000000000000000000E1
:10AF700000000000000000000000000000000000D1
:10AF800000000000000000000000000000000000C1
:10AF9000000001FFFF0000FFFF00008204000082AC
:10AFA0000400008204000082040000820400008289
:10AFB0000400008204003FFFFFF81FFFFFFC108227
:10AFC000040C0082040C0082040C0082040C008239
:10AFD000040C0082040C0082040C0082040C01FFAB
:10AFE000FE0C00FFFE0C0000000C0000001C000026
:10AFF00001FC00000008000000000000000000004C
:10B000000000000000020000000400000018000022
:10B01000007000000FC80FFFFF080FFF8008080036
:10B0200000080801000808010008080100080801DC
:10B0300000080801000808010008080100080BFFCB
:10B04000FFF809FFFFF8098100080801000808015E
:10B050000008080110080801180808010E08080374
:10B0600007C8180303C838010008180000180800B2
:10B0700000180000000800000000000000000000B0
:10B0800000000000000000100200000C0200000F91
:10B09000033C080707FC06001F80078070020303BB
:10B0A0008004000C0004003000180200003002048C
:10B0B00007E00207FF80020E400002160000026453
:10B0C000000032C480021F847FFC1E844000020402
:10B0D000000002040000020400000224FFFC021C25
:10B0E0007FEC020E000406070004060000040200C4
:10B0F00000FC0000001C0000000800000000000030
:10B1000000000000000001000180010001C00100FA
:10B11000018001000180010003000100030001FF24
:10B12000FE0001FFFE02010004040100040401000E
:10B13000040803000818031008100110086000102C
:10B1400000C00010018000100F000010FC103FFF35
:10B15000E0101FF80008101000080010000C00108C
:10B16000000E0010000C001001FC001FFFF0003F5B
:10B17000E0000010000000000000000000000000DF
:10B180000000000000000000010002001100024069
:10B1900039000260310002306100023C41000210BF
:10B1A000810002010100020C3100021C3100023C4E
:10B1B00071000268B10033C9A1001F8B3FFE1E0E53
:10B1C0002FFC020C21000238A10002706100022055
:10B1D00079000204310002090100021881000230E6
:10B1E000C1000260C10006207100020033000000AF
:10B1F000030000000100000000000000000000004B
:10B20000000000000000000000000000000200003C
:10B21000000400000008000002080FF84710089022
:10B22000E7300890C6600890CAE008914BC00891CA
:10B230004A48089252080896520C089C640E0FF473
:10B2400067FC089047F80890C400089084000891B3
:10B2500084000891A480089014C008901C400890B5
:10B260000C601FF80E30080007380000001C0000BA
:10B2700000000000000000000000000000000000CE
:10B2800000000004000000040000000400000004AE
:10B29000000020040000100400100C0FFFF80F0441
:10B2A000003807000060000000C0000401800004B6
:10B2B000020000040000000400000004000000047C
:10B2C000000000040000000400003FFFFFFE1FFF1D
:10B2D000FFFC100400000004000000040000000453
:10B2E00000000004000000040000000C0000000C3E
:10B2F000000000040000000000000000000000004A
:10B30000000000000000000000000000000000003D
:10B31000000001FFFF0000FFFF0000820400008228
:10B320000400008204000082040000820400008205
:10B330000400008204003FFFFFF81FFFFFFC1082A3
:10B34000040C0082040C0082040C0082040C0082B5
:10B35000040C0082040C0082040C0082040C01FF27
:10B36000FE0C00FFFE0C0000000C0000001C0000A2
:10B3700001FC0000000800000000000000000000C8
:10B38000000000000000004000000070000000EF1E
:10B39000FFFE01A7FFFC03244200062442001C24F8
:10B3A000420818244208102442080044420C024477
:10B3B000420E01CFFFFC01E4000000F0000000009D
:10B3C0000000000000001FF87FF81FFE7FFC084609
:10B3D000020C0082020C0082040C01820C0C03029D
:10B3E000180C0702380C0202300C0006100C003E4C
:10B3F00001FC000400080000000000000000000044
:10B4000000000100000001038300010F0300017927
:10B41000020007C102003F010200193FFFFE111F99
:10B42000FFFE0111040001030400030504000109EB
:10B430000400001FFFFE0033FFFC0062220000D268
:10B44000220003A222040F13FFFE3C17FFFC181278
:10B450000000141000000330000001F1FFC800D00C
:10B4600000080060000C0030000E003BFFFC001ADA
:10B4700000000010000000100000000000000000AC
:10B4800000000000000000000000000000000000BC
:10B49000000800011FFC01FF8FF801FF00080001F8
:10B4A0000008000100080001000800010008000178
:10B4B000000800010008000100083FFFFFF81FFF1F
:10B4C000FFF8100100080001000800010008000159
:10B4D000000800010008000100080001000803FF47
:10B4E000800801FF9FFE01000FFE00000800000021
:10B4F000000000000000000000000000000000004C
:10B50000000000000000004020000040301000401B
:10B510006008004060080040400C0040C00E3FFF43
:10B52000FFFC1FFFFFF8004100000041000000C2C7
:10B53000000000C200000240000002000000020003
:10B5400000000200001002000008020000080200D3
:10B55000000E03FFFFFC03FFFFFC020000000200DF
:10B5600000000200000002000000060000000600CB
:10B5700000000200000000000000000000000000C9
:10B5800000000000000000010002040100040401AA
:10B59000000404010008040100100401002004015B
:10B5A00000C00401038007FFFF0007FFF80004014B
:10B5B0000000040100000401000004010000040177
:10B5C000000004010000040100000401000007FF66
:10B5D000FFFE07FFFFFC040100000401000004015E
:10B5E00000000C0100001C0100000C03000004031B
:10B5F000000000010000000000000000000000004A
:10B600000000000000000000400200004002002096
:10B610004004002040040020400800204018002082
:10B62000401010204020182040600E2040C007A08D
:10B63000438003A0470000207C00003FF800003F4B
:10B64000C0000020600000E0580003A046003E203B
:10B6500043801C2040C01820406000204070002023
:10B660004038002040180060401C0060C00C0020E2
:10B67000C00C0000400800000000000000000000B6
:10B68000000000000000000000000000000003FFB8
:10B69000FFFE03FFFFFC010000002000010018086E
:10B6A00001001E0802000E0804000008080000083F
:10B6B0001000040860800408C040040B8040040EA1
:10B6C000007007FFFFE005FFFFC0048800000408CA
:10B6D000000004080000040800080418000804081A
:10B6E000000C0408000E07FFFFFE0FFFFFFC040024
:10B6F000000000000000000000000000000000004A
:10B7000000000001000000062000000C200000786E
:10B71000200003C820003F0FFFF01D0FFFF81108A5
:10B72000203001082062010820C20318608201084D
:10B7300021040000000408000004043FFF08071F64
:10B74000FE0803D0001000100030001000E03FF3AE
:10B75000FF801FF3FE001011008000500040009099
:10B760000040031000200E3FFE300C100038000097
:10B77000001C0000000E000000000000000000009F
:10B780000000000000000040200000403010004099
:10B790006008004060080040400C0040C00E3FFFC1
:10B7A000FFFC1FFFFFF0104180000041000000C1BE
:10B7B000000000C200000042000000000000000085
:10B7C000000000FFFFFC00FFFFF800800040008049
:10B7D0000040008000400080004000800040008069
:10B7E00000400080004000FFFFFC01FFFFF80080E8
:10B7F0000000000000000000000000000000000049
:10B800000000000004000100080001001000010019
:10B810003000010060000100C0000103FFFE0103D1
:10B82000FFFC010E0010011C00100170801003C00D
:10B8300080100F0080103D0080101100801011005A
:10B84000801001008010017FFFF0013FFFF0010038
:10B8500080100100801001008010010080100100A4
:10B86000801001018010030180100300803001006E
:10B870000030000000100000000000000000000088
:10B8800000000000000002000000020000000200B2
:10B890003FFE02001FFE0201100003FF900002FFA6
:10B8A0009000028310C0020310C0028511C002453F
:10B8B00012C022491CC0324938801A31F0801E3132
:10B8C000D0800A71548002D9128002CD1380020FF9
:10B8D0001180020111C8030110E802FF900802FF65
:10B8E000900C0200100E02003FFC06001FF0060044
:10B8F0000000020000000000000000000000000046
:10B9000000000000000000040830000E0C3000347D
:10B910001E3000E43C200384EC201F0588601C07D7
:10B920000840080C08400038104400F0504400D093
:10B930005084001040880010800800108010001013
:10B940008030001080203FFFF060101FFFC00020FB
:10B9500087C0002083E0082107700C210E380621E3
:10B960001C1C07E1780C00E3300E0063101E00235E
:10B9700000FE0001000200000000000000000000C6
:10B9800000000000000000000008000000080000A7
:10B990000008000000080000000800000008000087
:10B9A0000008000000080000000800000008000077
:10B9B0000008000000083FFFFFF81FFFFFF8100419
:10B9C0000008000400080004000800040008000447
:10B9D0000008000400080004000800040008000C2F
:10B9E0000008000C00080004000800000018000017
:10B9F0000018000000080000000000000000000027
:10BA0000000000000002000C000C00100030007F5D
:10BA1000FFC001DFFC00071088003E108800121FE5
:10BA2000FFF8123FFFF002D0880003908804031053
:10BA30008806003FFFFC0010000000040600080814
:10BA40001A00081072000833C20008E342000FC257
:10BA500042000E004200082FFFFE0827FFFC0814DA
:10BA6000420008184200083842001FF0C2000800D7
:10BA70004600000002000000000000000000080175
:10BA800030022204227822042202A20263FE222231
:10BA9000222222222222222228023002000000003A
:10BAA0003FFC2108210821083FFC00000800088015
:10BAB000086008020801FFFE0800080000000000FE
:10BAC00000000FF00820082008200820FFFF0820B1
:10BAD0000820082008200FF00000000000000040AF
:10BAE0004040404040404040414141414140404051
:10BAF0004040404040404040404040404040400581
:10BB000002020202020202020202020202020220F7
:10BB100020202020202020202002020202020202F7
:10BB20009090909090901010101010101010101015
:10BB30001010101010101010101002020202020259
:10BB40008888888888880808080808080808080875
:10BB5000080808080808080808080202020240004D
:10BB6000DFBA000849535F4E5649435F5355425F61
:10BB70005052494F52495459284E5649435F496ED5
:10BB800069745374727563742D3E4E5649435F4910
:10BB900052514368616E6E656C5375625072696F85
:10BBA000726974792900000049535F4E5649435F1A
:10BBB000505245454D5054494F4E5F5052494F5297
:10BBC000495459284E5649435F496E6974537472FB
:10BBD0007563742D3E4E5649435F49525143686127
:10BBE0006E6E656C507265656D7074696F6E5072C3
:10BBF000696F72697479290049535F5553415254F2
:10BC00005F48415244574152455F464C4F575F434E
:10BC10004F4E54524F4C2855534152545F496E6910
:10BC2000745374727563742D3E48617264776172E7
:10BC300065466C6F77436F6E74726F6C29000000FD
:10BC40002E2E5C2E2E5C2E2E5C323032353132336D
:10BC5000302D2DB2BBB4F84C76676C5C4E33324756
:10BC600034353752454C375C6669726D7761726561
:10BC70005C6E3332673435785F7374645F706572FD
:10BC80006970685F6472697665725C7372635C6E1A
:10BC90003332673435785F657874692E630000004D
:10BCA000C0BC000800000020E80200005A0900089B
:10BCB00004BE0008E802002070660000408300080F
:10BCC000111810E1F505313231303032323530396A
:10BCD0003230015232024A01036380252808C181B3
:10BCE0004001C0804104690C2908E918A91C091AFF
:10BCF00030091638093660092E70092F6000FF00E0
:10BD0000C0C101C30302C2C60607C705C5C404CC2F
:10BD10000C0DCD0FCFCE0E0ACACB0BC90908C8D85F
:10BD20001819D91BDBDA1A1EDEDF1FDD1D1CDC141F
:10BD3000D4D515D71716D6D21213D311D1D010F0EF
:10BD40003031F133F3F23236F6F737F53534F43C6F
:10BD5000FCFD3DFF3F3EFEFA3A3BFB39F9F838283F
:10BD6000E8E929EB2B2AEAEE2E2FEF2DEDEC2CE45F
:10BD70002425E527E7E62622E2E323E12120E0A0CF
:10BD80006061A163A3A26266A6A767A56564A46CAF
:10BD9000ACAD6DAF6F6EAEAA6A6BAB69A9A86878DF
:10BDA000B8B979BB7B7ABABE7E7FBF7DBDBC7CB49F
:10BDB0007475B577B7B67672B2B373B17170B050AF
:10BDC0009091519353529296565797559594549CEF
:10BDD0005C5D9D5F9F9E5E5A9A9B5B9959589888BF
:10BDE0004849894B8B8A4A4E8E8F4F8D4D4C8C44DF
:10BDF000848545874746868242438341818002206D
:04BE000040000000FE
:040000050800019955
:00000001FF
