:020000040800F2
:1000000050690020AD010008F14500086D2D000881
:10001000C93E0008211100082182000800000000EC
:10002000000000000000000000000000BF01000808
:100030002311000800000000C3010008F56100085A
:10004000C7010008C7010008C7010008C701000870
:10005000C7010008C7010008C7010008C701000860
:1000600091190008C7010008C7010008C70100086E
:10007000C7010008C7010008C7010008C701000840
:10008000C7010008C7010008C7010008C701000830
:10009000C7010008C7010008C7010008C701000820
:1000A000C7010008C7010008C7010008C701000810
:1000B000C7010008C7010008C7010008C701000800
:1000C000C7010008C7010008C7010008C7010008F0
:1000D000C7010008C7010008ED7500084576000853
:1000E000C7010008C7010008C7010008C7010008D0
:1000F000C7010008C7010008C7010008C7010008C0
:10010000C7010008C7010008C7010008C7010008AF
:10011000CD750008C7010008F56C0008C70100088C
:10012000C7010008C7010008C7010008C70100088F
:10013000C7010008C7010008C7010008C70100087F
:10014000C7010008C7010008C7010008C70100086F
:10015000C7010008C7010008C7010008C70100085F
:10016000C7010008C7010008C7010008C70100084F
:10017000C7010008C7010008C7010008C70100083F
:10018000C7010008C7010008C7010008C70100082F
:10019000C7010008C7010008DFF80CD000F048FBD9
:1001A00000480047B9910008506900200648804780
:1001B00006480047FEE7FEE7FEE7FEE7FEE7FEE74C
:1001C000FEE7FEE7FEE7FEE7F96100089901000897
:1001D00040EA01039B0703D009E008C9121F08C0C9
:1001E000042AFAD203E011F8013B00F8013B521E49
:1001F000F9D27047D2B201E000F8012B491EFBD2C0
:1002000070470022F6E710B513460A460446194621
:10021000FFF7F0FF204610BD30B505462A460B46D5
:1002200012F8010B13F8014B08B1A042F8D01CB131
:10023000002802D06D1CF1E7284630BDCAB2401E2E
:1002400010F8011F8A4202D00029F9D1002070471E
:10025000421C10F8011B0029FBD1801A704770B5B1
:10026000064608F04FF8046805460A220021304689
:1002700000F002F92C6070BD2DE9FE4F81EA030405
:1002800004F0004421F0004100944FF0000B23F0F3
:10029000004350EA01045ED052EA03045BD0C3F38A
:1002A0000A54C1F30A552C44A4F2F3340194A0FB80
:1002B0000254C1F3130141F48011C3F3130343F457
:1002C000801301FB024400FB034E840A970A44EAB0
:1002D000815447EA8357A4FB076802958D0A05FB02
:1002E00007854FEA932C04FB0C542705029D4FEA27
:1002F000065847EA1637B5EB08056EEB070C870E74
:10030000920E47EA811742EA8312A7FB0201B6EB7D
:100310000B0164EB00042B0D43EA0C335E1844EB35
:100320001C50DA465146E7FB0201C5F313044FEABD
:100330000B3343EA14534FEA0432019C43EA0603A9
:10034000A4F10C040294009CCDE900B400F0DBF8A9
:1003500003B0BDE8F08F00200146F9E70EB5C10FEC
:1003600080EAE0700844CA07002140F233438DE878
:100370000E000A460B4600F0C6F803B000BD0EB5ED
:1003800040F2334102910021CDE900110A460B46AB
:1003900000F0B9F803B000BDC1F30A5210B5C1F3C3
:1003A000130140F2FF3341F480119A4201DA002038
:1003B00010BD40F233439A42A2F2334203DC524270
:1003C00000F04AF810BD904010BD30B50B46014614
:1003D00000202022012409E021FA02F59D4205D3E4
:1003E00003FA02F5491B04FA02F52844151EA2F18E
:1003F0000102F1DC30BD2DE9F05F05460020924698
:100400009B4688460646814640241BE028464146D6
:100410004746224600F020F853465A46C01A9141FA
:1004200010D311461846224600F014FA2D1A67EB35
:1004300001084F4622460120002100F00BFA17EB7D
:1004400000094E41201EA4F10104DFDC484631467C
:100450002A464346BDE8F09F202A04DB203A21FAD1
:1004600002F00021704721FA02F3D040C2F12002CD
:1004700091400843194670472DE9F04791460F46D1
:1004800080460446002614F8015B2DB100F004FA02
:100490000068405DC007F6D12B2D02D02D2D18D05D
:1004A000641E4A463946204600F0FAF927B13968F9
:1004B000A14201D1C7F8008071054FF002040BD5AD
:1004C0004042002803DD07F01DFF0460A007BDE8DF
:1004D000F08746F48066E4E70028F8DA07F012FFB8
:1004E00004606FF00040F2E710B5141E73F10004D1
:1004F00008DA401C41F1000192185B411A4301D116
:1005000020F0010010BD2DE9F04D92469B4611B13F
:10051000B1FA81F202E0B0FA80F22032904600F0A7
:1005200099F904460F4640EA0A0041EA0B01534696
:100530005A46084313D0114653EA010019D0C8F1B6
:1005400040025046FFF788FF05460E465046594682
:10055000424600F07FF9084305D0012004E0204620
:100560003946BDE8F08D0020054346EAE0762C438D
:1005700037430A986305E40AA0EB08000022FD0A4D
:1005800044EA47540A3002D500200146E9E7010554
:1005900010196941DDE9084500196941BDE8F04DD0
:1005A000A2E72DE9FE4F804681EA0300C00F0C460A
:1005B000009021F0004123F00045B8EB0200A94172
:1005C00005D24046214690461C460B46024623F083
:1005D0000040104347D0270DC7F30A00C3F30A5168
:1005E0000290401A019040286BDAC3F3130040F4E4
:1005F000801B0098924620B10023D2EB030A63EBE4
:100600000B0B01985946C0F14002504600F022F908
:1006100006460D4650465946019A00F02AF910EB5D
:1006200008006141002487EA115284EAE7731A4303
:1006300040D0009A62B3019A012A4FEA075215DCB2
:10064000001B61EB02014FF0004202EA0752CDE9C4
:100650000042001C41F5801132462B46FFF753FF44
:1006600003B0BDE8F08F40462146F9E7001B61EB7F
:100670000201001C41F5801300185B412018A2F50F
:10068000001747EB030140EAD570B6196D4111E040
:100690006D084FEA360645EAC0754FEA0752001B5F
:1006A00061EB0201001C41F5801149084FEA30005E
:1006B0000019514132462B4603B0BDE8F04FFFF719
:1006C00013BF0098012240000023D0EB020263EB2D
:1006D000E073009821464FEAE074B8EB000061EB4C
:1006E0000401E9E783F000435BE781F0004158E74C
:1006F0002DE9F04D81EA030404F0004B21F00045A0
:1007000014464FF0000A23F0004150EA050220D0C1
:1007100054EA01021DD0C5F30A570246C5F313037C
:10072000C1F31300C1F30A5640F4801543F480135B
:10073000A7EB0608101BD64608F2FD3873EB050040
:1007400002D308F1010801E092185B41B8F1000FF3
:1007500003DA00200146BDE8F08D00204FF480113F
:10076000064684460EE0171B73EB050705D3121BE4
:1007700063EB050306434CEA010C49084FEA3000DD
:1007800092185B4150EA0107EDD152EA030012D002
:1007900082EA040083EA0501084305D0101BAB413F
:1007A00006D20122002306E000224FF0004302E0BF
:1007B0006FF0010253101AEB06004CEB085110EBDE
:1007C0000A0041EB0B01BDE8F04DFFF78DBEC1F310
:1007D0000A52C1F3130140F2FF3341F480119A42EF
:1007E00002DA00200146704740F233439A42A2F2F7
:1007F000334202DC5242FFF72FBE00F02BB800005C
:1008000030B5041E71F1000404DB4FF00044404297
:1008100064EB0101141E73F1000405DB1C464FF06C
:100820000043524263EB0403994208BF904230BD3B
:10083000064C074D06E0E06840F0010394E807002D
:1008400098471034AC42F6D3FFF7AAFC7CBC0008F2
:100850009CBC0008202A04DB203A00FA02F10020A8
:1008600070479140C2F1200320FA03F319439040EE
:100870007047202A06DBCB17203A41FA02F043EA00
:10088000E07306E041FA02F3D040C2F12002914049
:100890000843194670470000004870473CBB0008F9
:1008A0002DE9F05F82460078002715468B460AF155
:1008B0000104B946302801D09DB113E014F8010BB2
:1008C0000127782803D0582801D045B10AE00DB19E
:1008D000102D07D10027102514F8010B02E0082580
:1008E00000E00A250026B0460EE005FB080005FBE7
:1008F00006F1012701EB10461FFA80F8B6F5803F9C
:1009000000D3B94614F8010B294600F018F8002866
:10091000EBDABBF1000F05D00FB1641E00E05446C6
:10092000CBF80040B9F1000F06D007F0EBFC022134
:100930000160C81EBDE8F09F48EA0640FAE73A2881
:1009400000D2303820F02002412A01D3A2F1370032
:10095000884201D34FF0FF30704770B58C1810F803
:10096000015B15F0070301D110F8013B2A1106D1F4
:1009700010F8012B03E010F8016B01F8016B5B1E0E
:10098000F9D12B0705D40023521E0DD401F8013BE9
:10099000FAE710F8013BCB1A921C03E013F8015B55
:1009A00001F8015B521EF9D5A142D8D3002070BDD9
:1009B000F8B54FF40050ADF8000010250E4E8DF83C
:1009C000035001248DF802406946304601F0F4FEE0
:1009D0002103ADF800108DF803508DF802406946F0
:1009E000304601F0E9FE6103304602F0F9F82103D8
:1009F000304602F0F5F8F8BD000C014070B5C0F3C8
:100A000007110E2202EAD10200F00F0001F00F01DF
:100A100042F0A00440EA011502F076FB04F0FE006B
:100A200002F034FB02F0BEFB284602F02FFB02F07E
:100A3000B9FB02F069FB44F0010002F027FB02F071
:100A4000B1FB002002F0A4FA044602F087FB44F652
:100A5000206008F04FF9204670BD70B502460E4682
:100A6000C0F307100E2101EAD00102F00F0200F0DE
:100A70000F0041F0A00442EA001502F045FB2046B9
:100A800002F004FB02F08EFB284602F0FFFA02F0AF
:100A900089FB304602F0FAFA02F084FB02F05EFBBA
:100AA000BDE8704044F6206008F024B970B51D4CD4
:100AB0000025E07A10B1012813D010E02079401C05
:100AC000207103F07FFD0C2117A007F08DFB64213E
:100AD0006570194A0F2007F0CFFB0120E07200205B
:100AE00070BD03F063FD002808BF70BD134E306871
:100AF00004F0FCF901461248326801F05DFA11A1D8
:100B00000F48FFF789FB00281EBFE572012070BD6A
:100B100020790A2898BFE572E1D92571E572022093
:100B200070BD00004000002041542B514941435406
:100B30003D310D0A00000000E54500083C000020A2
:100B4000081100204F4B00000146064A097800209A
:100B5000135C994208BF7047401CC0B20A28F7D303
:100B600070470000169300082DE9F0014FF0000CCB
:100B7000002A88BF154C24D911F81C60002314F8F2
:100B80000380464504BF1D072D0E5B1CDBB2102BF6
:100B9000F5D301EB4C060023767814F80380464524
:100BA00008BF03F00F075B1CDBB2102BF5D345EA3F
:100BB000070300F80C300CF101031FFA83FC944585
:100BC000DAD3BDE8F0015008704700001693000822
:100BD00038B5044600200090042C18BF082C54D0CF
:100BE0000C2C18BF102C50D0142C18BF182C4CD023
:100BF0001C2C18BF202C48D0242C18BF282C44D0E3
:100C0000402C18BF442C40D0482C18BF4C2C3CD052
:100C1000502C18BF542C38D0582C18BF5C2C34D012
:100C2000602C18BF642C30D0682C18BF6C2C2CD0D2
:100C3000702C18BF742C28D0782C18BF7C2C24D092
:100C4000802C18BF842C20D0882C18BF8C2C1CD052
:100C5000902C18BF942C18D0982C18BF9C2C14D012
:100C6000A02C18BFA42C10D0A82C18BFAC2C0CD0D2
:100C7000B02C18BFB42C08D0B82C18BFBC2C04D092
:100C8000C62205A112A007F09FFF04F1804000F5E5
:100C9000D8400090008838BD2E2E5C6669726D7752
:100CA0006172655C6E3332673435785F7374645F8C
:100CB0007065726970685F6472697665725C737280
:100CC000635C6E3332673435785F626B702E63001D
:100CD00049535F424B505F44415428424B505F445C
:100CE0004154290038B5044600200D460090042CDC
:100CF00018BF082C54D00C2C18BF102C50D0142C1A
:100D000018BF182C4CD01C2C18BF202C48D0242CD9
:100D100018BF282C44D0402C18BF442C40D0482C5D
:100D200018BF4C2C3CD0502C18BF542C38D0582C09
:100D300018BF5C2C34D0602C18BF642C30D0682CC9
:100D400018BF6C2C2CD0702C18BF742C28D0782C89
:100D500018BF7C2C24D0802C18BF842C20D0882C49
:100D600018BF8C2C1CD0902C18BF942C18D0982C09
:100D700018BF9C2C14D0A02C18BFA42C10D0A82CC9
:100D800018BFAC2C0CD0B02C18BFB42C08D0B82C89
:100D900018BFBC2C04D0B32205A113A007F014FF88
:100DA00004F1804000F5D8400090056038BD000097
:100DB0002E2E5C6669726D776172655C6E33326788
:100DC0003435785F7374645F7065726970685F64EE
:100DD00072697665725C7372635C6E333267343548
:100DE000785F626B702E630049535F424B505F44E3
:100DF000415428424B505F444154290000000000F8
:100E00002DE9F041544C8188A1808179A171B0F81D
:100E100001102180C178A170B0F807102181417ABA
:100E2000A1724189A181017BA173B0F80D102182CB
:100E3000C17BA174018AA182817CA175B0F81310D5
:100E40002183407DA0766068FFF799FA9FED441BEF
:100E500053EC112BFFF710FAFFF79EFA04F11C0573
:100E600086B22E802068FFF78AFA9FED3F1B53EC75
:100E7000112BFFF701FAFFF78FFA07466860E06869
:100E8000B0F5000F03DBC043401CC0F31600FFF7B2
:100E900065FA9FED371B53EC112BFFF7EDF9FFF7C8
:100EA0007BFA80B200EE100A2881354BB8EE401A6A
:100EB00000EE106A1946B8EE400AC1EE000A00EED4
:100EC000107AB8EE401A80EE810ADFED2B0A60EE50
:100ED000200A9FED2A0A20EE800ABCEEC00A10EE1E
:100EE000100A2874206958609A68C968904203D330
:100EF000821A1144D96006E06FF07F4CACEB02021D
:100F000002441144D96098600D290DD30020D860A7
:100F1000E868010C082003F0CFFAA88981B2092003
:100F200003F0CAFA01F00CF82988042003F0C4FA8F
:100F300014496868A1FB0010C0F3CF01052003F03D
:100F4000BBFA2989072003F0B7FA297CBDE8F041F4
:100F5000062003F0B1BA0000280C002000000000B9
:100F60009FE74A621B81103FCD2D44350B4E903FC9
:100F700056B7DD7835487A3F0000C84200007A4411
:100F80002C000020CDCCCCCC08B507A00068009088
:100F900006480178012918BF08BD0021017002210F
:100FA000684607F08BF808BD58AA00002C00002006
:100FB000084808B50068009007480178012905D164
:100FC000002101700221684607F078F8BDE808406A
:100FD00007F090B8A80F00082C00002038B50220B8
:100FE000ADF8000010208DF803000120104C8DF8A2
:100FF00002006946204601F0DFFB0221204601F095
:1010000085FD0221204601F0EBFD4FF4FA7007F058
:1010100065FE0221204601F079FD40F6B83007F068
:101020005DFE044A41F28831042007F025F938BDFD
:1010300000080140B55E000838B507F085FE07F0EE
:1010400001F90124ADF8004010258DF803508DF80A
:1010500002406946224801F0AFFB224A1E210220CD
:1010600007F00AF903F02AFF07F064FF07F09EFE7D
:1010700007F01EFF03F0BDFA04F07EFFFFF7AEFF9E
:1010800008F044F82003ADF800008DF80350164D29
:101090008DF802406946284601F08EFB2103284660
:1010A00001F034FDADF8004004218DF803106946CD
:1010B000284601F081FB05F03FFA04F037FF04F009
:1010C000C7F9FFF775FC00F061FE02F0A5FB07F021
:1010D000CFFF05F003FEBDE8384004A007F0EEB8EE
:1010E00000100140291900080008014048656C6C97
:1010F0006F20576F726C64210D0A0000074910B50C
:101100000120487002F052FCFFF752FF07F0FCFF8D
:1011100006F0DAF9BDE8104000F043BF16000020E9
:10112000FEE7704770B584B000254CF2186428B310
:1011300001281CBF04B070BD1026CDE900464FF653
:101140001F0300220C21E820029505F0F3FBCDE9F6
:1011500000464FF61F0301220C21F820029505F0EE
:10116000E9FBCDE900464FF61F0302220C214FF4A4
:101170008470029505F0DEFB04B070BD1820CDE947
:101180000040002303A20C210295E82005F04AFD4F
:1011900004B070BD202020200000000070B50024A5
:1011A00084B020254CF21866E8B101281CBF04B0B9
:1011B00070BD012002F0E2FB0096CDE901544FF42E
:1011C00078431422C021E02005F0B4FB0096CDE95D
:1011D00001544FF478430F22C0214FF4807005F082
:1011E000A9FB04B070BD002002F0C8FB0096CDE959
:1011F00001544FF4FC631522C021E02005F09AFB56
:101200000096CDE901544FF4FC630F22C0214FF446
:10121000807005F08FFB04B070BD70B5002484B001
:1012200020254CF21866E0B101281CBF04B070BD47
:10123000012002F0AFFB0096CDE901544FF4FC63AE
:1012400011224021E02005F075FB0096CDE9015404
:1012500040214FF4FC631322880005F06BFB04B0BF
:1012600070BD002002F096FB0096CDE901544FF4CA
:10127000784312224021E02005F05CFB0096CDE986
:10128000015440214FF478431322880005F052FBAB
:1012900004B070BD70B5002484B020254CF21866EF
:1012A000E0B101281CBF04B070BD012002F0ACFB0E
:1012B0000096CDE901544FF4FC630B22C021582065
:1012C00005F038FB0096CDE901544FF4FC630C2285
:1012D000C021782005F02EFB04B070BD002002F084
:1012E00093FB0096CDE901544FF478430D22C021C1
:1012F000582005F01FFB0096CDE901544FF47843C8
:101300000E22C021782005F015FB04B070BD00004E
:10131000F0B5754A18252DED028B87B05078734FC4
:10132000401CC0B20024724950704CF21866072865
:1013300080F0D480DFE800F0D204273845535B000A
:10134000CDE9004602953A8804230821002005F0E3
:101350000FFCCDE900460295BA78022308213C2013
:1013600005F006FCCDE900460295FA780223082133
:10137000602005F0FDFBCDE9004602950123082120
:10138000FA79CC2025E0CDE9004602953A7902238E
:101390000821842005F0ECFBCDE9004602950223EC
:1013A00008217A79A82014E0CDE9004602950A8840
:1013B00004234021582005F0DBFB07B0BDEC028B75
:1013C000F0BDCDE9004602958888052382B26021F0
:1013D0000BE005F0CDFB07B0BDEC028BF0BDCDE915
:1013E000004602950A89062380215820F1E7C86843
:1013F000002866D03F49A1FB002149096FF018027F
:10140000514310EB81019FED3C8B24D03C49A1FB63
:101410000021C908494201EB810110EB410135D09F
:10142000FEF7ADFF53EC182BFEF726FF41EC100B37
:1014300034A153EC102B03A806F050FF0096CDE921
:101440000154002303AAA021642005F0EBFB07B0A0
:10145000BDEC028BF0BDFEF792FF53EC182BFEF7AC
:101460000BFF41EC100B29A153EC102B03A806F045
:1014700035FF0096CDE90154002303AAA021642082
:1014800005F0D0FB07B0BDEC028BF0BDFEF777FF97
:1014900053EC182BFEF7F0FE41EC100B1DA153ECA2
:1014A000102B03A806F01AFF0096CDE90154002383
:1014B00003AAA021642005F0B5FB07B0BDEC028BA8
:1014C000F0BD0096CDE90154002314A2A0216420B0
:1014D00005F0A8FB07B0BDEC028BF0BD547007B05F
:1014E000BDEC028BF0BD0000570000202000002062
:1014F000440C00201F85EB51FCA9F1D24D62503FF6
:10150000CDCCCCCC252E336600000000252E3166D4
:1015100000000000252E32660000000030000000B0
:101520002DE9F0412DED028B86B04CF218640021BC
:10153000F0234FF4A0720846009404F0D6FF4FF455
:101540007840302300904FF4A0721946002004F038
:101550006DFF0025DE4FCDE90054182602963A882B
:1015600004230821284605F003FBCDE900460023AB
:10157000D8A208213020029505F054FBCDE9005493
:101580000296BA78022308213C2005F0F1FACDE951
:1015900000460023CFA208215420029505F042FB0B
:1015A000CDE900540296FA7802230821602005F064
:1015B000DFFACDE9005402963A790223082184200B
:1015C00005F0D6FACDE900460023C3A208219C20ED
:1015D000029505F027FBCDE9005402967A790223A3
:1015E0000821A82005F0C4FACDE900540296FA7942
:1015F00001230821CC2005F0BBFA042002F02AFFC9
:10160000FFF790FDCDE900460023B4A208214FF476
:101610009170029505F006FB20270023CDE90047D5
:101620001A4640211846029505F084F9CDE9004795
:101630000023012240212020029505F07BF9CDE90D
:10164000004640210023A4A20846029505F0EAFACC
:10165000DFF88C82CDE900540296B8F8002004230C
:101660004021582005F084FACDE9004600239DA2D0
:101670004021A020029505F0D5FACDE900474FF4AE
:10168000784312224021E020029505F053F9CDE97C
:10169000004740214FF4784313228800029505F05B
:1016A00049F90023CDE900471A4660211846029502
:1016B00005F040F9CDE900470023022260212020F7
:1016C000029505F037F9CDE90046002382A260219A
:1016D0004020029505F0A6FACDE900540296B8F82C
:1016E0000400052382B26021582005F041FACDE9BB
:1016F000004600237CA26021AC20029505F092FAFE
:10170000CDE900470023032280211846029505F009
:1017100011F9CDE900470023042280212020029501
:1017200005F008F9CDE9004600236BA28021402096
:10173000029505F077FACDE900540296B8F8082032
:1017400006238021582005F013FACDE90046002336
:1017500066A28021D020029505F064FACDE9004709
:1017600000230722A0211846029505F0E3F8CDE9F1
:10177000004700230822A0212020029505F0DAF876
:10178000CDE90046002354A2A0214020029505F097
:1017900049FAD8F80C0000285CD05549A1FB00217B
:1017A0004909F243514310EB81019FED538B21D046
:1017B0005349A1FB0021C908494201EB810110EB0B
:1017C00041012FD0FEF7DBFD53EC182BFEF754FD43
:1017D00041EC100B4BA153EC102B03A806F07EFD3F
:1017E000CDE90046002303AAA0216420029505F05C
:1017F00019FA38E0FEF7C3FD53EC182BFEF73CFD59
:1018000041EC100B41A153EC102B03A806F066FD30
:10181000CDE90046002303AAA0216420029505F02B
:1018200001FA20E0FEF7ABFD53EC182BFEF724FD88
:1018300041EC100B37A153EC102B03A806F04EFD22
:10184000CDE90046002303AAA0216420029505F0FB
:10185000E9F908E0CDE90046002330A2A021642088
:10186000029505F0DFF9CDE9004600232CA2A02166
:101870004FF48070029505F0D5F9CDE900470023BB
:101880000922C0211846029505F054F8CDE9004719
:1018900000230A22C0212020029505F04BF8CDE953
:1018A000004600230CA2C0214020029505F0BAF9A1
:1018B000012002F0CFFDFFF7EDFC022002F0CAFD8F
:1018C000FFF76CFC06B0BDEC028BBDE8F0810000B8
:1018D000200000202F0000003A00000034470000E4
:1018E000440C0020560000006D410000570000002D
:1018F0001F85EB5100000000FCA9F1D24D62503F62
:10190000CDCCCCCC252E336600000000252E3166D0
:1019100000000000252E32660000000030000000AC
:101920004B572F480000000010B5174CE07868B105
:101930002179164800294FF0010102D001F050F939
:1019400001E001F0E3F82079C043207120890021F3
:10195000B0F57A7F28BF21810CD2401C0004000C16
:10196000208107D0A0F54072E73A02BF60780028D6
:10197000E17000E06170AFF24F021E21BDE810403F
:10198000022006F079BC0000160000200010014083
:1019900010B5042000F028F8002808BF10BD07F09B
:1019A00061FBBDE810400420AFF3008010B5044691
:1019B000800D00D12CB940F20112034903A007F0B9
:1019C00003F90848046010BD1CBC000849535F457A
:1019D0005854495F4C494E4528455854495F4C6915
:1019E0006E6529001404014070B5002504460128E5
:1019F00018BF022C3AD0042C18BF082C36D0102C5B
:101A000018BF202C32D0402C18BF802C2ED0B4F51B
:101A1000807F18BFB4F5007F28D0B4F5806F18BF61
:101A2000B4F5006F22D0B4F5805F18BFB4F5005F45
:101A30001CD0B4F5804F18BFB4F5004F16D0B4F5E4
:101A4000803F18BFB4F5003F10D0B4F5802F18BF09
:101A5000B4F5002F0AD0B4F5801F18BFB4F5001FED
:101A600004D0EB22074908A007F0AEF80D48006843
:101A70000D492040096821421CBF00280125284645
:101A800070BD00001CBC000849535F4745545F45CA
:101A90005854495F4C494E4528455854495F4C6954
:101AA0006E652900000401401404014010B504468D
:101AB0000079002818BF042804D073222F4930A0D1
:101AC00007F082F8607908281CBF0C28102804D081
:101AD00074222A4935A007F077F82068810D00D1DB
:101AE00020B9752225493DA007F06EF8A07900289D
:101AF00018BF012804D07622204943A007F064F8DB
:101B0000A1794E48002930D00168226891430160D4
:101B1000001D0168226891430160207900F1804036
:101B200000F5823001682268114301604449086869
:101B30002268904308600A1D10682368984310606B
:101B40006079102808D000F1804000F582300168EB
:101B500022681143016010BD0868236818430860BB
:101B6000106821680843106010BD207900F18040A2
:101B700000F58230016822689143EBE71CBC000845
:101B800049535F455854495F4D4F44452845585483
:101B9000495F496E69745374727563742D3E45587C
:101BA00054495F4D6F6465290000000049535F454B
:101BB0005854495F5452494747455228455854495B
:101BC0005F496E69745374727563742D3E45585441
:101BD000495F5472696767657229000049535F4520
:101BE0005854495F4C494E4528455854495F496E01
:101BF00069745374727563742D3E455854495F4C33
:101C0000696E65290000000049535F46554E4354F4
:101C1000494F4E414C5F535441544528455854490F
:101C20005F496E69745374727563742D3E455854E0
:101C3000495F4C696E65436D6429000000040140F2
:101C400008040140001DFEF708BF2DE9F0475FEAD8
:101C5000010807464FF000041ABF4FF017094FF074
:101C6000180ABDE8F087E519E8B202F009FC010A9C
:101C70003E1909EB4600FEF7F0FEE8B202F000FC68
:101C8000C1B20AEB4600FEF7E8FE601CC4B2A045F4
:101C9000E9D8BDE8F08710B500211720FEF7DDFE7A
:101CA00001211820FEF7D9FE00211920FEF7D5FEEC
:101CB00000211A20FEF7D1FE25211B20FEF7CDFEC4
:101CC00080211C20FEF7C9FE01211D20FEF7C5FE64
:101CD0000E211E20FEF7C1FE00211F20FEF7BDFED3
:101CE000B4212020FEF7B9FE1F212120FEF7B5FE0A
:101CF00040212220FEF7B1FE00212320FEF7ADFE99
:101D00001E212420FEF7A9FE00212520FEF7A5FEB6
:101D100050212620FEF7A1FE44212720FEF79DFE3C
:101D2000C0212820FEF799FE00212920FEF795FE0C
:101D30003F212A20FEF791FE00213120FEF78DFE83
:101D400002213220FEF789FE00213320FEF785FEB6
:101D5000FF213420FEF781FE00213520FEF77DFEB5
:101D600000213620FEF779FE00213720FEF775FEB0
:101D70007F213820FEF771FE17213920FEF76DFE16
:101D80003B21BDE810403A20FEF767BEF8B50024BD
:101D90006D462046FEF732FE2855601CC4B2042C66
:101DA000F7D39DF8000018251726A12804BF9DF839
:101DB0000100582807D19DF80200592804BF9DF85A
:101DC0000300A22841D0A1210020FEF746FE5821A1
:101DD0000120FEF742FE59210220FEF73EFEA2211D
:101DE0000320FEF73AFE00218F20FEF736FE002189
:101DF0009020FEF732FE00219120FEF72EFE0021FA
:101E00009220FEF72AFE00F079F800210420FEF768
:101E100024FE01210520FEF720FE00210620FEF70A
:101E20001CFE01210720FEF718FE00210820FEF706
:101E300014FEFFF730FF00F061F80024201DFEF7CC
:101E4000DDFD012833D088B33AE000F057F80024D4
:101E5000201DFEF7D3FD012801D028B108E00121A3
:101E6000204602F013FB03E00021204602F00EFBA7
:101E7000601CC4B2052CEBD3012002F0EBFA04F095
:101E800025F8002405EB4400FEF7B8FD074606EBF5
:101E90004400FEF7B3FD07EB002081B2204602F0BC
:101EA00011FB601CC4B2212CECD3F8BD04E001216D
:101EB000204602F0EBFA03E00021204602F0E6FAA9
:101EC000601CC4B2052CB9D3012002F0C3FA03F0A0
:101ED000FDFF002405EB4400FEF790FD074606EBEE
:101EE0004400FEF78BFD07EB002081B2204602F094
:101EF000E9FA601CC4B2212CECD3F8BD10B58F20D8
:101F0000FEF77CFD04069020FEF778FD04EB00440C
:101F10009120FEF773FD04EB00249220FEF76EFD86
:101F20002044064C010CE060082002F0C5FAA089AC
:101F3000BDE8104081B2092002F0BEBA440C002076
:101F400010B50C4CE068010E8F20FEF786FDE068AE
:101F5000C0F307419020FEF780FDA089C0F3072160
:101F60009120FEF77AFD217BBDE810409220FEF71C
:101F700074BD0000440C002010B500218F20FEF736
:101F80006CFD00219020FEF768FD00219120FEF7F6
:101F900064FD00219220FEF760FDBDE81040FFF7D0
:101FA000ADBF10B502F014FD01F052FD02F03EFC91
:101FB000BDE8104002F0A8BC0023002998BF70477C
:101FC000F0B40026D2E902C4644508BF34460BD001
:101FD0001468556814F80C400CF1010C9CFBF5F7E3
:101FE00005FB17CCC2F808C0C4545B1C8B42E9D374
:101FF000F0BC704770B50C46050018BF012D0ED01F
:10200000022D18BF032D0AD0042D1CBF052D062D4F
:1020100005D040F247321FA12DA006F0D5FD002CBF
:1020200018BF012C21D0022C18BF032C1DD0042C6A
:1020300018BF052C19D0062C18BF072C15D0082C5A
:1020400018BF092C11D00A2C18BF0B2C0DD00C2C4A
:1020500018BF0D2C09D00E2C18BF0F2C05D04FF433
:1020600052720CA124A006F0AFFDA007010F0F20B3
:1020700000FA01F224F0030000F1804000F5803006
:10208000836823EA02028260826805FA01F1114343
:10209000816070BD2E2E5C6669726D776172655CC1
:1020A0006E3332673435785F7374645F706572695C
:1020B00070685F6472697665725C7372635C6E33BC
:1020C00032673435785F6770696F2E6300000000F7
:1020D00049535F4750494F5F455854495F504F52ED
:1020E000545F534F5552434528506F7274536F7568
:1020F000726365290000000049535F4750494F5FF4
:1021000050494E5F534F555243452850696E536FA7
:10211000757263652900000070B50D4604460128FC
:1021200018BF022C00F0E081042C18BF082C00F02E
:10213000DB81A4F5A01010381CBFA4F5A010B0F1ED
:10214000300000F0D181A4F5B01040381CBFA4F5D8
:10215000B010B0F1C00000F0C781A4F5C010B0F518
:1021600080701CBFA4F5C010B0F5007000F0BC81F9
:10217000A4F5C010B0F540701CBFA4F5C010B0F5B8
:10218000023000F0B181A4F5C010B0F5033018BFE3
:10219000B4F5805F00F0A881B4F5E91F18BFB4F56D
:1021A000EA1F00F0A181B4F5EB1F18BFB4F5004F92
:1021B00000F09A816FF40010C4421CBFA4F5001017
:1021C000B0F1020000F09081A4F50010001F1CBFC8
:1021D000A4F50010B0F1080000F08681A4F500100D
:1021E00010381CBFA4F54010B0F5807000F07C8161
:1021F000A4F54010B0F500701CBFA4F54010B0F578
:10220000806000F07181FB4884421CBF6FF0804009
:10221000C44200F06981F84884421CBFF7488442F8
:1022200000F06281F64884421CBFF648844200F008
:102230005B81F54884421CBFF448844200F054811D
:10224000F34884421CBFF348844200F04D81F248B9
:1022500084421CBFF148844200F04681F048844229
:102260001CBFF048844200F03F81A4F18040B0F5EB
:10227000F2101CBFA4F18040B0F5F41000F03481DE
:10228000A4F18040B0F5F6101CBFE748844200F08E
:102290002B81E64884421CBFE548844200F024813B
:1022A000A4F18040B0F190701CBFE248844200F07D
:1022B0001B81E14884421CBFA4F18040B0F18460DE
:1022C00000F01281DD4884421CBFDD48844200F0EA
:1022D0000B81DC4884421CBFDB48844200F004814F
:1022E000DA4884421CBFDA48844200F0FD80D948B5
:1022F00084421CBFD848844200F0F680D74884420C
:102300001CBFD748844200F0EF80D64884421CBFEF
:10231000D548844200F0E880D44884421CBFD448A9
:10232000844200F0E180A4F18040B0F579101CBF38
:10233000A4F18040B0F57B107ED0CE4884421CBF13
:10234000CD48844278D0CD4884421CBFCC488442DA
:1023500072D0CC4884421CBFCB4884426CD0CB485E
:1023600084421CBFCA48844266D0CA4884421CBF0B
:10237000C948844260D0C94884421CBFC8488442CE
:102380005AD0C84884421CBFC748844254D0C7486A
:1023900084421CBFA4F10050B0F580504CD0A4F191
:1023A0000050B0F580401CBFA4F10050B0F50040D3
:1023B00042D0BF4884421CBFBE4884423CD0BE4885
:1023C00084421CBFBD48844236D0BD4884421CBFF5
:1023D000BC48844230D0BC4884421CBFBB488442C5
:1023E0002AD0BB4884421CBFBA4884427CD0A4F5A2
:1023F000001080381CBFA4F5B010B0F1800073D07D
:10240000A4F1815080381CBFA4F18150B0F140008C
:102410006AD0A4F1815020381CBFA4F18150B0F1E2
:10242000100061D0A4F1815008381CBFA4F1815084
:10243000B0F1040058D000E056E0A4F18150801EB5
:102440001CBF6FF08150C4424ED0A4F18050B0F553
:1024500000401CBFA4F18050B0F5804044D0A4F1EE
:102460008050B0F5005018BFB4F1102F3CD0A4F14B
:102470008050B0F500601CBFA4F18050B0F58060C2
:1024800032D0A4F18050B0F500701CBFA4F1805090
:10249000B0F5807028D0A4F1805080381CBFA4F122
:1024A0008050B0F140001FD0A4F1805020381CBFF4
:1024B000A4F18050B0F1100016D0A4F1805008387B
:1024C0001CBFA4F18050B0F104000DD0A4F18050E5
:1024D000801E1CBF6FF08050C44205D040F27A22AB
:1024E0007DA18CA006F070FB002D18BF012D05D03A
:1024F00040F27B2278A18DA006F066FB924A14F090
:10250000004F18BFD0691ED090491FFA84FC04EA1E
:102510000106C4F340510B01A1B29940B6F5401F2A
:1025200021D014F4801F24D014F4001F4FF00303B3
:10253000C4F3034603FA06F318BF1B04984314F0D0
:10254000E04F52D11EE114F0804F18BF106ADBD16A
:1025500014F0005F18BF506AD6D114F0805F14BF2A
:10256000906A5068D0E7536820F0706023F0706381
:10257000FAE014F0807F25D014F0040F1AD014F084
:10258000007F20EA01000ED035B1536843F001030B
:1025900043F070635360F8E0516821F0010141F0AD
:1025A00070615160F2E0536823F0010343F07063FF
:1025B0005360E9E04CF0040C0CFA03F39843002D4F
:1025C000EAD0E2E714F0806F11D014F0080F0FD0BA
:1025D00014F0007F20EA01000BD03DB1536843F0B6
:1025E000080343F070635360CFE0CDE0B0E0C5E096
:1025F000BCE0B4E00004008002001140060011407D
:10260000200014403000144040001640C000164026
:10261000000218400003184000041A40000C1A4041
:1026200000101C4000301C400100304002003040CF
:1026300003003040040020410400204308002044EF
:102640000800204610003440200034403000344060
:102650004000364080003640C0003640000238401E
:102660000003384000043A40000C3A4000103C405F
:1026700000303C4001001020020010200300102018
:1026800004001220080012200C0012201000142058
:102690003000142040001620C00016200001182031
:1026A000000218200003182000041A20000C1A2031
:1026B000010020200200202004002020080020200B
:1026C00010003420300034204000202080002020E2
:1026D00000012020000220202E2E5C6669726D779A
:1026E0006172655C6E3332673435785F7374645F32
:1026F0007065726970685F6472697665725C737226
:10270000635C6E3332673435785F6770696F2E6350
:102710000000000049535F4750494F5F52454D410B
:102720005028526D7050696E2900000049535F4671
:10273000554E4354494F4E414C5F535441544528E4
:10274000436D64290000000000000140000030706B
:10275000516821F0080141F07061516016E0536842
:1027600023F0080343F0706353600DE04CF0080C55
:102770000CFA03F39843002DEAD02FE7884314F0B6
:10278000E04F01D140F0706005B1084314F0004FF4
:102790001CBFD06170BD14F0804F1CBF106270BDB3
:1027A00014F0005F1CBF506270BD14F0805F14BF56
:1027B0009062506070BD00002DE9F0410446002693
:1027C000A0F180400D46B0F584301CBFA4F18040DC
:1027D000B0F586301CD0A4F18040B0F588301CBF25
:1027E000A4F18040B0F58A3012D0A4F18040B0F559
:1027F0008C301FBFA4F18040B0F58E30A4F1804032
:10280000B0F5903004D0BE223FA14EA006F0DCF916
:10281000E878002818BF042810D0282818BF4828B6
:102820000CD0142818BF102808D01C2818BF18284E
:1028300004D0BF2234A14AA006F0C6F9288820B9E6
:10284000C02231A151A006F0BFF9E87800F00F07CF
:1028500010F0100F0FD0A878002818BF022808D059
:10286000012818BF032804D0C72227A150A006F0D2
:10287000ABF9A878074328784FF00F0C10F0FF0F42
:102880004FF0010318BF216819D02A8803FA06F017
:10289000024082420FD1B2000CFA02F821EA08018C
:1028A00007FA02F21143EA78282A08BF606102D0D1
:1028B000482A08BF2061761C082EE6D321602888AC
:1028C000FF2886BF62680020BDE8F08100F10801A2
:1028D0002E8803FA01F10E408E420FD186000CFAC9
:1028E00006F822EA080207FA06F63243EE78282EA6
:1028F00008BF6161EE78482E08BF2161401C08289E
:10290000E4D36260BDE8F0812E2E5C6669726D775B
:102910006172655C6E3332673435785F7374645FFF
:102920007065726970685F6472697665725C7372F3
:10293000635C6E3332673435785F6770696F2E631E
:102940000000000049535F4750494F5F414C4C5FC6
:10295000504552495048284750494F7829000000B7
:1029600049535F4750494F5F4D4F444528475049B1
:102970004F5F496E69745374727563742D3E47508E
:10298000494F5F4D6F6465290000000049535F4760
:1029900050494F5F50494E284750494F5F496E6933
:1029A000745374727563742D3E50696E2900000073
:1029B00049535F4750494F5F53504545442847505E
:1029C000494F5F496E69745374727563742D3E4745
:1029D00050494F5F537065656429000070B5054626
:1029E0000026A0F180400C46B0F584301CBFA5F154
:1029F0008040B0F586301DD0A5F18040B0F588301C
:102A00001CBFA5F18040B0F58A3013D0A5F18040FD
:102A1000B0F58C301FBFA5F18040B0F58E30A5F128
:102A20008040B0F5903005D040F229121BA12AA0B9
:102A300006F0CAF8012C18BF022C28D0042C18BFAD
:102A4000082C24D0102C18BF202C20D0402C18BFCC
:102A5000802C1CD0B4F5807F18BFB4F5007F16D051
:102A6000B4F5806F18BFB4F5006F10D0B4F5805F77
:102A700018BFB4F5005F0AD0B4F5804F18BF052C1D
:102A800005D04FF4957205A11AA006F09DF8A8682C
:102A9000204218BF0126304670BD00002E2E5C6615
:102AA00069726D776172655C6E3332673435785F59
:102AB0007374645F7065726970685F64726976656B
:102AC000725C7372635C6E3332673435785F677043
:102AD000696F2E630000000049535F4750494F5F04
:102AE000414C4C5F504552495048284750494F7817
:102AF0002900000049535F4745545F4750494F5FE5
:102B000050494E2850696E290000000070B50446F7
:102B1000A0F180400D46B0F584301CBFA4F1804088
:102B2000B0F586301DD0A4F18040B0F588301CBFD0
:102B3000A4F18040B0F58A3013D0A4F18040B0F504
:102B40008C301FBFA4F18040B0F58E30A4F18040DE
:102B5000B0F5903005D04FF4C57206A114A006F070
:102B600033F82DB940F28B1202A118A006F02CF810
:102B7000656170BD2E2E5C6669726D776172655CF1
:102B80006E3332673435785F7374645F7065726971
:102B900070685F6472697665725C7372635C6E33D1
:102BA00032673435785F6770696F2E63000000000C
:102BB00049535F4750494F5F414C4C5F5045524924
:102BC0005048284750494F782900000049535F4733
:102BD00050494F5F50494E2850696E29000000004F
:102BE00070B50446A0F180400D46B0F584301CBF9E
:102BF000A4F18040B0F586301DD0A4F18040B0F53E
:102C000088301CBFA4F18040B0F58A3013D0A4F105
:102C10008040B0F58C301FBFA4F18040B0F58E30FD
:102C2000A4F18040B0F5903005D040F2731206A1B7
:102C300014A005F0C9FF2DB94FF4BA7202A118A073
:102C400005F0C2FF256170BD2E2E5C6669726D773E
:102C50006172655C6E3332673435785F7374645FBC
:102C60007065726970685F6472697665725C7372B0
:102C7000635C6E3332673435785F6770696F2E63DB
:102C80000000000049535F4750494F5F414C4C5F83
:102C9000504552495048284750494F782900000074
:102CA00049535F4750494F5F50494E2850696E293C
:102CB0000000000010B582B06946002002F042FE1C
:102CC00001A9002002F0D8FDDFF898C09DF80000AF
:102CD0008CF804009DF801008CF805009DF80200B6
:102CE0008CF806009DF805108CF802109DF806304F
:102CF0008CF803309DF80720012902F5FA60ACF842
:102D0000000018BF022904D101F10C00C1B202F287
:102D1000CF704A1C02EB420240F2676412FB04F2DD
:102D200003EB410100EB523211444AF2D73202FB6D
:102D3000002201EB9001A1EB92514FF4C872B0FB5D
:102D4000F2F00144084B08460022C3FB0120821028
:102D5000A2EBE070A0EBC0000844401C8CF8070018
:102D600002B010BD200000209324499201A005F07C
:102D7000A5FAFBE7766F6964204861726446617565
:102D80006C745F48616E646C657228766F69642943
:102D90000D0A000070B51D4DA8B0A878002804BF2A
:102DA00028B070BD0026AE70194A1AA11AA805F005
:102DB00095FA1C480090431D00F115021AA101A8C4
:102DC00005F08CFA01A8FDF743FA84B21AA8FDF7C2
:102DD0003FFA82B201AB1AA90120009403F080F9F6
:102DE0002878401CC0B2287003283CBF28B070BDB2
:102DF0002E70BFF34F8F0F4801680F4A01F4E06156
:102E000011430160BFF34F8F00BFFDE7C6020020F2
:102E1000040000206D6F646275735F696E666F2FCA
:102E200025730000E416002025735F25735F25736A
:102E3000000000000CED00E00400FA050449012048
:102E40008870AFF2070203490A2005F015BA0000A6
:102E5000C6020020989F0400024A03490A2005F098
:102E60000BBA00003D2E0008989F040010B5B4B0C6
:102E70000E4A0FA127A805F031FA11480090431D12
:102E800000F115020FA101A805F028FA01A8FDF72D
:102E9000DFF984B227A8FDF7DBF982B201AB27A9DD
:102EA0000120009403F01CF934B010BD0400002090
:102EB0006D6F646275735F696E666F2F25730000B6
:102EC000E416002025735F25735F25730000000062
:102ED00070B50F4CE078012818BF70BD0025E57073
:102EE00001F02EFA2078401CC0B22070032838BFB1
:102EF00070BD2570BFF34F8F06480168064A01F484
:102F0000E06111430160BFF34F8F00BFFDE7000098
:102F1000C60200200CED00E00400FA05044901207F
:102F2000C870AFF2070203490B2005F0A5B90000F5
:102F3000C6020020C0D40100024A03490B2005F05C
:102F40009BB900001D2F0008C0D4010030B400233D
:102F5000002A88BFDFF834C011D9C45C01EB4305F7
:102F60000CEB1414247801F81340C45C5B1C04F0CF
:102F70000F049BB21CF804406C709A42EDD84FF6D7
:102F8000FF7030BC00EA4200704700001693000852
:102F90002DE9F84380464FF48057ADF800700420C7
:102FA000394E8DF80300002469463046FFF704FCD3
:102FB00000254FF400513046FFF7A8FD022005F030
:102FC00099FE4FF400513046FFF70AFE6006040EEA
:102FD0004FF480513046FFF701FD00281CBF601CF4
:102FE000C4B2012005F086FE681CC5B2082DE0D3EE
:102FF00010254FF00109B8F1000F4FF40051304691
:1030000020D0FFF783FDADF800708DF803508DF8E8
:10301000029069463046FFF7CFFB29023046FFF7A2
:1030200075FD022005F066FE69023046FFF7D8FD07
:10303000022005F05FFE69023046FFF767FD20467B
:10304000BDE8F883FFF762FDADF800708DF803501E
:103050008DF8029069463046FFF7AEFB4FF4805181
:103060003046FFF7BDFD022005F044FE4FF400514D
:103070003046FFF7B5FD022005F03CFE4FF400514D
:103080003046FFF743FDDAE7000C0140F8B505468E
:103090004FF48050ADF8000010208DF8030001209F
:1030A000184E8DF8020069463046FFF785FB711413
:1030B0003046FFF72BFD002415F0800F4FF48051B0
:1030C000304602D0FFF78CFD01E0FFF71FFD6806D8
:1030D000050E022005F00EFE4FF400513046FFF7BA
:1030E0007FFD022005F006FE4FF400513046FFF749
:1030F0000DFD022005F0FEFD601CC4B2082CDBD3E0
:10310000F8BD0000000C014038B54FF48050ADF818
:10311000000010208DF8030001200F4C8DF80200F4
:1031200069462046FFF748FBA1142046FFF758FDEB
:1031300061142046FFF754FD022005F0DBFDA114C9
:103140002046FFF7E3FC022005F0D4FD6114204681
:10315000BDE83840FFF7DABC000C014038B54FF449
:103160008050ADF8000010208DF8030001200C4CB9
:103170008DF8020069462046FFF71EFBA114204689
:10318000FFF7C4FC61142046FFF72AFD022005F07A
:10319000B1FDA1142046BDE83840FFF721BD000075
:1031A000000C0140F8B54FF48056ADF800600420E3
:1031B000264D8DF80300002469462846FFF7FCFAE7
:1031C000A9142846FFF70CFD012005F093FD6914B2
:1031D0002846FFF705FD012005F08CFDA9142846BF
:1031E000FFF7FCFB50B3601CC4B2FA2C1FD9ADF83A
:1031F000006010208DF8030001208DF80200694660
:103200002846FFF7D9FA4FF480512846FFF77EFC95
:103210004FF400512846FFF7E3FC022005F06AFD59
:103220004FF480512846FFF7DBFC0120F8BD4FF436
:1032300080512846FFF7D2FB0028D4D14FF400512B
:103240002846FFF763FC0020F8BD0000000C014099
:1032500010B4C268D0F804C0531C93FBFCF40CFB00
:103260001433D0F808C0634504BF10BC704703682E
:103270009954C1684268491C91FBF2F302FB131197
:10328000C16010BC704700002DE9F04F584D83B06D
:103290000026287B10B1012812D0A2E06879401CDA
:1032A000687101F08FF90A2152A004F09DFFC82136
:1032B0006E70534A0F2004F0DFFF0120287390E066
:1032C00001F074F9002804BF03B0BDE8F08F4D4C45
:1032D000206801F00BFE01464B482268FEF76CFEA9
:1032E0004AA14948FCF798FF002876D02C2146488F
:1032F000FCF7A4FF00286CD0441C6E71801CFDF705
:1033000023FC07462046FDF71FFC00EB800007EB7F
:103310004000C0B210282CBF10380830C7B2201DA2
:10332000E41CFDF711FC80462046FDF70DFC00EB88
:10333000800008EB400000F0FF08201DE41CFDF7B2
:1033400003FC81462046FDF7FFFB00EB800009EB04
:10335000400000F0FF092DA12B48FCF75DFF00F1B4
:1033600008040930FDF7F0FB82462046FDF7ECFB30
:1033700000EB80000AEB400000F5FA600290201D8F
:10338000E41CFDF7E1FB82462046FDF7DDFB00EB88
:1033900080000AEB400000F0FF0A04F1030B201D3F
:1033A000FDF7D2FB04465846FDF7CEFB00EB80004C
:1033B00004EB4000C2B23B465146CDE90089029879
:1033C00002F0B4FE2E73012003B0BDE8F08F04E0DC
:1033D000FFE768790A2803D105E068790A2802D056
:1033E0002E730020F0E76E712E730220ECE70000D0
:1033F0004000002041542B43434C4B3F0D0A00003A
:10340000E54500083C000020081100202B43434CF8
:103410004B3A00002DE9F047B54E0024DFF8D49276
:10342000B07BADF5C46D25464FF00108274609284D
:1034300080F05681DFE800F005121A2C9098AEFD5E
:10344000FC00F078012807BFF770042086F80E8092
:103450000DF5C46D18BFBDE8F08796E06421777064
:10346000A54A0F2004F008FF02208EE001F09EF82C
:10347000002870D001F0A6F81121A0A004F0B4FE3D
:10348000642177709C4A0F2004F0F6FE03207CE054
:1034900001F08CF8002879D0D9F8000001F026FD61
:1034A00001469B48D9F80020FEF786FD99A198486F
:1034B000FCF7B2FE002800F0138199A19448FCF7B4
:1034C000ABFE1030044601782C2903D010F8011F00
:1034D0002C29FBD1001BA0F10108C8216846FCF78C
:1034E00090FE424621466846FCF772FE04EB080057
:1034F0008FA1FCF791FE002800F0F280841C8178F7
:103500000DF5C1602C2907D014F8011B4155691C29
:103510008DB221782C29F7D14755FCF7A0FE05463E
:10352000C8216846FCF76DFE2A46611C6846FCF718
:103530004FFE0E2D09D005D9A9B24FF00102684601
:1035400000F0C6FFB77300F0CBB80E21002268462A
:1035500000F0BEFFF6E719E064217770664A0F209D
:1035600004F08AFE052010E001F020F800280DD0BC
:1035700001F028F808216FA004F036FE642177706E
:103580005D4A0F2004F078FE0620B0730DF5C46D7F
:10359000BDE8F08701F00AF8002804BF0DF5C46DFE
:1035A000BDE8F087D9F8000001F0A0FC01465848BA
:1035B000D9F80020FEF700FD61A15548FCF72CFE6C
:1035C00028B310F8061F2C2904D010F8011F641C22
:1035D0002C29FAD1DFF870817125A0EB040A08F5D7
:1035E0002379012C02D0022C12D02EE05046FDF798
:1035F000ABFAA5EB4000C2B254A10DF2DC5004F0CE
:103600006DFE9DF8DC0588F88C0289F801701CE0DD
:103610000AF10100FDF798FA04465046FDF794FAC6
:1036200000EB800004EB4000A5EB4000C2B201E0DB
:1036300042E00DE045A10DF2DC5004F04FFEBDF874
:10364000DC05A8F88C0289F802700720B0739DE7AA
:103650000E213FA004F0C8FD318A414804F0C4FDAA
:10366000022133A004F0C0FD06213EA004F0BCFD01
:10367000728A36A10DF5BC6004F030FE0DF5BC6019
:10368000FCF7E6FD81B20DF5BC6004F0ADFD022152
:1036900032A004F0A9FD718A344804F0A5FD03218D
:1036A00033A004F0A1FDF770C8217770124A0F20F3
:1036B00004F0E2FD082068E700F078FF00283FF4FE
:1036C00065AFD9F8000001F011FC01461048D9F8A7
:1036D0000020FEF771FC27A10D48FCF79DFD08B105
:1036E000B77353E786F80080B770B7734EE70000F2
:1036F000400000203C000020E545000841542B4DCF
:10370000515454524541443D302C310D0A000000C3
:10371000081100202B4D515454524541443A0000A9
:103720002B4D515454524541443A20302C302C00FA
:10373000222C000041542B4353510D0A000000007D
:103740002B4353513A2000005814002025640000F8
:1037500041542B4D5154545055423D302C220000C1
:10376000580C0020302C302C302C0000200D002074
:10377000220D0A004F4B00002DE9F041214C224F51
:103780000025A07920B101281FD0022831D02DE0DA
:103790001E4EA570306801F0A9FB01461C48326836
:1037A000FEF70AFC00F00EFF4FF400413846FFF729
:1037B00017FA4FF4FA716570164A0F2004F05CFD99
:1037C0000120A0710020BDE8F08100F0EFFE68B19B
:1037D0004FF400413846FFF799F941F2883165709E
:1037E0000C4A0F2004F048FD0220A0710020BDE823
:1037F000F08100F0DBFE00281CBFA5710120BDE8B0
:10380000F081000040000020000801403C00002042
:1038100008110020E545000838B54FF40040ADF828
:10382000000010208DF803000120064C8DF80200E6
:1038300069462046FEF7C0FF4FF400412046FFF7DF
:10384000CFF938BD000801404B4810B5C07B0B28AC
:1038500028BF10BDDFE800F0061B29374957650D6A
:103860006F0D8400FFF788FF20B1012807D00228E0
:1038700009D010BDBDE81040002005F0F5BC3E4960
:103880000120C87310BD3C490020C87310BD01F071
:10389000DDF9002808BF10BD012802D00228F2D0AF
:1038A00010BD35480221C17310BD01F07FF9002819
:1038B00008BF10BD012802D00228E4D010BD2E4957
:1038C0000320C87310BD01F021F9002808BF10BD06
:1038D000012806D0022818BF10BD00212648C17358
:1038E00010BD25490420C87310BDFFF7CDFC00288A
:1038F00008BF10BD012802D00228C4D010BD1E4947
:103900000820C87310BD02F095FB002808BF10BD49
:10391000012802D00228B6D010BD17490620C8736E
:1039200010BDFDF7C3F8002808BF10BD0128E6D080
:103930000228A8D010BD00F0F9F8002808BF10BD7B
:10394000012802D002289ED010BD0B480A21C17365
:1039500001218170FFF78AFABDE81040FFF786BAAF
:1039600005480178012902D100210170C173BDE829
:103970001040FFF74FBD0000400000200100044848
:103980004FF0100101D0FFF7C1B8FFF729B90000CF
:1039900000100140010004484FF0800101D0FFF702
:1039A000B5B8FFF71DB9000000080140144A10B572
:1039B0001078144C01280CD1002010709178491C0B
:1039C000C9B2917001290FD0907020212046FFF7D5
:1039D0009DF805F0ADF900284FF0800120460AD08F
:1039E000BDE81040FFF792B8FFF764F920212046A8
:1039F000FFF7F6F8EDE7BDE81040FFF7F1B800007B
:103A00001600002000080140010004484FF00101A9
:103A100001D0FFF77BB8FFF7E3B80000000C0140CE
:103A2000044901200870AFF207024FF47A7104F0E4
:103A300023BC00001600002010B501210348FEF74A
:103A4000CDFF00280CBF0120002010BD0008014060
:103A50002DE9F0410B2000F00DFD0746092000F094
:103A60000FFD0646012000F0F5FC2E4C002520B984
:103A7000A5710D2004F0F6FB6570A179A9B10129AB
:103A800028D0022918BFBDE8F08147F004010B20BF
:103A900000F012FD0121002000F0F8FC16F0020FEA
:103AA0003CD0FFF7C9FF48B338E0042000F0E2FC47
:103AB0000546042000F0E4FC854288BFBDE8F081A3
:103AC0000120A071BDE8F041174A40F6B8310D2041
:103AD00004F0D2BB6078012818BFBDE8F0816570A2
:103AE000042000F0C7FC0646042000F0C9FC864212
:103AF0009EBF0220A071BDE8F0810FE0002002F01F
:103B0000E5F90021012000F0C1FC02210A2000F0AB
:103B1000D3FC0020FDF7BEFB00F012FCA571BDE850
:103B2000F0810000CA020020AD91000810B5A6483F
:103B30008CB0407B0A2832D2DFE800F0051834450B
:103B40005F9EB7D9FBF900F03DFD19219FA004F05D
:103B50004BFB9D4C002064216070A34A0F2004F0B1
:103B60008BFB012060730CB0002010BD00F01EFD27
:103B7000002804BF0CB010BD9C4C206801F0B6F9C1
:103B800001469B482268FEF717FA9AA19848FCF76D
:103B900043FB002800F012818B49022048730CB0CF
:103BA000002010BD00F00EFD1E2193A004F01CFBB0
:103BB000854C0020642160708B4A0F2004F05CFB70
:103BC000032000F092B800F0F1FC002804BF0CB014
:103BD00010BD864C206801F089F9014684482268AE
:103BE000FEF7EAF983A18248FCF716FB002800F0F3
:103BF000E580754904204873D1E700F0E3FC0F210C
:103C000085A004F0F1FAC621B820CDE90001EA232D
:103C1000312285A102A804F061FB02A8FCF718FB81
:103C200081B202A804F0E0FA42F6483282A102A86A
:103C300004F054FB02A8FCF70BFB81B202A804F0CD
:103C4000D3FA02217DA004F0CFFA10217C4804F0C1
:103C5000CBFA02217BA004F0C7FA13217AA004F06A
:103C6000C3FA594C002041F2883160705E4A0F203F
:103C700004F002FB052038E000F098FC002804BFA7
:103C80000CB010BD594C206801F030F9014658487D
:103C90002268FEF791F971A15548FCF7BDFA00289A
:103CA0007ED049490620487379E700F08BFC1D213E
:103CB00070A004F099FA624A76A102A804F00EFB03
:103CC00002A8FCF7C5FA81B202A804F08DFA05211A
:103CD00071A004F089FA3C4C002041F288316070F8
:103CE000414A0F2004F0C8FA0720607357E700F03C
:103CF0005DFC002804BF0CB010BD3C4C206801F0F6
:103D0000F5F801463A482268FEF756F939A13848D5
:103D1000FCF782FA044662A13548FCF77DFA002CD4
:103D200018BF00284AD028490820487337E721E007
:103D3000FFE700F047FC1A215CA004F055FA404A66
:103D400054A102A804F0CAFA02A8FCF781FA81B2D1
:103D500002A804F049FA05214FA004F045FA1A4CD4
:103D6000002041F2883160701F4A0F2004F084FA6D
:103D70000920BAE700F01AFC002804BF0CB010BDFF
:103D80001A4C206801F0B2F8014619482268FEF783
:103D900013F918A11648FCF73FFA044640A100E0C9
:103DA0000CE01348FCF738FA002C18BF002805D0A7
:103DB0000549002048730CB0012010BD02490020C5
:103DC00048730CB0022010BD4000002041542B4D20
:103DD0005154544346473D22636163686564222C15
:103DE000302C310D0A000000E54500083C000020A1
:103DF000081100204F4B000041542B4D51545443A7
:103E000046473D226B656570616C697665222C3092
:103E10002C3132300D0A000041542B4D5154544383
:103E20004F4E4E3D302C220025642E25642E2564F5
:103E30002E2564222C000000256400002C220000A6
:103E400004000020222C00002275736572222C22AF
:103E5000302E313233343536220D0A002B4D515479
:103E6000545552433A2022636F6E6E222C302C3010
:103E70000000000041542B4D5154545355423D30E5
:103E80002C226D6F646275735F636F6E74726F6CFA
:103E90002F00000025730000222C300D0A000000C6
:103EA0002B4D5154545355423A20300041542B4D20
:103EB0005154545355423D302C226D6F64627573DA
:103EC0005F74696D652F0000FEE700002DE9F04783
:103ED000FF4E0024DFF8FC83B0889AB02746022802
:103EE000C0F01F82811E404604F0DCFEB0883278AC
:103EF000404410F8011C914240F0138210F8020C6B
:103F00007178884240F00D8298F8032098F80230CA
:103F100006F1060A02EB032295B298F80010BAF8EF
:103F2000002098F801008A4240F0FB8108F5FA79F8
:103F3000052854D00BDC6F46012810D00522032839
:103F400000F07F81042800F0B08100F0EAB9062873
:103F500000F00A81102800F0308100F0E2B9042D51
:103F600000F2DF8198F8052098F8043002EB032274
:103F700092B25319052B00F2D4818DF800108DF800
:103F80000100D11D01200F2905D312F0070F14BF26
:103F900000EBD200D0088DF8020010F0FF0F1CBF1C
:103FA0007088E8400AD0E10020FA01F13A19D17096
:103FB000611CCCB29DF80210A142F4D89DF8020019
:103FC000401DC4B2A11E384604F06CFE3819717849
:103FD00000F8021C317800F8011C00F063B998F871
:103FE000052098F80430072D02EB032294B200F26A
:103FF00098818DF800108DF80100280A8DF80200D4
:10400000200A8DF804008DF803508DF80540062134
:10401000684604F047FE70788DF8060030788DF819
:104020000700082D28D2DFE805F0041751276D2777
:10403000737EB4F57F4F40F0358105F021F9BFF371
:104040004F8FA5480168A54A01F4E0611143016062
:10405000BFF34F8F00BFFDE7022000F0FBF90028FF
:1040600040F02081032000F0F5F9012840F01A818A
:10407000B4F57F4F05D0BCB1002F40F0528100F065
:1040800011B9002000F0E6F9002840F00B81012171
:10409000084600F0FBF901210846FDF7D3FD012099
:1040A00001F014FF01200EE00021012000F0EEF9E4
:1040B00000210120FDF7C6FD0A20A9F81400002008
:1040C00001F004FF0020FDF7E5F8EBE0B4F57F4FC9
:1040D00001D04CB110E00121022000F0D7F90121FC
:1040E0000220FDF7AFFD07E00021022000F0CEF92D
:1040F00000210220FDF7A6FD022000F0ABF9FDF73C
:104100004DF8CFE0B4F57F4F08BFFDF735FFC9E0AC
:10411000B4F57F4F7DD10021084600F0B7F90020AB
:10412000A9F81600BEE0B4F57F4F01D074B1B9E034
:104130000121042000F0AAF901210420FDF782FDED
:10414000042000F087F9FCF7EDFFABE0002104202C
:1041500000F09CF900210420FDF774FD042000F01C
:1041600079F9FCF7DFFF9DE098F8052098F8043016
:10417000212D02EB032294B262D88DF800108DF845
:104180000100280A8DF80200200A8DF80400EFB221
:104190008DF803708DF805400621684604F082FD15
:1041A00070788DF8060030788DF8070000F0C8F8B8
:1041B0002AF815400121384640E098F8052098F883
:1041C0000430212D02EB032292B29CBFAB18222BAC
:1041D00036D8002A0ED908EB440393F808C0DB79DF
:1041E0000CEB032304EB050C2AF81C30631CDCB237
:1041F000A242F0D88DF800108DF80100280A8DF841
:104200000200ECB2100A8DF803408DF80400D5B21C
:1042100000E047E08DF8055098F806008DF806009C
:104220000721684604F03EFD70788DF8070030786D
:104230008DF8080000F084F829462046FDF705FDBA
:104240006FE098F8053098F804C0212D03EB0C239B
:104250009BB29CBF03EB050CBCF1220F61D88DF81B
:1042600000108DF8010058008DF80200281907EBA6
:1042700044013AF810004FEA102C81F803C008718D
:10428000601CC4B29C42F1D902EB4300C4B2A11E2F
:10429000384604F007FD3819717800F8021C3178AF
:1042A00000F8011C00F04CF83BE098F8053098F855
:1042B00004C00D2D03EB0C239BB29CBF05EB030C3C
:1042C000BCF10E0F2DD88DF800108DF8010007E01D
:1042D0005A0000200E1700200CED00E00400FA0543
:1042E00058008DF80200281907EB440139F8100036
:1042F0004FEA102C81F803C00871601CC4B29C42C4
:10430000F1D902EB4300C4B2A11E384604F0CAFC46
:104310003819717800F8021C317800F8011C00F09F
:104320000FF80020B2880146002A05D908F80010CD
:10433000401C80B28242F9D8B1801AB0BDE8F08743
:1043400070B53C4EADF5C36DB51F30788DF8F003F8
:1043500001208DF8F1038DF8F203A8788DF8F303AE
:104360000421FCA804F09EFC68788DF8F4032878FA
:104370008DF8F50330788DF8F60303208DF8F703F8
:1043800044208DF8F8030020FCAC36F8101004EB44
:1043900040020B0A401C5372C0B291722228F4D919
:1043A0004721A01D04F07EFC68788DF83D04287834
:1043B0008DF83E0430788DF83F0404208DF84004D9
:1043C0001C208DF841041C4B002004EB400233F804
:1043D0001010401C4FEA112C82F852C0C0B282F873
:1043E00053100E28F1D91F2104F1510004F05AFC9A
:1043F00068788DF85E0428788DF85F0470240F4A81
:104400000FA10DF2E45003F069FF224602A9FCA8B7
:10441000FEF79CFD04460DF2E450FBF719FF82B253
:1044200002AB0DF2E4510120009401F059FE0DF5AC
:10443000C36D70BD60000020021900200400002040
:104440006D6F646275735F7374617475732F257318
:10445000000000000F2884BF00207047012101FAEE
:1044600000F003494988084018BF01207047000048
:104470005A000020014931F810007047021900204D
:10448000014931F810007047600000200F2888BFF4
:104490007047012202FA00F00129064A04BF518840
:1044A000084305D0002906BF518821EA0000704763
:1044B000508070475A000020014A22F810107047BF
:1044C00002190020014A22F81010704760000020F5
:1044D0002DE9F04704460025314E9CB00F460120DF
:1044E000AAB1012A1CBF1CB0BDE8F0877070012082
:1044F000FCF793FE35703A4621462A48FCF734FB18
:1045000029490880FFF7E2FC1CB0BDE8F087707015
:104510000120FCF782FE3570206802908DF80C5067
:1045200002A8FBF79CFE1FFA80FAA088ADF80800ED
:104530008DF80A5002A8FBF792FE00F0FF09E08810
:10454000ADF808008DF80A5002A8FBF788FE00F0CD
:10455000FF082089ADF808008DF80A5002A8FBF783
:104560007EFEC7B26089ADF808008DF80A5002A837
:10457000FBF775FEC6B2A089ADF808008DF80A50A9
:1045800002A8FBF76CFEC0B2CDE900603B46424694
:104590004946504601F0CAFD1CB0BDE8F087000056
:1045A000C60200200E1700205E0000200449487853
:1045B000002808BF7047012000224A7070470000A1
:1045C000400000200020054A01461154401C80B2E2
:1045D000B0F57A7FF9D30248818270470811002034
:1045E0004000002001490120487070474000002031
:1045F000704738B535208DF8000000248DF8014053
:104600008DF8024001258DF80350684600F032F81D
:1046100026208DF800008DF801408DF802408DF8BD
:104620000350684600F026F827208DF800008DF82A
:1046300001408DF802408DF80350684600F01AF8EA
:1046400034208DF8000002208DF801008DF8024022
:104650008DF80350684600F00DF808208DF8000032
:104660008DF801408DF802508DF80350684600F037
:1046700001F838BD70B50446C0780F25002818BF72
:10468000012804D07D2223A12FA004F09DFA607898
:10469000102804D37E221FA13A4804F095FAA0788E
:1046A000102804D37F221BA1374804F08DFAE0784C
:1046B000012210B335480068637800F4E060C0F56B
:1046C000E060000AC0F1040103FA01F1A37825FAC1
:1046D00000F0184008432178000101F1E02181F841
:1046E0000004207800F01F0102FA01F14009800067
:1046F00000F1E020C0F8001170BD207800F01F012B
:1047000002FA01F14009800000F1E020C0F88011B8
:1047100070BD00002E2E5C6669726D776172655CFB
:104720006E3332673435785F7374645F70657269B5
:1047300070685F6472697665725C7372635C6D69E0
:1047400073632E630000000049535F46554E435487
:10475000494F4E414C5F5354415445284E564943AE
:104760005F496E69745374727563742D3E4E564979
:10477000435F4952514368616E6E656C436D6429B5
:104780000000000084BB000840BB00080CED00E006
:1047900010B50446B0F5E06F18BFB4F5C06F0CD08B
:1047A000B4F5A06F1CBFB4F5806FB4F5407F04D0A2
:1047B0006C2205A111A004F007FA1B4944F0FD701A
:1047C00040F08060086010BD2E2E5C6669726D77C7
:1047D0006172655C6E3332673435785F7374645F21
:1047E0007065726970685F6472697665725C737215
:1047F000635C6D6973632E630000000049535F4E74
:104800005649435F5052494F524954595F47524F9E
:104810005550284E5649435F5072696F72697479DA
:1048200047726F75702900000CED00E02DE9F04132
:104830000B20FFF71FFE07460920FFF721FE304C33
:104840000646E17939B3002501293ED0022946D038
:10485000032918BFBDE8F08147F008010B20FFF7DE
:104860002BFE01210020FFF711FE16F0040F0FD0E0
:10487000002001F02BFB00210120FFF707FE0321A0
:104880000A20FFF719FE0020FCF704FDFFF758FD92
:10489000E571BDE8F0810520FFF7ECFD00EB80003D
:1048A00045000520FFF7ECFD00EB8000B5EB400F65
:1048B00038BFBDE8F0810120E071BDE8F041114A48
:1048C0004FF4FA610E2003F0D7BCA078012806BF90
:1048D000A5700220BDE8F081E071BDE8F0810520FF
:1048E000FFF7C8FD00EB800046000520FFF7C8FD7C
:1048F00000EB8000B6EB400F28BF0320ECD2C7E7E7
:10490000CA020020759200082DE9F0410B20FFF744
:10491000B1FD07460920FFF7B3FD2B4C0646217A6F
:1049200039B30025012939D002293ED0032918BF07
:10493000BDE8F08147F040010B20FFF7BDFD0121EC
:104940000020FFF7A3FD16F0100F0FD0002001F09C
:10495000BDFA00210120FFF799FD06210A20FFF78B
:10496000ABFD0020FCF796FCFFF7EAFC2572BDE8E2
:10497000F0810720FFF77EFD05460820FFF780FD48
:10498000854238BFBDE8F08101202072BDE8F041CA
:104990000E4A4FF4FA61102003F06EBC2079012812
:1049A00004BF25712572BDE8F0810720FFF762FD85
:1049B00006460820FFF764FD864224BF03202072CC
:1049C000D4D3BDE8F0810000CA0200205D92000847
:1049D0002DE9F0410B20FFF74DFD06460920FFF7BA
:1049E0004FFD2B4C0546617939B30027012939D099
:1049F000022941D0032918BFBDE8F08146F0020129
:104A00000B20FFF759FD01210020FFF73FFD15F0B6
:104A1000010F0FD0002001F059FA00210120FFF70B
:104A200035FD01210A20FFF747FD0020FCF732FC8D
:104A3000FFF786FC6771BDE8F0810420FFF71AFDDF
:104A400005460320FFF71CFD854238BFBDE8F08115
:104A500001206071BDE8F0410E4A4FF4FA610C206C
:104A600003F00ABC2078012806BF27700220BDE8A9
:104A7000F0816071BDE8F0810420FFF7FBFC054682
:104A80000320FFF7FDFC854228BF0320F1D2D1E7C8
:104A9000CA0200205192000810B5040018BF012C72
:104AA00004D0862203A111A004F08EF816480462F7
:104AB00010BD00002E2E5C6669726D776172655CB8
:104AC0006E3332673435785F7374645F7065726912
:104AD00070685F6472697665725C7372635C6E3372
:104AE00032673435785F7077722E630049535F46C2
:104AF000554E4354494F4E414C5F53544154452801
:104B0000436D64290000000000000E4270B51D4C8A
:104B10000025607A10B1012813D010E02079401CE4
:104B20002071FFF74FFD0B2117A003F05DFB6421FF
:104B30006570184A0F2003F09FFB0120607200206F
:104B400070BDFFF733FD002808BF70BD124E3068FE
:104B500000F0CCF9014611483268FDF72DFA10A19A
:104B60000E48FBF759FB18B165722571012070BD25
:104B700020795A2898BF6572E1D9257165720220A3
:104B800070BD00004000002041542B434741545465
:104B90003F0D0A00E54500083C00002008110020F8
:104BA0002B43474154543A203100000070B51D4C4E
:104BB0000025207A10B1012813D010E02079401C84
:104BC0002071FFF7FFFC0B2117A003F00DFB642100
:104BD0006570184A0F2003F04FFB0120207200205F
:104BE00070BDFFF7E3FC002808BF70BD124E3068AF
:104BF00000F07CF9014611483268FDF7DDF910A19B
:104C00000E48FBF709FB18B125722571012070BD14
:104C100020795A2898BF2572E1D925712572022082
:104C200070BD00004000002041542B4345524547D1
:104C30003F0D0A00E54500083C0000200811002057
:104C40002B43455245473A20302C3100814810B55E
:104C5000C0790A283AD2DFE800F005213B485061CC
:104C60007989B9CA7C4C206800F040F901467B483C
:104C70002268FDF7A1F9FFF7A5FC042178A003F055
:104C8000B3FA744C00204FF4FA616070764A0F203A
:104C900003F0F2FA0120E071002010BDFFF786FC5E
:104CA000002808BF10BD6C4C206800F01FF90146B9
:104CB0006A482268FDF780F96CA16848FBF7ACFAF6
:104CC000002800F0C28063490220C871002010BD96
:104CD000604C00204FF4FA616070634A0F2003F0CB
:104CE000CBFA0320E071002010BDFFF75FFC002825
:104CF000ECD058490420C871E8E7FFF763FC0A21AB
:104D00005BA003F071FA534C002064216070564A96
:104D10000F2003F0B1FA0520E071D7E7FFF746FC5A
:104D2000002808BF10BD4C4C206800F0DFF8014699
:104D30004A482268FDF740F950A14848FBF76CFA51
:104D400000287DD043490620C871BFE7FFF73AFC31
:104D50000B214EA003F048FA3E4C00206421607005
:104D6000414A0F2003F088FA07203EE0FFF71EFCBF
:104D7000002808BF10BD384C206800F0B7F8014685
:104D800036482268FDF718F943A13448FBF744FA86
:104D900000285AD04249D0F80720C1F89122D0F813
:104DA0000B20C1F89522D0F80F20C1F89922B0F855
:104DB0001320A1F89D22407D81F89F0201F5237107
:104DC0000020087523490820C8717FE7FFF7FAFB28
:104DD0000A2134A003F008FA1E4C00206421607000
:104DE000214A0F2003F048FA0920E0716EE7FFF72F
:104DF000DDFB002808BF10BD174C206800F076F8D6
:104E0000014616482268FDF7D7F829A11348FBF799
:104E100003FAA8B122498268C1F8A122C268C1F888
:104E2000A5220269C1F8A9224269C1F8AD228069B0
:104E3000C1F8B10201F52371002081F8290000E0DA
:104E400003E00449C871012010BD02490020C87167
:104E5000022010BD400000203C000020081100206E
:104E600041540D0A00000000E54500084F4B0000CA
:104E700041542B4350494E3F0D0A00002B435049EB
:104E80004E3A2052454144590000000041542B4302
:104E900047534E3D310D0A002B4347534E3A2000F5
:104EA0005814002041542B49434349440D0A000043
:104EB0002B49434349443A200000000070B51020BC
:104EC00004F090F904004FF0000508BF2C4607D00D
:104ED00040F2DD50606004F085F9E560A560206077
:104EE0000148046070BD00003C0000200146D1E98B
:104EF0000220801A44BF49680844704710B5040076
:104F00001CBF012C042C05D040F203320AA118A0CA
:104F100003F05AFE1B48002180F8201080F8201072
:104F2000012C08BF012103D0042C0CBF052110BDAA
:104F300080F8201010BD00002E2E5C6669726D771F
:104F40006172655C6E3332673435785F7374645FA9
:104F50007065726970685F6472697665725C73729D
:104F6000635C6E3332673435785F7263632E63003F
:104F700049535F5243435F4C5345285243435F4C70
:104F8000534529000010024010B5040018BFB4F5C5
:104F9000806F0DD0B4F5A06F1CBFB4F5C06FB4F531
:104FA000E06F05D040F2C31205A113A003F00CFE80
:104FB0001849486820F4E0602043486010BD0000B4
:104FC0002E2E5C6669726D776172655C6E33326736
:104FD0003435785F7374645F7065726970685F649C
:104FE00072697665725C7372635C6E3332673435F6
:104FF000785F7263632E630049535F5243435F4897
:10500000434C4B5F444956285243435F48434C4B03
:10501000290000000010024010B50446B0F5807F62
:105020001CBFB4F5007FB4F5407F05D040F23332A9
:1050300006A114A003F0C8FD1B48016A21F44071C9
:105040000162016A2143016210BD00002E2E5C66E0
:1050500069726D776172655C6E3332673435785F83
:105060007374645F7065726970685F647269766595
:10507000725C7372635C6E3332673435785F72636F
:10508000632E630049535F5243435F525443434C82
:105090004B5F535243285243435F525443434C4B5C
:1050A000536F7572636529000010024070B50446A5
:1050B0000E480D46044200D12CB940F2FE320CA13C
:1050C00019A003F081FD214E002D04BFF069A0431B
:1050D00009D0012D05D040F2FF3205A11CA003F03C
:1050E00073FDF0692043F06170BD000000330141A1
:1050F0002E2E5C6669726D776172655C6E33326705
:105100003435785F7374645F7065726970685F646A
:1051100072697665725C7372635C6E3332673435C4
:10512000785F7263632E630049535F5243435F416C
:105130005042315F504552495048285243435F41E5
:1051400050423150657269706829000000100240B9
:1051500049535F46554E4354494F4E414C5F53545B
:1051600041544528436D64290000000070B5044691
:105170000E480D46044200D12CB940F2DF320CA19A
:1051800019A003F021FD214E002D04BFB069A043FA
:1051900009D0012D05D04FF4787205A11CA003F0B1
:1051A00013FDB0692043B06170BD00000286E0FFCE
:1051B0002E2E5C6669726D776172655C6E33326744
:1051C0003435785F7374645F7065726970685F64AA
:1051D00072697665725C7372635C6E333267343504
:1051E000785F7263632E630049535F5243435F41AC
:1051F0005042325F504552495048285243435F4124
:1052000050423250657269706829000000100240F7
:1052100049535F46554E4354494F4E414C5F53549A
:1052200041544528436D64290000000010B5040076
:1052300018BF012C05D04FF4517203A110A003F048
:10524000C3FC1648046010BD2E2E5C6669726D7733
:105250006172655C6E3332673435785F7374645F96
:105260007065726970685F6472697665725C73728A
:10527000635C6E3332673435785F7263632E63002C
:1052800049535F46554E4354494F4E414C5F53542A
:1052900041544528436D6429000000003C0442420B
:1052A000324B30B45968324A11405A6811F0006FDD
:1052B00002F480320CBF4FF0020C6FF4F77C0CEB61
:1052C0009141002A04BF2B4A514306D05A6812F478
:1052D000003F14BF274A284A51435A68DFF898C054
:1052E00012F00C0218BF042A03D0082A08BF01607C
:1052F00001D0C0F800C05A684FF00F0C1F4D0CEAE7
:105300001212D0F800C0AA5C2CFA02F24260D3F864
:1053100004C0072404EA1C2C15F80CC022FA0CFC6B
:10532000C0F808C0D3F804C004EADC2C15F80CC09F
:1053300022FA0CFCC0F80CC0D3F82CC005F1100404
:105340000CF00F0C14F80CC0B2FBFCF24261DA6AEC
:105350001F2303EA121202F00F0204F1100333F8C4
:105360001220B1FBF2F1016130BC70470010024025
:1053700000003C0800093D0000127A00D6920008A7
:1053800070B500250446212818BF312C21D0392CB6
:1053900018BF412C1DD0612C18BF732C19D0742C50
:1053A00018BF752C15D0772C18BF792C11D07A2CFA
:1053B00018BF7B2C0DD07C2C18BF7D2C09D07E2CE7
:1053C00018BF7F2C05D040F2E3420CA119A003F0D6
:1053D000FBFB60091D49012808BF086803D00228AB
:1053E0000CBF086A486A04F01F01012202FA01F1A9
:1053F000014218BF0125284670BD00002E2E5C66B4
:1054000069726D776172655C6E3332673435785FCF
:105410007374645F7065726970685F6472697665E1
:10542000725C7372635C6E3332673435785F7263BB
:10543000632E630049535F5243435F464C41472804
:105440005243435F464C4147290000000010024090
:1054500038B503F0EBFC4FF40060ADF8000010200D
:105460008DF803000120064C8DF8020069462046A5
:10547000FDF7A2F9E1142046FDF748FB38BD000016
:105480000008014002F06CBE00210A2805D3491C27
:105490000A38C0B2C9B20A28F9D2090740EA116035
:1054A0007047000070B50026674D0C4600282AD0D2
:1054B000012805D04FF4E37264A172A003F084FBCD
:1054C000286810F0400F00F07F802078010901EB80
:1054D000810100F00F0000EB4100C0B2401E0B281C
:1054E00005D94FF4EE7259A16DA003F06DFBE07881
:1054F000002818BF402800F0798040F2DD1253A147
:105500006EA000F071B8286810F0400F13D020781A
:10551000401E0B2805D94FF4E6724CA16FA003F092
:1055200053FBE078002818BF40280ED040F2CD127F
:1055300046A162A007E0E6702078172805D94FF44D
:10554000E97242A16FA003F03FFB60783B2805D9C8
:105550004FF4EA723DA175A003F036FBA0783B281A
:1055600005D940F2D51239A17AA003F02DFB20789D
:10557000FFF78AFF06046078FFF786FF46EA0026F9
:10558000A078FFF781FFE178304340EA01437B4C8C
:10559000CA2020605320206000F04CF970B1784898
:1055A0007849184008607848016821F0800101605E
:1055B000286810F0200F08BF00F056FCFF20206084
:1055C000BDE8704000F050BCE6702078010901EBA6
:1055D000810100F00F0000EB4100C0B2172805D98F
:1055E0004FF4F17219A169A003F0EEFA6078010995
:1055F00001EB810100F00F0000EB4100C0B23B283D
:1056000005D94FF4F27211A16EA003F0DDFAA07873
:10561000010901EB810100F00F0000EB4100C0B275
:105620003B2805D940F2E51208A174A003F0CCFA9A
:10563000A0782178E27840EA01406178090241EAE5
:10564000024140EA0103A2E7082800402E2E5C66D2
:1056500069726D776172655C6E3332673435785F7D
:105660007374645F7065726970685F64726976658F
:10567000725C7372635C6E3332673435785F727458
:10568000632E630049535F5254435F464F524D416E
:1056900054285254435F466F726D617429000000B4
:1056A00049535F5254435F3132484F555228746D0D
:1056B00070726567697374657229000049535F529F
:1056C00054435F483132285254435F54696D6553E7
:1056D00074727563742D3E483132290049535F520C
:1056E00054435F3132484F5552285254435F5469F6
:1056F0006D655374727563742D3E486F75727329AE
:105700000000000049535F5254435F3234484F5504
:1057100052285254435F54696D65537472756374B3
:105720002D3E486F757273290000000049535F5287
:1057300054435F4D494E55544553285254435F548A
:10574000696D655374727563742D3E4D696E757421
:105750006573290049535F5254435F5345434F4E8D
:105760004453285254435F54696D65537472756392
:10577000742D3E5365636F6E6473290024280040C6
:105780007F7F7F00002800400C28004049535F5273
:1057900054435F3234484F5552285254435F42635A
:1057A0006432546F42797465285254435F54696D72
:1057B000655374727563742D3E486F757273292931
:1057C0000000000049535F5254435F4D494E555409
:1057D0004553285254435F42636432546F42797494
:1057E00065285254435F54696D65537472756374D0
:1057F0002D3E4D696E7574657329290049535F52BA
:1058000054435F5345434F4E4453285254435F42E1
:10581000636432546F42797465285254435F54690B
:105820006D655374727563742D3E5365636F6E645A
:105830007329290081B00F4900200090086810F0FA
:10584000400F04BF8020086010D10868009A00F063
:105850004000521C0092B2F5005F01D00028F4D045
:10586000086810F0400004BF01B07047012001B08B
:10587000704700000C28004070B50C46050018BFAA
:10588000012D05D04FF4377218A126A003F09CF922
:105890002B48006820F0C00121F07F410B0CC1F3C0
:1058A0000422E37001F03F006270A070C1F3423146
:1058B0002170002D18BF70BD190901EB810103F0A3
:1058C0000F0303EB4101E170110901EB810102F0CB
:1058D0000F0202EB41016170010901EB810100F04F
:1058E0000F0000EB4100A07070BD00002E2E5C6622
:1058F00069726D776172655C6E3332673435785FDB
:105900007374645F7065726970685F6472697665EC
:10591000725C7372635C6E3332673435785F7274B5
:10592000632E630049535F5254435F464F524D41CB
:1059300054285254435F466F726D61742900000011
:105940000428004070B50C46050018BF012D05D095
:1059500040F23D2218A126A003F036F92B4800683A
:105960002B494FF0400C0140C1F30542C1F306231F
:10597000227001F07F006370A0700CEA1141E170A9
:10598000002D18BF70BD110901EB810102F00F025B
:1059900002EB41012170190901EB810103F00F02B3
:1059A00002EB41016170010901EB810100F00F0080
:1059B00000EB4100A07070BD2E2E5C6669726D77A1
:1059C0006172655C6E3332673435785F7374645F1F
:1059D0007065726970685F6472697665725C737213
:1059E000635C6E3332673435785F7274632E6300A4
:1059F00049535F5254435F464F524D4154285254CD
:105A0000435F466F726D61742900000000280040FA
:105A10007F7F7F0070B50546002600683446402829
:105A200018BF002804D0C7221EA12CA003F0CCF878
:105A300068687F2804D9C8221AA135A003F0C4F8E9
:105A4000A868B0F5004F04D3C92216A13EA003F008
:105A5000BBF84B4BCA20186053201860FFF7EAFED2
:105A6000B0B14848016821F04001016001682A682E
:105A7000114301604448A96801600168AA8841EAAD
:105A800002410160001F016821F0800101600126D0
:105A9000FF20186040F2FF20641C8442FCD3304693
:105AA00070BD00002E2E5C6669726D776172655C58
:105AB0006E3332673435785F7374645F7065726912
:105AC00070685F6472697665725C7372635C6E3372
:105AD00032673435785F7274632E630049535F52C6
:105AE00054435F484F55525F464F524D41542852E0
:105AF00054435F496E69745374727563742D3E52DA
:105B000054435F486F7572466F726D61742900006F
:105B100049535F5254435F5052454449565F415385
:105B2000594E4348285254435F496E697453747206
:105B30007563742D3E5254435F4173796E636850B0
:105B4000726564697629000049535F5254435F507F
:105B500052454449565F53594E4348285254435F77
:105B6000496E69745374727563742D3E5254435F69
:105B700053796E636850726564697629000000008D
:105B800024280040082800401028004070B50C462A
:105B9000050000F05F80012D05D040F2722256A171
:105BA00063A003F011F8E078010901EB810100F036
:105BB0000F0000EB4100C0B2632805D94FF42072FA
:105BC0004DA162A003F000F86078010901EB8101AA
:105BD00000F00F0000EB4100C0B2401E0B2805D9B9
:105BE00040F2822244A166A002F0EEFFA0780109F3
:105BF00001EB810100F00F0000EB4100C0B2401E3C
:105C00001E2805D94FF421723BA164A002F0DCFFED
:105C10002178012918BF02290ED0032918BF0429B1
:105C20000AD005291CBF0629072905D040F2862283
:105C300031A161A002F0C8FF002D2FD0A078E1783B
:105C4000227840EA01406178090241EA423140EAA3
:105C5000010333E0607810F0100F03D020F0100043
:105C60000A306070E078632805D940F27A2222A1D8
:105C70005BA002F0A9FF6078401E0B2805D940F216
:105C80007B221DA15FA002F09FFFA078401E1E286E
:105C9000BED94FF41F7218A163A0B7E7E078FFF7F1
:105CA000F3FB05046078FFF7EFFB45EA0025A078D9
:105CB000FFF7EAFB2178284340EA4133634CCA20CE
:105CC000206053202060FFF7B5FD78B1604823F0D5
:105CD000C00101605F48016821F080010160001F80
:105CE000006810F0200F08BF00F0BEF8FF20206011
:105CF000BDE8704000F0B8B82E2E5C6669726D7712
:105D00006172655C6E3332673435785F7374645FDB
:105D10007065726970685F6472697665725C7372CF
:105D2000635C6E3332673435785F7274632E630060
:105D300049535F5254435F464F524D415428525489
:105D4000435F466F726D61742900000049535F52D2
:105D500054435F59454152285254435F4263643271
:105D6000546F42797465285254435F44617465539B
:105D700074727563742D3E596561722929000000A3
:105D800049535F5254435F4D4F4E544828746D70D1
:105D900072656769737465722900000049535F5228
:105DA00054435F4441544528746D7072656769734C
:105DB000746572290000000049535F5254435F57D5
:105DC00045454B444159285254435F4461746553DF
:105DD00074727563742D3E5765656B446179290053
:105DE00049535F5254435F59454152285254435FCF
:105DF000446174655374727563742D3E59656172A4
:105E00002900000049535F5254435F4D4F4E5448A0
:105E1000285254435F446174655374727563742DE2
:105E20003E4D6F6E7468290049535F5254435F447E
:105E3000415445285254435F4461746553747275EC
:105E400063742D3E446174652900000024280040DD
:105E5000042800400C280040002101607F2141609F
:105E6000FF2181607047000081B000200F4B00903F
:105E7000CA201860532018600D49086820F02000DF
:105E800008600868009A00F02000521C0092B2F5E9
:105E9000004F01D00028F4D0086810F0200018BF8F
:105EA0000120FF21196001B0704700002428004044
:105EB0000C280040044901200870AFF207024FF49B
:105EC0007A71042002F0D8B92C00002010B5164CCD
:105ED00010B101280ED01AE04FF400412046FCF723
:105EE0007FFE4FF480412046FCF710FE142002F0A4
:105EF000F5FE0CE04FF480412046FCF771FE4FF4B4
:105F000000412046FCF702FE142002F0E7FE4FF4A9
:105F100000412046FCF7FAFD2046BDE810404FF452
:105F20008041FCF7F3BD0000000C0140F8B54FF4D0
:105F30000040ADF8000010250E4E8DF803500324EC
:105F40008DF8024069463046FCF736FCE9023046DF
:105F5000FCF746FEA902ADF800108DF803508DF84D
:105F6000024069463046FCF727FCA9023046FCF7A0
:105F700037FEF8BD000C014010B5012186B00807BE
:105F8000FFF794F80121C806FFF790F80120FEF70B
:105F900083FD0420FAF71CFEA0F5A061053904BFBB
:105FA00006B010BD4FF48070FFF736F80120FEF701
:105FB000A5FF4120FFF7E4F90028FAD00120FFF700
:105FC00035F97F200190FF2000240290009468465C
:105FD000FFF742FF6846FFF71DFD014611A002F0E2
:105FE0006DF919208DF8130001208DF811008DF83E
:105FF000120003208DF80D408DF810008DF80E4032
:106000008DF80C4004A90020FFF7C0FD03A9002073
:10601000FFF748FA40F205510420FAF763FE06B094
:1060200010BD0000525443B3F5CABCBBAF25640D8C
:106030000A00000070B51D4C0025A07A10B101289F
:1060400013D010E02079401C2071FEF7BBFA1F210D
:1060500017A002F0C9F8642165701D4A0F2002F0F4
:106060000BF90120A072002070BDFEF79FFA0028F6
:1060700008BF70BD174E3068FEF738FF014616485E
:106080003268FBF799FF15A11348FAF7C5F8002805
:106090001EBFA572012070BD20790A2898BFA57285
:1060A000E1D92571A572022070BD000040000020DA
:1060B00041542B5149435347503D312C312C2243FD
:1060C0004D4E4554222C22222C22222C310D0A0026
:1060D000E54500083C000020081100204F4B00005F
:1060E0002DE9F0410E4E069D8846F0701F4614467D
:1060F0003282C8210B48FAF784F822464146094803
:10610000FAF766F82C4675824FF47A710648FAF76A
:1061100078F822463946BDE8F0410348FAF758B806
:1061200040000020580C0020200D002070B582B0E7
:10613000A0F5FA60C0B2DDE906458DF803008DF8E0
:1061400001101E468DF8022002F056FD8DF8046005
:106150008DF800008DF805408DF806506946002046
:10616000FFF714FD01A90020FFF79CF902B070BDF4
:10617000042808D010F1050F08BF7047CF2205A1F1
:1061800011A002F021BD4FF0E020016941F00401AF
:10619000016170472E2E5C6669726D776172655C75
:1061A0006E3332673435785F7374645F706572691B
:1061B00070685F6472697665725C7372635C6D6946
:1061C00073632E630000000049535F5359535449D1
:1061D000434B5F434C4B5F534F55524345285379D4
:1061E000735469636B5F434C4B536F7572636529DE
:1061F00000000000704700004B4883B0016841F484
:10620000700101604948016841F001010160426884
:10621000474911404160016821F4102121F080714B
:106220000160016821F480210160416821F47F014F
:1062300021F0006141600021C16201634FF41F023F
:106240008260C26942F08052C2613A4AD36843F028
:106250000103D360C26922F08052C261364A1368DA
:1062600043F09003136000918DF8041002910168CF
:1062700041F4803101600168C1F340418DF80410A0
:106280000299491C02919DF8041019B90299B1F5BF
:10629000004FF0D10168C1F340418DF804109DF822
:1062A000041000293BD0116821F00701116011682A
:1062B00041F00301116041684160416841F40051BF
:1062C0004160416841F4A0614160416821F47C1162
:1062D00021F000614160416841F4803141F40031B6
:1062E00041F0026100914160016841F080710160FC
:1062F000016811F0007FFBD0416821F0030141608B
:10630000416841F002014160416801F00C01082937
:10631000FAD10A494FF00060086003B0704709499C
:1063200007480860F5E7000088ED00E00010024033
:1063300000C0FFF8007000400020024008ED00E0BF
:1063400000127A000000002003490020087010218C
:106350000248FCF745BC000028000020000C01406A
:10636000074910B50120087010210648FCF7CEFB44
:10637000BDE81040044A4EF66021112001F07CBFB8
:1063800028000020000C0140496300082DE9F04777
:10639000DFF894900D4607461C4616464FF02A0833
:1063A0004FF480714846FCF7B1FB404600F060FCBA
:1063B0004FF480714846FCF713FC380A00F058FC93
:1063C000F8B200F055FC300A00F052FCF0B200F0D8
:1063D0004FFC2B264FF480714846FCF797FB304664
:1063E00000F046FC4FF480714846FCF7F9FB280AA0
:1063F00000F03EFCE8B200F03BFC200A00F038FC64
:10640000E0B200F035FC2C244FF480714846FCF7D4
:106410007DFB204600F02CFC4846BDE8F0474FF4D9
:106420008071FCF7DDBB0000000C01402DE9F04F4E
:106430000026A2EB00085F1A85B0354682468946E1
:10644000B8F1000FC8BF012007DC0FBF00204FF0DC
:10645000FF30C8F10008019000D10190002FC8BFA3
:10646000012006DC0FBF00204FF0FF307F4200907C
:1064700000D10090B845CCBF44463C464FF0000BDD
:10648000601C03900028DCBF05B0BDE8F08F0E98BB
:10649000000A02901FFA8AF01FFA89F1DDF838C06D
:1064A0000B460246CDF810C0FFF770FF029800F0CF
:1064B000DFFBDDF810C00CF0FF0000F0D9FB464414
:1064C0003D44A64202DD0198361B8244A54202DD0E
:1064D00000982D1B81440BF101001FFA80FB0398EB
:1064E0008345D7DB05B0BDE8F08F2DE9F047814645
:1064F0009846581E83B21746501E82B20D46484633
:10650000089EFFF743FF454534BF4FEA162ABDE812
:10651000F0874C46B94509D2504600F0A9FBF0B2CD
:1065200000F0A6FB601C84B2BC42F5D3681C85B2A7
:106530004545EED3BDE8F087F8B54FF47C70ADF873
:10654000000010208DF803000320F64E8DF80200A5
:1065500069463046FCF730F901210920FEF706FEB6
:106560000121F148FBF7D8FD71153046FCF7CEFA52
:106570006423002246F2A811491EFDD1521C9A4202
:10658000F8D34FF400713046FCF72AFB6423002255
:1065900046F2A811491EFDD1521C9A42F8D3E34994
:1065A0000120087010213046FCF7B0FAE04A4EF6A0
:1065B0006021112001F060FE6420002246F2A81143
:1065C000491EFDD1521C8242F8D3002436254FF4D7
:1065D00080713046FCF79AFA284600F049FB4FF4E8
:1065E00080713046FCF7FCFA602000F041FB3A2550
:1065F0004FF480713046FCF789FA284600F038FBEA
:106600004FF480713046FCF7EBFA052000F030FBC8
:10661000B2254FF480713046FCF778FA284600F036
:1066200027FB4FF480713046FCF7DAFA0C2000F0BB
:106630001FFB0C2000F01CFB002000F019FB332096
:1066400000F016FB332000F013FBB7254FF48071E8
:106650003046FCF75BFA284600F00AFB4FF48071E5
:106660003046FCF7BDFA352000F002FBBB254FF4A5
:1066700080713046FCF74AFA284600F0F9FA4FF4E8
:1066800080713046FCF7ACFA192000F0F1FAC02511
:106690004FF480713046FCF739FA284600F0E8FAEA
:1066A0004FF480713046FCF79BFA2C2000F0E0FAA2
:1066B000C2254FF480713046FCF728FA284600F0D6
:1066C000D7FA4FF480713046FCF78AFA012000F0C7
:1066D000CFFAC3254FF480713046FCF717FA2846ED
:1066E00000F0C6FA4FF480713046FCF779FA1220B8
:1066F00000F0BEFAC4254FF480713046FCF706FA6C
:10670000284600F0B5FA4FF480713046FCF768FA7D
:10671000202000F0ADFAC6254FF480713046FCF71A
:10672000F5F9284600F0A4FA4FF480713046FCF7E2
:1067300057FA0F2000F09CFAD0254FF480713046B4
:10674000FCF7E4F9284600F093FA4FF480713046E4
:10675000FCF746FAA42000F08BFAA12000F088FA9A
:10676000E0254FF480713046FCF7D0F9284600F060
:106770007FFA4FF480713046FCF732FAD02000F0F7
:1067800077FA042000F074FA0D2000F071FA11205D
:1067900000F06EFA132000F06BFA2B2000F068FA7C
:1067A0003F2000F065FA542000F062FA4C2000F01F
:1067B0005FFA182000F05CFA0D2000F059FA0B2067
:1067C00000F056FA1F2000F053FA232000F050FA90
:1067D000E1254FF480713046FCF798F9284600F027
:1067E00047FA4FF480713046FCF7FAF9D02000F0F8
:1067F0003FFA042000F03CFA0C2000F039FA112096
:1068000000F036FA132000F033FA2C2000F030FAB2
:106810003F2000F02DFA442000F02AFA512000F029
:1068200027FA2F2000F024FA1F2000F021FA1F2061
:1068300000F01EFA202000F01BFA232000F018FAC6
:1068400021254FF480713046FCF760F9284600F0AE
:106850000FFA4FF480713046FCF7C2F911254FF45E
:1068600080713046FCF752F9284600F001FA4FF4E7
:1068700080713046FCF7B4F929254FF48071304619
:10688000FCF744F9284600F0F3F94FF480713046E4
:10689000FCF7A6F92A254FF480713046FCF736F94B
:1068A000284600F0E5F94FF480713046FCF798F97E
:1068B000002000F0DDF9002000F0DAF9002000F0FF
:1068C000D7F9EF2000F0D4F92B254FF48071304632
:1068D000FCF71CF9284600F0CBF94FF480713046E4
:1068E000FCF77EF9002000F0C3F9002000F0C0F9A9
:1068F000002000F0BDF9C52000F0BAF92C254FF4B6
:1069000080713046FCF702F9284600F0B1F94FF4E7
:1069100080713046FCF764F9601CC4B2022CFFF4AD
:1069200055AEF8BD000C01400002300028000020E8
:10693000496300082DE9FF4F85B00746DDF84C801C
:106940000C468B4618F0070018BF012000EBD8005A
:1069500000FB08F04FF00009009000289CBF09B030
:10696000BDE8F08F2D4800EB421004902C4800EB5E
:10697000C21003900898000A02901298000A019031
:10698000B8F1100F08BF049806D0B8F1200F0EBF61
:10699000039809B0BDE8F08F10F80950002615F0F3
:1069A000800F0FD023463A4619461046DDF820A046
:1069B000FFF7ECFC029800F05BF90AF0FF0000F032
:1069C00057F90EE023463A4619461046DDF848A02E
:1069D000FFF7DCFC019800F04BF90AF0FF0000F033
:1069E00047F94FF6FF7000EA4505601C84B2A4EB3E
:1069F0000B00404503D1781C5C4687B203E0701C55
:106A000086B2082ECBD309F101001FFA80F9009855
:106A10008145B5D309B0BDE8F08F00005ABA00082F
:106A20005AAF00082DE9FF4F89B00546DDF85CA09C
:106A300000264FEA5A0901909B4619F0070018BF3B
:106A4000012000EBD90000FB0AF00290A2F1200027
:106A5000C4B20A980A995044401E83B205EB09005B
:106A6000401E82B22846FFF791FC02984FF00008C2
:106A700000289CBF0DB0BDE8F08F3A4904EB4400FC
:106A800001EB80010791384901EB04110691374968
:106A900001EB001005901698000A04904FEA1B20A5
:106AA0000090BAF10C0F04BF079810F808700DD0D1
:106AB000BAF1100F08BF069806D0BAF1180F0EBF32
:106AC00005980DB0BDE8F08F10F8087000241898F4
:106AD00000284FF0010000FA04F000EA070019D086
:106AE00060B10A992A460B461046FFF74FFC009802
:106AF00000F0BEF80BF0FF0000F0BAF8681C85B299
:106B00000198281A48451FD10A98019D401C80B25F
:106B10000A901DE028B1009800F0AAF80BF0FF00E1
:106B200006E016980390049800F0A2F80398C0B20B
:106B300000F09EF8701CC6B2B6FBF9F009FB1060BD
:106B4000002808BF002603D0601CC4B2082CBED3A6
:106B500008F101001FFA80F802988045A1D30DB01A
:106B6000BDE8F08F269300089A9700088A9D0008D8
:106B70002DE9FF4F83B04FF00008DDE911961D00AD
:106B800082464FEA5607444612BFA5F1010B07B0F3
:106B9000BDE8F08F0A23281B401EC2B20121501EFF
:106BA000C0B203D35943401EC0B2FBD20598B0FB1C
:106BB000F1F01B49A1FB0021C908494201EB810109
:106BC00000EB4100B8F1000F06D15C4504DA002863
:106BD00018BF4FF0010814D00021CDF800903030DC
:106BE000CDE90161C2B204FB07A080B2109B0499F9
:106BF000FFF718FF601CC4B2AC42CBD307B0BDE8AE
:106C0000F08F0020CDF80090CDE9016004FB07A0D3
:106C100080B22022109B0499FFF704FFEAE70000EE
:106C2000CDCCCCCC2DE9F04784B00646DDE90D573C
:106C30001078DDF83080994614468A46002804BF53
:106C400004B0BDE8F087CDF80080CDE90157227887
:106C50004B4651463046FFF7E5FE06EB550086B23F
:106C600014F8010F0028EED104B0BDE8F087000051
:106C700070B5134E054620213046FBF747FF002430
:106C800040213046FBF742FF15F0800F4FF08001A6
:106C9000304602D0FBF7A4FF01E0FBF737FF4021AD
:106CA0003046FBF79DFF6806050E601CC4B2082C39
:106CB000E6D33046BDE870402021FBF791BF0000CD
:106CC000000C014004480178012918BF70470021D9
:106CD0000170FAF71DBB0000570000200449012095
:106CE0000870AFF207024FF4FA71062001F0C4BA3F
:106CF0005700002010B5084C0121204600F038FA5A
:106D0000002808BF10BD0121204600F007F8BDE8AB
:106D1000104001F0BBBA00000010004070B50446FE
:106D2000A0F180400D46B0F5963018BFB4F1804F09
:106D300023D0A4F18040B0F580601CBFA4F1804056
:106D4000B0F5006019D0A4F18040B0F540601CBFE0
:106D5000A4F18040B0F580500FD0A4F18040B0F590
:106D6000A0501CBFA4F18040B0F59A3005D040F689
:106D7000224209A116A001F027FF15F47F4F00D190
:106D80002DB940F6234204A117A001F01DFF206990
:106D9000A843206170BD00002E2E5C6669726D777D
:106DA0006172655C6E3332673435785F7374645F2B
:106DB0007065726970685F6472697665725C73721F
:106DC000635C6E3332673435785F74696D2E6300AF
:106DD000497354696D416C6C4D6F64756C652854D2
:106DE000494D782900000000497354696D496E745B
:106DF0002854494D5F4954290000000070B50446ED
:106E0000A0F1804016460D46B0F5963018BFB4F19B
:106E1000804F23D0A4F18040B0F580601CBFA4F166
:106E20008040B0F5006019D0A4F18040B0F540601A
:106E30001CBFA4F18040B0F580500FD0A4F1804079
:106E4000B0F5A0501CBFA4F18040B0F59A3005D039
:106E50004FF47B720FA11DA001F0B6FE15F47F4F19
:106E600000D12DB940F2ED320AA11EA001F0ACFE16
:106E7000002E04BFA089A84309D0012E05D040F2FE
:106E8000EE3204A11CA001F09FFEA0892843A0813E
:106E900070BD00002E2E5C6669726D776172655C54
:106EA0006E3332673435785F7374645F706572690E
:106EB00070685F6472697665725C7372635C6E336E
:106EC00032673435785F74696D2E63004973546995
:106ED0006D416C6C4D6F64756C652854494D782913
:106EE00000000000497354696D496E742854494D7F
:106EF0005F4954290000000049535F46554E4354F2
:106F0000494F4E414C5F535441544528436D6429C9
:106F10000000000070B50446A0F1804015460E4602
:106F2000B0F5963018BFB4F1804F23D0A4F1804063
:106F3000B0F580601CBFA4F18040B0F5006019D0AE
:106F4000A4F18040B0F540601CBFA4F18040B0F5D2
:106F500080500FD0A4F18040B0F5A0501CBFA4F128
:106F60008040B0F59A3005D040F2195208A116A021
:106F700001F02AFE002D18BF012D05D040F21A5253
:106F800003A117A001F020FE2685A58270BD000098
:106F90002E2E5C6669726D776172655C6E33326746
:106FA0003435785F7374645F7065726970685F64AC
:106FB00072697665725C7372635C6E333267343506
:106FC000785F74696D2E6300497354696D416C6C10
:106FD0004D6F64756C652854494D78290000000098
:106FE000497354696D50736352656C6F61644D6F82
:106FF00064652854494D5F50534352656C6F61641A
:107000004D6F646529000000F8B51A4E41F63F70D7
:10701000F0804FF4A060FDF7B7FF01211020FEF7CC
:1070200045F836208DF8000003258DF80150002426
:107030008DF8024001208DF803006846FDF71AFB29
:107040000D48042185800180C48044800B4C01469A
:10705000204600F00FF90122F1882046FFF75AFF81
:10706000012211462046FFF7C9FE0121204600F00B
:1070700007F8F8BD16000020E402002000100040D0
:1070800070B50446A0F180400D46B0F5963018BFAB
:10709000B4F1804F23D0A4F18040B0F580601CBFD4
:1070A000A4F18040B0F5006019D0A4F18040B0F5A3
:1070B00040601CBFA4F18040B0F580500FD0A4F117
:1070C0008040B0F5A0501CBFA4F18040B0F59A30CC
:1070D00005D040F2AF320BA118A001F075FD002DD4
:1070E00004BF206820F001000AD0012D05D04FF424
:1070F0006C7204A117A001F067FD206840F0010048
:10710000206070BD2E2E5C6669726D776172655C61
:107110006E3332673435785F7374645F706572699B
:1071200070685F6472697665725C7372635C6E33FB
:1071300032673435785F74696D2E63004973546922
:107140006D416C6C4D6F64756C652854494D7829A0
:107150000000000049535F46554E4354494F4E418D
:107160004C5F535441544528436D6429000000008E
:1071700070B505460026A0F180400C46B0F596306B
:1071800018BFB5F1804F23D0A5F18040B0F58060E5
:107190001CBFA5F18040B0F5006019D0A5F180407A
:1071A000B0F540601CBFA5F18040B0F580500FD015
:1071B000A5F18040B0F5A0501CBFA5F18040B0F50E
:1071C0009A3005D040F6FC3211A11FA001F0FCFC62
:1071D000012C18BF022C11D0042C18BF082C0DD084
:1071E000102C18BF202C09D0402C18BF802C05D0A3
:1071F00040F6FD3206A11AA001F0E6FC2869A98933
:10720000204201EA04011CBF00290126304670BD5E
:107210002E2E5C6669726D776172655C6E333267C3
:107220003435785F7374645F7065726970685F6429
:1072300072697665725C7372635C6E333267343583
:10724000785F74696D2E6300497354696D416C6C8D
:107250004D6F64756C652854494D78290000000015
:10726000497354696D476574496E742854494D5F7C
:10727000495429002DE9F05FDFF888A1DFF888B1D3
:10728000DFF88881DFF88891624F634E0D4604462F
:10729000504518BFB4F1804F13D0BC4218BFB44260
:1072A0000FD04C4518BF5C450BD0A4F18040B0F521
:1072B000A05018BF444504D0BD2258A165A001F0DC
:1072C00083FC6888002818BF102809D020281CBF1C
:1072D0004028602804D0BE2250A164A001F074FCB4
:1072E000E88800281CBFB0F5807FB0F5007F04D08F
:1072F000BF224AA169A001F067FC2068544518BF6D
:10730000444508D0B4F1804F18BFBC4203D0B4420A
:1073100018BF4C4503D1698820F0700008435C45D4
:107320001CBFA4F18041B1F5A05103D0E98820F43D
:10733000407008432060A888A0852888208554458F
:1073400012BF4445287A20860120A0822068544537
:1073500018BF444508D0B4F1804F18BFBC4203D0D9
:10736000B44218BF4C4509D1697A002914BF40F4D2
:10737000006020F40060B4F1804F04D0BC421CBF18
:10738000B4424C4510D1A97A002914BF40F4805072
:1073900020F48050E97A002914BF40F4005020F412
:1073A0000050B4F1804F03D0BC4218BFB44206D1A4
:1073B000297B002914BF40F4804020F480405445CC
:1073C00018BF444505D0B4F1804F1CBFBC42B44245
:1073D00006D1697B002914BF40F4004020F400402E
:1073E00020606068B4F1804F18BFB44206D1A97B19
:1073F000002914BF40F4807020F480706060BDE804
:10740000F09F0000002C01400010004000340140BB
:10741000000C004000040040000800402E2E5C6676
:1074200069726D776172655C6E3332673435785F8F
:107430007374645F7065726970685F6472697665A1
:10744000725C7372635C6E3332673435785F746973
:107450006D2E6300497354696D416C6C4D6F64759A
:107460006C652854494D782900000000497354691F
:107470006D436E744D6F64652854494D5F54696D5A
:107480006542617365496E69745374727563742DD6
:107490003E436E744D6F6465290000004973546962
:1074A0006D436C6B4469762854494D5F54696D6532
:1074B00042617365496E69745374727563742D3ECD
:1074C000436C6B44697629002DE9F04700252C4672
:1074D0000420FCF7BFFF012818BFBDE8F0870D208E
:1074E000FCF7CEFF002898BFBDE8F0874FF00F08EB
:1074F000354F4FF0010A4FF00E0908EB4406F0B289
:10750000FCF7BEFF3979B1EB102F1BD1F0B2FCF7BD
:10751000B7FF7979C0B2884214D109EB4406F0B2C2
:10752000FCF7AEFFF979491E0AFA01F1084010F0A4
:10753000FF0F07D0F0B2FCF7A3FF10F0800F0CBFD5
:1075400002250125601CC4B20D20FCF799FFA04262
:10755000D3D8012D1CD0022D18BFBDE8F087012023
:10756000FCF778FF012818BFBDE8F0870020FEF780
:10757000ADFC0020F9F78EFE00210120FCF786FF0C
:1075800009210A20FCF798FFBDE8F047FCF7D8BEB8
:107590000120FCF75FFF002818BFBDE8F08700203E
:1075A000FCF758FF002818BFBDE8F0870120FEF760
:1075B0008DFC0120F9F76EFE01210846FCF766FFFD
:1075C000BDE8F047FCF7BCBE2000002010B5054820
:1075D00000F0ACFCC1B204480068BDE81040FBF705
:1075E00037BE0000004C00403C00002070B5114D3B
:1075F00040F22551284600F04BFA10B10E4C20788D
:1076000020B12846BDE8704000F090BC284600F04C
:107610008DFC6188094A88546088401C6080032082
:1076200000F020FEBDE870403221054A032000F042
:1076300023BE000000440040D6070020DA070020E7
:107640002582000870B5114D40F22551284600F002
:107650001FFA10B10E4C207820B12846BDE87040CA
:1076600000F064BC284600F061FC6188094A885437
:107670006088401C6080052000F0F4FDBDE870408B
:107680003221054A052000F0F7BD00000048004007
:107690008403002088030020358200082DE9F0478C
:1076A000DFF8FC80DFF8FC90DFF8FCA016460D4602
:1076B0000446404518BF4C451AD054451CBFA4F1A0
:1076C0008040B0F5984013D0A4F18040B0F5A040C0
:1076D0001FBFA4F18040B0F5A830A4F18040B0F500
:1076E000AA3005D040F27F1230A13FA001F06CFA21
:1076F00040F66A17282D1CBFA5F5E060B0F1270001
:107700001BD0A5F5C06026381CBFA5F5A060B0F160
:10771000250012D0A5F5806024381CBFA5F50060B7
:10772000B0F1460009D0BD4218BF602D05D04FF41E
:10773000C0721EA133A001F047FA002E18BF012E1F
:1077400005D040F2811219A135A001F03DFABD42E9
:107750000AD144451CBF4C45544505D040F2851222
:1077600012A136A001F030FA05F01F010122C5F385
:10777000421002FA01F1012808BF04F10C0005D003
:1077800002280CBF04F1100004F11400002E02685E
:1077900014BF114322EA01010160BDE8F087000037
:1077A0000038014000440040004800402E2E5C6636
:1077B00069726D776172655C6E3332673435785FFC
:1077C0007374645F7065726970685F64726976650E
:1077D000725C7372635C6E3332673435785F7573D5
:1077E0006172742E6300000049535F555341525437
:1077F0005F414C4C5F5045524950482855534152C7
:107800005478290049535F55534152545F434647CA
:107810005F494E542855534152545F494E542900F4
:1078200049535F46554E4354494F4E414C5F535464
:1078300041544528436D64290000000049535F55B9
:10784000534152545F3132335F50455249504828BA
:10785000555341525478290070B50446A0F1804038
:107860000D46B0F59C301CBFA4F18040B0F58840B7
:107870001DD0A4F18040B0F590401CBFA4F1804021
:10788000B0F5984013D0A4F18040B0F5A0401FBFE0
:10789000A4F18040B0F5A830A4F18040B0F5AA3042
:1078A00005D040F259120BA119A001F08DF9002D5D
:1078B00004BFA08920F400500AD0012D05D04FF458
:1078C000AD7204A119A001F07FF9A08940F4005025
:1078D000A08170BD2E2E5C6669726D776172655CE9
:1078E0006E3332673435785F7374645F70657269C4
:1078F00070685F6472697665725C7372635C6E3324
:1079000032673435785F75736172742E63000000DE
:1079100049535F55534152545F414C4C5F5045525F
:1079200049504828555341525478290049535F46DD
:10793000554E4354494F4E414C5F53544154452892
:10794000436D6429000000002DE9F047294F00260F
:10795000DFF8A480DFF8A4900C460546B84218BFB3
:1079600045451AD04D451CBFA5F18040B0F5984063
:1079700013D0A5F18040B0F5A0401FBFA5F1804015
:10798000B0F5A830A5F18040B0F5AA3005D040F29E
:1079900019321BA129A001F017F9012C18BF802C66
:1079A00020D0402C18BF202C1CD0102C18BFB4F5B0
:1079B000807F17D0B4F5007F09D0082C1CBF042CA1
:1079C000022C0FD040F21A320DA123A008E0BD42D4
:1079D0001CBF45454D4505D040F21E3208A125A0EB
:1079E00001F0F2F82888204218BF01263046BDE891
:1079F000F08700000038014000440040004800408B
:107A00002E2E5C6669726D776172655C6E333267CB
:107A10003435785F7374645F7065726970685F6431
:107A200072697665725C7372635C6E33326734358B
:107A3000785F75736172742E6300000049535F555F
:107A4000534152545F414C4C5F5045524950482875
:107A5000555341525478290049535F55534152546C
:107A60005F464C41472855534152545F464C41476D
:107A70002900000049535F55534152545F3132335E
:107A80005F50455249504828555341525478290077
:107A90002DE9F047DFF8F4800026DFF8F490DFF8F6
:107AA000F4A00C460546404518BF4D451AD0554533
:107AB0001CBFA5F18040B0F5984013D0A5F18040DF
:107AC000B0F5A0401FBFA5F18040B0F5A830A5F1EA
:107AD0008040B0F5AA3005D040F26B322EA13DA017
:107AE00001F072F8282C34D0A4F5E06040F66A1753
:107AF00027381CBFA4F5C060B0F126001CD0A4F547
:107B0000A06025381CBFA4F58060B0F1240013D01C
:107B1000A4F50060463818BFBC420DD0B4F5587FBC
:107B20001CBFB4F5187FB4F5B07F12D04FF45B7270
:107B300019A12FA001F048F8BC420AD145451CBF4D
:107B40004D45554505D04FF45C7213A12FA001F0AF
:107B50003BF804F01F000122C4F3421102FA00F0C6
:107B6000012904BFA989084004D002290CBF298A31
:107B7000A98A0840210A02FA01F12A881140002846
:107B80001CBF002901263046BDE8F08700380140BF
:107B900000440040004800402E2E5C6669726D77FC
:107BA0006172655C6E3332673435785F7374645F1D
:107BB0007065726970685F6472697665725C737211
:107BC000635C6E3332673435785F75736172742E1F
:107BD0006300000049535F55534152545F414C4C80
:107BE0005F50455249504828555341525478290016
:107BF00049535F55534152545F4745545F494E5472
:107C00002855534152545F494E54290049535F55FA
:107C1000534152545F3132335F50455249504828E6
:107C200055534152547829002DE9F047604EDFF852
:107C30008491DFF884A1614FDFF8848186B00D461E
:107C40000446B04218BF4C4513D054451CBFA4F1A4
:107C50008040B0F598400CD0A4F18040B0F5A04031
:107C60001CBFBC42444504D0C42256A164A000F00D
:107C7000ABFF28686949401E884204D3C52251A140
:107C800067A000F0A1FFA888002818BFB0F5805FAA
:107C900004D0C6224BA16EA000F096FFE888002811
:107CA00018BFB0F5805F0AD0B0F5005F18BFB0F51F
:107CB000405F04D0C72243A172A000F085FF28894D
:107CC00000281CBFB0F5806FB0F5C06F04D0C8228B
:107CD0003CA178A000F078FF688930F00C0100D159
:107CE00020B9C92237A17EA000F06EFFA889002824
:107CF00018D0B0F5807F1CBFB0F5007FB0F5407F95
:107D000006D0CA222FA1804800F05EFFA88948B1A2
:107D1000B4421CBF4C45544504D0CE2229A17BA0BF
:107D200000F052FF208A4CF6FF710840E9880843B2
:107D30002082A0894EF6F3110840A9882A891143B0
:107D40006A8910430843A081A08A4FF6FF4108408A
:107D5000A9890843A0826846FDF7A2FAB44218BF79
:107D6000BC4203D0444518BF029800D103986E4A24
:107D700000EBC00101EB001029686FF0180C8900BE
:107D8000B0FBF1F0A2FB0031490909010B0903FB2B
:107D90000CF300EB8300322303EB0010A2FB002066
:107DA000C0F343100843208106B0BDE8F08700000F
:107DB00000380140004400400048004000500140AD
:107DC000005401402E2E5C6669726D776172655CAD
:107DD0006E3332673435785F7374645F70657269CF
:107DE00070685F6472697665725C7372635C6E332F
:107DF00032673435785F75736172742E63000000EA
:107E000049535F55534152545F414C4C5F5045526A
:107E100049504828555341525478290020AA44001B
:107E200049535F55534152545F4241554452415466
:107E3000452855534152545F496E697453747275A5
:107E400063742D3E426175645261746529000000BF
:107E500049535F55534152545F574F52445F4C450D
:107E60004E4754482855534152545F496E697453E4
:107E700074727563742D3E576F72644C656E6774CF
:107E80006829000049535F55534152545F53544F82
:107E900050424954532855534152545F496E6974B6
:107EA0005374727563742D3E53746F7042697473AA
:107EB0002900000049535F55534152545F504152CD
:107EC0004954592855534152545F496E697453744B
:107ED000727563742D3E50617269747929000000D7
:107EE00049535F55534152545F4D4F4445285553B4
:107EF0004152545F496E69745374727563742D3EB8
:107F00004D6F646529000000D4BB000849535F55DC
:107F1000534152545F3132335F50455249504828E3
:107F200055534152547829001F85EB5110B5044632
:107F3000A0F18040B0F59C301CBFA4F18040B0F5AA
:107F400088401DD0A4F18040B0F590401CBFA4F142
:107F50008040B0F5984013D0A4F18040B0F5A04027
:107F60001FBFA4F18040B0F5A830A4F18040B0F567
:107F7000AA3005D040F2512203A112A000F024FE45
:107F8000A088C0F3080010BD2E2E5C6669726D7764
:107F90006172655C6E3332673435785F7374645F29
:107FA0007065726970685F6472697665725C73721D
:107FB000635C6E3332673435785F75736172742E2B
:107FC0006300000049535F55534152545F414C4C8C
:107FD0005F50455249504828555341525478290022
:107FE00070B50446A0F180400D46B0F59C301CBF32
:107FF000A4F18040B0F588401DD0A4F18040B0F5D8
:1080000090401CBFA4F18040B0F5984013D0A4F17B
:108010008040B0F5A0401FBFA4F18040B0F5A8306B
:10802000A4F18040B0F5AA3005D04FF4107208A139
:1080300016A000F0C9FDB5F5007F05D340F241223E
:1080400003A119A000F0C0FDC5F30800A08070BD19
:108050002E2E5C6669726D776172655C6E33326775
:108060003435785F7374645F7065726970685F64DB
:1080700072697665725C7372635C6E333267343535
:10808000785F75736172742E6300000049535F5509
:10809000534152545F414C4C5F504552495048281F
:1080A000555341525478290049535F555341525416
:1080B0005F44415441284461746129002DE9F04135
:1080C0000E0005464FF0000414BF094FBDE8F081D3
:1080D000295D3846FFF784FF80213846FFF734FCDE
:1080E0000028F9D0601C84B2B442F1D3BDE8F0811D
:1080F0000044004010B5184C002058212278012A75
:1081000018BF10BDB4F802C0BCF1170F08BFACF126
:10811000010211D12318401C1B79C0B2194489B245
:108120008242F7DCC8430D49C0B21CF801108142FD
:1081300004BF201DF8F764FE002062880146002A73
:1081400006D92218401C11716288C0B28242F8D848
:108150006180217010BD0000D6070020D9070020E3
:108160002DE9F0471D4E3078012818BFBDE8F08793
:108170004FF40061DFF868904846FAF731FD7588E2
:10818000371D0024002D88BFDFF858800DD9395DD8
:108190004046FFF725FF80214046FFF7D5FB00282A
:1081A000F9D0601C84B2AC42F1D3642000F096FD9B
:1081B0004FF400614846FAF7A9FC00207288014696
:1081C000002A06D93218401C11717288C0B282424E
:1081D000F8D871803170BDE8F0870000840300207A
:1081E00000080140004800402DE9F0410E0005461E
:1081F0004FF0000414BF094FBDE8F081295D3846F7
:10820000FFF7EEFE80213846FFF79EFB0028F9D0ED
:10821000601C84B2B442F1D3BDE8F081004C004050
:10822000FEE70000024901200870032000F01AB8A0
:10823000D6070020024901200870052000F012B87E
:108240008403002000200649024601EBC00341F8E8
:108250003020401CC0B25A601228F6D3FEF7D4BEBC
:10826000F4020020034A002142F8301002EBC00063
:1082700041607047F4020020034B43F8301003EBD9
:10828000C000426070470000F402002070B50A4D43
:10829000002455F8340048B1411E05EBC40045F8F0
:1082A0003410406810B1002908BF8047601CC4B278
:1082B000122CEED370BD0000F40200200FB4054B69
:1082C00010B503A9044A029800F0E2F810BC5DF86A
:1082D00014FB00000D8D0008D40200200FB4084BE1
:1082E00010B504A902AA039800F0D2F8044602A926
:1082F000002000F064FC204610BC5DF814FB000078
:10830000BF8B000800487047E002002002E008C868
:10831000121F08C1002AFAD170477047002001E0FF
:1083200001C1121F002AFBD1704700002DE9FF5F39
:10833000DDE90220010DDDF838B0024318D044F623
:108340001050A1F2FF3141430D140F98012820D0A5
:10835000A5EB0B00401C5FEA000A4FF00004474EFB
:10836000DFF81C91A046504616D5CAF1000728E058
:108370000F98012443A2012808D0002100980F9BE8
:10838000C0E90021C0E90243BDE8FF9F6FEA0B018D
:10839000F4E7CBF10000DEE7074612E0F80707D06C
:1083A0002246334640464946F7F766FF80468946EF
:1083B0002246334610461946F7F75EFF04460E463E
:1083C0007F10002FEAD1DDE90201BAF1000F424629
:1083D0004B4602DAF7F750FF01E0F8F789F9044657
:1083E0000E460022284BF8F70BFA03D84FF0FF3067
:1083F000014607E00022254B20463146F8F7D1F828
:10840000F8F7E5F9102409E0002C0ADB0A22002322
:10841000F7F7F1FF019B30321A55641E50EA010252
:10842000F2D1641C019AC4F1110314440F9A012A79
:1084300003D0012208430DD10AE0084304D00020F4
:108440004FF0110B0F9080E7A3EB0B056D1E0DE0B5
:108450005B4504DD4FF0000205F1010504E003DA9D
:108460004FF00002A5F10105002AECD000980F9909
:10847000C0E90231C0E9004586E700000000244061
:108480000000F03F300000000000F0430000E03F3B
:108490002DE9FF4F95B09B468946064600250FE221
:1084A000252877D100242746F84A0121059400E0C9
:1084B000044316F8013F203B01FA03F01042F7D1C4
:1084C00030782A2811D06FF02F033078A0F13002D5
:1084D000092A16D8059A44F0020402EB820203EB43
:1084E00042021044761C0590EFE759F8042B0592E0
:1084F000002A03DA504244F40054059044F0020488
:10850000761C30782E2816D116F8010F44F004049A
:108510002A280DD06FF02F023078A0F13003092BFC
:1085200009D807EB870302EB4303C718761CF3E770
:1085300059F8047B761C30786C280FD006DC4C2868
:1085400017D068280DD06A2814D104E0742810D000
:108550007A280FD10DE044F400140AE044F48014AA
:1085600001E044F440147278824202D104F5801490
:10857000761C761C307866280BD013DC582877D010
:1085800009DC002875D04528F6D04628F4D04728C5
:108590001AD19DE118E0632835D0642879D0652888
:1085A00012D195E1702873D008DC6728F1D06928D2
:1085B0006FD06E280DD06F2806D1B5E073282CD06F
:1085C000752875D0782874D05A46179990476D1C35
:1085D00075E1C4F30250022809D003280DD0D9F860
:1085E000001004280DD00D6009F1040967E1D9F8E5
:1085F0000010EA17C1E90052F6E7D9F800100D8023
:10860000F2E70D70F0E719F8041B8DF80010002058
:108610008DF80100EA46012003E059F804AB4FF061
:10862000FF3061074FF0000102D40DE008F10101B5
:108630008846B9420FDA8045F8DB1AF8081000299D
:10864000F4D108E008F1010188468142FADB1AF80A
:1086500008100029F6D105985B46A0EB08072146D3
:108660003846179A00F094FA284400EB080507E012
:108670004DE029E10DE01AF8010B5A461799904791
:10868000B8F10108F7D25B4621463846179A13E144
:1086900042E00A220092C4F302524FF0000A022A7A
:1086A00008D059F804CB032A4FEAEC710AD00DE048
:1086B00029E02AE009F1070121F00702F2E802C1EE
:1086C000914609E00FFA8CFC4FEAEC71042A03D1C1
:1086D0004FFA8CFC4FEAEC71002907DA0A460021B8
:1086E000DCF1000C61EB02012D2202E0220504D531
:1086F0002B228DF80420012203E0E20701D0202282
:10870000F7E7904659E00A2102E010220DE010211F
:108710004FF0000A00910BE010224FF0000A44F0E5
:1087200004040827009203E008224FF0000A009298
:10873000C4F30252022A05D059F804CB0021032ABF
:1087400008D009E009F1070121F00702F2E802C1AF
:10875000914605E01FFA8CFC042A01D10CF0FF0CB5
:108760004FF00008220728D5702806D0009B83F020
:10877000100353EA0A0305D00EE040228DF80420CE
:10878000012208E05CEA010206D030228DF80420C4
:108790008DF8050002229046009B83F0080353EAFF
:1087A0000A030AD15CEA010201D1620705D5302231
:1087B0008DF804204FF001087F1E582804D034A003
:1087C00003900EA802900DE036A0F9E753466046EC
:1087D000009AF7F710FE84460398825C0298401EC8
:1087E000029002705CEA0100F0D1029806A9081A12
:1087F00000F1200A600702D524F4803400E001274C
:10880000574502DDA7EB0A0000E0002000EB0A015B
:10881000009005984144401A0590E00306D45B4659
:108820002146179A059800F0B3F90544002706E0A1
:1088300001A85A46C05D179990476D1C7F1C47459B
:10884000F6DBE0030CD55B462146179A059800F04D
:108850009FF9054404E030205A46179990476D1C53
:108860000099481E00900029F5DC08E00298029962
:108870005A460078491C0291179990476D1CBAF12D
:108880000001AAF1010AF1DC65E1000009280100FC
:108890003031323334353637383961626364656676
:1088A0000000000030313233343536373839414238
:1088B000434445460000000000F058F90544761C8A
:1088C000307800287FF4ECAD19B02846BDE8F08F71
:1088D000620700D4062709F1070222F0070CFCE822
:1088E0000223E14603F000485FEA080C02D00FF2D1
:1088F000702C0DE05FEA045C02D50FF2682C07E0F3
:108900005FEAC47C02D00FF2602C01E0AFF2700C81
:108910004FF0FF3823F00043CDF850C065280CD04D
:1089200006DC452809D046281DD047283DD13DE02A
:10893000662818D067287ED138E00021112F01DB8E
:10894000112000E0781CCDE9000106A90EA8FFF770
:10895000EDFCDDE90F010E9A03910021009207F171
:10896000010A04914DE04FF000400097CDE901105D
:1089700006A90EA8FFF7DAFCDDE90F0203920E9BB1
:1089800011990022DDF80CA00093049211B9791C12
:1089900000EB010AB7EB0A0004D4C0F1FF3007F185
:1089A000010A0490AAEB0700019044E0012F00DACD
:1089B00001270021112F01DD112000E03846CDE90B
:1089C000000106A90EA8FFF7B1FCDDE90F010E9A20
:1089D0000391002104910092BA4621070CD4039917
:1089E000514500DA8A46BAF1010F05DD009AAAF175
:1089F0000101515C302908D0B84202DA10F1040FAD
:108A000006DA0121CDE9011015E0AAF10101E9E73B
:108A1000002805DC049901440491AAEB000102E05E
:108A2000411C514500DD8A460499401A401C0190C2
:108A30004FF000400290200704D40198504501DB1C
:108A4000CDF8048000208DF84F0002980DF14F07FB
:108A5000B0F1004F25D02B200E9002984FF0020865
:108A600000280CDA404202902D200E9007E00A21E7
:108A70000298F7F7AAFC3031029007F8011DB8F10F
:108A80000001A8F10108F2DC02980028EFD1791E5C
:108A90000E980870307800F0200040F0450007F88C
:108AA000020D12A8C01B00F107081498007800B14D
:108AB000012000EB0A01019801EBE07105984144A7
:108AC000401A401E0590E00306D45B462146179AE3
:108AD000059800F05DF805441498007818B15A46DE
:108AE000179990476D1CE00324D55B462146179AE1
:108AF000059800F04DF805441CE00498002807DBB9
:108B0000DDE90301884203DD0098405C179901E02C
:108B1000179930205A469047049805F10105401CEA
:108B200004900198401E019004D12E205A461799B6
:108B300090476D1CBAF10001AAF1010ADDDC05E0E5
:108B400017F8010B5A46179990476D1CB8F10001B0
:108B5000A8F10108F4DC5B462146179A0598ABE6BC
:108B60002D0000002B000000200000002DE9F04146
:108B7000044600251E461746880404D405E03946FD
:108B80002020B0476D1C641EF9D52846BDE8F08151
:108B90002DE9F041044600251E469046C80301D544
:108BA000302700E02027880404D505E041463846F8
:108BB000B0476D1C641EF9D52846BDE8F0810A68EF
:108BC000531C0B601070704713460A46014602A002
:108BD000FFF774FBFEE70000617373657274696FE1
:108BE0006E206661696C65643A206025736020615F
:108BF000742025733A25640000F00F03000900EB90
:108C0000800003EB4000C0B200F5FA63080901F0F0
:108C10000F0C00EB80000CEB4000110902F00F0C70
:108C2000C0B201EB81010CEB4101421EC9B20C2A1A
:108C300002D209B11F2901D900207047012818BFAD
:108C4000022803D10C305A1EC0B293B2421C02EB70
:108C5000420240F2676C12FB0CF201EB400000EBA9
:108C600052304AF2D731184401FB031100EB930054
:108C7000A0EB91504FF4C871B3FBF1F10844411CD3
:108C8000074B08460022C3FB01208210A2EBE070D4
:108C9000A0EBC000084410F0FF0008BF0720704799
:108CA00093244992FF2330B41A46B1F1010C24BF3A
:108CB000084C04F5807508D310F8011B5940635C1B
:108CC00053406A5CBCF1010CF6D203480270437059
:108CD00030BC7047C60000205A0000200022002847
:108CE00098BF704746F2A811491EFDD1521C82421E
:108CF000F8D370470022002898BF70471921491EF9
:108D0000FDD1521C8242F9D37047000070B5074D67
:108D10000446C1B22846FFF763F980212846FEF7D2
:108D200013FE0028F9D0204670BD0000005000401E
:108D30000148407870470000C602002001480078D2
:108D4000704700002800002000B587B06846FCF797
:108D5000A7FA012140F2FD10FCF708FA01214FF4B7
:108D60006020FCF7A3F94FF44070FBF711FD0420DD
:108D7000FDF7FEF90B4901980B4BA1FB00104009D0
:108D80000022401EB0F1807F08D24FF0E021486100
:108D9000F02083F8140D8A610720086183F8142DF0
:108DA00007B000BD1F85EB510FE000E030B585B086
:108DB0000424ADF8104018208DF813000320194D3D
:108DC0008DF8120004A92846F9F7F6FC0821ADF841
:108DD000101001218DF812108DF8134004A92846B7
:108DE000F9F7EAFC4FF4165000900020ADF80400AB
:108DF000ADF80600ADF80800ADF80C000C200A4CE8
:108E0000ADF80A0069462046FEF70EFF012240F247
:108E100025512046FEF742FC01212046FEF71CFDAD
:108E200005B030BD000801400044004010B586B0D8
:108E30004FF48060ADF8100018208DF81300032067
:108E4000194C8DF8120004A92046F9F7B5FCE1147D
:108E5000ADF8101001218DF8121004218DF81310B7
:108E600004A92046F9F7A8FC4FF416500090002002
:108E7000ADF80400ADF80600ADF80800ADF80C0040
:108E80000C200A4CADF80A0069462046FEF7CCFEDD
:108E9000012240F225512046FEF700FC0121204628
:108EA000FEF7DAFC06B010BD000C0140004800409F
:108EB00010B586B04FF48060ADF8100018208DF822
:108EC00013000320194C8DF8120004A92046F9F76D
:108ED00073FCE114ADF8101001218DF8121004217B
:108EE0008DF8131004A92046F9F766FC4FF4E13021
:108EF00000900020ADF80400ADF80600ADF80800C1
:108F0000ADF80C000C200A4CADF80A00694620466A
:108F1000FEF78AFE012240F225512046FEF7BEFBF5
:108F200001212046FEF798FC06B010BD001001405C
:108F3000004C004010B586B001213120FCF716F935
:108F400001210805FCF7B2F84FF48050ADF810008D
:108F500018208DF8130003208DF8120004A916487C
:108F6000F9F72AFC0420ADF810008DF8130004A9CD
:108F70001248F9F721FC4FF4E13000900020ADF8E1
:108F80000400ADF80600ADF80800ADF80C000820AC
:108F90000B4CADF80A0069462046FEF745FE01225B
:108FA00040F225512046FEF779FB01212046FEF7CD
:108FB00053FC208806B010BD001001400014014091
:108FC0000050004026480178012918BF704710B5AD
:108FD00000210170FFF7B2FE012803D0BDE8104068
:108FE000FDF7BEB90220FBF735FA002818BF10BD07
:108FF00000210420FBF74AFA00210420F8F722FEA2
:109000000020F8F78FF80120FBF724FA012811D08F
:109010000120FCF75BFF0120F8F73CF9012108462D
:10902000FBF734FA01210846F8F70CFEBDE81040C2
:10903000FBF786B90020FCF749FF0020F8F72AF972
:1090400000210120FBF722FA09210A20FBF734FA5C
:1090500000210120F8F7F6FDBDE81040FBF770B9DC
:10906000560000200149012008707047560000207A
:1090700070B584B00425214EADF8005048248DF819
:10908000034069463046F9F797FB02210120F8F7C3
:10909000B1FF00208DF80C000C208DF80D00012090
:1090A0008DF80E00029502A8F8F700FD1020ADF82B
:1090B0000000134D8DF8034069462846F9F77CFB04
:1090C0004020ADF800008DF8034069462846F9F7C6
:1090D00073FB2020ADF800008DF803406946094875
:1090E000F9F76AFB0220ADF800008DF803406946ED
:1090F0003046F9F761FB04B070BD0000000C014080
:109100000008014000100140FFF75CBFF8B52020C7
:10911000ADF800001025214E8DF8035001248DF884
:10912000024069463046F9F747FB20213046F9F7FF
:1091300057FD1B4A4FF4FA710120FFF79DF880217B
:10914000ADF800108DF803508DF8024069463046A6
:10915000F9F732FB80213046F9F742FDADF80050B7
:10916000104E8DF803508DF8024069463046F9F7ED
:1091700023FB10213046F9F733FDADF800408DF8A0
:1091800003508DF80240084C69462046F9F714FB5D
:1091900001212046F9F724FDF8BD00000008014038
:1091A000213A000800100140000C01400149012053
:1091B00048707047CA020020F7F73EFFF8F7B0F991
:1091C000F9F74AFEF9F7B8FEF7F798FFFCF75AF9F6
:1091D000FDF778FDFAF738FBF9F7DCFDF9F778FED3
:1091E000F2E70000F0B50B30154D20F00701002428
:1091F000144A0FE003688B420BD38B4205D95E1AE9
:1092000043184768C3E9006700E04368136002C081
:1092100004E0021D10680028ECD12046002802D18D
:10922000286808B10020F0BD064A07481060074AC8
:10923000121A22F00702C0E9002401202860D7E7B3
:10924000DC020020D8020020541900205029002000
:109250000149012008707047CA020020014901201D
:1092600008717047CA02002001494870F7F7D5BF5E
:10927000C60200200149012088707047CA02002000
:1092800010B500218F20F7F7E8FB00219020F7F7B9
:10929000E4FB00219120F7F7E0FB00219220F7F793
:1092A000DCFBF8F72BFE00210420F7F7D6FB0121A9
:1092B0000520F7F7D2FB00210620F7F7CEFB0121AE
:1092C0000720F7F7CAFB00210820F7F7C6FBBDE827
:1092D0001040F8F7E0BC00000000010203040102A6
:1092E00003040607080901020406080A0C102020DE
:1092F0002020202020200100020004000600080099
:109300000A000C0010002000400080000001000155
:10931000000100010001303132333435363738393D
:1093200041424344454600000000000000000000A8
:1093300000000000040404040400000400001414ED
:109340000A00000000000000000000000A0A1F0AD6
:109350000A1F0A0A000000040E1505060C14150E5B
:109360000400000012150D152E2C2A12000000001A
:10937000040A0A3615152916000002020100000031
:109380000000000000001008080404040404080899
:109390001000020404080808080804040200000081
:1093A0000004150E0E150400000000000008083E21
:1093B0000808000000000000000000000000020299
:1093C000010000000000003F00000000000000005D
:1093D000000000000000000200000020101008083B
:1093E00004040202010000000E1111111111110EEE
:1093F00000000000040604040404040E0000000041
:109400000E1111080402011F000000000E11100CC3
:109410001010110E00000000080C0C0A091F081C97
:10942000000000001F01010F1110110E00000000CC
:109430000C12010D1311110E000000001E1008087F
:1094400004040404000000000E11110E1111110E8D
:10945000000000000E11111916100906000000008E
:1094600000000400000000040000000000000004F0
:1094700000000004040000001008040202040810A8
:109480000000000000003F003F000000000000005E
:109490000204081010080402000000000E11110858
:1094A00004040004000000001C22292D2D1D221C94
:1094B0000000000004040C0A0A1E12330000000021
:1094C0000F12120E1212120F000000001E110101E5
:1094D0000101110E000000000F1212121212120FE1
:1094E000000000001F120A0E0A02121F00000000F6
:1094F0001F120A0E0A020207000000001C120101DE
:109500003911120C000000003312121E1212123315
:10951000000000001F0404040404041F00000000F5
:109520003E080808080808080907000037120A065C
:109530000A12123700000000070202020202223F54
:10954000000000003B1B1B1B15151535000000001B
:109550003B1216161A1A1217000000000E111111F4
:109560001111110E000000000F12120E020202076C
:10957000000000000E1111111117190E1800000043
:109580000F12120E0A121237000000001E110106FF
:109590000810110F000000001F1504040404040E3D
:1095A00000000000331212121212120C0000000010
:1095B0003312120A0A0C04040000000015151515D8
:1095C0000E0A0A0A000000001B0A0A04040A0A1B09
:1095D000000000001B0A0A0A0404040E0000000038
:1095E0001F0908040402121F00001C0404040404E0
:1095F000040404041C000002020404040808081007
:1096000010000E0808080808080808080E00040AD8
:10961000000000000000000000000000000000004A
:1096200000000000003F02040000000000000000F5
:10963000000000000000000C121C123C000000039F
:109640000202020E1212120E000000000000001CA6
:109650001202120C000000181010101C1212123C02
:10966000000000000000000C121E021C0000001888
:109670002404041E0404041E000000000000003C3A
:10968000120C021C221C00030202020E12121237DC
:1096900000000004040000060404040E000000089A
:1096A0000800000C08080808080700030202021A54
:1096B0000A060A1300000007040404040404041F3B
:1096C000000000000000000F151515150000000037
:1096D0000000000F12121237000000000000000C02
:1096E0001212120C000000000000000F1212120EE5
:1096F000020700000000001C1212121C10380000AB
:109700000000001B06020207000000000000001E0F
:10971000020C101E000000000004041E0404041CBF
:10972000000000000000001B1212123C00000000AC
:109730000000001B0A0A04040000000000000015DD
:10974000150E0A0A000000000000001B0A040A1B94
:10975000000000000000003312120C080403000097
:109760000000001E0804041E000018080808080C69
:109770000808080818000808080808080808080861
:109780000808060404040408040404040600160976
:1097900000000000000000000000000000000000C9
:1097A00000000000000000000000000000080808A1
:1097B0000808080800001818000000486C2412006F
:1097C000000000000000000000000000002424242D
:1097D0007F1212127F12121200000000081C2A2AA7
:1097E0000A0C1828282A2A1C08080000002225151F
:1097F00015152A585454542200000000000C12126F
:10980000120A76252911916E000000060604030055
:1098100000000000000000000000004020101008C0
:10982000080808080810102040000002040808106A
:1098300010101010100808040200000000000808B2
:109840006B1C1C6B080800000000000000000808EA
:1098500008087F0808080800000000000000000059
:1098600000000000000006060403000000000000E5
:109870000000FE00000000000000000000000000EA
:1098800000000000000006060000000080404020AC
:1098900020101008080404020200000000182442EE
:1098A00042424242424224180000000000080E08D2
:1098B000080808080808083E00000000003C424272
:1098C000422020100804427E00000000003C42427A
:1098D000201820404042221C0000000000203028B8
:1098E000242422227E20207800000000007E020234
:1098F000021A26404042221C0000000000382402C8
:10990000021A26424242241800000000007E222251
:10991000101008080808080800000000003C424237
:10992000422418244242423C000000000018244215
:10993000424264584040241C000000000000000027
:1099400018180000000018180000000000000000B7
:10995000000800000000000808040000004020107B
:10996000080402040810204000000000000000006D
:109970007F0000007F0000000000000000020408DB
:10998000102040201008040200000000003C424269
:10999000464020101000181800000000001C225A39
:1099A000555555552D42221C00000000000808188E
:1099B0001414243C224242E700000000001F22222F
:1099C000221E22424242221F00000000007C42422E
:1099D000010101010142221C00000000001F22427F
:1099E000424242424242221F00000000003F421217
:1099F000121E12120242423F00000000003F4212BB
:109A0000121E12120202020700000000003C222275
:109A1000010101712122221C0000000000E74242E6
:109A200042427E42424242E700000000003E0808F7
:109A3000080808080808083E00000000007C101014
:109A40001010101010101010110F000000772212CB
:109A50000A0E0A12122222770000000000070202FA
:109A6000020202020202427F000000000077363646
:109A700036362A2A2A2A2A6B0000000000E34646CE
:109A80004A4A52525262624700000000001C2241C2
:109A9000414141414141221C00000000003F42423F
:109AA00042423E020202020700000000001C224166
:109AB000414141414D53321C60000000003F424291
:109AC000423E1212222242C700000000007C4242A5
:109AD000020418204042423E00000000007F490876
:109AE000080808080808081C0000000000E74242B7
:109AF000424242424242423C0000000000E74242F1
:109B0000222424141418080800000000006B49499E
:109B100049495555362222220000000000E7422420
:109B200024181818242442E700000000007722229D
:109B3000141408080808081C00000000007E2120FA
:109B4000101008040442423F00000078080808088A
:109B50000808080808080808780000000202040441
:109B600008080810102020204040001E101010107F
:109B700010101010101010101E00003844000000CB
:109B800000000000000000000000000000000000D5
:109B9000000000000000000000FF000608000000B8
:109BA00000000000000000000000000000000000B5
:109BB000003C4278444242FC0000000000030202E4
:109BC000021A26424242261A00000000000000004D
:109BD00000384402020244380000000000604040A7
:109BE00040784442424264D8000000000000000077
:109BF000003C427E0202423C0000000000F0880867
:109C0000087E08080808083E000000000000000068
:109C1000007C22221C023C42423C00000003020263
:109C2000023A4642424242E700000000000C0C00AB
:109C3000000E08080808083E000000000030300050
:109C40000038202020202020221E000000030202D5
:109C50000272120A1612227700000000000E080895
:109C6000080808080808083E00000000000000007E
:109C7000007F9292929292B70000000000000000D4
:109C8000003B4642424242E7000000000000000064
:109C9000003C42424242423C000000000000000002
:109CA000001B26424242221E020700000000000064
:109CB000007844424242447840E000000000000046
:109CC00000774C040404041F0000000000000000A2
:109CD000007C42023C40423E0000000000000008C0
:109CE000083E0808080808300000000000000000D6
:109CF00000634242424262DC0000000000000000BB
:109D000000E74224241408080000000000000000BE
:109D100000EB4949555522220000000000000000D8
:109D2000007624181818246E0000000000000000BF
:109D300000E742242414180808070000000000006F
:109D4000007E22100808447E000000C02020202051
:109D50002010202020202020C000101010101010F3
:109D6000101010101010101010100006080808082D
:109D7000081008080808080806000C32C200000095
:109D800000000000000000000000000000000000D3
:109D900000000000000000000000000000000000C3
:109DA00000000000000000000000000000000000B3
:109DB00000000000000000000000000000000000A3
:109DC00000006000600060006000600060006000F3
:109DD0004000200020002000000000000000600083
:109DE000600060000000000000000000000060064D
:109DF0006006300398018800440000000000000065
:109E00000000000000000000000000000000000052
:109E10000000000000000000000000000000000042
:109E200000001002100210021002FE07FE070802D6
:109E30000801080108010801FE07FE0704010401EA
:109E40000401040100000000000000000000000008
:109E500040004000F00158034C03CC034C00580074
:109E60007000E000C001C00140034C035C034C03E0
:109E70004801F00040004000000000000000000029
:109E800000000E010A019100910091005100510063
:109E90003A00AE03A00250045004480448044804A9
:109EA00084028403000000000000000000000000A5
:109EB000000038006C006C006C006C006C002C0022
:109EC00098071C011A01330133016301E300C30841
:109ED000C6093C07000000000000000000000C0064
:109EE0001C0010001000080004000000000000002A
:109EF0000000000000000000000000000000000062
:109F0000000000000000000000000000000000044D
:109F1000000200018000800040004000200020007E
:109F20002000200020002000200040004000800091
:109F30008000000100020004000000000000020098
:109F40000400080010001000200020004000400025
:109F50004000400040004000400020002000100071
:109F600010000800040002000000000000000000D3
:109F70000000000000004000C0004000460C4E0FF2
:109F8000D001F0015E0F460C400040004000000090
:109F900000000000000000000000000000000000C1
:109FA00000000000000000004000400040004000B1
:109FB0004000FE0F40004000400040004000000014
:109FC0000000000000000000000000000000000091
:109FD0000000000000000000000000000000000081
:109FE00000000000000000000000000000000C0065
:109FF0001C00100010000800040000000000000019
:10A000000000000000000000000000000000000050
:10A010000000FE070000000000000000000000003B
:10A020000000000000000000000000000000000030
:10A030000000000000000000000000000000000020
:10A0400000000000000000000000000000001C00F4
:10A050001C001C00000000000000000000000004C4
:10A0600000060002000300010001800080004000A3
:10A0700040006000200020001000100008000800D0
:10A080000C000400060002000000000000000000B8
:10A0900000000000F00098010C030C030606060601
:10A0A0000606060606060606060606060C030C034A
:10A0B0009801F00000000000000000000000000017
:10A0C0000000000040007C00600060006000600054
:10A0D0006000600060006000600060006000600080
:10A0E0006000FC0300000000000000000000000011
:10A0F00000000000F80084010203060306030003C9
:10A1000000018001C000600020001000080204026D
:10A110000602FE0300000000000000000000000036
:10A12000000000007800C6008601860180018001E1
:10A13000C000700080010001000300030603060355
:10A140008601F80000000000000000000000000090
:10A150000000000080018001C001A001A001900169
:10A160008801880184018201FE0F80018001800145
:10A170008001E00700000000000000000000000077
:10A1800000000000FC0304000400040004000400BC
:10A19000F4008C010403000300030603060382019C
:10A1A0008401F80000000000000000000000000032
:10A1B00000000000E00118030C030C00040006007E
:10A1C000E60116030E0606060606060604060C023F
:10A1D0001803F00000000000000000000000000074
:10A1E00000000000F8070C06040204010001000151
:10A1F000800080004000400040006000600060007F
:10A20000600060000000000000000000000000008E
:10A2100000000000F8010C030606060606060C0204
:10A220001C03F000C8010C03060606060606060617
:10A230000C03F0010000000000000000000000001E
:10A2400000000000F0000C010C03060206060606E2
:10A25000060606078C0678060006000300030C01BC
:10A260008C017800000000000000000000000000E9
:10A270000000000000000000000000000000E000FE
:10A28000E000E00000000000000000000000E0002E
:10A29000E000E000000000000000000000000000FE
:10A2A000000000000000000000000000000060004E
:10A2B000600000000000000000000000000000003E
:10A2C000600060004000200020000000000000004E
:10A2D0000000000400020001800040002000100087
:10A2E0000800040008001000200040008000000169
:10A2F0000002000400000000000000000000000058
:10A300000000000000000000000000000000FE0748
:10A31000000000000000FE07000000000000000038
:10A32000000000000000000000000000000000002D
:10A330000000040008001000200040008000000120
:10A340000002000400020001800040002000100014
:10A3500008000400000000000000000000000000F1
:10A3600000000000E0031806040C040C0C0C0C0C9C
:10A370000007800140004000400000000000E000B5
:10A38000E000E0000000000000000000000000000D
:10A390000000E00018030C02CC0564056605A60564
:10A3A000B604B604B604B604B602E4010C040C020A
:10A3B0001803F00000000000000000000000000092
:10A3C00000000000600060005000D000900090008D
:10A3D000880088010801F801040304030402020252
:10A3E00002060F0F00000000000000000000000047
:10A3F00000000000FE008C030C030C030C030C0394
:10A400008C01FC000C030C020C060C060C060C065E
:10A410000C03FE010000000000000000000000002E
:10A4200000000000E00318030C060C0404040600FE
:10A430000600060006000600060006040C040C02D6
:10A440001803F00000000000000000000000000001
:10A45000000000007F008C010C030C030C060C06AE
:10A460000C060C060C060C060C060C060C030C0362
:10A470008C017F00000000000000000000000000D0
:10A4800000000000FF030603060406040600860021
:10A490008600FE008600860086000600060406048C
:10A4A0000602FF03000000000000000000000000A2
:10A4B00000000000FF0306030604060406008600F1
:10A4C0008600FE0086008600860006000600060064
:10A4D00006001F0000000000000000000000000057
:10A4E00000000000F00018010C020C02040206003B
:10A4F000060006000600C60F060306030C030C0345
:10A500001803F00000000000000000000000000040
:10A51000000000000F0F06060606060606060606E1
:10A520000606FE07060606060606060606060606D2
:10A5300006060F0F000000000000000000000000F1
:10A5400000000000FC03600060006000600060002C
:10A5500060006000600060006000600060006000FB
:10A560006000FC030000000000000000000000008C
:10A5700000000000F807C000C000C000C000C0001C
:10A58000C000C000C000C000C000C000C000C000CB
:10A59000C000C000C60066003C00000000000000D3
:10A5A00000000000CF038601C6004600260016000A
:10A5B00036002E006E004600C600860086010601A9
:10A5C00006038F07000000000000000000000000EC
:10A5D000000000001F00060006000600060006003E
:10A5E0000600060006000600060006000604060433
:10A5F0000602FF0300000000000000000000000051
:10A60000000000000707860386038E038E034E03B7
:10A610004E034A035A035A033A0332033203320306
:10A620001203870700000000000000000000000087
:10A63000000000008E0F0C021C021C0234023402C7
:10A64000640264024402C402840284038403040397
:10A6500004031F02000000000000000000000000D2
:10A6600000000000F00098010C030C02060606062C
:10A670000606060606060606060606060C020C0375
:10A680009801F00000000000000000000000000041
:10A6900000000000FF000603060606060606060682
:10A6A00006068603FE0006000600060006000600F9
:10A6B00006001F0000000000000000000000000075
:10A6C00000000000F00098010C030C0206060606CC
:10A6D0000606060606060606060676064C02CC03A5
:10A6E0009801F00080070003000000000000000057
:10A6F00000000000FF010603060606060606060621
:10A700000603FE004600C600860086010603060317
:10A7100006060F0E00000000000000000000000010
:10A7200000000000F8020C030602060206000E00FC
:10A730003C00F800E003800300070206020606065C
:10A740000C03F00100000000000000000000000009
:10A7500000000000FE0762046108610860006000FC
:10A7600060006000600060006000600060006000E9
:10A770006000F80100000000000000000000000080
:10A78000000000001E070C020C020C020C020C025E
:10A790000C020C020C020C020C020C020C020C0249
:10A7A0001801F000000000000000000000000000A0
:10A7B000000000000F070602040104010C010C0157
:10A7C0008800880098009800500050007000300009
:10A7D0002000200000000000000000000000000039
:10A7E00000000000F70E62044204460446046402BE
:10A7F0006402E402E4029C029C0198019801880131
:10A800008800880000000000000000000000000038
:10A81000000000009E070C01080118019000B00024
:10A820006000200060006000D000900088010801F6
:10A8300004038E070000000000000000000000007C
:10A84000000000000F0F060404020C0208011801AA
:10A85000B800B00070006000600060006000600040
:10A860006000F8010000000000000000000000008F
:10A8700000000000FC070C020603020180018000BA
:10A8800040004000200020001000180008040C04C4
:10A890000402FE0300000000000000000000E003CE
:10A8A00020002000200020002000200020002000A8
:10A8B0002000200020002000200020002000200098
:10A8C000200020002000E003000000000000000045
:10A8D0000000040004000800080010001000100030
:10A8E0002000200040004000C000800080000001E7
:10A8F00000010002000200020004000000007C00D1
:10A900004000400040004000400040004000400047
:10A910004000400040004000400040004000400037
:10A920004000400040007C000000000060009000FB
:10A93000080100000000000000000000000000000E
:10A940000000000000000000000000000000000007
:10A9500000000000000000000000000000000000F7
:10A9600000000000000000000000000000000000E7
:10A9700000000000000000000000000000000000D7
:10A980000000000000000000FF0F000000001800A1
:10A990006000000000000000000000000000000057
:10A9A00000000000000000000000000000000000A7
:10A9B0000000000000000000000000000000000097
:10A9C0000000000000000000000000000000F00196
:10A9D0000C030C030003E0031C030E030603060331
:10A9E0008E0B7C0E00000000000000000000000044
:10A9F000000008000E000C000C000C000C00CC0144
:10AA00003C031C060C060C060C060C060C060C027D
:10AA10001C03E40100000000000000000000000032
:10AA20000000000000000000000000000000F00036
:10AA30008C018C01860106000600060006020C024D
:10AA40000C01F00000000000000000000000000009
:10AA500000000002C00300030003000300037803AA
:10AA60008C030C0306030603060306030603040314
:10AA70008C077801000000000000000000000000CA
:10AA80000000000000000000000000000000E001E5
:10AA9000180308020C060C06FC070C000C00180436
:10AAA0001802E001000000000000000000000000AB
:10AAB00000000000C0036006300630003000FE01D8
:10AAC0003000300030003000300030003000300006
:10AAD0003000FC0100000000000000000000000049
:10AAE0000000000000000000000000000000F0076F
:10AAF000D8068C018C018C019801F8000C00FC0038
:10AB0000CC03060306038E03F800000000000000DB
:10AB1000000008000E000C000C000C000C00EC0102
:10AB20001C030C030C030C030C030C030C030C039D
:10AB30000C039E0700000000000000000000000061
:10AB400000000000600060000000000040007C0089
:10AB500060006000600060006000600060006000F5
:10AB60006000FC0300000000000000000000000086
:10AB700000000000C001C001000000000001F00161
:10AB800080018001800180018001800180018001BD
:10AB9000800180018001CC007C00000000000000EA
:10ABA000000008000E000C000C000C000C008C03D0
:10ABB0008C008C004C006C005C008C008C010C0143
:10ABC0000C039E07000000000000000000000000D1
:10ABD000000040007C0060006000600060006000D9
:10ABE0006000600060006000600060006000600065
:10ABF0006000FC03000000000000000000000000F6
:10AC00000000000000000000000000000000370706
:10AC1000EE0666066606660666066606660666064C
:10AC20006606FF0F000000000000000000000000AA
:10AC30000000000000000000000000000000EE0125
:10AC40001C030C030C030C030C030C030C030C037C
:10AC50000C039E0700000000000000000000000040
:10AC60000000000000000000000000000000F000F4
:10AC700098010C03060606060606060606060C03E1
:10AC80000C03F000000000000000000000000000C5
:10AC90000000000000000000000000000000EE01C5
:10ACA0001C030C060C060C060C060C060C060C030A
:10ACB0001C03EC010C000C003E0000000000000032
:10ACC000000000000000000000000000000078020A
:10ACD0008C030C03060306030603060306030403A2
:10ACE0008C03780300030003C0070000000000008D
:10ACF00000000000000000000000000000009F03B2
:10AD00005806380618001800180018001800180017
:10AD10001800FF000000000000000000000000001C
:10AD20000000000000000000000000000000F00330
:10AD30001C030C020C023800F000C00304030403DF
:10AD40008C03FC0100000000000000000000000077
:10AD50000000000000002000200030003000FE0154
:10AD60003000300030003000300030003000300261
:10AD70003002E001000000000000000000000000C0
:10AD800000000000000000000000000008028E0328
:10AD90000C030C030C030C030C030C030C030C033B
:10ADA0009C07780100000000000000000000000087
:10ADB00000000000000000000000000000001E076E
:10ADC0000C020801080118019000B000B0006000FA
:10ADD00060002000000000000000000000000000F3
:10ADE0000000000000000000000000000000F70E5E
:10ADF0006204460464026402EC029C01980198011A
:10AE000098010800000000000000000000000000A1
:10AE10000000000000000000000000000000BC076F
:10AE200018011001B00060006000E000900008010F
:10AE300008039E0700000000000000000000000062
:10AE400000000000000000000000000000009E075D
:10AE500008010801080190009000B0006000600047
:10AE600060002000200024001C0000000000000002
:10AE70000000000000000000000000000000FC01D5
:10AE80008401C40044006000200030001802080261
:10AE90000C03FC01000000000000000000000003A3
:10AEA00080008000800080008000800080008000A2
:10AEB0004000200040008000800080008000800072
:10AEC000800080008000000300004000400040003F
:10AED0004000400040004000400040004000400072
:10AEE0004000400040004000400040004000400062
:10AEF00040004000400040004000000000000C0006
:10AF000010001000100010001000100010001000C1
:10AF10002000400020001000100010001000100061
:10AF20001000100010000C00000000001C002204A3
:10AF3000C2048003000000000000000000000000C8
:10AF40000000000000000000000000000000000001
:10AF500000000000000000000000000000000000F1
:10AF6000000000000000000000000000000001FFE1
:10AF7000FF0000FFFF000082040000820400008246
:10AF800004000082040000820400008204000082A9
:10AF900004003FFFFFF81FFFFFFC1082040C00823B
:10AFA000040C0082040C0082040C0082040C008259
:10AFB000040C0082040C0082040C01FFFE0C00FF54
:10AFC000FE0C0000000C0000001C000001FC000052
:10AFD0000008000000000000000000000000000069
:10AFE00000020000000400000018000000700000D3
:10AFF0000FC80FFFFF080FFF8008080000080801B6
:10B0000000080801000808010008080100080801FC
:10B01000000808010008080100080BFFFFF809FFFD
:10B02000FFF809810008080100080801000808016C
:10B0300010080801180808010E08080307C81803BB
:10B0400003C83801000818000018080000180000A4
:10B0500000080000000000000000000000000000E8
:10B06000000000100200000C0200000F033C080763
:10B0700007FC06001F800780700203038004000C99
:10B0800000040030001802000030020407E002074C
:10B09000FF80020E4000021600000264000032C46D
:10B0A00080021F847FFC1E84400002040000020412
:10B0B0000000020400000224FFFC021C7FEC020ED0
:10B0C00000040607000406000004020000FC000063
:10B0D000001C00000008000000000000000000004C
:10B0E000000001000180010001C001000180010099
:10B0F0000180010003000100030001FFFE0001FFC9
:10B10000FE0201000404010004040100040803001D
:10B1100008180310081001100860001000C000108B
:10B12000018000100F000010FC103FFFE0101FF81E
:10B130000008101000080010000C0010000E001095
:10B14000000C001001FC001FFFF0003FE0000010A9
:10B1500000000000000000000000000000000000EF
:10B1600000000000010002001100024039000260EE
:10B17000310002306100023C4100021081000201F6
:10B180000100020C3100021C3100023C7100026817
:10B19000B10033C9A1001F8B3FFE1E0E2FFC020C15
:10B1A00021000238A100027061000220790002042F
:10B1B000310002090100021881000230C100026062
:10B1C000C1000620710002003300000003000000EF
:10B1D000010000000000000000000000000000006E
:10B1E0000000000000000000000200000004000059
:10B1F0000008000002080FF847100890E730089098
:10B20000C6600890CAE008914BC008914A4808926D
:10B2100052080896520C089C640E0FF467FC0890C4
:10B2200047F80890C40008908400089184000891B1
:10B23000A480089014C008901C4008900C601FF86F
:10B240000E30080007380000001C0000000000005D
:10B2500000000000000000000000000000000004EA
:10B2600000000004000000040000000400002004AE
:10B270000000100400100C0FFFF80F040038070046
:10B280000060000000C0000401800004020000040F
:10B29000000000040000000400000004000000049E
:10B2A0000000000400003FFFFFFE1FFFFFFC100432
:10B2B000000000040000000400000004000000047E
:10B2C000000000040000000C0000000C000000045E
:10B2D000000000000000000000000000000000006E
:10B2E000000000000000000000000000000001FF5E
:10B2F000FF0000FFFF0000820400008204000082C3
:10B300000400008204000082040000820400008225
:10B3100004003FFFFFF81FFFFFFC1082040C0082B7
:10B32000040C0082040C0082040C0082040C0082D5
:10B33000040C0082040C0082040C01FFFE0C00FFD0
:10B34000FE0C0000000C0000001C000001FC0000CE
:10B3500000080000000000000000000000000000E5
:10B360000000004000000070000000EFFFFE01A799
:10B37000FFFC03244200062442001C244208182437
:10B380004208102442080044420C0244420E01CFFD
:10B39000FFFC01E4000000F00000000000000000DD
:10B3A00000001FF87FF81FFE7FFC0846020C008299
:10B3B000020C0082040C01820C0C0302180C070220
:10B3C000380C0202300C0006100C003E01FC000498
:10B3D0000008000000000000000000000000010064
:10B3E000000001038300010F03000179020007C17F
:10B3F00002003F010200193FFFFE111FFFFE011175
:10B400000400010304000305040001090400001FF7
:10B41000FFFE0033FFFC0062220000D2220003A2E4
:10B4200022040F13FFFE3C17FFFC1812000014103B
:10B4300000000330000001F1FFC800D000080060E8
:10B44000000C0030000E003BFFFC001A0000001052
:10B4500000000010000000000000000000000000DC
:10B4600000000000000000000000000000080001D3
:10B470001FFC01FF8FF801FF000800010008000118
:10B480000008000100080001000800010008000198
:10B490000008000100083FFFFFF81FFFFFF8100140
:10B4A0000008000100080001000800010008000178
:10B4B0000008000100080001000803FF800801FFE8
:10B4C0009FFE01000FFE00000800000000000000C9
:10B4D000000000000000000000000000000000006C
:10B4E0000000004020000040301000406008004094
:10B4F00060080040400C0040C00E3FFFFFFC1FFFF3
:10B50000FFF8004100000041000000C2000000C23E
:10B5100000000240000002000000020000000200E3
:10B52000001002000008020000080200000E03FFE5
:10B53000FFFC03FFFFFC020000000200000002000D
:10B5400000000200000006000000060000000200EB
:10B5500000000000000000000000000000000000EB
:10B5600000000001000204010004040100040401C1
:10B5700000080401001004010020040100C00401BF
:10B58000038007FFFF0007FFF8000401000004012B
:10B590000000040100000401000004010000040197
:10B5A0000000040100000401000007FFFFFE07FF88
:10B5B000FFFC0401000004010000040100000C0174
:10B5C00000001C0100000C03000004030000000147
:10B5D000000000000000000000000000000000006B
:10B5E0000000000040020000400200204004002053
:10B5F0004004002040080020401800204010102087
:10B600004020182040600E2040C007A0438003A0C7
:10B61000470000207C00003FF800003FC0000020F1
:10B62000600000E0580003A046003E2043801C203C
:10B6300040C01820406000204070002040380020AA
:10B6400040180060401C0060C00C0020C00C0000CE
:10B6500040080000000000000000000000000000A2
:10B660000000000000000000000003FFFFFE03FFD9
:10B67000FFFC0100000020000100180801001E0866
:10B6800002000E080400000808000008100004086A
:10B6900060800408C040040B8040040E007007FF67
:10B6A000FFE005FFFFC00488000004080000040854
:10B6B000000004080008041800080408000C04082E
:10B6C000000E07FFFFFE0FFFFFFC0400000000005C
:10B6D0000000000000000000000000000000000169
:10B6E000000000062000000C20000078200003C8A5
:10B6F00020003F0FFFF01D0FFFF811082030010858
:10B700002062010820C203186082010821040000A1
:10B71000000408000004043FFF08071FFE0803D0D0
:10B72000001000100030001000E03FF3FF801FF316
:10B73000FE001011008000500040009000400310F7
:10B7400000200E3FFE300C1000380000001C0000EE
:10B75000000E0000000000000000000000000000DB
:10B760000000004020000040301000406008004011
:10B7700060080040400C0040C00E3FFFFFFC1FFF70
:10B78000FFF0104180000041000000C1000000C235
:10B79000000000420000000000000000000000FF68
:10B7A000FFFC00FFFFF800800040008000400080A8
:10B7B0000040008000400080004000800040008089
:10B7C000004000FFFFFC01FFFFF8008000000000C8
:10B7D0000000000000000000000000000000000069
:10B7E0000400010008000100100001003000010009
:10B7F00060000100C0000103FFFE0103FFFC010E19
:10B800000010011C00100170801003C080100F0098
:10B8100080103D0080101100801011008010010088
:10B820008010017FFFF0013FFFF001008010010058
:10B8300080100100801001008010010080100101C3
:10B8400080100301801003008030010000300000F0
:10B8500000100000000000000000000000000000D8
:10B860000000020000000200000002003FFE020093
:10B870001FFE0201100003FF900002FF90000283F0
:10B8800010C0020310C0028511C0024512C0224937
:10B890001CC0324938801A31F0801E31D0800A71C4
:10B8A000548002D9128002CD1380020F1180020150
:10B8B00011C8030110E802FF900802FF900C02007B
:10B8C000100E02003FFC06001FF006000000020000
:10B8D0000000000000000000000000000000000068
:10B8E000000000040830000E0C3000341E3000E46C
:10B8F0003C200384EC201F0588601C070840080CCE
:10B9000008400038104400F0504400D0508400102B
:10B910004088001080080010801000108030001057
:10B9200080203FFFF060101FFFC0002087C0002074
:10B9300083E0082107700C210E3806211C1C07E14A
:10B94000780C00E3300E0063101E002300FE00019F
:10B9500000020000000000000000000000000000E5
:10B9600000000000000800000008000000080000BF
:10B9700000080000000800000008000000080000A7
:10B980000008000000080000000800000008000097
:10B9900000083FFFFFF81FFFFFF810040008000435
:10B9A0000008000400080004000800040008000467
:10B9B00000080004000800040008000C0008000C47
:10B9C0000008000400080000001800000018000033
:10B9D000000800000000000000000000000000005F
:10B9E0000002000C000C00100030007FFFC001DFDF
:10B9F000FC00071088003E108800121FFFF8123F5D
:10BA0000FFF002D088000390880403108806003FEE
:10BA1000FFFC001000000004060008081A000810CF
:10BA200072000833C20008E342000FC242000E0059
:10BA30004200082FFFFE0827FFFC081442000818E8
:10BA40004200083842001FF0C20008004600000013
:10BA50000200000000000000000008013002220483
:10BA6000227822042202A20263FE22222222222221
:10BA70002222222228023002000000003FFC21087E
:10BA8000210821083FFC0000080008800860080227
:10BA90000801FFFE080008000000000000000FF091
:10BAA0000820082008200820FFFF08200820082080
:10BAB00008200FF00000000000000040404040401F
:10BAC0004040404041414141414040404040404071
:10BAD0004040404040404040404040050202020299
:10BAE00002020202020202020202022020202020A0
:10BAF0002020202020020202020202029090909058
:10BB00009090101010101010101010101010101035
:10BB10001010101010100202020202028888888899
:10BB20008888080808080808080808080808080895
:10BB3000080808080808020202024000BBBA000810
:10BB400049535F4E5649435F5355425F5052494FE8
:10BB500052495459284E5649435F496E697453748B
:10BB6000727563742D3E4E5649435F495251436886
:10BB7000616E6E656C5375625072696F726974792B
:10BB80002900000049535F4E5649435F50524545D6
:10BB90004D5054494F4E5F5052494F5249545928C5
:10BBA0004E5649435F496E69745374727563742DC0
:10BBB0003E4E5649435F4952514368616E6E656C13
:10BBC000507265656D7074696F6E5072696F7269DD
:10BBD0007479290049535F55534152545F4841528B
:10BBE00044574152455F464C4F575F434F4E545266
:10BBF0004F4C2855534152545F496E6974537472C7
:10BC00007563742D3E4861726477617265466C6F2E
:10BC100077436F6E74726F6C290000002E2E5C2EBD
:10BC20002E5C2E2E5C32303235313233302D2DB237
:10BC3000BBB4F84C76676C5C4E33324734353752C0
:10BC4000454C375C6669726D776172655C6E333244
:10BC5000673435785F7374645F7065726970685FAC
:10BC60006472697665725C7372635C6E33326734DA
:10BC700035785F657874692E630000009CBC00080D
:10BC800000000020E40200005A090008E0BD00089E
:10BC9000E40200206C6600001C830008111810E10B
:10BCA000F5053132313030323235303932300152EF
:10BCB00032024801036380252808C1814001C08009
:10BCC0004104690C2908E918A91C091A3009163819
:10BCD000093660092E70092F6000FF00C0C101C342
:10BCE0000302C2C60607C705C5C404CC0C0DCD0FA0
:10BCF000CFCE0E0ACACB0BC90908C8D81819D91B50
:10BD0000DBDA1A1EDEDF1FDD1D1CDC14D4D515D7CF
:10BD10001716D6D21213D311D1D010F03031F1331F
:10BD2000F3F23236F6F737F53534F43CFCFD3DFFDF
:10BD30003F3EFEFA3A3BFB39F9F83828E8E929EBAF
:10BD40002B2AEAEE2E2FEF2DEDEC2CE42425E5270F
:10BD5000E7E62622E2E323E12120E0A06061A1637F
:10BD6000A3A26266A6A767A56564A46CACAD6DAF1F
:10BD70006F6EAEAA6A6BAB69A9A86878B8B979BBCF
:10BD80007B7ABABE7E7FBF7DBDBC7CB47475B5774F
:10BD9000B7B67672B2B373B17170B05090915193DF
:10BDA00053529296565797559594549C5C5D9D5F5F
:10BDB0009F9E5E5A9A9B5B99595898884849894B2F
:10BDC0008B8A4A4E8E8F4F8D4D4C8C44848545878F
:10BDD00047468682424383418180021E4000000024
:040000050800019955
:00000001FF
